id,clave_unica,id_frente,nombre_obra,alcaldia,colonia,calle,entre_calle,url_g,cond_trazo,resp_trazo,fecha_elab_trazo,fecha_corte_tra,year,empresa,contrato,jud,inicio_contr,fin_contr,avance,estatus,contr_sup,empresa_sup,jud_sup,inicio_contr_sup,fin_contr_sup,created_at,nombre_frente,geom,lat,lon
333,PLATSOBSE_DGCOP_1_2_3_ESCUELAS_TIHUI_09DJN0916Q_09DJN0916Q,304d5d1b-c2f4-4ea0-9e75-517b39bfe3b0,15 DE SEPTIEMBRE 09DPR1580S,CUAJIMALPA DE MORELOS,LOMA DEL PADRE,1A. CERRADA,1A. CERRADA Y SANTA RITA,https://maps.app.goo.gl/nwBaVGToWBdHa13k9,ORIGINAL,LUIS PEREZ,2/17/2026,2/17/2026,2025.0,"TRES D' ARQUITECTUA CREATIVA, S.A DE C.V.",SOBS-EJM-P-2026-01,S7,11/21/2025,01/19/2026,78.0,EN PROCESO,SOBS-EJM-SUP-2026-01,GRUPO CONSTRUCTOR REAMLI S.A DE C.V,,,,2026-06-13 18:13:51.821,15 DE SEPTIEMBRE 09DPR1580S,0101000020E61000005B99F04BFDD358C096B20C71AC573340,19.342475,-99.312335
334,PLATSOBSE_DGCOP_1_2_3_ESCUELAS_TLAMACHIHUAPAN_09DPR2563I_09DPR2563I,8a2d1f33-29e8-45f2-a330-003254e95393,ABRAHAM LINCOLN 09DES0082H,XOCHIMILCO,SANTA CRUZ ACALPIXCA (PBLO),2 DE ABRIL,CDA 2 DE ABRIL Y DEL CALVARIO,https://maps.app.goo.gl/Rktc3QyNnoLQqt877,ORIGINAL,LUIS PEREZ,2/17/2026,2/17/2026,2025.0,"EDIFICACION INTEGRAL DEL NOROESTE, S.A. DE C.V.",SOBS-EJM-P-2026-02,S8,11/21/2025,1/19/2026,100.0,TERMINADO,SOBS-EJM-SUP-2026-02,"MSM - SOLUCIONES, S.A. DE C.V.",,,,2026-06-13 18:13:51.821,ABRAHAM LINCOLN 09DES0082H,0101000020E610000087342A70B2C458C0629D2ADF333E3340,19.242979,-99.073391
335,PLATSOBSE_DGCOP_1_2_3_ESCUELAS_ITLATIUH_09DJN0322G_09DJN0322G,0130fb12-db83-4be6-803c-3803a0b24f28,ACAMAPICHTLI 09DPR2286W,AZCAPOTZALCO,EL ROSARIO C (U HAB),3ER ANDADOR OSA MAYOR,AVENIDA RENACIMIENTO Y CINCEL,https://maps.app.goo.gl/6kWJu1dZPZLVWGx37,ORIGINAL,LUIS PEREZ,2/17/2026,2/17/2026,2025.0,ALEJANDRO MONERRIS GALLART,SOBS-EJM-P-2026-03,S9,11/21/2025,01/19/2026,81.0,EN PROCESO,SOBS-EJM-SUP-2026-03,"GRUPO CONSTRUCTOR JOJA, S.A. DE C.V.",,,,2026-06-13 18:13:51.821,ACAMAPICHTLI 09DPR2286W,0101000020E61000007F85CC9541CD58C0DFA815A6EF813340,19.507563,-99.207128
336,PLATSOBSE_DGCOP_1_2_3_ESCUELAS_GUELATAO_DE_JUAREZ_09DPR2453C_09DPR2453C,acc43be3-6506-4511-b9ef-dd389fe953e2,ADOLFO CIENFUEGOS Y CAMUS 09DPR1737B,CUAUHTEMOC,OBRERA I,5 DE FEBRERO,C. 5 DE FEBRERO Y SAN ANTONIO ABAD,https://maps.app.goo.gl/85HYFqqMGp5SHs7J8,ORIGINAL,LUIS PEREZ,2/17/2026,2/17/2026,2025.0,"CONSTRUCCIONES Y PROYECTOS RUZALDE, S. A. DE C. V.",SOBS-EJM-P-2026-04,S10,11/20/2025,12/31/2025,100.0,TERMINADO,SOBS-EJM-SUP-2026-04,"SUPERVISI?N Y PROYECTOS BOAZ, S. A. DE C. V.",,,,2026-06-13 18:13:51.821,ADOLFO CIENFUEGOS Y CAMUS 09DPR1737B,0101000020E6100000001B1021AEC858C0E3A7716F7E6B3340,19.419898,-99.135628
337,PLATSOBSE_DGCOP_1_2_3_ESCUELAS_ESCUELA_SECUNDARIA_TECNICA_36_09DST0036O_09DST0036O,83de8d8e-93b0-412c-8ce0-023070f5717e,AGUSTIN MELGAR 09DJN0262I,VENUSTIANO CARRANZA,JARDIN BALBUENA I,6 DE GENARGO GARCIA,6 DE GENARGO GARCIA Y RTNO. 35 DE CECILIO ROBLEDO,https://maps.app.goo.gl/qKM2QPzaPpD3gCwu9,ORIGINAL,LUIS PEREZ,2/17/2026,2/17/2026,2025.0,"CONSTRUCTORA Y DESARROLLADORA MEGANA, S. A. DE C. V.",SOBS-EJM-P-2026-05,S11,2025-11-20 00:00:00,2025-12-31 00:00:00,100.0,TERMINADO,SOBS-EJM-SUP-2026-05,"TOGLE CONSTRUCCIONES, SUPERVISI?N Y PROYECTOS DE OBRA, S. A. DE C. V.",,,,2026-06-13 18:13:51.821,AGUSTIN MELGAR 09DJN0262I,0101000020E61000005BEECC04C3C658C02D077AA86D6B3340,19.419642,-99.105653
338,PLATSOBSE_DGCOP_1_2_3_ESCUELAS_GRECIA_09DPR2076R_09DPR2076R,b50d5bac-a41f-4b3d-80fe-4474382b88ab,ALBERT SCHWEITZER 09DES0133Y,XOCHIMILCO,SANTA MARIA TEPEPAN (PBLO),ABASOLO,3A CDA DE ABASOLO Y C. CUAUHTEMOC,https://maps.app.goo.gl/3J5TZTHvncySDro37,ORIGINAL,LUIS PEREZ,2/17/2026,2/17/2026,2025.0,"SEGIVAN, S. A. DE C. V.",SOBS-EJM-P-2026-06,S12,11/19/2025,12/31/2025,100.0,TERMINADO,SOBS-EJM-SUP-2026-06,"CONSTRUCCIONES Y PROYECTOS RUZALDE, S. A. DE C. V.",,,,2026-06-13 18:13:51.821,ALBERT SCHWEITZER 09DES0133Y,0101000020E6100000AEF02E17F1C858C0FF91E9D0E9453340,19.273099,-99.139715
339,PLATSOBSE_DGCOP_1_2_3_ESCUELAS_REPUBLICA_MEXICANA_09DES0103D_09DES0103D,c0124328-3273-46c8-8f8f-6935993035b7,ALFONSO NORIEGA CANTU 09DES0233X,CUAUHTEMOC,JUAREZ,ABRAHAM GONZALEZ,ATENAS Y GRAL. PRIM,https://maps.app.goo.gl/my5D9FcTr3k7rQ1y9,ORIGINAL,LUIS PEREZ,2/17/2026,2/17/2026,2025.0,"GAKIDA ARQUITECTURA, S. A. DE C. V.",SOBS-EJM-P-2026-07,S13,11/19/2025,12/31/2025,100.0,TERMINADO,SOBS-EJM-SUP-2026-07,"DAKI ARQUITECTURA, S. A. DE C. V.",,,,2026-06-13 18:13:51.821,ALFONSO NORIEGA CANTU 09DES0233X,0101000020E6100000EF54C03DCFC958C0F5A10BEA5B6E3340,19.43109,-99.153274
340,PLATSOBSE_DGCOP_1_2_3_ESCUELAS_GRAL_FRANCISCO_VILLA_09DPR3030C_09DPR3030C,e46bed6e-3835-4e55-963e-0a6e8723946b,ALVARO OBREGON 09DES0271Z,AZCAPOTZALCO,EL ROSARIO B (U HAB),AGRICULTORES,MERCADERES Y AGRICULTORES,https://maps.app.goo.gl/SMJ9puZTa86ZZhNY6,ORIGINAL,LUIS PEREZ,2/17/2026,2/17/2026,2025.0,CONSTRUCCIONES Y SERVICIOS VIDDA JIREH S.A. DE C. V.,SOBS-EJM-P-2026-08,S14,11/21/2025,1/30/2026,48.63,EN PROCESO,SOBS-EJM-SUP-2026-08,"ARQUITECTURA INGENIER?A MEC?NICA GRIJALVA, S.A. DE C.V.",,,,2026-06-13 18:13:51.821,ALVARO OBREGON 09DES0271Z,0101000020E6100000DB368C82E0CC58C0CBF44BC45B833340,19.513119,-99.201203
341,PLATSOBSE_DGCOP_1_2_3_ESCUELAS_MANUEL_SABINO_CRESPO_09DPR3187C_09DPR3187C,5154ad96-1eb4-499d-a1c1-8d60892ca37b,AMADO NERVO 09DES0174Y,GUSTAVO A. MADERO,CHALMA DE GUADALUPE II,AGUASCALIENTES,C. ESTADO DE MEXICO Y OAXACA,https://maps.app.goo.gl/mmjYRMa7CyqN33EBA,ORIGINAL,LUIS PEREZ,2/17/2026,2/17/2026,2025.0,"CONSTRUCCION, SUPERVISION Y PROYECTOS, S. A. DE C. V.",SOBS-EJM-P-2026-09,S15,11/19/2025,12/31/2025,100.0,TERMINADO,SOBS-EJM-SUP-2026-09,"ARQUITECTURA Y DISE?O INTEGRAL AZVA, S. A. DE C. V.",,,,2026-06-13 18:13:51.821,AMADO NERVO 09DES0174Y,0101000020E6100000DF1797AAB4C958C02F8672A25D8D3340,19.55221,-99.151652
342,PLATSOBSE_DGCOP_1_2_3_ESCUELAS_CENTRO_DE_ATENCION_MULTIPLE_NO_77_09DML0076M_09DML0076M,343989cb-1434-441f-b126-5956f810ab39,AMALIA GLEZ CABALLERO DE CASTILLO LEDON 09DJN1192K,AZCAPOTZALCO,EL ROSARIO C (U HAB),ALBA?ILES,C ALBA?ILES Y MAYAS,https://maps.app.goo.gl/B3RQ6jnKJ1LA4txHA,ORIGINAL,LUIS PEREZ,2/17/2026,2/17/2026,2025.0,CONSTRUCCIONES Y SERVICIOS VIDDA JIREH S.A. DE C. V.,SOBS-EJM-P-2026-10,S16,2025-11-21 00:00:00,2026-01-30 00:00:00,100.0,TERMINADO,SOBS-EJM-SUP-2026-10,"ARQUITECTURA INGENIER?A MEC?NICA GRIJALVA, S.A. DE C.V.",,,,2026-06-13 18:13:51.821,AMALIA GLEZ CABALLERO DE CASTILLO LEDON 09DJN1192K,0101000020E610000012143FC6DCCC58C0C347C49448823340,19.50892,-99.200975
343,PLATSOBSE_DGCOP_1_2_3_ESCUELAS_LUIS_BRAILLE_09DJN0392B_09DJN0392B,4da73c3d-e1b8-4360-94b4-2227b7be49fa,AMALIA GONZALEZ CABALLERO 09DPR3273Z,AZCAPOTZALCO,EL ROSARIO B (U HAB),ALDEBARAN,HERREROS Y ALDEBARAN,https://maps.app.goo.gl/RhV3FmkJDAoSkKJM9,ORIGINAL,LUIS PEREZ,2/17/2026,2/17/2026,2025.0,"R.D.S. MAQUINARIA Y EQUIPO DE CONSTRUCCION, S.A. DE C.V.",SOBS-EJM-P-2026-11,S17,11/21/2025,01/19/2026,97.0,EN PROCESO,SOBS-EJM-SUP-2026-11,"ARQUITECTURA INGENIER?A MEC?NICA GRIJALVA, S.A. DE C.V.",,,,2026-06-13 18:13:51.821,AMALIA GONZALEZ CABALLERO 09DPR3273Z,0101000020E6100000FFB1101D02CD58C0D7A19A92AC833340,19.514352,-99.203254
344,PLATSOBSE_DGCOP_1_2_3_ESCUELAS_REPUBLICA_DE_ARGELIA_09DPR2312D_09DPR2312D,9c53edf2-c789-4c19-a6c6-2d5f4a7eb7db,AMERICAS UNIDAS 09DPR0954J,IZTACALCO,CAMPAMENTO 2 DE OCTUBRE II,ALFREDO CHAVERO,JULIO ZARATE Y AV. CANAL DE APATLACO,https://maps.app.goo.gl/cZorY5A5cjEUsiHQA,ORIGINAL,LUIS PEREZ,2/17/2026,2/17/2026,2025.0,"CONSTRUCTORA E INGENIERIA HERAYAX, S. A. DE C. V.",SOBS-EJM-P-2026-12,S18,11/20/2025,12/31/2025,85.92,EN PROCESO,SOBS-EJM-SUP-2026-12,"RAMSE CONSTRUCCIONES, S. A. DE C. V.",,,,2026-06-13 18:13:51.821,AMERICAS UNIDAS 09DPR0954J,0101000020E6100000168733BF9AC758C0AC0320EEEA613340,19.382491,-99.11882
345,PLATSOBSE_DGCOP_1_2_3_ESCUELAS_TEMACHTILOYAN_09DJN1173W_09DJN1173W,7817ee92-ba07-416a-8474-efa9b5676abd,ANTONIO CARRILLO FLORES 09DES0289Z,IZTAPALAPA,LOMAS DE SAN LORENZO I,AMOZOC,CHILA Y CHAMPUSCO,https://maps.app.goo.gl/3WjMEhnUcyjFGi4b7,ORIGINAL,LUIS PEREZ,2/17/2026,2/17/2026,2025.0,"INAMBTEC, S. A. DE C. V.",SOBS-EJM-P-2026-13,S19,11/20/2025,12/31/2025,100.0,TERMINADO,SOBS-EJM-SUP-2026-13,"MSM-SOLUCIONES, S. A. DE C. V.",,,,2026-06-13 18:13:51.821,ANTONIO CARRILLO FLORES 09DES0289Z,0101000020E610000083C2A04CA3C358C0B9347EE195503340,19.314787,-99.056842
346,PLATSOBSE_DGCOP_1_2_3_ESCUELAS_CAI_SEP_NO_32_CITLALPILYOCAN_09DDI0039N_09DDI0039N,eeb59dcf-387d-43d7-a52a-9d7b2bff8eff,ANTONIO SANCHEZ MOLINA 09DPR4243L,XOCHIMILCO,LA CONCHA,ARCOS PTE.,MAIZ Y REDENCION,https://maps.app.goo.gl/uBFj1Q2CRBL8WUsE8,ORIGINAL,LUIS PEREZ,2/17/2026,2/17/2026,2025.0,"SEGIVAN, S. A. DE C. V.",SOBS-EJM-P-2026-14,S20,2025-11-19 00:00:00,2025-12-31 00:00:00,100.0,TERMINADO,SOBS-EJM-SUP-2026-14,"CONSTRUCCIONES Y PROYECTOS RUZALDE, S. A. DE C. V.",,,,2026-06-13 18:13:51.821,ANTONIO SANCHEZ MOLINA 09DPR4243L,0101000020E6100000BA69334E43C758C0F4A5B73F17413340,19.254261,-99.113483
347,PLATSOBSE_DGCOP_1_2_3_ESCUELAS_PACTO_FEDERAL_09DJN1080G_09DJN1080G,00e567a0-a304-4f08-aab8-2c730d360f2e,ARTEMIO DE VALLE ARIZPE 09DPR2313C,AZCAPOTZALCO,EL ROSARIO A (U HAB),ASTRONOMIA,ECONOMIA Y HERREROS,https://maps.app.goo.gl/9xVmsYKwJGaiFbyx6,ORIGINAL,LUIS PEREZ,2/17/2026,2/17/2026,2025.0,CONSTRUCCIONES Y SERVICIOS VIDDA JIREH S.A. DE C. V.,SOBS-EJM-P-2026-15,S21,11/21/2025,1/30/2026,100.0,TERMINADO,SOBS-EJM-SUP-2026-15,"ARQUITECTURA INGENIER?A MEC?NICA GRIJALVA, S.A. DE C.V.",,,,2026-06-13 18:13:51.821,ARTEMIO DE VALLE ARIZPE 09DPR2313C,0101000020E61000006B2DCC423BCD58C02B323A2009833340,19.511858,-99.206742
348,PLATSOBSE_DGCOP_1_2_3_ESCUELAS_DR_AGUSTIN_RIVERA_09DPR2505S_09DPR2505S,873b2dff-0619-4e64-abe9-f4f870f76c17,ATENEO DE LA JUVENTUD 09DPR5157W,CUAUHTEMOC,CENTRO VIII,AV ARCOS DE BELEN,LUIS MOYA Y BUEN TONO,https://maps.app.goo.gl/pYXkbM4b32zBfYyn8,ORIGINAL,LUIS PEREZ,2/17/2026,2/17/2026,2025.0,"R.D.S. MAQUINARIA Y EQUIPO DE CONSTRUCCION, S.A. DE C.V.",SOBS-EJM-P-2026-16,S22,2025-11-19 00:00:00,2025-12-31 00:00:00,92.12,EN PROCESO,SOBS-EJM-SUP-2026-16,"INGENIER?A ESPECIALIZADA EDUMER, S. A. DE C. V.",,,,2026-06-13 18:13:51.821,ATENEO DE LA JUVENTUD 09DPR5157W,0101000020E61000007B4D0F0A4AC958C074620FED636D3340,19.427306,-99.145144
349,PLATSOBSE_DGCOP_1_2_3_ESCUELAS_REPUBLICA_ARGENTINA_09DES0123R_09DES0123R,791835dc-b61b-40fc-8020-c12b0c9a15e9,AUGUSTO CESAR SANDINO 09DPR1020I,IZTACALCO,CAMPAMENTO 2 DE OCTUBRE II,AV CANAL DE APATLACO,C. MIGUEL LERDO DE TEJADA Y ALFREDO CHAVERO,https://maps.app.goo.gl/gwuZv8vfsexpjFCB6,ORIGINAL,LUIS PEREZ,2/17/2026,2/17/2026,2025.0,"CONSTRUCTORA E INGENIERIA HERAYAX, S. A. DE C. V.",SOBS-EJM-P-2026-17,S23,11/20/2025,12/31/2025,100.0,TERMINADO,SOBS-EJM-SUP-2026-17,"RAMSE CONSTRUCCIONES, S. A. DE C. V.",,,,2026-06-13 18:13:51.821,AUGUSTO CESAR SANDINO 09DPR1020I,0101000020E610000044A67C08AAC758C06DE4BA29E5613340,19.382403,-99.119753
350,PLATSOBSE_DGCOP_1_2_3_ESCUELAS_DR_ALFONSO_PRUNEDA_09DES0031A_09DES0031A,225d86b4-1b7f-4bba-9fcc-e5147d38b509,AURELIO MALDONADO CEDILLO 09DPR2152G,XOCHIMILCO,SAN GREGORIO ATLAPULCO (PBLO),AV CHAPULTEPEC,ADOLFO LOPEZ MATEOS Y GUSTAVO DIAZ ORDAZ,https://maps.app.goo.gl/VTdaKnh8idARwKzM7,ORIGINAL,LUIS PEREZ,2/17/2026,2/17/2026,2025.0,"EDIFICACION INTEGRAL DEL NOROESTE, S.A. DE C.V.",SOBS-EJM-P-2026-18,S24,2025-11-21 00:00:00,2026-01-19 00:00:00,100.0,TERMINADO,SOBS-EJM-SUP-2026-18,"MSM - SOLUCIONES, S.A. DE C.V.",,,,2026-06-13 18:13:51.821,AURELIO MALDONADO CEDILLO 09DPR2152G,0101000020E61000005B785E2A36C458C0357D76C075413340,19.255703,-99.065806
351,PLATSOBSE_DGCOP_1_2_3_ESCUELAS_KANTUNIL_09DJN0139I_09DJN0139I,00ea67a8-7efb-4682-b4ef-0042da5b7c43,AZCAPOTZALCO 09DES0203C,TLALPAN,PEDREGAL DE SN NICOLAS 4A SECC I,AV MANI 204,DZEMUL Y FERROCARRIL DE CUERNAVACA,https://maps.app.goo.gl/Tb2aPso2KunpL2n37,ORIGINAL,LUIS PEREZ,2/17/2026,2/17/2026,2025.0,"CONSTRUCCIONES Y PROYECTOS RUZALDE, S. A. DE C. V.",SOBS-EJM-P-2026-19,S25,11/20/2025,12/31/2025,100.0,TERMINADO,SOBS-EJM-SUP-2026-19,"SUPERVISI?N Y PROYECTOS BOAZ, S. A. DE C. V.",,,,2026-06-13 18:13:51.821,AZCAPOTZALCO 09DES0203C,0101000020E610000074EB353D28CF58C092770E65A8463340,19.276007,-99.236831
352,PLATSOBSE_DGCOP_1_2_3_ESCUELAS_ESCUELA_SECUNDARIA_TECNICA_83_09DST0083Z_09DST0083Z,fda2d529-b074-42d1-aded-317edf9be5db,BELICE 09DPR3219E,IZTACALCO,PANTITLAN V,AV PUEBLA,CALLE 6 Y CALLE 7,https://maps.app.goo.gl/LUiM7XikbKfsk2Sv5,ORIGINAL,LUIS PEREZ,2/17/2026,2/17/2026,2025.0,"CONSTRUCTORES Y SUPERVISORES UNIDOS, S. A. DE C. V.",SOBS-EJM-P-2026-20,S26,11/19/2025,12/31/2025,100.0,TERMINADO,SOBS-EJM-SUP-2026-20,"DAKI ARQUITECTURA, S. A. DE C. V.",,,,2026-06-13 18:13:51.821,BELICE 09DPR3219E,0101000020E61000001A36CAFACDC358C08CBAD6DEA7663340,19.400999,-99.059447
353,PLATSOBSE_DGCOP_1_2_3_ESCUELAS_PROFR_JOSE_ROMERO_Y_FUENTES_09DPR2817U_09DPR2817U,490cdcde-500b-49df-80ea-52d405e9ae25,BENITO JUAREZ 09DPR2241Z,IZTAPALAPA,LOMAS DE SAN LORENZO II,AV. 2,FLOR DE CAMELIA Y ORQUIDEA,https://maps.app.goo.gl/uahrTjFjPa4DRJJ7A,ORIGINAL,LUIS PEREZ,2/17/2026,2/17/2026,2025.0,"INAMBTEC, S. A. DE C. V.",SOBS-EJM-P-2026-21,S27,11/20/2025,12/31/2025,100.0,TERMINADO,SOBS-EJM-SUP-2026-21,"MSM-SOLUCIONES, S. A. DE C. V.",,,,2026-06-13 18:13:51.821,BENITO JUAREZ 09DPR2241Z,0101000020E61000009563B2B8FFC358C0410DDFC2BA513340,19.319256,-99.062483
354,PLATSOBSE_DGCOP_1_2_3_ESCUELAS_LUIS_R_ALARCON_09DPR1699P_09DPR1699P,f91fc766-a151-409d-9d7e-d877298c3cdf,BLAS GALINDO 09DES0314H,ALVARO OBREGON,MERCED GOMEZ,AV. CENTENARIO,GRAL. ANAYA Y C. COYOACAN,https://maps.app.goo.gl/HUyo2sLsiwyiy3nz8,ORIGINAL,LUIS PEREZ,2/17/2026,2/17/2026,2025.0,CONSTRUCIONES Y CAMINOS ZULAK S. A. DE C. V.,SOBS-EJM-P-2026-22,S28,11/21/2025,01/30/2026,72.0,EN PROCESO,SOBS-EJM-SUP-2026-22,"GRUPO CONSTRUCTOR JOJA, S.A. DE C.V.",,,,2026-06-13 18:13:51.821,BLAS GALINDO 09DES0314H,0101000020E6100000CBBC55D7A1CC58C09E0B23BDA85D3340,19.365856,-99.197378
355,PLATSOBSE_DGCOP_1_2_3_ESCUELAS_COCOXOCHITL_09DJN0653X_09DJN0653X,2105996e-c23d-4202-adaa-edfef973ef9e,CAI SEP NO 15 CAROLINA AGAZZI 09DDI0015D,XOCHIMILCO,SAN GREGORIO ATLAPULCO (PBLO),AV. CUAUHTEMOC,HIDROGENO Y KRIPTON,https://maps.app.goo.gl/nnsAvGExSYRu4w1p8,ORIGINAL,LUIS PEREZ,2/17/2026,2/17/2026,2025.0,"PEREZ Y RAMIREZ CONSTRUCCIONES Y SERVICIOS S.A. DE C,V,",SOBS-EJM-P-2026-23,S29,2025-11-21 00:00:00,2026-01-19 00:00:00,100.0,TERMINADO,SOBS-EJM-SUP-2026-23,RAMSE CONSTRUCCIONES S.A DE C.V.,,,,2026-06-13 18:13:51.821,CAI SEP NO 15 CAROLINA AGAZZI 09DDI0015D,0101000020E6100000B64AB0389CC358C093AB58FCA6403340,19.252548,-99.05641
356,PLATSOBSE_DGCOP_1_2_3_ESCUELAS_VICENTE_RIVA_PALACIO_GUERRERO_09DES0192N_09DES0192N,03da0fd3-edb8-4741-a5d8-4edc08c59d80,CAI SEP NO 32 CITLALPILYOCAN 09DDI0039N,AZCAPOTZALCO,EL ROSARIO B (U HAB),AV. DE LAS CIVILIZACIONES,HERREROS Y ALDEBARAN,https://maps.app.goo.gl/ReqU7s7CY9674AGNA,ORIGINAL,LUIS PEREZ,2/17/2026,2/17/2026,2025.0,CONSTRUCIONES Y CAMINOS ZULAK S. A. DE C. V.,SOBS-EJM-P-2026-24,S30,11/21/2025,01/30/2026,100.0,TERMINADO,SOBS-EJM-SUP-2026-24,"GRUPO CONSTRUCTOR JOJA, S.A. DE C.V.",,,,2026-06-13 18:13:51.821,CAI SEP NO 32 CITLALPILYOCAN 09DDI0039N,0101000020E61000003E22A64412CD58C0E7AA798EC8833340,19.514779,-99.20424
357,PLATSOBSE_DGCOP_1_2_3_ESCUELAS_CENTRAL_DE_LABORATORIOS_Y_TALLERES_NO_2_09FLB0002N_09FLB0002N,39abc2f1-f81c-429e-aece-a2eb2ab050bc,CANDIDO NAVARRO 09DPR1620C,AZCAPOTZALCO,EL ROSARIO B (U HAB),AV. DE LAS CULTURAS Y PESCADORES,MERCADERES Y PESCADORES,https://maps.app.goo.gl/UJPs1725X5QVYRLy6,ORIGINAL,LUIS PEREZ,2/17/2026,2/17/2026,2025.0,CONSTRUCCIONES Y CAMINOS ZULAK S.A. DE C.V.,SOBS-EJM-P-2026-25,S31,11/21/2025,01/30/2026,100.0,TERMINADO,SOBS-EJM-SUP-2026-25,"DAKI ARQUITECTURA, S. A. DE C. V.",,,,2026-06-13 18:13:51.821,CANDIDO NAVARRO 09DPR1620C,0101000020E61000006747AAEFFCCC58C016325706D5823340,19.511063,-99.202938
358,PLATSOBSE_DGCOP_1_2_3_ESCUELAS_CENTRO_DE_ATENCION_MULTIPLE_NO_4_09DML0093C_09DML0093C,d97972a4-7b83-4362-94b6-668ce174e708,CAPITAN IGNACIO JOSE DE ALLENDE 09DJN0155Z,AZCAPOTZALCO,SANTO TOMAS,AV. DE LAS GRANJAS,CALZ. SANTO TOMAS Y ALMACENES,https://maps.app.goo.gl/pDUF59jeNGDjrKhq7,ORIGINAL,LUIS PEREZ,2/17/2026,2/17/2026,2025.0,"SISA HERMES, S.A. DE C.V.",SOBS-EJM-P-2026-26,S32,2025-11-20 00:00:00,2025-12-31 00:00:00,86.0,EN PROCESO,SOBS-EJM-SUP-2026-26,"OLGROSA GROUP, S. A. DE C. V.",,,,2026-06-13 18:13:51.821,CAPITAN IGNACIO JOSE DE ALLENDE 09DJN0155Z,0101000020E6100000C6F7C5A52ACB58C0DDED7A698A7C3340,19.486487,-99.174478
359,PLATSOBSE_DGCOP_1_2_3_ESCUELAS_RABINDRANATH_TAGORE_09DES0121T_09DES0121T,2a9a41f7-c3e7-4b3f-a057-304a9006c9a0,CARLOS MARX 09DPR1621B,MIGUEL HIDALGO,UN HOGAR PARA NOSOTROS,AV. DE LOS MAESTROS,CALZ MEXICO TACUBA Y MAESTRO RURAL,https://maps.app.goo.gl/aoHVT15FohmmuP1A7,ORIGINAL,LUIS PEREZ,2/17/2026,2/17/2026,2025.0,GERARDO LOPEZ LEDEZMA,SOBS-EJM-P-2026-27,S33,11/19/2025,12/31/2025,94.0,EN PROCESO,SOBS-EJM-SUP-2026-27,"RAMSE CONSTRUCCIONES, S. A. DE C. V.",,,,2026-06-13 18:13:51.821,CARLOS MARX 09DPR1621B,0101000020E61000009B215514AFCA58C0B22B2D23F5723340,19.449053,-99.166936
360,PLATSOBSE_DGCOP_PUENTES_PEATONALES_CALZ_CAMARONES_EJE_2_NORTE_14,d869a1a9-7177-4350-a6b1-b66d56a0e9f3,CALZ. CAMARONES - EJE 2 NORTE,AZCAPOTZALCO,NUEVA SANTA MARIA,CALZ. CAMARONES,AV. BIOLOGO MAXIMINO MARTINEZ Y EJE NORTE 3 CAMARONES,https://maps.app.goo.gl/s2jfCo39npYcqSAj7,ORIGINAL,LUIS PEREZ,2/18/2026,2/17/2026,2025.0,RK DISE?O Y CONSTRUCCION S.A. DE C.V,SOBS-EJM-P-2026-28,S34,2025-11-06 00:00:00,2025-07-11 00:00:00,100.0,TERMINADO,SOBS-EJM-SUP-2026-28,SUPERVISION INTERNA,,,,2026-06-13 18:13:51.821,CALZ. CAMARONES - EJE 2 NORTE,0101000020E61000003688CE3FE6CA58C080A85131ED753340,19.460651,-99.170303
361,PLATSOBSE_DGCOP_1_2_3_ESCUELAS_ESCUELA_SECUNDARIA_TECNICA_40_09DST0040A_09DST0040A,71474d69-27fb-44d2-8eb8-79c5f16fb7c0,CENTRAL DE LABORATORIOS Y TALLERES No. 2 09FLB0002N,TLALPAN,NARCISO MENDOZA VILLA COAPA SUPERMANZANA 8 (U HAB),AV. DEL ARBOLILLO,AV DEL RIEGO Y AV DEL ARBOLILLO,https://maps.app.goo.gl/w1LJJ8DesXbxBENU8,ORIGINAL,LUIS PEREZ,2/17/2026,2/17/2026,2025.0,"GAKIDA ARQUITECTURA, S. A. DE C. V.",SOBS-EJM-P-2026-29,S35,2025-11-19 00:00:00,2025-12-31 00:00:00,100.0,TERMINADO,SOBS-EJM-SUP-2026-29,"DAKI ARQUITECTURA, S. A. DE C. V.",,,,2026-06-13 18:13:51.821,CENTRAL DE LABORATORIOS Y TALLERES No. 2 09FLB0002N,0101000020E610000024D40CA9A2C758C08EC9E2FE234B3340,19.293518,-99.119303
362,PLATSOBSE_DGCOP_1_2_3_ESCUELAS_SECUNDARIA_DIURNA_88_DR_NABOR_CARRILLO_09DES0088B_09DES0088B,3382e3e4-166d-460b-823a-ce6b85ea585b,CENTRO DE ATENCION MULTIPLE No. 105 09DML0139H,VENUSTIANO CARRANZA,JARDIN BALBUENA III,AV. DEL TALLER,RTNO 52 AV DEL TALLER Y AV DEL TALLER,https://maps.app.goo.gl/hA8DWoLrzV9AnC9x9,ORIGINAL,LUIS PEREZ,2/17/2026,2/17/2026,2025.0,CONSORCIO CONSTRUCCION AA,SOBS-EJM-P-2026-30,S36,11/19/2025,12/31/2025,100.0,TERMINADO,SOBS-EJM-SUP-2026-30,"CONSTRUCCIONES Y PROYECTOS RUZALDE, S. A. DE C. V.",,,,2026-06-13 18:13:51.821,CENTRO DE ATENCION MULTIPLE No. 105 09DML0139H,0101000020E61000003543AA285EC658C0C9586DFE5F693340,19.411621,-99.099497
363,PLATSOBSE_DGCOP_1_2_3_ESCUELAS_GRAL_MIGUEL_ALEMAN_09DPR2406S_09DPR2406S,cb2d9a97-5289-482a-b9fa-bda7f1bd5bde,CENTRO DE ATENCION MULTIPLE No. 15 09DML0062J,VENUSTIANO CARRANZA,MORELOS I,AV. DEL TRABAJO,JARCIERIA Y CARPINTERIA,https://maps.app.goo.gl/BTDECjsm4Z6mNAYw9,ORIGINAL,LUIS PEREZ,2/17/2026,2/17/2026,2025.0,"CONSTRUCTORA BALBEK, S. A. DE C. V.",SOBS-EJM-P-2026-31,S37,11/20/2025,12/31/2025,100.0,TERMINADO,SOBS-EJM-SUP-2026-31,"SARMIENTO Y ASOCIADOS INGENIER?A, S. A. DE C. V.",,,,2026-06-13 18:13:51.821,CENTRO DE ATENCION MULTIPLE No. 15 09DML0062J,0101000020E610000035B6D782DEC758C0EC4B361E6C713340,19.443056,-99.122956
364,PLATSOBSE_DGCOP_1_2_3_ESCUELAS_ALVARO_OBREGON_09DES0271Z_09DES0271Z,e90706f8-5167-4275-8521-8a8c10146960,CENTRO DE ATENCION MULTIPLE No. 19 09DML0048Q,GUSTAVO A. MADERO,NUEVA ATZACOALCO I,AV. EDUARDO MOLINA,C 314 Y 316,https://maps.app.goo.gl/ecVuAqJfE7iXCBzn8,ORIGINAL,LUIS PEREZ,,,2025.0,VIDERE INFRAESTRUCTURA SA DE CV,SOBS-EJM-P-2026-32,S38,1 DE NOVIEMBRE DE 2025,31 DE DICIEMBRE DE 2025,51.47,EN PROCESO,SOBS-EJM-SUP-2026-32,"FAMASA CONSTRUCCIÓN, DISEÑO E INGENIERÍA, S.A. DE C.V.",,,,2026-06-13 18:13:51.821,CENTRO DE ATENCION MULTIPLE No. 19 09DML0048Q,0101000020E6100000363CBD5296C558C00B7DB08C0D813340,19.504113,-99.0873
365,PLATSOBSE_DGCOP_1_2_3_ESCUELAS_ESCUELA_SECUNDARIA_TECNICA_7_09DST0007T_09DST0007T,0302244a-8291-465b-9f9e-5d5fdf18ebde,CENTRO DE ATENCION MULTIPLE No. 4 09DML0093C,VENUSTIANO CARRANZA,PENITENCIARIA (AMPL),AV. FERROCARRIL,JOSE JOAQUIN HERRERA Y PENITENCIARIA,https://maps.app.goo.gl/gqejMBjkbbnPuWfy6,ORIGINAL,LUIS PEREZ,2/17/2026,2/17/2026,2025.0,"CORPORACION CONSTRUCTORA AVE FENIX, S. A. DE C. V.",SOBS-EJM-P-2026-33,S39,2025-11-20 00:00:00,2025-12-31 00:00:00,95.0,EN PROCESO,SOBS-EJM-SUP-2026-33,"SARMIENTO Y ASOCIADOS INGENIER?A, S. A. DE C. V.",,,,2026-06-13 18:13:51.821,CENTRO DE ATENCION MULTIPLE No. 4 09DML0093C,0101000020E610000012A3E716BAC758C06F1118EB1B703340,19.437926,-99.120733
366,PLATSOBSE_DGCOP_1_2_3_ESCUELAS_FRAY_MELCHOR_DE_TALAMANTES_09DPR2348S_09DPR2348S,d05cbecd-ba40-4f42-8dc2-22600a128788,CENTRO DE ATENCION MULTIPLE No. 77 09DML0076M,VENUSTIANO CARRANZA,MORELOS I,AV. FERROCARRIL,C. DE JOSE JOAQUIN DE HERRERA Y LECUMBERRI,https://maps.app.goo.gl/T791CrXaKUZ6gLb2A,ORIGINAL,LUIS PEREZ,2/17/2026,2/17/2026,2025.0,"CORPORACION CONSTRUCTORA AVE FENIX, S. A. DE C. V.",SOBS-EJM-P-2026-34,S40,11/20/2025,12/31/2025,96.1,EN PROCESO,SOBS-EJM-SUP-2026-34,"SARMIENTO Y ASOCIADOS INGENIER?A, S. A. DE C. V.",,,,2026-06-13 18:13:51.821,CENTRO DE ATENCION MULTIPLE No. 77 09DML0076M,0101000020E6100000B3D1393FC5C758C003D0285DFA6F3340,19.437414,-99.121414
367,PLATSOBSE_DGCOP_1_2_3_ESCUELAS_ALFONSO_NORIEGA_CANTU_09DES0233X_09DES0233X,48da8d28-00e3-4b00-8907-02546c8356d2,CENTRO DE ATENCION MULTIPLE No. 86 09DML0056Z,AZCAPOTZALCO,SANTA BARBARA (PBLO),AV. GUADALUPE,AV GUADALUPE Y PRIV GUADALUPE VICTORIA,https://maps.app.goo.gl/7aZN2E15oJfsc7Qm9,ORIGINAL,LUIS PEREZ,2/17/2026,2/17/2026,2025.0,"GRUPO DN, S. A. DE C.V.",SOBS-EJM-P-2026-35,S41,2025-11-20 00:00:00,2025-12-31 00:00:00,68.0,EN PROCESO,SOBS-EJM-SUP-2026-35,"SESOCORT, S. A. DE C. V.",,,,2026-06-13 18:13:51.821,CENTRO DE ATENCION MULTIPLE No. 86 09DML0056Z,0101000020E6100000F65D4624B6CB58C09FBAF909177F3340,19.496445,-99.182992
464,PLATSOBSE_DGCOP_1_2_3_ESCUELAS_ESCUELA_SECUNDARIA_TECNICA_42_09DST0042Z_09DST0042Z,0a69e3f0-be9e-482e-a60c-55567661e2cb,KANTUNIL 09DJN0139I,CUAUHTEMOC,MORELOS I,GOROSTIZA,TENOCHTITLAN Y JESUS CARRANZA,https://maps.app.goo.gl/kNPWBEu3myTodeQX8,ORIGINAL,LUIS PEREZ,2/17/2026,2/17/2026,2025.0,"EYSSA MEXICANA, S. A. DE C.V.",SOBS-EJM-P-2026-36,S42,2025-11-20 00:00:00,2025-12-31 00:00:00,92.0,EN PROCESO,SOBS-EJM-SUP-2026-36,"SUPERVISI?N Y PROYECTOS BOAZ, S. A. DE C. V.",,,,2026-06-13 18:13:51.821,KANTUNIL 09DJN0139I,0101000020E61000009C33A2B437C858C03255302AA9733340,19.4518,-99.1284
368,PLATSOBSE_DGCOP_1_2_3_ESCUELAS_REPUBLICA_DE_COLOMBIA_09DES0081I_09DES0081I,d8f42752-f5f1-45b3-9ff5-93644ef3e3ff,CENTRO ESCOLAR MEXICO 09DPR17301 09DPR1730I,GUSTAVO A. MADERO,BONDOJITO,AV. HENRY FORD,NTE 54-A Y H CONGRESO DE LA UNION,https://maps.app.goo.gl/DAE22rTyX8KShkSB9,ORIGINAL,LUIS PEREZ,2/17/2026,2/17/2026,2025.0,"CONSTRUCCIONES Y EDIFICACIONES TAPALPA, S. A. DE C. V.",SOBS-EJM-P-2026-37,S43,11/19/2025,12/31/2025,51.03,EN PROCESO,SOBS-EJM-SUP-2026-37,"ARQUITECTURA, INGENIER?A MECANICA GRIJALVA, S. A. DE C. V.",,,,2026-06-13 18:13:51.821,CENTRO ESCOLAR MEXICO 09DPR17301 09DPR1730I,0101000020E61000002B14E97E4EC758C0D87DC7F0D8773340,19.468154,-99.114166
369,PLATSOBSE_DGCOP_1_2_3_ESCUELAS_ESTADO_DE_QUINTANA_ROO_09DES0151N_09DES0151N,0bbfd8fb-2fe5-4baa-956c-34556a354c79,CENTRO ESCOLAR MEXICO 09DPR1732G 09DPR1732G,TLALPAN,LA MAGDALENA PETLACALCO (PBLO),AV. MEXICO AJUSCO,AV. MEXICO AJUSCO Y HACIENDA,https://maps.app.goo.gl/pkwYHpxGmkHMq1Uq6,ORIGINAL,LUIS PEREZ,2/17/2026,2/17/2026,2025.0,"GAKIDA ARQUITECTURA, S. A. DE C. V.",SOBS-EJM-P-2026-38,S44,11/19/2025,12/31/2025,96.08,EN PROCESO,SOBS-EJM-SUP-2026-38,"DAKI ARQUITECTURA, S. A. DE C. V.",,,,2026-06-13 18:13:51.821,CENTRO ESCOLAR MEXICO 09DPR1732G 09DPR1732G,0101000020E61000006DE7FBA9F1CB58C090DD054A0A3C3340,19.234532,-99.186625
370,PLATSOBSE_DGCOP_1_2_3_ESCUELAS_CLOTILDE_GONZALEZ_GARCIA_09DJN0790Z_09DJN0790Z,758b3bd0-4e55-4410-a8fc-976c1c57900e,CENTRO ESCOLAR MEXICO 09DPR1733F 09DPR1733F,AZCAPOTZALCO,SANTA BARBARA (PBLO),AV. REAL DE SAN MARTIN,AV. SAN PEDRO XALPA Y PRIV REAL DE SAN MARTIN,https://maps.app.goo.gl/ZiZLbgWXsotg58fT6,ORIGINAL,LUIS PEREZ,2/17/2026,2/17/2026,2025.0,"GRUPO ALMEM, S. A. DE C. V.",SOBS-EJM-P-2026-39,S45,2025-11-19 00:00:00,2025-12-31 00:00:00,80.5,EN PROCESO,SOBS-EJM-SUP-2026-39,"GRUPO CONSTRUCTOR REAMLI, S. A. DE C. V.",D4,,,2026-06-13 18:13:51.821,CENTRO ESCOLAR MEXICO 09DPR1733F 09DPR1733F,0101000020E6100000832753C1C0CB58C0148FB50D0A7F3340,19.496247,-99.18364
371,PLATSOBSE_DGCOP_1_2_3_ESCUELAS_ESCUELA_DE_PARTICIPACION_SOCIAL_NUMERO_5_09DIX0035E_09DIX0035E,dd239705-fbb1-4fa2-8889-958bc2551567,CLOTILDE GONZALEZ GARCIA 09DJN0790Z,TLALPAN,TLALPAN CENTRO,AV. SAN FERNANDO,AV SAN FERNANDO Y BENITO JUAREZ,https://maps.app.goo.gl/YPGnYAr19F7LmfPu9,ORIGINAL,LUIS PEREZ,2/17/2026,2/17/2026,2025.0,"R.D.S. MAQUINARIA Y EQUIPO DE CONSTRUCCION, S.A. DE C.V.",SOBS-EJM-P-2026-40,S46,2025-11-19 00:00:00,2025-12-31 00:00:00,100.0,INAUGURADA,SOBS-EJM-SUP-2026-40,"INGENIER?A ESPECIALIZADA EDUMER, S. A. DE C. V.",,,,2026-06-13 18:13:51.821,CLOTILDE GONZALEZ GARCIA 09DJN0790Z,0101000020E6100000A83AE466B8CA58C03DBB7CEBC34A3340,19.292052,-99.167505
372,PLATSOBSE_DGCOP_1_2_3_ESCUELAS_ESCUELA_SECUNDARIA_TECNICA_65_09DST0065J_09DST0065J,9a51a800-41bd-4c43-8f71-012cd1d85a66,COCONENCALLI 09DPR2276P,GUSTAVO A. MADERO,MAGDALENA DE LAS SALINAS,AV. SUR DE LOS 100 METROS,CALZ VALLEJO Y EJE CENTRAL LAZARO CARDENAS,https://maps.app.goo.gl/ABzGwMsvf4XZgp6a6,ORIGINAL,LUIS PEREZ,2/17/2026,2/17/2026,2025.0,"CONSTRUCCIONES Y EDIFICACIONES TAPALPA, S. A. DE C. V.",SOBS-EJM-P-2026-41,S47,2025-11-19 00:00:00,2025-12-31 00:00:00,83.42,EN PROCESO,SOBS-EJM-SUP-2026-41,"ARQUITECTURA, INGENIER?A MECANICA GRIJALVA, S. A. DE C. V.",,,,2026-06-13 18:13:51.821,COCONENCALLI 09DPR2276P,0101000020E6100000FD9FC37C79C958C0132BA391CF7B3340,19.483636,-99.14804
373,PLATSOBSE_DGCOP_1_2_3_ESCUELAS_JUAN_DE_MATA_RIVERA_09DPR1272M_09DPR1272M,b7c0263a-2116-40d4-840e-e9465f07a71e,COCOXOCHITL 09DJN0653X,IZTAPALAPA,EL ROSARIO,AV. TLAHUAC KM. 18.5,J. PATRICIO MORLETE RUIZ E I. MARIA BARRERA,https://maps.app.goo.gl/ZTzctnVuB2omSxFT9,ORIGINAL,LUIS PEREZ,2/17/2026,2/17/2026,2025.0,"PTAH INFRAESTRUCTURA ARQUITECTONICA, S.A. DE C.V.",SOBS-EJM-P-2026-42,S48,11/20/2025,12/31/2025,100.0,TERMINADO,SOBS-EJM-SUP-2026-42,"SESOCORT, S. A. DE C. V.",,,,2026-06-13 18:13:51.821,COCOXOCHITL 09DJN0653X,0101000020E6100000938FDD054AC458C0302B14E97E4E3340,19.306624,-99.067018
374,PLATSOBSE_DGCOP_1_2_3_ESCUELAS_KAMBESAH_09DJN1234T_09DJN1234T,b6dffb6a-b079-4941-83e0-2128ee91728e,COMODORO MANUEL AZUETA PERILLOS 09DPR1680R,TLALPAN,PEDREGAL DE SN NICOLAS 4A SECC II,AVENIDA FERROCARRIL CUERNAVACA,TIXMEHUAC Y CONKAL,https://maps.app.goo.gl/FDjByvBbrsRAhCi16,ORIGINAL,LUIS PEREZ,2/17/2026,2/17/2026,2025.0,"GRUPO CONSTRUCTOR CABRERA Y RAMIREZ ASOCIADOS, S. A. DE C. V.",SOBS-EJM-P-2026-43,S49,11/19/2025,12/31/2025,93.13,EN PROCESO,SOBS-EJM-SUP-2026-43,"TOGLE CONSTRUCCIONES, SUPERVISI?N Y PROYECTOS DE OBRA, S. A. DE C. V.",,,,2026-06-13 18:13:51.821,COMODORO MANUEL AZUETA PERILLOS 09DPR1680R,0101000020E610000081ED60C43ECF58C09A7D1EA33C473340,19.278269,-99.238206
375,PLATSOBSE_DGCOP_1_2_3_ESCUELAS_CARLOS_MARX_09DPR1621B_09DPR1621B,30221c26-d52a-4cdf-8cbd-a5fbc9510b10,CONCEPCION GONZALEZ NARANJO 09DJN0048R,AZCAPOTZALCO,SANTA BARBARA (PBLO),AVENIDA MIGUEL HIDALGO,AV. SAN PEDRO XALPA Y PRIV REAL DE SAN MARTIN,https://maps.app.goo.gl/ajZqY2P4P64EHHSx9,ORIGINAL,LUIS PEREZ,2/17/2026,2/17/2026,2025.0,"SISA HERMES, S.A. DE C.V.",SOBS-EJM-P-2026-44,S50,2025-11-20 00:00:00,2025-12-31 00:00:00,97.0,EN PROCESO,SOBS-EJM-SUP-2026-44,"OLGROSA GROUP, S. A. DE C. V.",,,,2026-06-13 18:13:51.821,CONCEPCION GONZALEZ NARANJO 09DJN0048R,0101000020E6100000D05DB32EB7CB58C05923F15D027F3340,19.49613,-99.183056
376,PLATSOBSE_DGCOP_1_2_3_ESCUELAS_TELESECUNDARIA_NUMERO_101_09DTV0101L_09DTV0101L,94294655-c7a0-4aec-b56c-fcfeca01722a,CUAHILAMA 09DPR2044Z,TLALPAN,MIGUEL HIDALGO,AYUNTAMIENTO,SOR JUANA INES DE LA CRUZ Y XOCHITL,https://maps.app.goo.gl/kTJ2hPaMNVTRPKUa9,ORIGINAL,LUIS PEREZ,2/17/2026,2/17/2026,2025.0,"DUGAF ASESORES Y CONSTRUCTORES, S.A. DE C.V.",SOBS-EJM-P-2026-45,S51,11/21/2025,01/19/2026,76.94,EN PROCESO,SOBS-EJM-SUP-2026-45,"GRUPO CONSTRUCTOR JOJA, S.A. DE C.V.",,,,2026-06-13 18:13:51.821,CUAHILAMA 09DPR2044Z,0101000020E6100000ECA2E8818FCB58C033C34659BF493340,19.288076,-99.180634
377,PLATSOBSE_DGCOP_1_2_3_ESCUELAS_LIBRADO_RIVERA_GODINEZ_09DES0274X_09DES0274X,3972bc4e-672a-48c2-a1a6-c59e1d02de9f,CUAILAMA 09DJN0643Q,IZTAPALAPA,PARAISO,BATALLA DE OJITOS,CUAUHTEMOC Y BATALLON LIGERO DE TOLUCA,https://maps.app.goo.gl/SMjrNkjU3iF3X5LB8,ORIGINAL,LUIS PEREZ,2/17/2026,2/17/2026,2025.0,"INAMBTEC, S. A. DE C. V.",SOBS-EJM-P-2026-46,S52,11/20/2025,12/31/2025,33.04,EN PROCESO,SOBS-EJM-SUP-2026-46,"MSM-SOLUCIONES, S. A. DE C. V.",,,,2026-06-13 18:13:51.821,CUAILAMA 09DJN0643Q,0101000020E6100000D927806264C258C0F19D98F562603340,19.37651,-99.037377
378,PLATSOBSE_DGCOP_1_2_3_ESCUELAS_CENTRO_DE_ATENCION_MULTIPLE_NO_15_09DML0062J_09DML0062J,8510549c-dce9-47ed-8b63-9d8f5018f07e,CUICACALLI 09DJN1222O,TLALPAN,BELISARIO DOMINGUEZ,BELISARIO DOMINGUEZ SECC 16,CASINO CASAHONDA Y VASCO DE QUIROGA,https://maps.app.goo.gl/XDJBCscXtzd7AZsU6,ORIGINAL,LUIS PEREZ,2/17/2026,2/17/2026,2025.0,"R.D.S. MAQUINARIA Y EQUIPO DE CONSTRUCCION, S.A. DE C.V.",SOBS-EJM-P-2026-47,S53,2025-11-19 00:00:00,2025-12-31 00:00:00,68.11,EN PROCESO,SOBS-EJM-SUP-2026-47,"INGENIERIA ESPECIALIZADA EDUMER, S. A. DE C. V.",,,,2026-06-13 18:13:51.821,CUICACALLI 09DJN1222O,0101000020E61000004DF4F92823CA58C0A680B4FF014A3340,19.289093,-99.158396
379,PLATSOBSE_DGCOP_1_2_3_ESCUELAS_MARTIN_V_GONZALEZ_09DES0069N_09DES0069N,4b4c7aca-187f-453c-a6ed-8e4758853e2e,DAVID G. BERLANGA 09DPR1726W,IZTACALCO,RAMOS MILLAN BRAMADERO I,BENITO JUAREZ,CIRCUITO INTERIOR Y SUR 145,https://maps.app.goo.gl/5ENFKibrxVX81UQLA,ORIGINAL,LUIS PEREZ,2/17/2026,2/17/2026,2025.0,"CONSTRUCTORA E INGENIERIA HERAYAX, S. A. DE C. V.",SOBS-EJM-P-2026-48,S54,11/20/2025,12/31/2025,82.81,EN PROCESO,SOBS-EJM-SUP-2026-48,"RAMSE CONSTRUCCIONES, S. A. DE C. V.",,,,2026-06-13 18:13:51.821,DAVID G. BERLANGA 09DPR1726W,0101000020E610000024D236FE44C658C066136058FE643340,19.394506,-99.097961
380,PLATSOBSE_DGCOP_1_2_3_ESCUELAS_REPUBLICA_FEDERAL_DE_ALEMANIA_09DPR0923Q_09DPR0923Q,245749cc-c82c-4881-b79b-458d744203b2,DEFENSORES DE LA REPUBLICA 09DPR1574H,IZTACALCO,RAMOS MILLAN BRAMADERO I,BENITO JUAREZ,SUR 145 Y SUR 149,https://maps.app.goo.gl/ALMtSoE9rDfKcepz8,ORIGINAL,JUAN HERNANDEZ,2/17/2026,2/17/2026,2025.0,"CONSTRUCTORA E INGENIERIA HERAYAX, S. A. DE C. V.",SOBS-EJM-P-2026-49,S55,11/20/2025,12/31/2025,90.36,EN PROCESO,SOBS-EJM-SUP-2026-49,"RAMSE CONSTRUCCIONES, S. A. DE C. V.",,,,2026-06-13 18:13:51.821,DEFENSORES DE LA REPUBLICA 09DPR1574H,0101000020E6100000F0DB10E335C658C036785F950B653340,19.394708,-99.097039
381,PLATSOBSE_DGCOP_1_2_3_ESCUELAS_GRAL_MIGUEL_NEGRETE_09DPR1544N_09DPR1544N,a0366b94-5aa3-4f23-804c-54b4ee4ec3b2,DOLORES ANGELA CASTILLO 09DES0019F,GUSTAVO A. MADERO,NUEVA ATZACOALCO II,C. 311,312 Y 314,https://maps.app.goo.gl/na7jRS1ooCSKVvXG7,ORIGINAL,JUAN HERNANDEZ,2/17/2026,2/17/2026,2025.0,"GEUR INGENIERIA, S.A. DE C.V.",SOBS-EJM-P-2026-50,S56,11/19/2025,12/31/2025,100.0,TERMINADO,SOBS-EJM-SUP-2026-50,"ARQUITECTURA, INGENIER?A MECANICA GRIJALVA, S. A. DE C. V.",,,,2026-06-13 18:13:51.821,DOLORES ANGELA CASTILLO 09DES0019F,0101000020E6100000BE4F55A181C558C0A301BC0512803340,19.500275,-99.086037
382,PLATSOBSE_DGCOP_1_2_3_ESCUELAS_LIC_JOSE_VASCONCELOS_09DJN0168D_09DJN0168D,d0754d0f-f7c7-4270-885d-d66a0f54672f,DOMINGO F. SARMIENTO 09DPR0985C,GUSTAVO A. MADERO,NUEVA ATZACOALCO II,C. 311,C. 311 Y C. 313,https://maps.app.goo.gl/J5Xq1SXKKTQhpgvN7,ORIGINAL,JUAN HERNANDEZ,2/17/2026,2/17/2026,2025.0,"GEUR INGENIERIA, S.A. DE C.V.",SOBS-EJM-P-2026-51,S57,11/19/2025,12/31/2025,100.0,TERMINADO,SOBS-EJM-SUP-2026-51,"ARQUITECTURA, INGENIER?A MECANICA GRIJALVA, S. A. DE C. V.",,,,2026-06-13 18:13:51.821,DOMINGO F. SARMIENTO 09DPR0985C,0101000020E61000009EB4705985C558C04772F90FE97F3340,19.49965,-99.086264
383,PLATSOBSE_DGCOP_1_2_3_ESCUELAS_GILBERTO_BORJA_NAVARRETE_09DES0282F_09DES0282F,d7a8395a-7b2e-4bac-b263-dbf0052922fe,DR. AGUSTIN RIVERA 09DPR2505S,GUSTAVO A. MADERO,NUEVA ATZACOALCO I,C. 329,318 Y AV. RIO DE LOS REMEDIOS,https://maps.app.goo.gl/Yjj9CnLL4hSsjVwVA,ORIGINAL,JUAN HERNANDEZ,2/17/2026,2/17/2026,2025.0,"GEUR INGENIERIA, S.A. DE C.V.",SOBS-EJM-P-2026-52,S58,11/19/2025,12/31/2025,100.0,TERMINADO,SOBS-EJM-SUP-2026-52,"ARQUITECTURA, INGENIER?A MECANICA GRIJALVA, S. A. DE C. V.",,,,2026-06-13 18:13:51.821,DR. AGUSTIN RIVERA 09DPR2505S,0101000020E6100000BC9179E40FC558C058C9C7EE02813340,19.503951,-99.079095
384,PLATSOBSE_DGCOP_1_2_3_ESCUELAS_JOSE_ARTEAGA_09DES0020V_09DES0020V,f5d5074a-2041-4bf3-8e81-7efaedfaa704,DR. ALFONSO PRUNEDA 09DES0031A,MIGUEL HIDALGO,REFORMA PENSIL,C. LAGO ERNE,LAGO AMMER Y LAGO TRASIMENO,https://maps.app.goo.gl/fzDqwtbaCXfGrdkV8,ORIGINAL,JUAN HERNANDEZ,2/17/2026,2/17/2026,2025.0,GERARDO LOPEZ LEDEZMA,SOBS-EJM-P-2026-53,S59,11/19/2025,12/31/2025,32.2,EN PROCESO,SOBS-EJM-SUP-2026-53,"RAMSE CONSTRUCCIONES, S. A. DE C. V.",,,,2026-06-13 18:13:51.821,DR. ALFONSO PRUNEDA 09DES0031A,0101000020E61000002733DE567ACC58C0382C0DFCA8723340,19.447891,-99.194967
385,PLATSOBSE_DGCOP_1_2_3_ESCUELAS_IZKALOTZIN_09DES0260U_09DES0260U,4be5966d-cdde-4d00-863d-f3585a6bfe93,EDUARDO CLAPAREDE 09DJN0390D,MIGUEL HIDALGO,CUAUHTEMOC PENSIL,C. LAGO GINEBRA,LAGO HIELMAR Y LAGO WETTER,https://maps.app.goo.gl/uau6JYd8M3KfSU3K7,ORIGINAL,JUAN HERNANDEZ,2/17/2026,2/17/2026,2025.0,"URBANIKONSTRUCCIOES GRAYCOLORS, S. A. DE C. V.",SOBS-EJM-P-2026-54,S60,11/19/2025,12/31/2025,96.5,EN PROCESO,SOBS-EJM-SUP-2026-54,"RAMSE CONSTRUCCIONES, S. A. DE C. V.",,,,2026-06-13 18:13:51.821,EDUARDO CLAPAREDE 09DJN0390D,0101000020E6100000B9895A9A5BCC58C0CBA145B6F3713340,19.445125,-99.193091
386,PLATSOBSE_DGCOP_1_2_3_ESCUELAS_HERMANOS_GRIMM_09DJN0005T_09DJN0005T,7079fbd8-b3b8-400a-9025-516383076d39,EJERCITO MEXICANO 09DIX0002N,VENUSTIANO CARRANZA,ROMERO RUBIO,C. MARRUECOS,ESQUINA CANTON Y AV PROGRESO,https://maps.app.goo.gl/MqGx8vayHbYSXTdo8,ORIGINAL,JUAN HERNANDEZ,2/17/2026,2/17/2026,2025.0,"CONSTRUCTORA BALBEK, S. A. DE C. V.",SOBS-EJM-P-2026-55,S61,11/20/2025,12/31/2025,80.0,EN PROCESO,SOBS-EJM-SUP-2026-55,"SARMIENTO Y ASOCIADOS INGENIER?A, S. A. DE C. V.",,,,2026-06-13 18:13:51.821,EJERCITO MEXICANO 09DIX0002N,0101000020E61000001F69705B5BC658C0EBE3A1EF6E713340,19.443099,-99.099326
387,PLATSOBSE_DGCOP_1_2_3_ESCUELAS_CAI_SEP_NO_15_CAROLINA_AGAZZI_09DDI0015D_09DDI0015D,1a9eb640-145d-4f36-8d92-69304ec38d55,ELISEO BANDALA FERNANDEZ 09DPR2802S,AZCAPOTZALCO,SANTA BARBARA (PBLO),"C. ROSAS MORENO,",MANUEL MARIA CONTRERAS Y C. JUSTO SIERRA,https://maps.app.goo.gl/aUmfSbCTDdcpf2So6,ORIGINAL,JUAN HERNANDEZ,2/17/2026,2/17/2026,2025.0,"EVELMEX, S. A. DE C.V.",SOBS-EJM-P-2026-56,S62,2025-11-20 00:00:00,2025-12-31 00:00:00,75.0,EN PROCESO,SOBS-EJM-SUP-2026-56,"OLGROSA GROUP, S. A. DE C. V.",,,,2026-06-13 18:13:51.821,ELISEO BANDALA FERNANDEZ 09DPR2802S,0101000020E6100000D13FC1C58ACB58C077BF0AF0DD7E3340,19.495574,-99.180345
388,PLATSOBSE_DGCOP_1_2_3_ESCUELAS_SUSAN_BLUW_GRIMSLY_09DJN0113A_09DJN0113A,5906cd9f-2351-456f-9b16-8d66066212c2,ENRIQUE C. REBSAMEN 09DPR2025K,IZTACALCO,PANTITLAN I,CALLE 1,AV XOCHIMILCO Y AV NORTE,https://maps.app.goo.gl/JC1RgZf5r7fFPr4F9,ORIGINAL,JUAN HERNANDEZ,2/17/2026,2/17/2026,2025.0,ELEMET CONSTRUCCIONE S. DE R. L. DE C.V.,SOBS-EJM-P-2026-57,S63,11/20/2025,12/31/2025,100.0,TERMINADO,SOBS-EJM-SUP-2026-57,"MSM-SOLUCIONES, S. A. DE C. V.",,,,2026-06-13 18:13:51.821,ENRIQUE C. REBSAMEN 09DPR2025K,0101000020E61000001878EE3D5CC458C0F67AF7C77B693340,19.412045,-99.06813
389,PLATSOBSE_DGCOP_1_2_3_ESCUELAS_ACAMAPICHTLI_09DPR2286W_09DPR2286W,852722bb-8d3b-476a-8bcf-4b0eb75b3171,ENRIQUE DUNANT 09DJN1090N,IZTACALCO,PANTITLAN IV,CALLE 2,CALLE 2 Y CALZ. IGNACIO ZARAGOZA,https://maps.app.goo.gl/VTf76Xrtca965P4N9,ORIGINAL,JUAN HERNANDEZ,2/17/2026,2/17/2026,2025.0,"CAKCALLI, COMERCIALIZADORA Y ARKITECTURA, S. A. DE C. V.",SOBS-EJM-P-2026-58,S64,2025-11-19 00:00:00,2025-12-31 00:00:00,49.48,EN PROCESO,SOBS-EJM-SUP-2026-58,"DAKI ARQUITECTURA, S. A. DE C. V.",,,,2026-06-13 18:13:51.821,ENRIQUE DUNANT 09DJN1090N,0101000020E61000006919A9F754C458C0EA23F0879F673340,19.404778,-99.067686
390,PLATSOBSE_DGCOP_1_2_3_ESCUELAS_ALBERT_SCHWEITZER_09DES0133Y_09DES0133Y,0bbb4426-ddc2-45ff-af1d-1725297c44ae,ESCUELA DE PARTICIPACION SOCIAL NUMERO 5 09DIX0035E,IZTACALCO,PANTITLAN IV,CALLE 2,AV MEXICO E IGNACIO ZARAGOZA,https://maps.app.goo.gl/D12xRt3SyZXDpbGbA,ORIGINAL,JUAN HERNANDEZ,2/17/2026,2/17/2026,2025.0,"CAKCALLI, COMERCIALIZADORA Y ARKITECTURA, S. A. DE C. V.",SOBS-EJM-P-2026-59,S65,2025-11-19 00:00:00,2025-12-31 00:00:00,100.0,TERMINADO,SOBS-EJM-SUP-2026-59,"DAKI ARQUITECTURA, S. A. DE C. V.",,,,2026-06-13 18:13:51.821,ESCUELA DE PARTICIPACION SOCIAL NUMERO 5 09DIX0035E,0101000020E610000052D7DAFB54C458C0C39ACAA2B0673340,19.405039,-99.067687
391,PLATSOBSE_DGCOP_1_2_3_ESCUELAS_PROFR_RUBEN_MOREIRA_COBOS_09DPR3168O_09DPR3168O,02ca2e19-5be1-4d10-9132-80b258710d7f,ESCUELA PRIMARIA INGENIERO MIGUEL BERNARD 09DPR2059A,IZTACALCO,PANTITLAN IV,CALLE 2,AV. NTE Y GRAL. PORFIRIO DIAZ,https://maps.app.goo.gl/2yxjeyon5Qb6BNEPA,ORIGINAL,JUAN HERNANDEZ,2/17/2026,2/17/2026,2025.0,"CONSTRUCCIONES ORENSE, S.A. DE C.V.",SOBS-EJM-P-2026-60,S66,11/20/2025,12/31/2025,100.0,TERMINADO,SOBS-EJM-SUP-2026-60,"RAMSE CONSTRUCCIONES, S.A. DE C.V.",,,,2026-06-13 18:13:51.821,ESCUELA PRIMARIA INGENIERO MIGUEL BERNARD 09DPR2059A,0101000020E6100000B344679945C458C04436902E36693340,19.410983,-99.066748
1029,PLATSOBSE_DGOT_BALON_BARRIO_252_NARCISO_BASSOLS_252,b0468294-e6e4-44b5-af7d-c7148ce4b242,252 NARCISO BASSOLS,GUSTAVO A. MADERO,NARCISO BASSOLS,,"NARCISO BASSOLS, CIUDAD DE MÉXICO, CDMX",https://maps.app.goo.gl/mApqjewHcCuxpaZu6,,JUAN HERNANDEZ,,,2026.0,,SOBS-EJM-P-2026-61,S67,,,100.0,INAUGURADA,SOBS-EJM-SUP-2026-61,,,,,2026-06-13 18:13:51.821,252 NARCISO BASSOLS,0101000020E61000007D0569C6A2C358C0048D9944BD743340,19.456013,-99.05681
392,PLATSOBSE_DGCOP_1_2_3_ESCUELAS_PROFR_Y_LIC_GENARO_V_VAZQUEZ_QUIROZ_09DPR3200G_09DPR3200G,13d03d42-ba32-44db-bdf1-fa65b7915ddf,ESCUELA PRIMARIA MARTIRES DE TACUBAYA 09DPR2944Q?,IZTACALCO,PANTITLAN IV,CALLE 2,CDA 98 Y AV IZTTACALCO,https://maps.app.goo.gl/Qp4yd5hu6UpkNKm97,ORIGINAL,JUAN HERNANDEZ,2/17/2026,2/17/2026,2025.0,"CONSTRUCCIONES ORENSE, S.A. DE C.V.",SOBS-EJM-P-2026-62,S68,11/20/2025,12/31/2025,100.0,INAUGURADA,SOBS-EJM-SUP-2026-62,"RAMSE CONSTRUCCIONES, S.A. DE C.V.",,,,2026-06-13 18:13:51.821,ESCUELA PRIMARIA MARTIRES DE TACUBAYA 09DPR2944Q?,0101000020E61000006E85B01A4BC458C0A1BB24CE8A683340,19.408368,-99.067084
393,PLATSOBSE_DGCOP_1_2_3_ESCUELAS_ROBERTO_KOCH_09DJN0525B_09DJN0525B,ca796131-3d3a-423d-9d67-bc33f1d8dd4d,ESCUELA SECUNDARIA DIURNA 339 QUIRINO MENDOZA CORTES 09DES0337S,AZCAPOTZALCO,PRO HOGAR I,CALLE 21,ENTRE CENTRAL SUR Y C.24,https://maps.app.goo.gl/bx8iKvZ6w733x4kTA,ORIGINAL,JUAN HERNANDEZ,2/17/2026,2/17/2026,2025.0,ALEJANDRO MONERRIS GALLART,SOBS-EJM-P-2026-63,S69,11/21/2025,01/19/2026,98.0,EN PROCESO,SOBS-EJM-SUP-2026-63,"GRUPO CONSTRUCTOR JOJA, S.A. DE C.V.",,,,2026-06-13 18:13:51.821,ESCUELA SECUNDARIA DIURNA 339 QUIRINO MENDOZA CORTES 09DES0337S,0101000020E6100000F0DDE68D93C958C0317898F6CD793340,19.475799,-99.149631
394,PLATSOBSE_DGCOP_1_2_3_ESCUELAS_AUGUSTO_CESAR_SANDINO_09DPR1020I_09DPR1020I,ceeb089e-bdcf-4abb-8532-eaaddc68907d,ESCUELA SECUNDARIA DIURNA JUAN ALVAREZ 09DES0338R,IZTACALCO,PANTITLAN I,CALLE 3,AV. TEXCOCO Y AV. UNION,https://maps.app.goo.gl/NqrzMLb6kAmtoru46,ORIGINAL,JUAN HERNANDEZ,2/17/2026,2/17/2026,2025.0,"GRUPO DN, S. A. DE C.V.",SOBS-EJM-P-2026-64,S70,2025-11-20 00:00:00,2025-12-31 00:00:00,70.06,EN PROCESO,SOBS-EJM-SUP-2026-64,"SESOCORT, S. A. DE C. V.",,,,2026-06-13 18:13:51.821,ESCUELA SECUNDARIA DIURNA JUAN ALVAREZ 09DES0338R,0101000020E610000039D0436D1BC458C02BDB87BCE56A3340,19.417568,-99.064174
395,PLATSOBSE_DGCOP_1_2_3_ESCUELAS_ELISEO_BANDALA_FERNANDEZ_09DPR2802S_09DPR2802S,3f6df8dd-9a19-485a-933d-8b070821a484,ESCUELA SECUNDARIA DIURNA OCELOTL 09DES0290O,VENUSTIANO CARRANZA,CUCHILLA PANTITLAN,CALLE 311,PRIV. TERBIO Y PRIV. EUROPIO,https://maps.app.goo.gl/h5Rud1pTHdT65DUN8,ORIGINAL,JUAN HERNANDEZ,2/17/2026,2/17/2026,2025.0,"INGENIERIA Y CONSTRUCCIONES INTEGRALES RAOS, S.A. DE C.V.",SOBS-EJM-P-2026-65,S71,11/21/2025,01/30/2026,97.35,EN PROCESO,SOBS-EJM-SUP-2026-65,"CONSTRUCCIONES Y PROYECTOS RUZALDE, S. A. DE C. V.",,,,2026-06-13 18:13:51.821,ESCUELA SECUNDARIA DIURNA OCELOTL 09DES0290O,0101000020E61000005C72DC291DC458C07847C66AF36B3340,19.421683,-99.06428
396,PLATSOBSE_DGCOP_1_2_3_ESCUELAS_MANUEL_GUTIERREZ_NAJERA_09DPR1360G_09DPR1360G,e7937344-8796-4cc6-b0c6-3966154230ec,ESCUELA SECUNDARIA TECNICA 20 09DST0020N,GUSTAVO A. MADERO,NUEVA ATZACOALCO II,CALLE 311,CALLE 314 Y CALLE 313,https://maps.app.goo.gl/XQPtDR5KebPmaLgTA,ORIGINAL,JUAN HERNANDEZ,2/17/2026,2/17/2026,2025.0,"GEUR INGENIERIA, S.A. DE C.V.",SOBS-EJM-P-2026-66,S72,11/19/2025,12/31/2025,71.0,EN PROCESO,SOBS-EJM-SUP-2026-66,"ARQUITECTURA, INGENIER?A MECANICA GRIJALVA, S. A. DE C. V.",,,,2026-06-13 18:13:51.821,ESCUELA SECUNDARIA TECNICA 20 09DST0020N,0101000020E61000002497FF907EC558C01BBD1AA034803340,19.500803,-99.08585
397,PLATSOBSE_DGCOP_1_2_3_ESCUELAS_PEDRO_ROMERO_DE_TERREROS_09DPR1048O_09DPR1048O,69b82359-997f-4077-bc54-1712631eb772,ESCUELA SECUNDARIA TECNICA 26 09DST0026H,IZTACALCO,PANTITLAN IV,CALLE 4,PRIV DE LA ESCUELA Y AV. NTE,https://maps.app.goo.gl/wRgHHW9GeGLGYjzY6,ORIGINAL,JUAN HERNANDEZ,2/17/2026,2/17/2026,2025.0,ELEMET CONSTRUCCIONE S. DE R. L. DE C.V.,SOBS-EJM-P-2026-67,S73,11/20/2025,12/31/2025,77.76,EN PROCESO,SOBS-EJM-SUP-2026-67,"MSM-SOLUCIONES, S. A. DE C. V.",,,,2026-06-13 18:13:51.821,ESCUELA SECUNDARIA TECNICA 26 09DST0026H,0101000020E610000071766B990CC458C01FF818AC38693340,19.411021,-99.063269
398,PLATSOBSE_DGCOP_1_2_3_ESCUELAS_REPUBLICA_DE_HONDURAS_09DES0060W_09DES0060W,c295c342-57c5-463f-8ff9-0897c8438805,ESCUELA SECUNDARIA TECNICA 36 09DST0036O,IZTACALCO,PANTITLAN IV,CALLE 4,C3 Y C4,https://maps.app.goo.gl/Z8vWRSmxs9CJYt8AA,ORIGINAL,JUAN HERNANDEZ,2/17/2026,2/17/2026,2025.0,"GRUPO DN, S. A. DE C.V.",SOBS-EJM-P-2026-68,S74,11/20/2025,12/31/2025,78.0,EN PROCESO,SOBS-EJM-SUP-2026-68,"SESOCORT, S. A. DE C. V.",,,,2026-06-13 18:13:51.821,ESCUELA SECUNDARIA TECNICA 36 09DST0036O,0101000020E61000003F1F65C405C458C0D66F26A60B693340,19.410334,-99.062852
399,PLATSOBSE_DGCOP_1_2_3_ESCUELAS_CONCEPCION_GONZALEZ_NARANJO_09DJN0048R_09DJN0048R,889ee7b0-42c7-45cc-b162-725139183352,ESCUELA SECUNDARIA TECNICA 40 09DST0040A,IZTACALCO,PANTITLAN V,CALLE 5,PRIV GABRIEL PAREDES Y SAGRADO CORAZON,https://maps.app.goo.gl/qLn5P6AtpEbqm7gX9,ORIGINAL,JUAN HERNANDEZ,2/17/2026,2/17/2026,2025.0,"CONSTRUCTORES Y SUPERVISORES UNIDOS, S. A. DE C. V.",SOBS-EJM-P-2026-69,S75,2025-11-19 00:00:00,2025-12-31 00:00:00,90.0,EN PROCESO,SOBS-EJM-SUP-2026-69,"DAKI ARQUITECTURA, S. A. DE C. V.",,,,2026-06-13 18:13:51.821,ESCUELA SECUNDARIA TECNICA 40 09DST0040A,0101000020E61000007AE3A430EFC358C0AB9509BFD4673340,19.40559,-99.061474
400,PLATSOBSE_DGCOP_1_2_3_ESCUELAS_ESCUELA_SECUNDARIA_TECNICA_20_09DST0020N_09DST0020N,8e993184-e854-4a57-b63b-5205d74856aa,ESCUELA SECUNDARIA TECNICA 42 09DST0042Z,IZTACALCO,PANTITLAN II,CALLE 5,AV. GUADALUPE Y AV XOCHIMILCO,https://maps.app.goo.gl/Afx2gDjbGaRrVPpH8,ORIGINAL,JUAN HERNANDEZ,2/17/2026,2/17/2026,2025.0,ELEMET CONSTRUCCIONE S. DE R. L. DE C.V.,SOBS-EJM-P-2026-70,S76,2025-11-20 00:00:00,2025-12-31 00:00:00,82.0,EN PROCESO,SOBS-EJM-SUP-2026-70,"MSM-SOLUCIONES, S. A. DE C. V.",,,,2026-06-13 18:13:51.821,ESCUELA SECUNDARIA TECNICA 42 09DST0042Z,0101000020E6100000D13E56F0DBC358C0452DCDAD106A3340,19.414317,-99.060299
401,PLATSOBSE_DGCOP_1_2_3_ESCUELAS_GRAL_JUAN_DE_LA_LUZ_ENRIQUEZ_09DPR1080X_09DPR1080X,52bd40be-d46e-4130-b30f-f5eff6bc76ae,ESCUELA SECUNDARIA TECNICA 56 09DST0056B,IZTACALCO,PANTITLAN V,CALLE 5,PRIV DE SAN JUAN DE LA LUZ ENRIQUEZ Y AV IZTACALCO,https://maps.app.goo.gl/Kzf54ZRttxjeoujT8,ORIGINAL,JUAN HERNANDEZ,2/17/2026,2/17/2026,2025.0,"CAKCALLI, COMERCIALIZADORA Y ARKITECTURA, S. A. DE C. V.",SOBS-EJM-P-2026-71,S77,11/19/2025,12/31/2025,92.0,EN PROCESO,SOBS-EJM-SUP-2026-71,"DAKI ARQUITECTURA, S. A. DE C. V.",,,,2026-06-13 18:13:51.821,ESCUELA SECUNDARIA TECNICA 56 09DST0056B,0101000020E61000002D6002B7EEC358C0EB73B515FB673340,19.406175,-99.061445
402,PLATSOBSE_DGCOP_1_2_3_ESCUELAS_JOSE_RUBEN_ROMERO_09DPR0119L_09DPR0119L,034a10f5-e683-4ed8-8300-eb4aeaab8670,ESCUELA SECUNDARIA TECNICA 62 09DST0062M,IZTACALCO,PANTITLAN II,CALLE 6,G. NAVARRO Y LAMANAL,https://maps.app.goo.gl/dw6Tpfh7VGaFvqWD8,ORIGINAL,JUAN HERNANDEZ,2/17/2026,2/17/2026,2025.0,"CONSTRUCCIONES ORENSE, S.A. DE C.V.",SOBS-EJM-P-2026-72,S78,11/20/2025,12/31/2025,100.0,TERMINADO,SOBS-EJM-SUP-2026-72,"RAMSE CONSTRUCCIONES, S.A. DE C.V.",,,,2026-06-13 18:13:51.821,ESCUELA SECUNDARIA TECNICA 62 09DST0062M,0101000020E61000005D8AABCABEC358C0177FDB13246A3340,19.414613,-99.05852
403,PLATSOBSE_DGCOP_1_2_3_ESCUELAS_JUAN_CRISOSTOMO_BONILLA_09DPR1069A_09DPR1069A,c13d7647-4b3f-4b32-ae4e-5c3c10d513bd,ESCUELA SECUNDARIA TECNICA 65 09DST0065J,VENUSTIANO CARRANZA,PUEBLA,CALLE 65,AV 8 Y AV 4,https://maps.app.goo.gl/g3KCqiZ1A23B35Wd6,ORIGINAL,JUAN HERNANDEZ,2/17/2026,2/17/2026,2025.0,"INGENIERIA Y CONSTRUCCIONES INTEGRALES RAOS, S.A. DE C.V.",SOBS-EJM-P-2026-73,S79,11/21/2025,01/30/2026,100.0,TERMINADO,SOBS-EJM-SUP-2026-73,"CONSTRUCCIONES Y PROYECTOS RUZALDE, S.A. DE C.V.",,,,2026-06-13 18:13:51.821,ESCUELA SECUNDARIA TECNICA 65 09DST0065J,0101000020E6100000E90DF7915BC558C0D1048A58C4683340,19.409246,-99.083714
404,PLATSOBSE_DGCOP_1_2_3_ESCUELAS_JULIAN_CARRILLO_09DES0193M_09DES0193M,402e6787-7dfd-46ea-82a0-4ef6d6558a77,ESCUELA SECUNDARIA TECNICA 7 09DST0007T,AZCAPOTZALCO,EL ROSARIO C (U HAB),CALLE ALBA?ILES & URANIO,ARGON Y CULTURA NORTE,https://maps.app.goo.gl/HcQcT269EabT3y4n9,ORIGINAL,JUAN HERNANDEZ,2/17/2026,2/17/2026,2025.0,CONSTRUCIONES Y CAMINOS ZULAK S. A. DE C. V.,SOBS-EJM-P-2026-74,S80,11/21/2025,01/30/2026,82.1,EN PROCESO,SOBS-EJM-SUP-2026-74,"GRUPO CONSTRUCTOR JOJA, S.A. DE C.V.",,,,2026-06-13 18:13:51.821,ESCUELA SECUNDARIA TECNICA 7 09DST0007T,0101000020E61000003DD52137C3CC58C03AB187F6B1823340,19.510528,-99.199415
405,PLATSOBSE_DGCOP_1_2_3_ESCUELAS_CUAHILAMA_09DPR2044Z_09DPR2044Z,015fdb5c-eb28-4f3e-8893-6938b6227fd7,ESCUELA SECUNDARIA TECNICA 73 09DST0073S,XOCHIMILCO,SANTA CRUZ ACALPIXCA (PBLO),CALLE LAZARO CARDENAS,ENTRE CARRILLO PUERTO Y PEDRO BENAVIDES,https://maps.app.goo.gl/tnGXtfE2gNU1KjND8,ORIGINAL,JUAN HERNANDEZ,2/17/2026,2/17/2026,2025.0,"PEREZ Y RAMIREZ CONSTRUCCIONES Y SERVICIOS S.A. DE C,V,",SOBS-EJM-P-2026-75,S81,2025-11-21 00:00:00,2026-01-19 00:00:00,100.0,TERMINADO,SOBS-EJM-SUP-2026-75,RAMSE CONSTRUCCIONES S.A DE C.V.,,,,2026-06-13 18:13:51.821,ESCUELA SECUNDARIA TECNICA 73 09DST0073S,0101000020E6100000F32CA187C8C458C090145554133F3340,19.246389,-99.074739
406,PLATSOBSE_DGCOP_1_2_3_ESCUELAS_ROBERTO_LARA_Y_LOPEZ_09DPR1029Z_09DPR1029Z,a57423ff-6e9b-4aec-bd1e-00dea8bae97e,ESCUELA SECUNDARIA TECNICA 83 09DST0083Z,VENUSTIANO CARRANZA,ROMERO RUBIO,CALLE PERSIA,DAMASCO Y CANTON,https://maps.app.goo.gl/keDxpanCwdTUgWxJA,ORIGINAL,JUAN HERNANDEZ,2/17/2026,2/17/2026,2025.0,"DRAMA MAYA, S.A DE C.V",SOBS-EJM-P-2026-76,S82,11/20/2025,12/31/2025,100.0,TERMINADO,SOBS-EJM-SUP-2026-76,"TOGLE CONSTRUCCIONES, SUPERVISI?N Y PROYECTOS DE OBRA, S. A. DE C. V.",,,,2026-06-13 18:13:51.821,ESCUELA SECUNDARIA TECNICA 83 09DST0083Z,0101000020E6100000B2F677B647C658C01E37FC6EBA713340,19.444251,-99.098127
407,PLATSOBSE_DGCOP_1_2_3_ESCUELAS_SALVADOR_TREJO_ESCOBEDO_09DPR2002Z_09DPR2002Z,17bad8a9-3ec3-4dc3-955f-4dcb460bf74a,ESTADO DE GUANAJUATO 09DPR1613T,TLALPAN,SAN MIGUEL TOPILEJO (PBLO),CALLE VICENTE GUERRERO,IGNACIO ZARAGOZA Y JOSE MARIA MORELOS,https://maps.app.goo.gl/FzLJti8vk373TuqG6,ORIGINAL,JUAN HERNANDEZ,2/17/2026,2/17/2026,2025.0,"GRUPO CONSTRUCTOR CABRERA Y RAMIREZ ASOCIADOS, S. A. DE C. V.",SOBS-EJM-P-2026-77,S83,11/19/2025,12/31/2025,100.0,TERMINADO,SOBS-EJM-SUP-2026-77,"TOGLE CONSTRUCCIONES, SUPERVISI?N Y PROYECTOS DE OBRA, S. A. DE C. V.",,,,2026-06-13 18:13:51.821,ESTADO DE GUANAJUATO 09DPR1613T,0101000020E61000007349D57613C958C0C713419C87333340,19.201288,-99.141813
408,PLATSOBSE_DGCOP_1_2_3_ESCUELAS_EJERCITO_MEXICANO_09DIX0002N_09DIX0002N,b3eeea5c-6831-4040-a38b-e835f4d6f2f0,ESTADO DE JALISCO 09DPR1572J,AZCAPOTZALCO,SANTO TOMAS,CALZ. AZCAPOTZALCO - LA VILLA,ANTIGUA CALZ DE GUADALUPE Y 4 DE AGOSTO,https://maps.app.goo.gl/pE7MhbxtoNpmNiAw5,ORIGINAL,JUAN HERNANDEZ,2/17/2026,2/17/2026,2025.0,"SISA HERMES, S.A. DE C.V.",SOBS-EJM-P-2026-78,S84,2025-11-20 00:00:00,2025-12-31 00:00:00,64.01,EN PROCESO,SOBS-EJM-SUP-2026-78,"OLGROSA GROUP, S. A. DE C. V.",,,,2026-06-13 18:13:51.821,ESTADO DE JALISCO 09DPR1572J,0101000020E6100000F50F221972CB58C07590D783497D3340,19.489403,-99.178839
409,PLATSOBSE_DGCOP_1_2_3_ESCUELAS_AZCAPOTZALCO_09DES0203C_09DES0203C,601bc101-1700-4563-bc78-b65f2ef778a5,ESTADO DE NUEVO LEON 09DPR1614S,AZCAPOTZALCO,SANTA BARBARA (PBLO),CALZ. DE LOS ANGELES,DEL SANTISIMO Y 1A CDA ANGELES,https://maps.app.goo.gl/7uQGkF4EXieh1XTv9,ORIGINAL,JUAN HERNANDEZ,2/17/2026,2/17/2026,2025.0,"GRUPO ALMEM, S. A. DE C. V.",SOBS-EJM-P-2026-79,S85,2025-11-19 00:00:00,2025-12-31 00:00:00,100.0,TERMINADO,SOBS-EJM-SUP-2026-79,"GRUPO CONSTRUCTOR REAMLI, S. A. DE C. V.",,,,2026-06-13 18:13:51.821,ESTADO DE NUEVO LEON 09DPR1614S,0101000020E6100000C09657AEB7CB58C0FE7C5BB0547F3340,19.497386,-99.183086
410,PLATSOBSE_DGCOP_1_2_3_ESCUELAS_ESCUELA_SECUNDARIA_TECNICA_62_09DST0062M_09DST0062M,e88aaefd-fa06-4fb6-9f53-0477bc275b99,ESTADO DE OAXACA 09DPR2753Z,AZCAPOTZALCO,SANTA BARBARA (PBLO),CALZ. DE LOS ANGELES,DEL SANTISIMO Y 1A CDA ANGELES,https://maps.app.goo.gl/T7EPHfUgDwUDmkex8,ORIGINAL,JUAN HERNANDEZ,2/17/2026,2/17/2026,2025.0,"EVELMEX, S. A. DE C.V.",SOBS-EJM-P-2026-80,S86,2025-11-20 00:00:00,2025-12-31 00:00:00,100.0,TERMINADO,SOBS-EJM-SUP-2026-80,"OLGROSA GROUP, S. A. DE C. V.",,,,2026-06-13 18:13:51.821,ESTADO DE OAXACA 09DPR2753Z,0101000020E61000000B1B12B5BCCB58C0615363194D7F3340,19.49727,-99.183393
411,PLATSOBSE_DGCOP_1_2_3_ESCUELAS_GEORGES_CUISENAIRE_09DPR1232L_09DPR1232L,a3f19538-3830-42db-b5fe-b97543903799,ESTADO DE QUINTANA ROO 09DES0151N,AZCAPOTZALCO,SANTA BARBARA (PBLO),CALZ. DE LOS ANGELES,PRIV REAL DE SAN MARTIN Y DEL SANTISIMO,https://maps.app.goo.gl/UVeDC4zxHhXeLBrg9,ORIGINAL,JUAN HERNANDEZ,2/17/2026,2/17/2026,2025.0,"EVELMEX, S. A. DE C.V.",SOBS-EJM-P-2026-81,S87,11/20/2025,12/31/2025,85.0,EN PROCESO,SOBS-EJM-SUP-2026-81,"OLGROSA GROUP, S. A. DE C. V.",,,,2026-06-13 18:13:51.821,ESTADO DE QUINTANA ROO 09DES0151N,0101000020E610000013D4F02DACCB58C08DB800344A7F3340,19.497226,-99.182384
412,PLATSOBSE_DGCOP_1_2_3_ESCUELAS_PROFRA_GUADALUPE_CENICEROS_DE_ZAVALETA_09DJN0440V_09DJN0440V,e6a00830-57ac-4428-bf90-17b16d13d4a1,FEDERICO CHOPIN 09DJN1097G,AZCAPOTZALCO,PRO HOGAR I,CALZADA VALLEJO,CALLE 21 Y AV CENTRAL,https://maps.app.goo.gl/HjBYS4GToXhh42rp7,ORIGINAL,JUAN HERNANDEZ,2/17/2026,2/17/2026,2025.0,ALEJANDRO MONERRIS GALLART,SOBS-EJM-P-2026-82,S88,11/21/2025,01/19/2026,100.0,TERMINADO,SOBS-EJM-SUP-2026-82,"GRUPO CONSTRUCTOR JOJA, S.A. DE C.V.",,,,2026-06-13 18:13:51.821,FEDERICO CHOPIN 09DJN1097G,0101000020E610000054AD855968C958C09E0B23BDA8793340,19.475231,-99.146994
413,PLATSOBSE_DGCOP_1_2_3_ESCUELAS_CENTRO_DE_ATENCION_MULTIPLE_NO_19_09DML0048Q_09DML0048Q,3e9bbf3f-ec02-4d61-bcd1-a2f116408904,FELIPE CARRILLO PUERTO 09DPR5075M,XOCHIMILCO,LOS CERRILLOS I,CAM. ANCHO,CAM ANCHO Y CDA MARTIRES DE RIO BLANCO,https://maps.app.goo.gl/XPcDvmVn8SRUwL1H7,ORIGINAL,JUAN HERNANDEZ,2/17/2026,2/17/2026,2025.0,"COORDINACION DE INGENIERIA Y ARQUITECTURA MONTA?O, S. A. DE C. V.",SOBS-EJM-P-2026-83,S89,2025-11-19 00:00:00,2025-12-31 00:00:00,100.0,TERMINADO,SOBS-EJM-SUP-2026-83,"CONSTRUCCIONES Y PROYECTOS RUZALDE, S. A. DE C. V.",,,,2026-06-13 18:13:51.821,FELIPE CARRILLO PUERTO 09DPR5075M,0101000020E6100000E27492AD2EC158C0EA92718C643F3340,19.247628,-99.018474
414,PLATSOBSE_DGCOP_1_2_3_ESCUELAS_ESTADO_DE_GUANAJUATO_09DPR1613T_09DPR1613T,81196ef4-9e8b-4752-bd56-14d0cf1d97cd,FRANCISCO EDUARDO TRESGUERRAS 09DPR1717O,AZCAPOTZALCO,SAN ANDRES (PBLO),CAMPO MOLOACAN,REFINERIA MINATITLAN Y CAMPO ESCOLIN,https://maps.app.goo.gl/1h8Q6NB65bcDNG2w9,ORIGINAL,JUAN HERNANDEZ,2/17/2026,2/17/2026,2025.0,"CONSTRUCTORA Y DISENOS JAC, S. A. DE C. V.",SOBS-EJM-P-2026-84,S90,11/19/2025,12/31/2025,100.0,TERMINADO,SOBS-EJM-SUP-2026-84,"GRUPO CONSTRUCTOR REAMLI, S. A. DE C. V.",,,,2026-06-13 18:13:51.821,FRANCISCO EDUARDO TRESGUERRAS 09DPR1717O,0101000020E6100000CA198A3BDECB58C06F7F2E1A327E3340,19.492952,-99.185439
415,PLATSOBSE_DGCOP_PUENTES_PEATONALES_CALZ_CAMARONES_ESQ_GALEANA_15,a27d6f51-d4ac-479b-8f2b-85790dbfd593,CALZ. CAMARONES ESQ. GALEANA,AZCAPOTZALCO,SANTA MARIA MALINALCO (PBLO),CALZ. CAMARONES,GALEANA Y 1A CERRADA,https://maps.app.goo.gl/13xGi6unNmXd83YSA,ORIGINAL,JUAN HERNANDEZ,2/18/2026,2/17/2026,2025.0,RK DISE?O Y CONSTRUCCION S.A. DE C.V,SOBS-EJM-P-2026-85,S91,2025-11-06 00:00:00,2025-07-11 00:00:00,100.0,TERMINADO,SOBS-EJM-SUP-2026-85,SUPERVISION INTERNA,,,,2026-06-13 18:13:51.821,CALZ. CAMARONES ESQ. GALEANA,0101000020E610000095B01C45B5CB58C0814E6579CF793340,19.475822,-99.182939
416,PLATSOBSE_DGCOP_1_2_3_ESCUELAS_JOSE_LOPEZ_PORTILLO_Y_ROJAS_09DPR2645S_09DPR2645S,336eabd6-2f4f-4002-bdef-a461deed7aea,FRANCISCO GINER DE LOS RIOS 09DPR2454B,IZTACALCO,PANTITLAN II,CDA. 5 DE MAYO,AV GUADALUPE Y AV XOCHIMILCO,https://maps.app.goo.gl/98wT7Vck19okb4bb9,ORIGINAL,JUAN HERNANDEZ,2/17/2026,2/17/2026,2025.0,ELEMET CONSTRUCCIONE S. DE R. L. DE C.V.,SOBS-EJM-P-2026-86,S92,11/20/2025,12/31/2025,95.0,EN PROCESO,SOBS-EJM-SUP-2026-86,"MSM-SOLUCIONES, S. A. DE C. V.",,,,2026-06-13 18:13:51.821,FRANCISCO GINER DE LOS RIOS 09DPR2454B,0101000020E6100000F84F3750E0C358C02157EA59106A3340,19.414312,-99.060566
417,PLATSOBSE_DGCOP_1_2_3_ESCUELAS_DOLORES_ANGELA_CASTILLO_09DES0019F_09DES0019F,b544196b-68d5-4902-91e8-d3979a9e229a,FRANCISCO GOITIA 09DJN0641S,CUAJIMALPA DE MORELOS,SAN PEDRO CUAJIMALPA (PBLO),CDA. DE JUAREZ,CDA DE JUAREZ Y TAMAULIPAS,https://maps.app.goo.gl/o7bmjV9Er9bsk5cG6,ORIGINAL,JUAN HERNANDEZ,2/17/2026,2/17/2026,2025.0,"FABETY DISE?O Y CONSTRUCCION, S.A. DE C V.",SOBS-EJM-P-2026-87,S93,2025-11-19 00:00:00,2025-12-31 00:00:00,100.0,TERMINADO,SOBS-EJM-SUP-2026-87,"MEXICANA DE CONSTRUCCI?N MART?NEZ MONTIEL, S. A. DE C. V.",,,,2026-06-13 18:13:51.821,FRANCISCO GOITIA 09DJN0641S,0101000020E6100000D6389B8E00D358C0E0D74812845B3340,19.357484,-99.296909
418,PLATSOBSE_DGCOP_1_2_3_ESCUELAS_AGUSTIN_MELGAR_09DJN0262I_09DJN0262I,0beb0ad9-d279-4720-9e0d-0240ecf58ed6,FRANCISCO SOSA 09DPR4191W,MIGUEL HIDALGO,TACUBA,CDA. GOLFO DE CALIFORNIA,GOLFO DE BENGALA Y PRIV SIN NOMBRE,https://maps.app.goo.gl/M3kWinCVBBhcxLy28,ORIGINAL,JUAN HERNANDEZ,2/17/2026,2/17/2026,2025.0,"URBANIKONSTRUCCIOES GRAYCOLORS, S. A. DE C. V.",SOBS-EJM-P-2026-88,S94,2025-11-19 00:00:00,2025-12-31 00:00:00,82.0,EN PROCESO,SOBS-EJM-SUP-2026-88,"RAMSE CONSTRUCCIONES, S. A. DE C. V.",,,,2026-06-13 18:13:51.821,FRANCISCO SOSA 09DPR4191W,0101000020E6100000CCD92E46DCCB58C031BFD077FB743340,19.456962,-99.185319
419,PLATSOBSE_DGCOP_1_2_3_ESCUELAS_ESCUELA_SECUNDARIA_TECNICA_26_09DST0026H_09DST0026H,50ce96d0-3c1a-4a22-bbd0-3a8a96d59033,FRAY MELCHOR DE TALAMANTES 09DPR2348S,MIGUEL HIDALGO,PENSIL NORTE,CDA. LAGO NESS,LAGO ERNE Y LAGO FONDO,https://maps.app.goo.gl/KcJM4AmntBqZs18t6,ORIGINAL,JUAN HERNANDEZ,2/17/2026,2/17/2026,2025.0,"INGENIERIA TOTAL ESPECIALIZADA, S.A. DE C.V",SOBS-EJM-P-2026-89,S95,2025-11-19 00:00:00,2025-12-31 00:00:00,100.0,TERMINADO,SOBS-EJM-SUP-2026-89,"SESOCORT, S. A. DE C. V.",,,,2026-06-13 18:13:51.821,FRAY MELCHOR DE TALAMANTES 09DPR2348S,0101000020E610000041118B1876CC58C0F0A65B7688733340,19.451301,-99.194708
420,PLATSOBSE_DGCOP_1_2_3_ESCUELAS_SITIO_DE_CUAUTLA_09DPR0020B_09DPR0020B,d78eac2e-2587-40cc-8429-7c5113c76a61,GABINO A. PALMA 09DJN0519R,CUAJIMALPA DE MORELOS,LOMAS DE MEMETLA,CDA. LAS MARGARITAS,CDA. LAS MARGARITAS Y ANTONIO NOEMI,https://maps.app.goo.gl/vWyW9YVkWYnAKced8,ORIGINAL,JUAN HERNANDEZ,2/17/2026,2/17/2026,2025.0,"FABETY DISE?O Y CONSTRUCCION, S.A. DE C V.",SOBS-EJM-P-2026-90,S96,11/19/2025,12/31/2025,100.0,TERMINADO,SOBS-EJM-SUP-2026-90,"MEXICANA DE CONSTRUCCI?N MART?NEZ MONTIEL, S. A. DE C. V.",,,,2026-06-13 18:13:51.821,GABINO A. PALMA 09DJN0519R,0101000020E61000004660AC6F60D258C0459F8F32E25A3340,19.355014,-99.287136
421,PLATSOBSE_DGCOP_1_2_3_ESCUELAS_SOTERO_PRIETO_09DPR1628V_09DPR1628V,da4c5bbf-1031-4a58-bc05-cbf948cc789f,GABRIELA BRIMMER 09DJN0251C,AZCAPOTZALCO,SANTA CATARINA (PBLO),CENTRAL,SANTA CATARINA Y ANTIGUA CALZ DE GUADALUPE,https://maps.app.goo.gl/orVdHf8ULSvHLVxD7,ORIGINAL,JUAN HERNANDEZ,2/17/2026,2/17/2026,2025.0,"EVELMEX, S. A. DE C.V.",SOBS-EJM-P-2026-91,S97,11/20/2025,12/31/2025,100.0,TERMINADO,SOBS-EJM-SUP-2026-91,"OLGROSA GROUP, S. A. DE C. V.",,,,2026-06-13 18:13:51.821,GABRIELA BRIMMER 09DJN0251C,0101000020E6100000BAD7497D59CB58C08E76DCF0BB7D3340,19.491149,-99.177337
422,PLATSOBSE_DGCOP_1_2_3_ESCUELAS_ESTADO_DE_JALISCO_09DPR1572J_09DPR1572J,01e7ac8a-f4a3-459a-8340-c94e8dcbddee,GENARO ESTRADA 09DJN1128J,AZCAPOTZALCO,PRO HOGAR I,CENTRAL SUR,C. 18 Y CENTRAL SUR,https://maps.app.goo.gl/rwrxQiMA9h2rg9TKA,ORIGINAL,JUAN HERNANDEZ,2/17/2026,2/17/2026,2025.0,ALEJANDRO MONERRIS GALLART,SOBS-EJM-P-2026-92,S98,11/21/2025,01/19/2026,100.0,TERMINADO,SOBS-EJM-SUP-2026-92,"GRUPO CONSTRUCTOR JOJA, S.A. DE C.V.",,,,2026-06-13 18:13:51.821,GENARO ESTRADA 09DJN1128J,0101000020E61000007CB779E3A4C958C0BC41B456B4793340,19.475408,-99.150689
423,PLATSOBSE_DGCOP_1_2_3_ESCUELAS_MAESTRA_JUANA_PALACIOS_09DPR1593W_09DPR1593W,f66adb13-5c9d-4e3f-b238-7ef0a755c7d5,GEORGES CUISENAIRE 09DPR1232L,AZCAPOTZALCO,PRO HOGAR I,CENTRAL SUR,CALLE 19 Y CALLE 21,https://maps.app.goo.gl/HUyo2sLsiwyiy3nz8,ORIGINAL,JUAN HERNANDEZ,2/17/2026,2/17/2026,2025.0,ALEJANDRO MONERRIS GALLART,SOBS-EJM-P-2026-93,S99,11/21/2025,01/19/2026,100.0,TERMINADO,SOBS-EJM-SUP-2026-93,"GRUPO CONSTRUCTOR JOJA, S.A. DE C.V.",,,,2026-06-13 18:13:51.821,GEORGES CUISENAIRE 09DPR1232L,0101000020E6100000AAD381ACA7C958C0158DB5BFB3793340,19.475399,-99.150859
424,PLATSOBSE_DGCOP_1_2_3_ESCUELAS_JOSE_VASCONCELOS_09DES0315G_09DES0315G,551c0bda-b9f7-4d33-8ebd-3225a13204fe,GILBERTO BORJA NAVARRETE 09DES0282F,IZTAPALAPA,SAN JUAN XALPA II,CERRADA SAN JUAN K,SABADEL Y BELLAVISTA,https://maps.app.goo.gl/R5aEpe4hnnUtWjRn7,ORIGINAL,JUAN HERNANDEZ,2/17/2026,2/17/2026,2025.0,"PTAH INFRAESTRUCTURA ARQUITECTONICA, S.A. DE C.V.",SOBS-EJM-P-2026-94,S100,11/20/2025,12/31/2025,76.38,EN PROCESO,SOBS-EJM-SUP-2026-94,"SESOCORT, S. A. DE C. V.",,,,2026-06-13 18:13:51.821,GILBERTO BORJA NAVARRETE 09DES0282F,0101000020E6100000CD5B751DAAC558C08F71C5C551553340,19.333279,-99.088508
425,PLATSOBSE_DGCOP_1_2_3_ESCUELAS_TLACOTALPAN_09DES0281G_09DES0281G,916143d4-2457-4aba-bfe9-90829c1a874d,GRAL. CESAREO CASTRO 09DJN0706L,TLALPAN,CUCHILLA DE PADIERNA,CHAPULTENANGO,HECELCHACAN Y CONTOY,https://maps.app.goo.gl/uaSX2qACkZxhvMfUA,ORIGINAL,JUAN HERNANDEZ,2/17/2026,2/17/2026,2025.0,"MULTINACIONALES MARTINEZ GREY, S. A. DE C. V.",SOBS-EJM-P-2026-95,S101,11/19/2025,12/31/2025,81.34,EN PROCESO,SOBS-EJM-SUP-2026-95,"INGENIER?A EPECIALIZADA EDUMER, S. A. DE C. V.",,,,2026-06-13 18:13:51.821,GRAL. CESAREO CASTRO 09DJN0706L,0101000020E6100000BF1072DEFFCD58C039F2406491463340,19.275656,-99.218742
426,PLATSOBSE_DGCOP_1_2_3_ESCUELAS_PROFR_PEDRO_LOREDO_ORTEGA_09DPR2640X_09DPR2640X,a639fd7d-a748-405e-b889-d169db632619,GRAL. FRANCISCO VILLA 09DPR3030C,TLALPAN,PEDREGAL DE SN NICOLAS 1A SECC,CHEMAX,KANTUNIL Y MANI,https://maps.app.goo.gl/Y24CWqkVHzrRCPeC9,ORIGINAL,JUAN HERNANDEZ,2/17/2026,2/17/2026,2025.0,"MULTINACIONALES MARTINEZ GREY, S. A. DE C. V.",SOBS-EJM-P-2026-96,S102,11/19/2025,12/31/2025,100.0,TERMINADO,SOBS-EJM-SUP-2026-96,"INGENIER?A ESPECIALIZADA EDUMER, S. A. DE C. V.",,,,2026-06-13 18:13:51.821,GRAL. FRANCISCO VILLA 09DPR3030C,0101000020E61000001EC18D942DCF58C04BCB48BDA74A3340,19.291622,-99.237157
427,PLATSOBSE_DGCOP_1_2_3_ESCUELAS_ANTONIO_SANCHEZ_MOLINA_09DPR4243L_09DPR4243L,c81002da-1317-4952-98a6-c502715dadcd,GRAL. JUAN DE LA LUZ ENRIQUEZ 09DPR1080X,TLALPAN,PEDREGAL DE SN NICOLAS 1A SECC,CHICOASEN,CHICOASEN ESQ SINANCHE,https://maps.app.goo.gl/F6LCrVJebgAFkWQRA,ORIGINAL,JUAN HERNANDEZ,2/17/2026,2/17/2026,2025.0,"GRUPO CONSTRUCTOR CABRERA Y RAMIREZ ASOCIADOS, S. A. DE C. V.",SOBS-EJM-P-2026-97,S103,2025-11-19 00:00:00,2025-12-31 00:00:00,100.0,INAUGURADA,SOBS-EJM-SUP-2026-97,"TOGLE CONSTRUCCIONES, SUPERVISION Y PROYECTOS DE OBRA, S. A. DE C. V.",,,,2026-06-13 18:13:51.821,GRAL. JUAN DE LA LUZ ENRIQUEZ 09DPR1080X,0101000020E61000004ED53DB2B9CE58C0FEF2C98AE14A3340,19.292504,-99.230084
428,PLATSOBSE_DGCOP_1_2_3_ESCUELAS_PROFR_TADEO_DE_LA_GARZA_GUTIERREZ_09DJN0010E_09DJN0010E,9f8cb03d-ee0e-46c4-afd8-b585bcf77077,GRAL. MIGUEL ALEMAN 09DPR2406S,AZCAPOTZALCO,EL ROSARIO A (U HAB),CINEMATOGRAFIA,CINEMATOGRAFIA Y ALFAREROS,https://maps.app.goo.gl/BGWZALgSyLXCqBon6,ORIGINAL,JUAN HERNANDEZ,2/17/2026,2/17/2026,2025.0,CONSTRUCCIONES Y SERVICIOS VIDDA JIREH S.A. DE C. V.,SOBS-EJM-P-2026-98,S104,11/21/2025,1/30/2026,100.0,TERMINADO,SOBS-EJM-SUP-2026-98,"ARQUITECTURA INGENIER?A MEC?NICA GRIJALVA, S.A. DE C.V.",,,,2026-06-13 18:13:51.821,GRAL. MIGUEL ALEMAN 09DPR2406S,0101000020E610000032E5435035CD58C0C2120F289B823340,19.51018,-99.206379
429,PLATSOBSE_DGCOP_PUENTES_PEATONALES_CALZ_DE_TLALPAN_TREN_LIGERO_NEZAHULPILLI_63,aade76cc-f385-4805-b4e2-a0cac0e84191,CALZ. DE TLALPAN -TREN LIGERO NEZAHULPILLI,COYOACAN,XOTEPINGO,CALZADA DE TLALPAN -TREN LIGERO NEZAHULPILLI,CALZ. DE TLALPAN Y NEZAHUALPILLI,https://maps.app.goo.gl/deZm7qH5SygeXLUX7,ORIGINAL,JUAN HERNANDEZ,2/18/2026,2/17/2026,2025.0,"ARQUITECTURA CINZAA, S.A DE C.V.",SOBS-EJM-P-2026-99,S105,10/15/2025,12/28/2025,100.0,TERMINADO,SOBS-EJM-SUP-2026-99,SUPERVISION INTERNA,,,,2026-06-13 18:13:51.821,CALZ. DE TLALPAN -TREN LIGERO NEZAHULPILLI,0101000020E61000005C902DCBD7C858C005FBAF73D3523340,19.323539,-99.138171
430,PLATSOBSE_DGCOP_1_2_3_ESCUELAS_PROFRA_ROSA_TORRE_GONZALEZ_09DPR2446T_09DPR2446T,33c2ab3d-055d-4f8e-986d-371e05477804,GRAL. MIGUEL NEGRETE 09DPR1544N,AZCAPOTZALCO,EL ROSARIO A (U HAB),CINEMATOGRAFIA,CINEMATOGRAFIA Y DANZA,https://maps.app.goo.gl/m1UHjNSr6iTHNSsV9,ORIGINAL,JUAN HERNANDEZ,2/17/2026,2/17/2026,2025.0,"R.D.S. MAQUINARIA Y EQUIPO DE CONSTRUCCION, S.A. DE C.V.",SOBS-EJM-P-2026-100,S106,11/21/2025,01/19/2026,80.26,EN PROCESO,SOBS-EJM-SUP-2026-100,"ARQUITECTURA INGENIER?A MEC?NICA GRIJALVA, S.A. DE C.V.",,,,2026-06-13 18:13:51.821,GRAL. MIGUEL NEGRETE 09DPR1544N,0101000020E61000007AABAE4335CD58C09E60FF756E823340,19.509498,-99.206376
431,PLATSOBSE_DGCOP_1_2_3_ESCUELAS_PROFRA_CONCEPCION_TARAZAGA_COLOMER_09DPR4008H_09DPR4008H,6ad49adf-0157-4df3-81a3-5d674e3bbb3c,GRECIA 09DPR2076R,TLALPAN,PEDREGAL DE SN NICOLAS 3A SECC,CIRCUITO NAHUI,CAM REAL A CHICHICASPA Y CIRCUITO NAHUI,https://maps.app.goo.gl/a4E9fCF9ni6NtMhg8,ORIGINAL,JUAN HERNANDEZ,2/17/2026,2/17/2026,2025.0,"MULTINACIONALES MARTINEZ GREY, S. A. DE C. V.",SOBS-EJM-P-2026-101,S107,11/19/2025,12/31/2025,100.0,TERMINADO,SOBS-EJM-SUP-2026-101,"INGENIER?A ESPECIALIZADA EDUMER, S. A. DE C. V.",,,,2026-06-13 18:13:51.821,GRECIA 09DPR2076R,0101000020E6100000D0D1AA9674CF58C012876C205D483340,19.282671,-99.241491
432,PLATSOBSE_DGCOP_1_2_3_ESCUELAS_VALERIO_TRUJANO_09DPR1786K_09DPR1786K,0c9d9e35-e22c-4805-a3cd-84e2486aca0c,GUADALUPE VICTORIA 09DES0268M,CUAJIMALPA DE MORELOS,SAN PABLO CHIMALPA (PBLO),CJON. JUAREZ,CJON. JUAREZ Y LA PAZ,https://maps.app.goo.gl/6aJDjwUdN6oLX2dx6,ORIGINAL,JUAN HERNANDEZ,2/17/2026,2/17/2026,2025.0,"TRES D' ARQUITECTUA CREATIVA, S.A DE C.V.",SOBS-EJM-P-2026-102,S108,11/21/2025,01/19/2026,51.47,EN PROCESO,SOBS-EJM-SUP-2026-102,GRUPO CONSTRUCTOR REAMLI S.A. DE C.V.,,,,2026-06-13 18:13:51.821,GUADALUPE VICTORIA 09DES0268M,0101000020E6100000F54A598638D458C05EF6EB4E775A3340,19.353383,-99.31595
433,PLATSOBSE_DGCOP_1_2_3_ESCUELAS_GABINO_A_PALMA_09DJN0519R_09DJN0519R,a0afd35d-35a4-43b3-8701-6699c76ed60f,GUELATAO DE JUAREZ 09DPR2453C,CUAJIMALPA DE MORELOS,SAN PABLO CHIMALPA (PBLO),CONCORDIA,CONCORDIA,https://maps.app.goo.gl/488ZR1hMT6jCxjZr8,ORIGINAL,JUAN HERNANDEZ,2/17/2026,2/17/2026,2025.0,"TRES D' ARQUITECTUA CREATIVA, S.A DE C.V.",SOBS-EJM-P-2026-103,S109,11/21/2025,01/19/2026,100.0,TERMINADO,SOBS-EJM-SUP-2026-103,GRUPO CONSTRUCTOR REAMLI S.A. DE C.V.,,,,2026-06-13 18:13:51.821,GUELATAO DE JUAREZ 09DPR2453C,0101000020E6100000ACE122F774D458C0522CB7B41A5A3340,19.35197,-99.319639
434,PLATSOBSE_DGCOP_1_2_3_ESCUELAS_PRESIDENTE_VICENTE_ROCAFUERTE_09DPR0122Z_09DPR0122Z,aa7b6f3a-76bc-414a-a5d7-5b677462ba9a,HERMANOS GRIMM 09DJN0005T,VENUSTIANO CARRANZA,EL ARENAL 2A SECCION,COXCOX,MAXTLA Y COXCOX,https://maps.app.goo.gl/2yzWqpeXvuc9A99r7,ORIGINAL,JUAN HERNANDEZ,2/17/2026,2/17/2026,2025.0,"INGENIERIA Y CONSTRUCCIONES INTEGRALES RAOS, S.A. DE C.V.",SOBS-EJM-P-2026-104,S110,11/21/2025,01/30/2026,100.0,TERMINADO,SOBS-EJM-SUP-2026-104,"CONSTRUCCIONES Y PROYECTOS RUZALDE, S.A. DE C.V.",,,,2026-06-13 18:13:51.821,HERMANOS GRIMM 09DJN0005T,0101000020E610000001C22E659DC358C0E0BB018A676C3340,19.423455,-99.056482
435,PLATSOBSE_DGCOP_1_2_3_ESCUELAS_PROFR_MAXIMILIANO_MOLINA_FUENTE_09DPR5147P_09DPR5147P,d65c7f69-21be-4e98-945c-06d8c1d53f64,HERMENEGILDO GALEANA 09DPR1085S,TLALPAN,SAN MIGUEL TOPILEJO (PBLO),CUAUHTEMOC,LAS CRUCES Y CRUZ BLANCA,https://maps.app.goo.gl/Z8zC8DzLpbqd6tUi7,ORIGINAL,JUAN HERNANDEZ,2/17/2026,2/17/2026,2025.0,"CONSTRUCCIONES Y PROYECTOS RUZALDE, S. A. DE C. V.",SOBS-EJM-P-2026-105,S111,11/20/2025,12/31/2025,81.9,EN PROCESO,SOBS-EJM-SUP-2026-105,"SUPERVISI?N Y PROYECTOS BOAZ, S. A. DE C. V.",,,,2026-06-13 18:13:51.821,HERMENEGILDO GALEANA 09DPR1085S,0101000020E6100000E4F560527CC958C0AAD6C22CB4333340,19.201968,-99.148213
436,PLATSOBSE_DGCOP_1_2_3_ESCUELAS_JUAN_RAMON_JIMENEZ_09DJN0346Q_09DJN0346Q,6a9e653d-af5c-4187-bc2e-65f525db4d8b,HERMILO NOVELO 09DJN0438G,IZTACALCO,INFONAVIT IZTACALCO (U HAB) I,CUMBRES 2,AV GIRASOL Y PEYOTE,https://maps.app.goo.gl/z2Kw3D3hgUAG6ByD9,ORIGINAL,JUAN HERNANDEZ,2/17/2026,2/17/2026,2025.0,CONSORCIO CONSTRUCTOR DOBLE AA S. A. DE C. V.,SOBS-EJM-P-2026-106,S112,11/21/2025,01/30/2026,97.0,EN PROCESO,SOBS-EJM-SUP-2026-106,"CONSTRUCCIONES Y PROYECTOS RUZALDE, S.A. DE C.V.",,,,2026-06-13 18:13:51.821,HERMILO NOVELO 09DJN0438G,0101000020E6100000B612BA4BE2C658C04145D5AF74623340,19.384593,-99.107562
437,PLATSOBSE_DGCOP_1_2_3_ESCUELAS_LIC_ERNESTO_ENRIQUEZ_09DPR0977U_09DPR0977U,a3b47b39-8a37-4132-af27-773637bbaaa1,HERMINIO KENNY 09DJN0787M,VENUSTIANO CARRANZA,ROMERO RUBIO,DAMASCO,CHINA Y DAMASCO,https://maps.app.goo.gl/4VgdEhBgk6D83YA16,ORIGINAL,JUAN HERNANDEZ,2/17/2026,2/17/2026,2025.0,"DRAMA MAYA, S.A DE C.V",SOBS-EJM-P-2026-107,S113,11/20/2025,12/31/2025,100.0,TERMINADO,SOBS-EJM-SUP-2026-107,"TOGLE CONSTRUCCIONES, SUPERVISI?N Y PROYECTOS DE OBRA, S. A. DE C. V.",,,,2026-06-13 18:13:51.821,HERMINIO KENNY 09DJN0787M,0101000020E610000007077B1343C658C035D4282499713340,19.443743,-99.097844
438,PLATSOBSE_DGCOP_1_2_3_ESCUELAS_CENTRO_ESCOLAR_MEXICO_09DPR17301_09DPR1730I_09DPR1730I,95da2670-a92e-429a-9e96-a9bc800c9693,HEROES DEL SUR 09DPR1641P,MIGUEL HIDALGO,REFORMA PENSIL,DANIEL CABRERA,LAGO TRASIMENO Y LAGO ERNE,https://maps.app.goo.gl/UbP3qtrqq71Ko3UB6,ORIGINAL,JUAN HERNANDEZ,2/17/2026,2/17/2026,2025.0,"INGENIERIA TOTAL ESPECIALIZADA, S.A. DE C.V",SOBS-EJM-P-2026-108,S114,2025-11-19 00:00:00,2025-12-31 00:00:00,100.0,TERMINADO,SOBS-EJM-SUP-2026-108,"SESOCORT, S. A. DE C. V.",,,,2026-06-13 18:13:51.821,HEROES DEL SUR 09DPR1641P,0101000020E61000001C76F7FD6CCC58C0641E3066D6723340,19.448584,-99.194152
439,PLATSOBSE_DGCOP_1_2_3_ESCUELAS_CENTRO_ESCOLAR_MEXICO_09DPR1732G_09DPR1732G_09DPR1732G,30c54911-fa1b-44cc-baa5-67d654f297e5,ICHCATEOPAN 09DPR1708G,MIGUEL HIDALGO,REFORMA PENSIL,DANIEL CABRERA,LAGO TRASIMENO Y LAGO ERNE,https://maps.app.goo.gl/UbP3qtrqq71Ko3UB6,ORIGINAL,JUAN HERNANDEZ,2/17/2026,2/17/2026,2025.0,GERARDO LOPEZ LEDEZMA,SOBS-EJM-P-2026-109,S115,2025-11-19 00:00:00,2025-12-31 00:00:00,100.0,TERMINADO,SOBS-EJM-SUP-2026-109,"RAMSE CONSTRUCCIONES, S. A. DE C. V.",,,,2026-06-13 18:13:51.821,ICHCATEOPAN 09DPR1708G,0101000020E61000004AB8904770CC58C053E9279CDD723340,19.448694,-99.194353
440,PLATSOBSE_DGCOP_1_2_3_ESCUELAS_CENTRO_ESCOLAR_MEXICO_09DPR1733F_09DPR1733F_09DPR1733F,848a2c7c-f8de-4e8b-8352-162e58bf8d2b,IDA APPENDINI DAGASSO 09DES0066Q,MIGUEL HIDALGO,REFORMA PENSIL,DANIEL CABRERA,LAGO TRASIMENO Y LAGO ERNE,https://maps.app.goo.gl/UbP3qtrqq71Ko3UB6,ORIGINAL,JUAN HERNANDEZ,2/17/2026,2/17/2026,2025.0,"INGENIERIA TOTAL ESPECIALIZADA, S.A. DE C.V",SOBS-EJM-P-2026-110,S116,2025-11-19 00:00:00,2025-12-31 00:00:00,95.23,EN PROCESO,SOBS-EJM-SUP-2026-110,"SESOCORT, S. A. DE C. V.",,,,2026-06-13 18:13:51.821,IDA APPENDINI DAGASSO 09DES0066Q,0101000020E6100000D65354196FCC58C0599E11F8CC723340,19.44844,-99.194281
441,PLATSOBSE_DGCOP_1_2_3_ESCUELAS_ANTONIO_CARRILLO_FLORES_09DES0289Z_09DES0289Z,4ac12206-d492-4cb5-b107-b0022b7a9dbc,IGNACIO RAMIREZ 09DJN0483T,CUAJIMALPA DE MORELOS,SAN PABLO CHIMALPA (PBLO),DEL TECNOLOGICO,DEL TECNOLOGICO Y AV. PUERTO MEXICO,https://maps.app.goo.gl/UT6M6E2tTpdTHJ3i7,ORIGINAL,JUAN HERNANDEZ,2/17/2026,2/17/2026,2025.0,"TRES D' ARQUITECTUA CREATIVA, S.A DE C.V.",SOBS-EJM-P-2026-111,S117,11/21/2025,01/19/2026,100.0,TERMINADO,SOBS-EJM-SUP-2026-111,GRUPO CONSTRUCTOR REAMLI S.A. DE C.V.,,,,2026-06-13 18:13:51.821,IGNACIO RAMIREZ 09DJN0483T,0101000020E610000048F949B54FD458C0D8F4A0A014593340,19.347971,-99.317365
442,PLATSOBSE_DGCOP_1_2_3_ESCUELAS_BELICE_09DPR3219E_09DPR3219E,59458008-93fa-4b72-992d-a233d61ac71b,INDEPENDENCIA ECONOMICA DE MEXICO 09DPR2069H,GUSTAVO A. MADERO,NUEVA ATZACOALCO I,EDUARDO MOLINA,NORTE 74 A Y PALMIRA,https://maps.app.goo.gl/upPdtAKBMswcpUAm8,ORIGINAL,JUAN HERNANDEZ,2/17/2026,2/17/2026,2025.0,"GEUR INGENIERIA, S.A. DE C.V.",SOBS-EJM-P-2026-112,S118,2025-11-19 00:00:00,2025-12-31 00:00:00,60.16,EN PROCESO,SOBS-EJM-SUP-2026-112,"ARQUITECTURA, INGENIERIA MECANICA GRIJALVA, S. A. DE C. V.",,,,2026-06-13 18:13:51.821,INDEPENDENCIA ECONOMICA DE MEXICO 09DPR2069H,0101000020E6100000C34659BF99C558C01EA8531EDD803340,19.503374,-99.087509
443,PLATSOBSE_DGCOP_1_2_3_ESCUELAS_PROFRA_EMMA_OLGUIN_HERMIDA_09DJN0415W_09DJN0415W,811e429e-995a-4a7e-bdd3-f1d422687a58,ING. JOAQUIN GALLO MONTERRUBIO 09DPR0943D,GUSTAVO A. MADERO,NUEVA ATZACOALCO I,EDUARDO MOLINA,GLORIA Y PALMIRA,https://maps.app.goo.gl/dKd3uMD3d1TMGGBw7,ORIGINAL,JUAN HERNANDEZ,2/17/2026,2/17/2026,2025.0,"GARILLA INGENIERIA SUSTENTABLE, S. A. DE C. V.",SOBS-EJM-P-2026-113,S119,11/19/2025,12/31/2025,71.15,EN PROCESO,SOBS-EJM-SUP-2026-113,"ARQUITECTURA Y DISE?O INTEGRAL AZVA, S. A. DE C. V.",,,,2026-06-13 18:13:51.821,ING. JOAQUIN GALLO MONTERRUBIO 09DPR0943D,0101000020E61000004CDF6B088EC558C042B115342D813340,19.504596,-99.086794
444,PLATSOBSE_DGCOP_1_2_3_ESCUELAS_REPUBLICA_DE_URUGUAY_09DJN1193J_09DJN1193J,2cf186ce-10e8-436e-a7c1-5940b21a62bc,ITLATIUH 09DJN0322G,GUSTAVO A. MADERO,NUEVA ATZACOALCO III,EDUARDO MOLINA,C 304 Y 298 -A,https://maps.app.goo.gl/wPYjvZTuDxwydBPj7,ORIGINAL,JUAN HERNANDEZ,2/17/2026,2/17/2026,2025.0,"GARILLA INGENIERIA SUSTENTABLE, S. A. DE C. V.",SOBS-EJM-P-2026-114,S120,11/19/2025,12/31/2025,27.21,EN PROCESO,SOBS-EJM-SUP-2026-114,"ARQUITECTURA Y DISE?O INTEGRAL AZVA, S. A. DE C. V.",,,,2026-06-13 18:13:51.821,ITLATIUH 09DJN0322G,0101000020E610000045BC75FEEDC558C094162EABB07D3340,19.490977,-99.092651
445,PLATSOBSE_DGCOP_1_2_3_ESCUELAS_LUIS_GONZALEZ_Y_GONZALEZ_09DES0277U_09DES0277U,00f7194e-f6c8-4822-8579-9049ef299b3e,ITZCALLI 09DJN0400U,VENUSTIANO CARRANZA,MORELOS II,EJE 1 NORTE CALLE ALBA?ILES,CARROCEROS Y C. ALBA?ILES,https://maps.app.goo.gl/GAeGSE2Sve1fGztHA,ORIGINAL,JUAN HERNANDEZ,2/17/2026,2/17/2026,2025.0,"CONSTRUCTORA BALBEK, S. A. DE C. V.",SOBS-EJM-P-2026-115,S121,11/20/2025,12/31/2025,92.6,EN PROCESO,SOBS-EJM-SUP-2026-115,"SARMIENTO Y ASOCIADOS INGENIER?A, S. A. DE C. V.",,,,2026-06-13 18:13:51.821,ITZCALLI 09DJN0400U,0101000020E61000001EC3633F8BC758C01BBD1AA034703340,19.438303,-99.117874
446,PLATSOBSE_DGCOP_1_2_3_ESCUELAS_PILTZILLI_09DJN0569Z_09DJN0569Z,55fa965f-7921-499d-82f6-9ef16b7e265f,ITZEL LUCERO 09DJN1036T,AZCAPOTZALCO,SAN ANDRES (BARR),EJE 4 NTE,PAPALOAPAN Y ANTIGUA CALZ DE GUADALUPE,https://maps.app.goo.gl/YpvuBbnDaeyUoZtTA,ORIGINAL,JUAN HERNANDEZ,2/17/2026,2/17/2026,2025.0,"SISA HERMES, S.A. DE C.V.",SOBS-EJM-P-2026-116,S122,11/20/2025,12/31/2025,82.03,EN PROCESO,SOBS-EJM-SUP-2026-116,"OLGROSA GROUP, S. A. DE C. V.",,,,2026-06-13 18:13:51.821,ITZEL LUCERO 09DJN1036T,0101000020E61000001F2E39EE94CB58C075CAA31B617D3340,19.489763,-99.180965
447,PLATSOBSE_DGCOP_1_2_3_ESCUELAS_CANDIDO_NAVARRO_09DPR1620C_09DPR1620C,5db506a4-7fc3-4786-8953-12b186ea3a33,IZKALOTZIN 09DES0260U,AZCAPOTZALCO,SANTA CATARINA (PBLO),EJE 4 NTE.,AV CENTRAL Y ANTIGUA CALZ. DE GUADALUPE,https://maps.app.goo.gl/HqEkVuC7nZmisbPA9,ORIGINAL,JUAN HERNANDEZ,2/17/2026,2/17/2026,2025.0,"EVELMEX, S. A. DE C.V.",SOBS-EJM-P-2026-117,S123,2025-11-20 00:00:00,2025-12-31 00:00:00,100.0,TERMINADO,SOBS-EJM-SUP-2026-117,"OLGROSA GROUP, S. A. DE C. V.",,,,2026-06-13 18:13:51.821,IZKALOTZIN 09DES0260U,0101000020E610000022533E0455CB58C0F96706F1817D3340,19.490264,-99.177064
448,PLATSOBSE_DGCOP_1_2_3_ESCUELAS_ESTADO_DE_OAXACA_09DPR2753Z_09DPR2753Z,6afa1147-e8e9-4852-8e02-56e4ba25fb79,JESUS MASTACHE ROMAN 09DPR2879G,IZTACALCO,PANTITLAN I,EJE 5 ORIENTE (AV. CENTRAL),AV. XOCHIMILCO Y AV. NTE,https://maps.app.goo.gl/gy8p8fqYZYKD8n2W7,ORIGINAL,JUAN HERNANDEZ,2/17/2026,2/17/2026,2025.0,"GRUPO DN, S. A. DE C.V.",SOBS-EJM-P-2026-118,S124,11/20/2025,12/31/2025,100.0,TERMINADO,SOBS-EJM-SUP-2026-118,"SESOCORT, S. A. DE C. V.",,,,2026-06-13 18:13:51.821,JESUS MASTACHE ROMAN 09DPR2879G,0101000020E61000006BD26D895CC458C01A8BA6B393693340,19.41241,-99.068148
449,PLATSOBSE_DGCOP_1_2_3_ESCUELAS_CUICACALLI_09DJN1222O_09DJN1222O,cd8b1518-ab3f-48a8-b38e-33c75b80395d,JOSE ARTEAGA 09DES0020V,XOCHIMILCO,SAN GREGORIO ATLAPULCO (PBLO),EMILIANO ZAPATA,CDA. DE CANAL NACIONAL Y FRANCISCO I. MADERO,https://maps.app.goo.gl/oSCviPMbXJYAn42n8,ORIGINAL,JUAN HERNANDEZ,2/17/2026,2/17/2026,2025.0,"EDIFICACION INTEGRAL DEL NOROESTE, S.A. DE C.V.",SOBS-EJM-P-2026-119,S125,2025-11-21 00:00:00,2026-01-19 00:00:00,70.69,EN PROCESO,SOBS-EJM-SUP-2026-119,"MSM - SOLUCIONES, S.A. DE C.V.",,,,2026-06-13 18:13:51.821,JOSE ARTEAGA 09DES0020V,0101000020E61000004260E5D022C458C0D61BB5C2F4413340,19.257641,-99.064625
450,PLATSOBSE_DGCOP_1_2_3_ESCUELAS_JUSTO_SIERRA_09DPR1660D_09DPR1660D,a59fb993-3e8d-46ba-9143-159108ec7fe8,JOSE LOPEZ PORTILLO Y ROJAS 09DPR2645S,AZCAPOTZALCO,SAN PEDRO XALPA (PBLO),EMILIANO ZAPATA,LAZARO CARDENAS Y EMILIANO ZAPATA,https://maps.app.goo.gl/p3mr4NjUNQwpuMb19,ORIGINAL,JUAN HERNANDEZ,2/17/2026,2/17/2026,2025.0,"CONSTRUCTORA Y DISENOS JAC, S. A. DE C. V.",SOBS-EJM-P-2026-120,S126,11/19/2025,12/31/2025,83.0,EN PROCESO,SOBS-EJM-SUP-2026-120,"GRUPO CONSTRUCTOR REAMLI, S. A. DE C. V.",,,,2026-06-13 18:13:51.821,JOSE LOPEZ PORTILLO Y ROJAS 09DPR2645S,0101000020E610000031ED9BFBABCD58C04ED1915CFE7B3340,19.48435,-99.213622
451,PLATSOBSE_DGCOP_1_2_3_ESCUELAS_AMADO_NERVO_09DES0174Y_09DES0174Y,7ea2c106-a1bc-483c-ab40-2064f6f2c84a,JOSE MA. LUIS MORA 09DES0128M,AZCAPOTZALCO,SAN PEDRO XALPA (AMPL) I,ENRIQUE ANORVE,23 ABRIL Y LIBERATO LARA,https://maps.app.goo.gl/xocFUN3YX7F4zhGn6,ORIGINAL,JUAN HERNANDEZ,2/17/2026,2/17/2026,2025.0,"CONSTRUCTORA Y DISENOS JAC, S. A. DE C. V.",SOBS-EJM-P-2026-121,S127,2025-11-19 00:00:00,2025-12-31 00:00:00,100.0,TERMINADO,SOBS-EJM-SUP-2026-121,"GRUPO CONSTRUCTOR REAMLI, S. A. DE C. V.",,,,2026-06-13 18:13:51.821,JOSE MA. LUIS MORA 09DES0128M,0101000020E6100000CAA8328CBBCD58C026C5C727647B3340,19.481997,-99.214572
452,PLATSOBSE_DGCOP_1_2_3_ESCUELAS_15_DE_SEPTIEMBRE_09DPR1580S_09DPR1580S,25bc5e60-cae2-44c7-b0e3-acfec343f418,JOSE RUBEN ROMERO 09DPR0119L,AZCAPOTZALCO,COSMOPOLITA (AMPL),"ESQ CON, AV. CUITLAHUAC, AVENIDA CEYLAN",AV CEYLAN Y ALDANA,https://maps.app.goo.gl/5TKbH8zoTpnRJ1xZ7,ORIGINAL,JUAN HERNANDEZ,2/17/2026,2/17/2026,2025.0,"GARILLA INGENIERIA SUSTENTABLE, S. A. DE C. V.",SOBS-EJM-P-2026-122,S128,2025-11-19 00:00:00,2025-12-31 00:00:00,100.0,TERMINADO,SOBS-EJM-SUP-2026-122,"ARQUITECTURA Y DISENO INTEGRAL AZVA, S. A. DE C. V.",,,,2026-06-13 18:13:51.821,JOSE RUBEN ROMERO 09DPR0119L,0101000020E610000037A8FDD64ECA58C09F758D9603793340,19.472711,-99.161062
453,PLATSOBSE_DGCOP_1_2_3_ESCUELAS_FRANCISCO_SOSA_09DPR4191W_09DPR4191W,5d65c716-b67d-459d-aa1b-80530dead290,JOSE VASCONCELOS 09DES0315G,IZTAPALAPA,LOMAS DE SAN LORENZO II,EVERARDO GAMIZ,LIBRES Y CDA. COAYUCA,https://maps.app.goo.gl/XXbtp9Ue5UxJTRaz5,ORIGINAL,JUAN HERNANDEZ,2/17/2026,2/17/2026,2025.0,"INAMBTEC, S. A. DE C. V.",SOBS-EJM-P-2026-123,S129,11/20/2025,12/31/2025,70.73,EN PROCESO,SOBS-EJM-SUP-2026-123,"MSM-SOLUCIONES, S. A. DE C. V.",,,,2026-06-13 18:13:51.821,JOSE VASCONCELOS 09DES0315G,0101000020E61000003656629E95C458C03ACD02ED0E513340,19.316634,-99.071632
454,PLATSOBSE_DGCOP_1_2_3_ESCUELAS_ABRAHAM_LINCOLN_09DES0082H_09DES0082H,addddc37-e3d0-4cd8-af2f-0e41520ed470,JOSEFA MURILLO 09DJN0478H,CUAUHTEMOC,OBRERA I,FERNANDO DE ALVA IXTLILXOCHITL,5 DE FEBRERO Y SAN ANTONIO ABAD,https://maps.app.goo.gl/AbroV17Q2h25MT85A,ORIGINAL,JUAN HERNANDEZ,2/17/2026,2/17/2026,2025.0,"CONSTRUCCIONES Y PROYECTOS RUZALDE, S. A. DE C. V.",SOBS-EJM-P-2026-124,S130,2025-11-20 00:00:00,2025-12-31 00:00:00,100.0,TERMINADO,SOBS-EJM-SUP-2026-124,"SUPERVISION Y PROYECTOS BOAZ, S. A. DE C. V.",,,,2026-06-13 18:13:51.821,JOSEFA MURILLO 09DJN0478H,0101000020E6100000AC3B16DBA4C858C04F75C8CD706B3340,19.41969,-99.135062
455,PLATSOBSE_DGCOP_1_2_3_ESCUELAS_TLACAELEL_09DJN0448N_09DJN0448N,e104f56c-485a-423e-8c6b-3c491dcd23c8,JUAN CRISOSTOMO BONILLA 09DPR1069A,IZTACALCO,BARRIO SAN MIGUEL AMAC,FRANCISCO DEL PASO Y TRONCOSO,OTE 116-A Y MIGUEL GARCIA GARCIA,https://maps.app.goo.gl/zDy5rkyWGYVFc3sCA,ORIGINAL,JUAN HERNANDEZ,2/17/2026,2/17/2026,2025.0,"ARQUITECTURA MONUMENTAL, S.A. DE C.V.",SOBS-EJM-P-2026-125,S131,11/21/2025,01/19/2026,82.48,EN PROCESO,SOBS-EJM-SUP-2026-125,GRUPO CONSTRUCTOR REAMLI S.A DE C.V,,,,2026-06-13 18:13:51.821,JUAN CRISOSTOMO BONILLA 09DPR1069A,0101000020E6100000AD50A4FB39C758C04CAAB69BE0633340,19.390146,-99.112914
456,PLATSOBSE_DGCOP_1_2_3_ESCUELAS_PROFRA_ROSA_NAVARRO_09DPR3169N_09DPR3169N,1110c0fc-ea72-40f3-b44b-9ac47902a42a,JUAN DE DIOS PEZA 09DJN0718Q,IZTACALCO,BARRIO SAN MIGUEL AMAC,FRANCISCO I. MADERO,AND. NAYANCO Y PASCUAL OROZCO,https://maps.app.goo.gl/Ajq9gss2VK7UdgMKA,ORIGINAL,JUAN HERNANDEZ,2/17/2026,2/17/2026,2025.0,"ARQUITECTURA MONUMENTAL, S.A. DE C.V.",SOBS-EJM-P-2026-126,S132,11/21/2025,01/19/2026,100.0,TERMINADO,SOBS-EJM-SUP-2026-126,GRUPO CONSTRUCTOR REAMLI S.A. DE C.V.,,,,2026-06-13 18:13:51.821,JUAN DE DIOS PEZA 09DJN0718Q,0101000020E61000001E6FF25B74C758C007B64AB038643340,19.39149,-99.116477
457,PLATSOBSE_DGCOP_1_2_3_ESCUELAS_JUAREZ_Y_CONSTITUCION_09DPR2063N_09DPR2063N,16f0f581-2af2-46a3-8d3b-789b8f901ed4,JUAN DE MATA RIVERA 09DPR1272M,XOCHIMILCO,SANTIAGO TULYEHUALCO (PBLO),FRANCISCO PRESA ESQUINA CALLE CANAL NACIONAL AMECAMECA,CANAL NACIONAL DE CHALCO E ISIDRO TAPIA,https://maps.app.goo.gl/ujMSEV8F14GiLfFG8,ORIGINAL,JUAN HERNANDEZ,2/17/2026,2/17/2026,2025.0,"COORDINACION DE INGENIERIA Y ARQUITECTURA MONTA?O, S. A. DE C. V.",SOBS-EJM-P-2026-127,S133,11/19/2025,12/31/2025,95.45,EN PROCESO,SOBS-EJM-SUP-2026-127,"CONSTRUCCIONES Y PROYECTOS RUZALDE, S. A. DE C. V.",,,,2026-06-13 18:13:51.821,JUAN DE MATA RIVERA 09DPR1272M,0101000020E6100000A81DFE9AACC058C0EED0B01875413340,19.255693,-99.010535
458,PLATSOBSE_DGCOP_1_2_3_ESCUELAS_LIC_ADOLFO_LOPEZ_MATEOS_09DPR0117N_09DPR0117N,07380096-9231-467c-91fb-1df04366029d,JUAN RAMON JIMENEZ 09DJN0346Q,AZCAPOTZALCO,PROVIDENCIA,FRANCISCO SARABIA,FELIPE ANGELES Y EMILIO PORTES GIL,https://maps.app.goo.gl/MeLzvPNFRzbaqbRR8,ORIGINAL,JUAN HERNANDEZ,2/17/2026,2/17/2026,2025.0,"CONSTRUCTORA Y DISENOS JAC, S. A. DE C. V.",SOBS-EJM-P-2026-128,S134,11/19/2025,12/31/2025,88.59,EN PROCESO,SOBS-EJM-SUP-2026-128,"GRUPO CONSTRUCTOR REAMLI, S. A. DE C. V.",,,,2026-06-13 18:13:51.821,JUAN RAMON JIMENEZ 09DJN0346Q,0101000020E6100000339EF00292CD58C07188A489967D3340,19.490578,-99.212037
459,PLATSOBSE_DGCOP_1_2_3_ESCUELAS_REPUBLICA_DE_COSTA_RICA_09DPR1792V_09DPR1792V,1668c410-1a03-40f1-8856-1fe66f3d40e6,JUAREZ Y CONSTITUCION 09DPR2063N,MIGUEL HIDALGO,SAN MIGUEL CHAPULTEPEC III,GOBERNADOR AGUSTIN VICENTE EGUIA,GRAL. JUAN CANO Y GOB. RAFAEL REBOLLAR,https://maps.app.goo.gl/iX1tNpGUZPjy2uqGA,ORIGINAL,JUAN HERNANDEZ,2/17/2026,2/17/2026,2025.0,"BEGADA CONSTRUCCION,S. A. DE C. V.",SOBS-EJM-P-2026-129,S135,11/19/2025,12/31/2025,100.0,TERMINADO,SOBS-EJM-SUP-2026-129,"MSM-SOLUCIONES, S. A. DE C. V.",,,,2026-06-13 18:13:51.821,JUAREZ Y CONSTITUCION 09DPR2063N,0101000020E61000009E245D33F9CB58C0664F029B73683340,19.408014,-99.187085
460,PLATSOBSE_DGCOP_1_2_3_ESCUELAS_ESCUELA_PRIMARIA_MARTIRES_DE_TACUBAYA_09DPR2944Q_09DPR2944Q_,d78dc0dd-6db6-4efc-b4f2-8993c0f82ba8,JULIAN CARRILLO 09DES0193M,MIGUEL HIDALGO,SAN MIGUEL CHAPULTEPEC I,GOBERNADOR MELCHOR MUZQUIZ,AV. CONSTITUYENTES Y GOBERNADOR MELCHOR MUZQUIZ,https://maps.app.goo.gl/dWA4LowK9W62rHY96,ORIGINAL,JUAN HERNANDEZ,2/17/2026,2/17/2026,2025.0,"INGENIERIA Y CONSTRUCCIONES INTEGRALES RAOS, S.A. DE C.V.",SOBS-EJM-P-2026-130,S136,2025-11-21 00:00:00,2025-12-31 00:00:00,100.0,TERMINADO,SOBS-EJM-SUP-2026-130,SUPERVISI?N INTERNA,,,,2026-06-13 18:13:51.821,JULIAN CARRILLO 09DES0193M,0101000020E610000067D5E76A2BCC58C0E27327D87F693340,19.412107,-99.19015
461,PLATSOBSE_DGCOP_1_2_3_ESCUELAS_ADOLFO_CIENFUEGOS_Y_CAMUS_09DPR1737B_09DPR1737B,97209101-ab45-4a46-ab49-9964db98a4fe,JULIO ZARATE 09DPR2386V,MIGUEL HIDALGO,TACUBA,GOLFO DE CALIFORNIA,CALZ. MEXICO-TACUBA Y MAR NEGRO,https://maps.app.goo.gl/FvY4SNF1h549MSWM6,ORIGINAL,JUAN HERNANDEZ,2/17/2026,2/17/2026,2025.0,"URBANIKONSTRUCCIOES GRAYCOLORS, S. A. DE C. V.",SOBS-EJM-P-2026-131,S137,2025-11-19 00:00:00,2025-12-31 00:00:00,100.0,TERMINADO,SOBS-EJM-SUP-2026-131,"RAMSE CONSTRUCCIONES, S. A. DE C. V.",,,,2026-06-13 18:13:51.821,JULIO ZARATE 09DPR2386V,0101000020E61000004C70EA03C9CB58C0245E9ECE15753340,19.457364,-99.184144
462,PLATSOBSE_DGCOP_1_2_3_ESCUELAS_FRANCISCO_EDUARDO_TRESGUERRAS_09DPR1717O_09DPR1717O,961e16a5-39c6-467c-9eea-77ef13e7e880,JUSTO SIERRA 09DPR1660D,MIGUEL HIDALGO,TACUBA,GOLFO DE CALIFORNIA,CALZ. MEXICO-TACUBA Y CDA GOLFO DE CALIFORNIA,https://maps.app.goo.gl/t7rXJxsoof7MyhXc6,ORIGINAL,JUAN HERNANDEZ,2/17/2026,2/17/2026,2025.0,"URBANIKONSTRUCCIOES GRAYCOLORS, S. A. DE C. V.",SOBS-EJM-P-2026-132,S138,11/19/2025,12/31/2025,100.0,TERMINADO,SOBS-EJM-SUP-2026-132,"RAMSE CONSTRUCCIONES, S. A. DE C. V.",,,,2026-06-13 18:13:51.821,JUSTO SIERRA 09DPR1660D,0101000020E6100000BB61DBA2CCCB58C0959D7E5017753340,19.457387,-99.184365
463,PLATSOBSE_DGCOP_1_2_3_ESCUELAS_MA_ELENA_CHANES_09DJN0701Q_09DJN0701Q,e1321a83-3779-44aa-a71a-bbb94fb95f27,KAMBESAH 09DJN1234T,CUAUHTEMOC,MORELOS III,GONZALEZ BOCANEGRA,C. COMONFORT Y PERALVILLO,https://maps.app.goo.gl/hXTvqE1BXmZfKHAHA,ORIGINAL,JUAN HERNANDEZ,2/17/2026,2/17/2026,2025.0,"EYSSA MEXICANA, S. A. DE C.V.",SOBS-EJM-P-2026-133,S139,11/20/2025,12/31/2025,100.0,TERMINADO,SOBS-EJM-SUP-2026-133,"SUPERVISI?N Y PROYECTOS BOAZ, S. A. DE C. V.",,,,2026-06-13 18:13:51.821,KAMBESAH 09DJN1234T,0101000020E61000005307793D98C858C0D461855B3E723340,19.446264,-99.134292
465,PLATSOBSE_DGCOP_1_2_3_ESCUELAS_ITZCALLI_09DJN0400U_09DJN0400U,15c8a887-d25e-4d99-acf8-432fb3b45c5a,LEONA VICARIO 09DPR3043G,TLALPAN,MIGUEL HIDALGO,GUADALAJARA,PROL. LEONA VICARIO Y GLORIETA GUADALAJARA,https://maps.app.goo.gl/H4cfs89Tfp4jS3iC6,ORIGINAL,JUAN HERNANDEZ,2/17/2026,2/17/2026,2025.0,"DUGAF ASESORES Y CONSTRUCTORES, S.A. DE C.V.",SOBS-EJM-P-2026-134,S140,11/21/2025,01/19/2026,96.19,EN PROCESO,SOBS-EJM-SUP-2026-134,"GRUPO CONSTRUCTOR JOJA, S.A. DE C.V.",,,,2026-06-13 18:13:51.821,LEONA VICARIO 09DPR3043G,0101000020E61000002766BD18CACB58C0BFB5132521493340,19.285662,-99.18421
466,PLATSOBSE_DGCOP_1_2_3_ESCUELAS_ENRIQUE_DUNANT_09DJN1090N_09DJN1090N,fa9ea76c-d016-48dd-b4ae-160cf5589c21,LEYES DE REFORMA DEL 57 09DPR2012G,GUSTAVO A. MADERO,CHALMA DE GUADALUPE II,GUADALUPE,SAN MIGUEL CHALMA Y MICHOACAN,https://maps.app.goo.gl/aAraTagHf54Hiqen7,ORIGINAL,JUAN HERNANDEZ,2/17/2026,2/17/2026,2025.0,"CONSTRUCCION, SUPERVISION Y PROYECTOS, S. A. DE C. V.",SOBS-EJM-P-2026-135,S141,2025-11-19 00:00:00,2025-12-31 00:00:00,91.73,EN PROCESO,SOBS-EJM-SUP-2026-135,"ARQUITECTURA Y DISE?O INTEGRAL AZVA, S. A. DE C. V.",,,,2026-06-13 18:13:51.821,LEYES DE REFORMA DEL 57 09DPR2012G,0101000020E6100000C7293A92CBC958C092B245D26E8C3340,19.548566,-99.15305
467,PLATSOBSE_DGCOP_1_2_3_ESCUELAS_MARGARITA_MAZA_DE_JUAREZ_09DES0099H_09DES0099H,417a3b2a-c41c-41bf-8ac2-03e9b2a6f6e7,LIBERACION CAMPESINA 09DPR1654T,GUSTAVO A. MADERO,25 DE JULIO,GUADALUPE VICTORIA,20 DE NOVIEMBRE E INDEPENDENCIA,https://maps.app.goo.gl/egrQhR9KgJFrCwGd7,ORIGINAL,JUAN HERNANDEZ,2/17/2026,2/17/2026,2025.0,"CONSTRUCCIONES Y EDIFICACIONES TAPALPA, S. A. DE C. V.",SOBS-EJM-P-2026-136,S142,11/19/2025,12/31/2025,100.0,TERMINADO,SOBS-EJM-SUP-2026-136,"ARQUITECTURA, INGENIER?A MECANICA GRIJALVA, S. A. DE C. V.",,,,2026-06-13 18:13:51.821,LIBERACION CAMPESINA 09DPR1654T,0101000020E6100000CA8D226B0DC558C03C69E1B20A7F3340,19.496257,-99.078944
468,PLATSOBSE_DGCOP_1_2_3_ESCUELAS_HERMILO_NOVELO_09DJN0438G_09DJN0438G,bcee515c-a730-4076-b0af-0d30cc5214fc,LIBRADO RIVERA GODINEZ 09DES0274X,IZTACALCO,CAMPAMENTO 2 DE OCTUBRE I,GUILLERMO PRIETO,ANTONIO ESCUDERO Y SANTOS DEGOLLADO,https://maps.app.goo.gl/bmgCwGyu9SDymwLSA,ORIGINAL,JUAN HERNANDEZ,2/17/2026,2/17/2026,2025.0,"CONSTRUCTORES Y SUPERVISORES UNIDOS, S. A. DE C. V.",SOBS-EJM-P-2026-137,S143,11/19/2025,12/31/2025,100.0,TERMINADO,SOBS-EJM-SUP-2026-137,"DAKI ARQUITECTURA, S. A. DE C. V.",,,,2026-06-13 18:13:51.821,LIBRADO RIVERA GODINEZ 09DES0274X,0101000020E6100000F3E505D847C758C0D029C8CF46623340,19.383893,-99.11376
469,PLATSOBSE_DGCOP_1_2_3_ESCUELAS_PROFR_ARNULFO_PEREZ_HERNANDEZ_09DPR3243E_09DPR3243E,3a5b0cf8-476c-49c8-bbb3-eea3abc63643,LIC. ADOLFO LOPEZ MATEOS 09DPR0117N,IZTACALCO,CAMPAMENTO 2 DE OCTUBRE I,GUILLERMO PRIETO,PONCIANO ARRIAGA Y VALENTIN GOMEZ FARIAS,https://maps.app.goo.gl/MKuAzjvdDHGNsSrQ9,ORIGINAL,JUAN HERNANDEZ,2/17/2026,2/17/2026,2025.0,"CONSTRUCTORA E INGENIERIA HERAYAX, S. A. DE C. V.",SOBS-EJM-P-2026-138,S144,11/20/2025,12/31/2025,100.0,TERMINADO,SOBS-EJM-SUP-2026-138,"RAMSE CONSTRUCCIONES, S. A. DE C. V.",,,,2026-06-13 18:13:51.821,LIC. ADOLFO LOPEZ MATEOS 09DPR0117N,0101000020E6100000EF3CF19C2DC758C0BCAE5FB01B623340,19.383235,-99.112159
470,PLATSOBSE_DGCOP_1_2_3_ESCUELAS_ESCUELA_SECUNDARIA_DIURNA_JUAN_ALVAREZ_09DES0338R_09DES0338R,eb14ae7c-71f8-4d54-9007-875b84cdaf1a,LIC. ERNESTO ENRIQUEZ 09DPR0977U,XOCHIMILCO,SAN GREGORIO ATLAPULCO (PBLO),GUSTAVO DIAZ ORDAZ,ADOLFO LOPEZ MATEOS Y GUSTAVO DIAZ ORDAZ,https://maps.app.goo.gl/sg8XDezu4Q6GRnjZ8,ORIGINAL,JUAN HERNANDEZ,2/17/2026,2/17/2026,2025.0,"PEREZ Y RAMIREZ CONSTRUCCIONES Y SERVICIOS S.A. DE C,V,",SOBS-EJM-P-2026-139,S145,,,61.1,EN PROCESO,SOBS-EJM-SUP-2026-139,RAMSE CONSTRUCCIONES S.A DE C.V.,,,,2026-06-13 18:13:51.821,LIC. ERNESTO ENRIQUEZ 09DPR0977U,0101000020E6100000C43E011423C458C025B37A87DB413340,19.257256,-99.064641
471,PLATSOBSE_DGCOP_1_2_3_ESCUELAS_INDEPENDENCIA_ECONOMICA_DE_MEXICO_09DPR2069H_09DPR2069H,7ed45108-1036-4f8d-80f7-5428fe876f3c,LIC. JOAQUIN BARANDA 09DPR1704K,XOCHIMILCO,SAN GREGORIO ATLAPULCO (PBLO),GUSTAVO DIAZ ORDAZ,AV. CHAPULTEPEC Y FRANCISCO I MADERO,https://maps.app.goo.gl/mdJM1cmfLL7uyLcn8,ORIGINAL,JUAN HERNANDEZ,2/17/2026,2/17/2026,2025.0,"EDIFICACION INTEGRAL DEL NOROESTE, S.A. DE C.V.",SOBS-EJM-P-2026-140,S146,11/21/2025,1/19/2026,100.0,TERMINADO,SOBS-EJM-SUP-2026-140,"MSM - SOLUCIONES, S.A. DE C.V.",,,,2026-06-13 18:13:51.821,LIC. JOAQUIN BARANDA 09DPR1704K,0101000020E6100000A5BDC11726C458C0691B7FA2B2413340,19.256632,-99.064825
472,PLATSOBSE_DGCOP_1_2_3_ESCUELAS_LEYES_DE_REFORMA_DEL_57_09DPR2012G_09DPR2012G,2d638403-2a50-4392-85e7-6c334e6385b9,LIC. JOSE VASCONCELOS 09DJN0168D,TLALPAN,SAN MIGUEL AJUSCO (PBLO),HIDALGO,MARIANO ESCOBEDO Y MARIANO MATAMOROS,https://maps.app.goo.gl/HdygANt4HL5nzBydA,ORIGINAL,JUAN HERNANDEZ,2/17/2026,2/17/2026,2025.0,"GRUPO CONSTRUCTOR CABRERA Y RAMIREZ ASOCIADOS, S. A. DE C. V.",SOBS-EJM-P-2026-141,S147,11/19/2025,12/31/2025,89.95,EN PROCESO,SOBS-EJM-SUP-2026-141,"TOGLE CONSTRUCCIONES, SUPERVISI?N Y PROYECTOS DE OBRA, S. A. DE C. V.",,,,2026-06-13 18:13:51.821,LIC. JOSE VASCONCELOS 09DJN0168D,0101000020E610000056B950F9D7CC58C0785E2A36E6393340,19.226169,-99.200682
473,PLATSOBSE_DGCOP_1_2_3_ESCUELAS_PROFR_SALVADOR_VARELA_RESENDIZ_09DPR2594B_09DPR2594B,2aa573bf-883e-4d27-a93c-d4962ededda9,LORENZA ROSALES 09DPR2377N,AZCAPOTZALCO,EL ROSARIO C (U HAB),HIDROGENO,AV DE LAS CULTURAS Y ALBA?ILES,https://maps.app.goo.gl/ZSUPrgA7XUnNJLLV6,ORIGINAL,JUAN HERNANDEZ,2/17/2026,2/17/2026,2025.0,"GARILLA INGENIERIA SUSTENTABLE, S. A. DE C. V.",SOBS-EJM-P-2026-142,S148,11/19/2025,12/31/2025,90.0,EN PROCESO,SOBS-EJM-SUP-2026-142,"ARQUITECTURA Y DISE?O INTEGRAL AZVA, S. A. DE C. V.",,,,2026-06-13 18:13:51.821,LORENZA ROSALES 09DPR2377N,0101000020E6100000B1A6B228ECCC58C0698D412784823340,19.509829,-99.201914
474,PLATSOBSE_DGCOP_1_2_3_ESCUELAS_RUDYARD_KIPLING_09DJN0391C_09DJN0391C,5426a365-187c-4fff-8434-dc61ed3ac13b,LUIS BRAILLE 09DJN0392B,AZCAPOTZALCO,EL ROSARIO C (U HAB),HIDROGENO,EJE 5 NORTE Y ALBA?ILES,https://maps.app.goo.gl/TjrmBrU7Dxp41sXq6,ORIGINAL,JUAN HERNANDEZ,2/17/2026,2/17/2026,2025.0,"R.D.S. MAQUINARIA Y EQUIPO DE CONSTRUCCION, S.A. DE C.V.",SOBS-EJM-P-2026-143,S149,11/21/2025,01/19/2026,89.54,EN PROCESO,SOBS-EJM-SUP-2026-143,"ARQUITECTURA INGENIER?A MEC?NICA GRIJALVA, S.A. DE C.V.",,,,2026-06-13 18:13:51.821,LUIS BRAILLE 09DJN0392B,0101000020E61000007C7F83F6EACC58C0DA9255116E823340,19.509492,-99.201841
475,PLATSOBSE_DGCOP_1_2_3_ESCUELAS_JULIO_ZARATE_09DPR2386V_09DPR2386V,125f77b9-851e-4dde-9c19-32e2db7a29ad,LUIS DE LA ROSA 09DPR2486U,VENUSTIANO CARRANZA,MORELOS II,HOJALATERIA,HORTELANOS Y HERREROS,https://maps.app.goo.gl/CTEev9YXovUWZPib9,ORIGINAL,JUAN HERNANDEZ,2/17/2026,2/17/2026,2025.0,"CONSTRUCTORA BALBEK, S. A. DE C. V.",SOBS-EJM-P-2026-144,S150,11/20/2025,12/31/2025,94.39,EN PROCESO,SOBS-EJM-SUP-2026-144,"SARMIENTO Y ASOCIADOS INGENIER?A, S. A. DE C. V.",,,,2026-06-13 18:13:51.821,LUIS DE LA ROSA 09DPR2486U,0101000020E6100000A54A94BDA5C758C07D93A641D1703340,19.440693,-99.119491
476,PLATSOBSE_DGCOP_1_2_3_ESCUELAS_ENRIQUE_C_REBSAMEN_09DPR2025K_09DPR2025K,245ac316-c30c-4230-9157-e26d5f7c8068,LUIS GONZALEZ Y GONZALEZ 09DES0277U,XOCHIMILCO,SANTIAGO TULYEHUALCO (PBLO),IGNACIO ZARAGOZA,CDA. JOSE MARIA PINOSUAREZ Y AV. AQUILES SERDAN,https://maps.app.goo.gl/onkRFjwYHbtRC9ry9,ORIGINAL,JUAN HERNANDEZ,2/17/2026,2/17/2026,2025.0,"COORDINACION DE INGENIERIA Y ARQUITECTURA MONTA?O, S. A. DE C. V.",SOBS-EJM-P-2026-145,S151,2025-11-19 00:00:00,2025-12-31 00:00:00,100.0,TERMINADO,SOBS-EJM-SUP-2026-145,"CONSTRUCCIONES Y PROYECTOS RUZALDE, S. A. DE C. V.",,,,2026-06-13 18:13:51.821,LUIS GONZALEZ Y GONZALEZ 09DES0277U,0101000020E6100000EBE2361AC0C058C07C7BD7A02F413340,19.254633,-99.011725
477,PLATSOBSE_DGCOP_1_2_3_ESCUELAS_GENARO_ESTRADA_09DJN1128J_09DJN1128J,151b8973-74fe-4fe8-84ce-cf8d23be7512,LUIS R. ALARCON 09DPR1699P,VENUSTIANO CARRANZA,MORELOS II,IMPRENTA,HORTELANOS Y JARDINEROS,https://maps.app.goo.gl/7h6KsKSMHYbFMFW29,ORIGINAL,JUAN HERNANDEZ,2/17/2026,2/17/2026,2025.0,"CONSTRUCTORA BALBEK, S. A. DE C. V.",SOBS-EJM-P-2026-146,S152,11/20/2025,12/31/2025,100.0,TERMINADO,SOBS-EJM-SUP-2026-146,"SARMIENTO Y ASOCIADOS INGENIER?A, S. A. DE C. V.",,,,2026-06-13 18:13:51.821,LUIS R. ALARCON 09DPR1699P,0101000020E61000007AE1CE8591C758C02009FB7612713340,19.441688,-99.118257
478,PLATSOBSE_DGCOP_1_2_3_ESCUELAS_FRANCISCO_GINER_DE_LOS_RIOS_09DPR2454B_09DPR2454B,e51dde5f-14b5-4b14-8cfd-8d28dbef3f1b,MA. ELENA CHANES 09DJN0701Q,CUAUHTEMOC,OBRERA IV,ISABEL LA CATOLICA,EFREN REBOLLEDO Y JOSE MARIA ROA BARCENAS,https://maps.app.goo.gl/xBgwfhwdX8P1Awk47,ORIGINAL,JUAN HERNANDEZ,2/17/2026,2/17/2026,2025.0,"GAKIDA ARQUITECTURA, S. A. DE C. V.",SOBS-EJM-P-2026-147,S153,11/19/2025,12/31/2025,70.0,EN PROCESO,SOBS-EJM-SUP-2026-147,"DAKI ARQUITECTURA, S. A. DE C. V.",,,,2026-06-13 18:13:51.821,MA. ELENA CHANES 09DJN0701Q,0101000020E6100000DFA5D425E3C858C0890B40A374693340,19.411936,-99.138864
479,PLATSOBSE_DGCOP_1_2_3_ESCUELAS_TLAZOCIHUALPILLI_09DJN0241W_09DJN0241W,2ad9eadf-c698-4168-9f84-3edf3152d0f5,MACHTITEOPAN 09DPR0851N,XOCHIMILCO,SANTIAGO TULYEHUALCO (PBLO),ISIDRO TAPIA,FRANCISCO PRESA Y CDA BERNARDO AMAT,https://maps.app.goo.gl/j7n1bWNAmuiiAm87A,ORIGINAL,JUAN HERNANDEZ,2/17/2026,2/17/2026,2025.0,"COORDINACION DE INGENIERIA Y ARQUITECTURA MONTA?O, S. A. DE C. V.",SOBS-EJM-P-2026-148,S154,11/19/2025,12/31/2025,78.13,EN PROCESO,SOBS-EJM-SUP-2026-148,"CONSTRUCCIONES Y PROYECTOS RUZALDE, S. A. DE C. V.",,,,2026-06-13 18:13:51.821,MACHTITEOPAN 09DPR0851N,0101000020E6100000FF9254A698C058C0C520B07268413340,19.2555,-99.009317
480,PLATSOBSE_DGCOP_1_2_3_ESCUELAS_REPUBLICA_DE_MADAGASCAR_09DPR2090K_09DPR2090K,057881c9-8160-4c85-9325-40f89130dc70,MAESTRA JUANA PALACIOS 09DPR1593W,IZTAPALAPA,JACARANDAS,JACARANDAS,MANLIO FABIO ALTAMIRANO Y LEANDRO VALLE,https://maps.app.goo.gl/Hv3Z848z655Qynmt6,ORIGINAL,JUAN HERNANDEZ,2/17/2026,2/17/2026,2025.0,"PTAH INFRAESTRUCTURA ARQUITECTONICA, S.A. DE C.V.",SOBS-EJM-P-2026-149,S155,11/20/2025,12/31/2025,21.46,EN PROCESO,SOBS-EJM-SUP-2026-149,"SESOCORT, S. A. DE C. V.",,,,2026-06-13 18:13:51.821,MAESTRA JUANA PALACIOS 09DPR1593W,0101000020E6100000BEDBBC7152C358C0BD1AA034D4583340,19.346988,-99.051907
481,PLATSOBSE_DGCOP_1_2_3_ESCUELAS_SIRIA_09DPR2200Z_09DPR2200Z,bc58109a-0717-4311-b4db-e1bea7018acb,MAESTROS DE MEXICO 09DPR2229E,VENUSTIANO CARRANZA,ROMERO RUBIO,JAPON,JAPON Y AV AFRICA,https://maps.app.goo.gl/1PR8MoLbi8T2SSzD9,ORIGINAL,JUAN HERNANDEZ,2/17/2026,2/17/2026,2025.0,"DRAMA MAYA, S.A DE C.V",SOBS-EJM-P-2026-150,S156,11/20/2025,12/31/2025,100.0,TERMINADO,SOBS-EJM-SUP-2026-150,"TOGLE CONSTRUCCIONES, SUPERVISI?N Y PROYECTOS DE OBRA, S. A. DE C. V.",,,,2026-06-13 18:13:51.821,MAESTROS DE MEXICO 09DPR2229E,0101000020E6100000ECFA05BB61C658C0F7E978CC40713340,19.442395,-99.099715
482,PLATSOBSE_DGCOP_1_2_3_ESCUELAS_MTRO_SALVADOR_M_LIMA_09DPR2327F_09DPR2327F,ab18b390-aecf-4afd-b6c1-c91c4cccbd1e,MANUEL GUTIERREZ NAJERA 09DPR1360G,VENUSTIANO CARRANZA,MORELOS I,JARCERIA,CUCHILLA JARCERIA Y AVENIDA DEL TRABAJO,https://maps.app.goo.gl/Tc4egPAy2k1fvLq58,ORIGINAL,JUAN HERNANDEZ,2/17/2026,2/17/2026,2025.0,"CONSTRUCTORA Y DESARROLLADORA MEGANA, S. A. DE C. V.",SOBS-EJM-P-2026-151,S157,11/20/2025,12/31/2025,88.45,EN PROCESO,SOBS-EJM-SUP-2026-151,"TOGLE CONSTRUCCIONES, SUPERVISI?N Y PROYECTOS DE OBRA, S. A. DE C. V.",,,,2026-06-13 18:13:51.821,MANUEL GUTIERREZ NAJERA 09DPR1360G,0101000020E610000046787B1002C858C0FE7C5BB054733340,19.450511,-99.125126
483,PLATSOBSE_DGCOP_1_2_3_ESCUELAS_LORENZA_ROSALES_09DPR2377N_09DPR2377N,b20b318f-dffc-449e-8c98-39da36653d56,MANUEL LOPEZ COTILLA 09DPR2525F,VENUSTIANO CARRANZA,MORELOS I,JARCIERIA,AV. DEL TRABAJO Y C. JARCERIA,https://maps.app.goo.gl/1X3qRi4etJjJxWhW6,ORIGINAL,JUAN HERNANDEZ,2/17/2026,2/17/2026,2025.0,"CONSTRUCTORA Y DESARROLLADORA MEGANA, S. A. DE C. V.",SOBS-EJM-P-2026-152,S158,11/20/2025,12/31/2025,100.0,TERMINADO,SOBS-EJM-SUP-2026-152,"TOGLE CONSTRUCCIONES, SUPERVISI?N Y PROYECTOS DE OBRA, S. A. DE C. V.",,,,2026-06-13 18:13:51.821,MANUEL LOPEZ COTILLA 09DPR2525F,0101000020E6100000620FED6305C858C09AEC9FA701733340,19.449244,-99.125329
484,PLATSOBSE_DGCOP_1_2_3_ESCUELAS_LIC_JOAQUIN_BARANDA_09DPR1704K_09DPR1704K,44e6185e-2503-4e4f-bcce-f9316dcc9f8e,MANUEL SABINO CRESPO 09DPR3187C,MIGUEL HIDALGO,TACUBA,JARDIN CENTRAL,MARINA NACIONAL Y GOLFO DE BENGALA,https://maps.app.goo.gl/9efSHUvggkLY9VEs7,ORIGINAL,JUAN HERNANDEZ,2/17/2026,2/17/2026,2025.0,"URBANIKONSTRUCCIOES GRAYCOLORS, S. A. DE C. V.",SOBS-EJM-P-2026-153,S159,11/19/2025,12/31/2025,36.46,EN PROCESO,SOBS-EJM-SUP-2026-153,"RAMSE CONSTRUCCIONES, S. A. DE C. V.",,,,2026-06-13 18:13:51.821,MANUEL SABINO CRESPO 09DPR3187C,0101000020E6100000B7EEE6A90ECC58C0F1660DDE57753340,19.458372,-99.188395
485,PLATSOBSE_DGCOP_1_2_3_ESCUELAS_IDA_APPENDINI_DAGASSO_09DES0066Q_09DES0066Q,64b130ba-bd02-4901-955c-3527e15e12e9,MAO TSE TUNG 09DPR2424H,MIGUEL HIDALGO,PALMITAS (POLANCO),JORGE BERNARD SHAW,CAMPOS ELISEOS Y AV. PRESIDENTE MASARYK,https://maps.app.goo.gl/m93vDjT9nANFGzyA6,ORIGINAL,JUAN HERNANDEZ,2/17/2026,2/17/2026,2025.0,GERARDO LOPEZ LEDEZMA,SOBS-EJM-P-2026-154,S160,11/19/2025,12/31/2025,100.0,TERMINADO,SOBS-EJM-SUP-2026-154,"RAMSE CONSTRUCCIONES, S. A. DE C. V.",,,,2026-06-13 18:13:51.821,MAO TSE TUNG 09DPR2424H,0101000020E61000003F73D6A71CCD58C0DBFAE93F6B6E3340,19.431324,-99.204874
486,PLATSOBSE_DGCOP_1_2_3_ESCUELAS_RAFAEL_MOLINA_BETANCOURT_09DES0186C_09DES0186C,1af6845c-5bef-4753-a4f7-74ee9e14f156,MARCELINO MENENDEZ Y PELAYO 09DES0056J,IZTACALCO,CAMPAMENTO 2 DE OCTUBRE I,JUAN DE DIOS NARVAEZ,JUAN DE DIOS NARVAEZ Y SANTOS DEGOLLADO,https://maps.app.goo.gl/7j4M6tZPko51G6XF7,ORIGINAL,JUAN HERNANDEZ,2/17/2026,2/17/2026,2025.0,"DRAMA MAYA, S.A DE C.V",SOBS-EJM-P-2026-155,S161,11/20/2025,12/31/2025,13.1,EN PROCESO,SOBS-EJM-SUP-2026-155,"TOGLE CONSTRUCCIONES, SUPERVISI?N Y PROYECTOS DE OBRA, S. A. DE C. V.",,,,2026-06-13 18:13:51.821,MARCELINO MENENDEZ Y PELAYO 09DES0056J,0101000020E61000002E7D5CD94DC758C08465AE0439623340,19.383683,-99.114127
487,PLATSOBSE_DGCOP_1_2_3_ESCUELAS_JUAN_DE_DIOS_PEZA_09DJN0718Q_09DJN0718Q,ab5ae558-9216-4c0b-8272-9d1f5e31593e,MARGARITA MAZA DE JUAREZ 09DES0099H,CUAUHTEMOC,OBRERA IV,JUAN DE DIOS PEZA III,ISABEL LA CATOLICA Y 5 DE FEBRERO,https://maps.app.goo.gl/FM64qshCQFMVqdXf6,ORIGINAL,JUAN HERNANDEZ,2/17/2026,2/17/2026,2025.0,"GAKIDA ARQUITECTURA, S. A. DE C. V.",SOBS-EJM-P-2026-156,S162,11/19/2025,12/31/2025,97.75,EN PROCESO,SOBS-EJM-SUP-2026-156,"DAKI ARQUITECTURA, S. A. DE C. V.",,,,2026-06-13 18:13:51.821,MARGARITA MAZA DE JUAREZ 09DES0099H,0101000020E610000050FC1873D7C858C0F1F09E03CB693340,19.413254,-99.13815
488,PLATSOBSE_DGCOP_1_2_3_ESCUELAS_PROFR_VICTOR_MANUEL_MANZANO_DELGADO_09DPR2676L_09DPR2676L,87753266-5e2c-4735-9e5f-4c6f47bf60bb,MARTIN V. GONZALEZ 09DES0069N,TLALPAN,PEDREGAL DE SN NICOLAS 4A SECC II,KANTUNIL,DZEMUL Y TIXMEHUAC,https://maps.app.goo.gl/UQmDK1UDRLTcSBjp9,ORIGINAL,JUAN HERNANDEZ,2/17/2026,2/17/2026,2025.0,"EYSSA MEXICANA, S. A. DE C.V.",SOBS-EJM-P-2026-157,S163,11/20/2025,12/31/2025,100.0,TERMINADO,SOBS-EJM-SUP-2026-157,"SUPERVISI?N Y PROYECTOS BOAZ, S. A. DE C. V.",,,,2026-06-13 18:13:51.821,MARTIN V. GONZALEZ 09DES0069N,0101000020E61000006A6B44300ECF58C0A1F48590F3463340,19.277154,-99.235241
489,PLATSOBSE_DGCOP_1_2_3_ESCUELAS_PILTZIN_CALLI_09DJN0284U_09DJN0284U,a46b31c3-6777-4f31-b7db-9b0dc389e838,MAURITANIA 09DPR2233R,MIGUEL HIDALGO,TACUBA,LAGO MICHIGAN,C. GOLFO DE SAN LORENZO Y GOLFO DE GUAYAQUIL,https://maps.app.goo.gl/KpHg54kJ69of6oct9,ORIGINAL,JUAN HERNANDEZ,2/17/2026,2/17/2026,2025.0,"INGENIERIA TOTAL ESPECIALIZADA, S.A. DE C.V",SOBS-EJM-P-2026-158,S164,11/19/2025,12/31/2025,63.0,EN PROCESO,SOBS-EJM-SUP-2026-158,"SESOCORT, S. A. DE C. V.",,,,2026-06-13 18:13:51.821,MAURITANIA 09DPR2233R,0101000020E6100000A20A7F8637CC58C07D1F0E12A2743340,19.455598,-99.190889
490,PLATSOBSE_DGCOP_1_2_3_ESCUELAS_CAPITAN_IGNACIO_JOSE_DE_ALLENDE_09DJN0155Z_09DJN0155Z,39f2c93a-8d40-4220-8724-c9ce298cf1ad,MEXITLI 09DJN0067F,TLALPAN,SAN MIGUEL TOPILEJO (PBLO),LAS CRUCES,LAS CRUCES Y MIRADOR CHAPULTEPEC,https://maps.app.goo.gl/FQr7eDUf4QkymKVd7,ORIGINAL,JUAN HERNANDEZ,2/17/2026,2/17/2026,2025.0,"EYSSA MEXICANA, S. A. DE C.V.",SOBS-EJM-P-2026-159,S165,2025-11-20 00:00:00,2025-12-31 00:00:00,100.0,TERMINADO,SOBS-EJM-SUP-2026-159,"SUPERVISI?N Y PROYECTOS BOAZ, S. A. DE C. V.",,,,2026-06-13 18:13:51.821,MEXITLI 09DJN0067F,0101000020E6100000F19D98F562C958C0286552431B343340,19.203541,-99.146665
491,PLATSOBSE_DGCOP_1_2_3_ESCUELAS_CUAILAMA_09DJN0643Q_09DJN0643Q,9736bc4b-c7a2-4289-84f5-fcc94d09df05,MIGUEL RAMIREZ CASTANEDA 09DPR2010I,XOCHIMILCO,SANTA CRUZ ACALPIXCA (PBLO),LIMITE DEL DEPORTIVO,LIMITE DEL DEPORTIVO Y C. AHUALAPA,https://maps.app.goo.gl/xvHp9u77w8rymJEA6,ORIGINAL,JUAN HERNANDEZ,2/17/2026,2/17/2026,2025.0,"EDIFICACION INTEGRAL DEL NOROESTE, S.A. DE C.V.",SOBS-EJM-P-2026-160,S166,2025-11-21 00:00:00,2026-01-19 00:00:00,70.59,EN PROCESO,SOBS-EJM-SUP-2026-160,"MSM - SOLUCIONES, S.A. DE C.V.",,,,2026-06-13 18:13:51.821,MIGUEL RAMIREZ CASTANEDA 09DPR2010I,0101000020E610000061F1E54F65C458C0D3927D46D83E3340,19.245488,-99.068684
492,PLATSOBSE_DGCOP_1_2_3_ESCUELAS_GABRIELA_BRIMMER_09DJN0251C_09DJN0251C,e413ae32-78eb-42b2-9692-830594883b8e,MIXCOATL 09DPR2914W,AZCAPOTZALCO,SAN PEDRO XALPA (PBLO),MACARIO GAXIOLA,MACARIO GAXIOLA Y EMILIANO ZAPATA,https://maps.app.goo.gl/U39TkbhFUSrN64tG9,ORIGINAL,JUAN HERNANDEZ,2/17/2026,2/17/2026,2025.0,"CONSTRUCTORA Y DISENOS JAC, S. A. DE C. V.",SOBS-EJM-P-2026-161,S167,11/19/2025,12/31/2025,53.16,EN PROCESO,SOBS-EJM-SUP-2026-161,"GRUPO CONSTRUCTOR REAMLI, S. A. DE C. V.",,,,2026-06-13 18:13:51.821,MIXCOATL 09DPR2914W,0101000020E61000008E59F624B0CD58C087BF266BD47B3340,19.48371,-99.213876
493,PLATSOBSE_DGCOP_1_2_3_ESCUELAS_REPUBLICA_ARABE_UNIDA_09DPR2708N_09DPR2708N,3b3ca7c0-c9d4-45c9-80d6-6d602645df0c,MTRO. LUIS CHAVEZ OROZCO 09DPR0937T,VENUSTIANO CARRANZA,EL ARENAL 1A SECCION,MALINCHE,ATZAYACATL Y RIO CHURUBUSCO,https://maps.app.goo.gl/seYaVT3gsi9KWMew6,ORIGINAL,JUAN HERNANDEZ,2/17/2026,2/17/2026,2025.0,CONSORCIO CONSTRUCTOR DOBLE AA S. A. DE C. V.,SOBS-EJM-P-2026-162,S168,11/21/2025,01/30/2026,77.98,EN PROCESO,SOBS-EJM-SUP-2026-162,"CONSTRUCCIONES Y PROYECTOS RUZALDE, S.A. DE C.V.",,,,2026-06-13 18:13:51.821,MTRO. LUIS CHAVEZ OROZCO 09DPR0937T,0101000020E6100000C3B986191AC458C0BB0ED594646D3340,19.427316,-99.064093
494,PLATSOBSE_DGCOP_1_2_3_ESCUELAS_ICHCATEOPAN_09DPR1708G_09DPR1708G,365e86d4-b424-47f6-842c-afa828a5308a,MTRO. SALVADOR M. LIMA 09DPR2327F,MIGUEL HIDALGO,TACUBA,MAR ARABIGO ESQUINA MAR MEDITERRANEO,CALLE MAR ARABIGO Y MAR OKHOTSK,https://maps.app.goo.gl/3XtpKQQqVnr3ji88A,ORIGINAL,JUAN HERNANDEZ,2/17/2026,2/17/2026,2025.0,"FABETY DISE?O Y CONSTRUCCION, S.A. DE C V.",SOBS-EJM-P-2026-163,S169,11/19/2025,12/31/2025,85.0,EN PROCESO,SOBS-EJM-SUP-2026-163,"MEXICANA DE CONSTRUCCI?N MART?NEZ MONTIEL, S. A. DE C. V.",,,,2026-06-13 18:13:51.821,MTRO. SALVADOR M. LIMA 09DPR2327F,0101000020E61000000936AE7FD7CB58C03D7E6FD39F753340,19.45947,-99.185028
495,PLATSOBSE_DGCOP_1_2_3_ESCUELAS_RAFAELA_SUAREZ_09DPR1685M_09DPR1685M,d5bb9dc4-a29f-4552-931f-fbaa71a1bd1a,NARCISO BASSOLS 09DPR3102F,MIGUEL HIDALGO,TACUBA,MAR BAFFIN,CALZ. MEXICO-TACUBA Y MAR MEDITERRANEO,https://maps.app.goo.gl/KWrm8W364cm4YWQF9,ORIGINAL,JUAN HERNANDEZ,2/17/2026,2/17/2026,2025.0,"FABETY DISE?O Y CONSTRUCCION, S.A. DE C V.",SOBS-EJM-P-2026-164,S170,11/19/2025,12/31/2025,94.6,EN PROCESO,SOBS-EJM-SUP-2026-164,"MEXICANA DE CONSTRUCCI?N MART?NEZ MONTIEL, S. A. DE C. V.",,,,2026-06-13 18:13:51.821,NARCISO BASSOLS 09DPR3102F,0101000020E6100000B40584D6C3CB58C03CA2427573753340,19.458793,-99.183828
496,PLATSOBSE_DGCOP_1_2_3_ESCUELAS_TAVICHE_09DJN0501S_09DJN0501S,d1731523-c131-4b72-be26-806553d91934,NINOS HEROES 09DPR4515M,TLALPAN,SAN MIGUEL AJUSCO (PBLO),MARIANO ESCOBEDO,MARIANO MATAMOROS Y MARIANO ABASOLO,https://maps.app.goo.gl/HdiAxQf3tLHiyreB7,ORIGINAL,JUAN HERNANDEZ,2/17/2026,2/17/2026,2025.0,"GRUPO CONSTRUCTOR CABRERA Y RAMIREZ ASOCIADOS, S. A. DE C. V.",SOBS-EJM-P-2026-165,S171,11/19/2025,12/31/2025,100.0,TERMINADO,SOBS-EJM-SUP-2026-165,"TOGLE CONSTRUCCIONES, SUPERVISI?N Y PROYECTOS DE OBRA, S. A. DE C. V.",,,,2026-06-13 18:13:51.821,NINOS HEROES 09DPR4515M,0101000020E610000083A10E2BDCCC58C03BA759A0DD393340,19.226038,-99.200938
497,PLATSOBSE_DGCOP_1_2_3_ESCUELAS_LIBERACION_CAMPESINA_09DPR1654T_09DPR1654T,f00dc8ba-c66f-4d97-aad4-f6e38fb52b52,PACTO FEDERAL 09DJN1080G,AZCAPOTZALCO,PROVIDENCIA,MARISCAL ROMMEL,SANCHEZ COLIN Y FRANCISCO SARABIA,https://maps.app.goo.gl/UWyaAzdUPViNjx5L8,ORIGINAL,JUAN HERNANDEZ,2/17/2026,2/17/2026,2025.0,"GRUPO ALMEM, S. A. DE C. V.",SOBS-EJM-P-2026-166,S172,11/19/2025,12/31/2025,97.0,EN PROCESO,SOBS-EJM-SUP-2026-166,"GRUPO CONSTRUCTOR REAMLI, S. A. DE C. V.",,,,2026-06-13 18:13:51.821,PACTO FEDERAL 09DJN1080G,0101000020E61000006919A9F754CD58C0A260C614AC7D3340,19.490907,-99.208311
498,PLATSOBSE_DGCOP_1_2_3_ESCUELAS_AMERICAS_UNIDAS_09DPR0954J_09DPR0954J,8bb0f971-dd34-49a4-a15e-4b01badd7fd8,PEDRO ROMERO DE TERREROS 09DPR1048O,VENUSTIANO CARRANZA,ROMERO RUBIO,MARRUECOS,JERIC? Y JERUSALEN,https://maps.app.goo.gl/FQ3NVdxy4RZg4xVY7,ORIGINAL,JUAN HERNANDEZ,2/17/2026,2/17/2026,2025.0,"BEGADA CONSTRUCCION,S. A. DE C. V.",SOBS-EJM-P-2026-167,S173,2025-11-19 00:00:00,2025-12-31 00:00:00,42.0,EN PROCESO,SOBS-EJM-SUP-2026-167,"MSM-SOLUCIONES, S. A. DE C. V.",,,,2026-06-13 18:13:51.821,PEDRO ROMERO DE TERREROS 09DPR1048O,0101000020E61000009D64ABCB29C658C05E9CF86A47713340,19.442496,-99.096301
499,PLATSOBSE_DGCOP_1_2_3_ESCUELAS_CENTRO_DE_ATENCION_MULTIPLE_NO_86_09DML0056Z_09DML0056Z,94db2608-1603-49e3-b6eb-6c2bd2cdb16f,PILTZILLI 09DJN0569Z,VENUSTIANO CARRANZA,MOCTEZUMA 1A SECCION,MARTIN DEL CAMPO,LUIS PRECIADO DE LA TORRE Y C JOSE RIVERA,https://maps.app.goo.gl/i3nMLQazm4mB2iME7,ORIGINAL,JUAN HERNANDEZ,2/17/2026,2/17/2026,2025.0,"CONSTRUCTORA Y DESARROLLADORA MEGANA, S. A. DE C. V.",SOBS-EJM-P-2026-168,S174,2025-11-20 00:00:00,2025-12-31 00:00:00,100.0,TERMINADO,SOBS-EJM-SUP-2026-168,"TOGLE CONSTRUCCIONES, SUPERVISI?N Y PROYECTOS DE OBRA, S. A. DE C. V.",,,,2026-06-13 18:13:51.821,PILTZILLI 09DJN0569Z,0101000020E61000002AC423F1F2C658C077137CD3F46D3340,19.429517,-99.108578
500,PLATSOBSE_DGCOP_1_2_3_ESCUELAS_NARCISO_BASSOLS_09DPR3102F_09DPR3102F,77247b39-5985-445f-b573-d98795552c50,PILTZIN CALLI 09DJN0284U,AZCAPOTZALCO,EL ROSARIO A (U HAB),MATEMATICAS,BIOLOGIA Y GEOLOGIA,https://maps.app.goo.gl/uph7DQUuGhis9Wud7,ORIGINAL,JUAN HERNANDEZ,2/17/2026,2/17/2026,2025.0,"R.D.S. MAQUINARIA Y EQUIPO DE CONSTRUCCION, S.A. DE C.V.",SOBS-EJM-P-2026-169,S175,11/21/2025,01/19/2026,96.5,EN PROCESO,SOBS-EJM-SUP-2026-169,"ARQUITECTURA INGENIER?A MEC?NICA GRIJALVA, S.A. DE C.V.",,,,2026-06-13 18:13:51.821,PILTZIN CALLI 09DJN0284U,0101000020E610000096B377465BCD58C00D535BEA20833340,19.512221,-99.208696
501,PLATSOBSE_DGCOP_1_2_3_ESCUELAS_SOUMAYA_DOMIT_GEMAYEL_09DES0227M_09DES0227M,008dff25-d8b1-449d-9455-a6cd08d617af,PLAN DE AYUTLA 09DPR1044S,AZCAPOTZALCO,EL ROSARIO C (U HAB),MAYAS,MAYAS Y AZTECAS SECTOR C?B,https://maps.app.goo.gl/F4bGDpHPA3J4V2Fz7,ORIGINAL,JUAN HERNANDEZ,2/17/2026,2/17/2026,2025.0,CONSTRUCIONES Y CAMINOS ZULAK S. A. DE C. V.,SOBS-EJM-P-2026-170,S176,11/21/2025,01/30/2026,90.0,EN PROCESO,SOBS-EJM-SUP-2026-170,"GRUPO CONSTRUCTOR JOJA, S.A. DE C.V.",,,,2026-06-13 18:13:51.821,PLAN DE AYUTLA 09DPR1044S,0101000020E6100000B9162D40DBCC58C096B1A19BFD813340,19.507776,-99.200882
502,PLATSOBSE_DGCOP_1_2_3_ESCUELAS_MANUEL_LOPEZ_COTILLA_09DPR2525F_09DPR2525F,53890d66-1d05-4142-b181-819e5091db32,PONCIANO ARRIAGA 09DES0175X,CUAUHTEMOC,ROMA NORTE I,MEDELLINA,COLIMA Y GLORIETA PL. VILLA DE MADRID,https://maps.app.goo.gl/YhWWMJQkzBWyS9Ut7,ORIGINAL,JUAN HERNANDEZ,2/17/2026,2/17/2026,2025.0,"R.D.S. MAQUINARIA Y EQUIPO DE CONSTRUCCION, S.A. DE C.V.",SOBS-EJM-P-2026-171,S177,11/19/2025,12/31/2025,100.0,INAUGURADA,SOBS-EJM-SUP-2026-171,"INGENIER?A ESPECIALIZADA EDUMER, S. A. DE C. V.",,,,2026-06-13 18:13:51.821,PONCIANO ARRIAGA 09DES0175X,0101000020E61000006D1CB1169FCA58C083C30B22526B3340,19.419222,-99.16596
503,PLATSOBSE_DGCOP_1_2_3_ESCUELAS_LEONA_VICARIO_09DPR3043G_09DPR3043G,3088b748-4055-4b68-8059-d343bfc6f3ce,PORTUGAL 09DJN0520G,GUSTAVO A. MADERO,CHALMA DE GUADALUPE II,MICHOACAN,GUADALUPE Y QUERETARO,https://maps.app.goo.gl/gakXuuMd9KE2PT7t8,ORIGINAL,JUAN HERNANDEZ,2/17/2026,2/17/2026,2025.0,"CONSTRUCCION, SUPERVISION Y PROYECTOS, S. A. DE C. V.",SOBS-EJM-P-2026-172,S178,11/19/2025,12/31/2025,100.0,TERMINADO,SOBS-EJM-SUP-2026-172,"ARQUITECTURA Y DISE?O INTEGRAL AZVA, S. A. DE C. V.",,,,2026-06-13 18:13:51.821,PORTUGAL 09DJN0520G,0101000020E610000023DDCF29C8C958C0BCCADAA6788C3340,19.548716,-99.152842
504,PLATSOBSE_DGCOP_1_2_3_ESCUELAS_PONCIANO_ARRIAGA_09DES0175X_09DES0175X,17f23043-d1eb-484f-a5a5-57e5aaef369c,PRESIDENTE VICENTE ROCAFUERTE 09DPR0122Z,GUSTAVO A. MADERO,CHALMA DE GUADALUPE II,MICHOACAN,GUADALUPE Y ZACATECAS,https://maps.app.goo.gl/DmoAzENTSnVHEnDWA,ORIGINAL,JUAN HERNANDEZ,2/17/2026,2/17/2026,2025.0,"CONSTRUCCION, SUPERVISION Y PROYECTOS, S. A. DE C. V.",SOBS-EJM-P-2026-173,S179,11/19/2025,12/31/2025,70.94,EN PROCESO,SOBS-EJM-SUP-2026-173,"ARQUITECTURA Y DISE?O INTEGRAL AZVA, S. A. DE C. V.",,,,2026-06-13 18:13:51.821,PRESIDENTE VICENTE ROCAFUERTE 09DPR0122Z,0101000020E610000014799274CDC958C01F2FA4C3438C3340,19.547909,-99.153165
505,PLATSOBSE_DGCOP_1_2_3_ESCUELAS_AURELIO_MALDONADO_CEDILLO_09DPR2152G_09DPR2152G,345dc47c-e093-4cf4-911b-5faf60c62d53,PROFR. ARNULFO PEREZ HERNANDEZ 09DPR3243E,GUSTAVO A. MADERO,CHALMA DE GUADALUPE II,MICHOACAN MZ29,MICHOACAN Y QUERETARO,https://maps.app.goo.gl/5UL2AsjFRU1KP7es8,ORIGINAL,JUAN HERNANDEZ,2/17/2026,2/17/2026,2025.0,"CONSTRUCCION, SUPERVISION Y PROYECTOS, S. A. DE C. V.",SOBS-EJM-P-2026-174,S180,2025-11-19 00:00:00,2025-12-31 00:00:00,100.0,TERMINADO,SOBS-EJM-SUP-2026-174,"ARQUITECTURA Y DISENO INTEGRAL AZVA, S. A. DE C. V.",,,,2026-06-13 18:13:51.821,PROFR. ARNULFO PEREZ HERNANDEZ 09DPR3243E,0101000020E6100000DECCE847C3C958C043554CA59F8C3340,19.549311,-99.152544
506,PLATSOBSE_DGCOP_1_2_3_ESCUELAS_ESCUELA_PRIMARIA_INGENIERO_MIGUEL_BERNARD_09DPR2059A_09DPR2059A,f6029556-70a0-4a7b-a080-001691bbc5f9,PROFR. CARLOS SANDOVAL SEVILLA 09DPR0049G,XOCHIMILCO,SAN GREGORIO ATLAPULCO (PBLO),MIGUEL HIDALGO,AV. CUAUHTEMOC Y CDA LAZARO CARDENAS,https://maps.app.goo.gl/wq79Wj6DNdQS6e7q8,ORIGINAL,JUAN HERNANDEZ,2/17/2026,2/17/2026,2025.0,"PEREZ Y RAMIREZ CONSTRUCCIONES Y SERVICIOS S.A. DE C,V,",SOBS-EJM-P-2026-175,S181,,,97.4,EN PROCESO,SOBS-EJM-SUP-2026-175,RAMSE CONSTRUCCIONES S.A DE C.V.,,,,2026-06-13 18:13:51.821,PROFR. CARLOS SANDOVAL SEVILLA 09DPR0049G,0101000020E6100000BFF4F6E7A2C358C06E6DE179A9403340,19.252586,-99.056818
507,PLATSOBSE_DGCOP_1_2_3_ESCUELAS_MAESTROS_DE_MEXICO_09DPR2229E_09DPR2229E,5e96a74b-3dfd-46f5-b8c0-a948b6e34138,PROFR. EFREN NUNEZ MATA 09DPR3027P,CUAJIMALPA DE MORELOS,SAN MATEO TLALTENANGO (PBLO),MINA,ALLENDE Y MINA,https://maps.app.goo.gl/6dLxmNP4hdHJ4DVq5,ORIGINAL,JUAN HERNANDEZ,2/17/2026,2/17/2026,2025.0,"DECARA SOLUCIONES, S.A. DE C.V.",SOBS-EJM-P-2026-176,S182,11/19/2025,12/31/2025,70.53,EN PROCESO,SOBS-EJM-SUP-2026-176,"MEXICANA DE CONSTRUCCI?N MART?NEZ MONTIEL, S. A. DE C. V.",,,,2026-06-13 18:13:51.821,PROFR. EFREN NUNEZ MATA 09DPR3027P,0101000020E610000093E4B9BE0FD258C0CBA2B08BA2573340,19.342324,-99.282211
508,PLATSOBSE_DGCOP_1_2_3_ESCUELAS_PORTUGAL_09DJN0520G_09DJN0520G,400aec12-40a1-4758-b8c5-cfdd0fb0e737,PROFR. ELISEO BANDALA FERNANDEZ 09DPR3091Q,CUAJIMALPA DE MORELOS,SAN MATEO TLALTENANGO (PBLO),MINA,MINA Y MINA,https://maps.app.goo.gl/Fgr8Yiu2y8jK9AWN8,ORIGINAL,JUAN HERNANDEZ,2/17/2026,2/17/2026,2025.0,"DECARA SOLUCIONES, S.A. DE C.V.",SOBS-EJM-P-2026-177,S183,11/19/2025,12/31/2025,53.0,EN PROCESO,SOBS-EJM-SUP-2026-177,"MEXICANA DE CONSTRUCCI?N MART?NEZ MONTIEL, S. A. DE C. V.",,,,2026-06-13 18:13:51.821,PROFR. ELISEO BANDALA FERNANDEZ 09DPR3091Q,0101000020E610000060764F1E16D258C0882EA86F99573340,19.342185,-99.2826
509,PLATSOBSE_DGCOP_1_2_3_ESCUELAS_SECUNDARIA_FEDERAL_09DES0339Q_09DES0339Q,582004f4-0cb5-4a67-b6fa-1d93a7bd80ce,PROFR. ISIDRO C. TORRES MORENO 09DPR1673H,CUAJIMALPA DE MORELOS,SAN MATEO TLALTENANGO (PBLO),MINA,MINA Y MINA,https://maps.app.goo.gl/qZG9zP5DXtNqP5qa8,ORIGINAL,JUAN HERNANDEZ,2/17/2026,2/17/2026,2025.0,"DECARA SOLUCIONES, S.A. DE C.V.",SOBS-EJM-P-2026-178,S184,11/19/2025,12/31/2025,27.65,EN PROCESO,SOBS-EJM-SUP-2026-178,"MEXICANA DE CONSTRUCCI?N MART?NEZ MONTIEL, S. A. DE C. V.",,,,2026-06-13 18:13:51.821,PROFR. ISIDRO C. TORRES MORENO 09DPR1673H,0101000020E610000099F221A81AD258C0A0E1CD1ABC573340,19.342714,-99.282877
510,PLATSOBSE_DGCOP_1_2_3_ESCUELAS_VICENTE_GUERRERO_09DPR1779A_09DPR1779A,93ec6467-3c9f-488e-af1e-4aa429a647ea,PROFR. JOSE ROMERO Y FUENTES 09DPR2817U,CUAJIMALPA DE MORELOS,SAN MATEO TLALTENANGO (PBLO),MINA,HIDALGO Y ALLENDE,https://maps.app.goo.gl/ksxqzchARFvHFrde8,ORIGINAL,JUAN HERNANDEZ,2/17/2026,2/17/2026,2025.0,"DECARA SOLUCIONES, S.A. DE C.V.",SOBS-EJM-P-2026-179,S185,11/19/2025,12/31/2025,100.0,TERMINADO,SOBS-EJM-SUP-2026-179,"MEXICANA DE CONSTRUCCI?N MART?NEZ MONTIEL, S. A. DE C. V.",,,,2026-06-13 18:13:51.821,PROFR. JOSE ROMERO Y FUENTES 09DPR2817U,0101000020E6100000F4346090F4D158C0C53C2B69C5573340,19.342856,-99.280552
511,PLATSOBSE_DGCOP_1_2_3_ESCUELAS_ESCUELA_SECUNDARIA_TECNICA_73_09DST0073S_09DST0073S,d7f9395e-b968-4b2d-b292-a77c8e4e87a3,PROFR. MAXIMILIANO MOLINA FUENTE 09DPR5147P,CUAJIMALPA DE MORELOS,SAN LORENZO ACOPILCO (PBLO),MONERUCO,MONERUCO,https://maps.app.goo.gl/FMxAk4fFXRgPE9Gi8,ORIGINAL,PAULA LOPEZ,2/17/2026,2/17/2026,2025.0,"FABETY DISE?O Y CONSTRUCCION, S.A. DE C V.",SOBS-EJM-P-2026-180,S186,11/19/2025,12/31/2025,100.0,TERMINADO,SOBS-EJM-SUP-2026-180,"MEXICANA DE CONSTRUCCI?N MART?NEZ MONTIEL, S. A. DE C. V.",,,,2026-06-13 18:13:51.821,PROFR. MAXIMILIANO MOLINA FUENTE 09DPR5147P,0101000020E610000061191BBAD9D458C0887FD8D2A3553340,19.334531,-99.325789
512,PLATSOBSE_DGCOP_1_2_3_ESCUELAS_JOSEFA_MURILLO_09DJN0478H_09DJN0478H,1bdc1fcb-4c88-4bae-8d47-a8d13c254c79,PROFR. PEDRO LOREDO ORTEGA 09DPR2640X,VENUSTIANO CARRANZA,MORELOS I,NICOLAS BRAVO,NACIONAL Y C. DE JOSE JOSE JOAQUIN DE HERRERA,https://maps.app.goo.gl/eDiVwynW98r14SnA9,ORIGINAL,PAULA LOPEZ,2/17/2026,2/17/2026,2025.0,"CORPORACION CONSTRUCTORA AVE FENIX, S. A. DE C. V.",SOBS-EJM-P-2026-181,S187,11/20/2025,12/31/2025,100.0,TERMINADO,SOBS-EJM-SUP-2026-181,"SARMIENTO Y ASOCIADOS INGENIER?A, S. A. DE C. V.",,,,2026-06-13 18:13:51.821,PROFR. PEDRO LOREDO ORTEGA 09DPR2640X,0101000020E6100000E085ADD9CAC758C0904AB1A371703340,19.439234,-99.121756
513,PLATSOBSE_DGCOP_1_2_3_ESCUELAS_LUIS_DE_LA_ROSA_09DPR2486U_09DPR2486U,5a3fe73a-999c-47e9-8064-bc38c65e9973,PROFR. RUBEN MOREIRA COBOS 09DPR3168O,VENUSTIANO CARRANZA,MORELOS I,NICOLAS BRAVO,C. DE JOSE JOAQUIN DE HERRERA Y LECUMBERRI,https://maps.app.goo.gl/VUN8UdJHTWhKBHX46,ORIGINAL,PAULA LOPEZ,2/17/2026,2/17/2026,2025.0,"BEGADA CONSTRUCCION,S. A. DE C. V.",SOBS-EJM-P-2026-182,S188,11/19/2025,12/31/2025,100.0,TERMINADO,SOBS-EJM-SUP-2026-182,"MSM-SOLUCIONES, S. A. DE C. V.",,,,2026-06-13 18:13:51.821,PROFR. RUBEN MOREIRA COBOS 09DPR3168O,0101000020E61000000342EBE1CBC758C05073F22213703340,19.437792,-99.121819
514,PLATSOBSE_DGCOP_1_2_3_ESCUELAS_DEFENSORES_DE_LA_REPUBLICA_09DPR1574H_09DPR1574H,d554c8f5-9275-4a9d-bc09-ae283a9e8ea8,PROFR. SALVADOR VARELA RESENDIZ 09DPR2594B,GUSTAVO A. MADERO,DEFENSORES DE LA REPUBLICA,NTE. 3,PTE 106 Y PTE 108,https://maps.app.goo.gl/JmCAxExcbjvoWB7dA,ORIGINAL,PAULA LOPEZ,2/17/2026,2/17/2026,2025.0,"CONSTRUCCIONES Y EDIFICACIONES TAPALPA, S. A. DE C. V.",SOBS-EJM-P-2026-183,S189,2025-11-19 00:00:00,2025-12-31 00:00:00,91.0,EN PROCESO,SOBS-EJM-SUP-2026-183,"ARQUITECTURA, INGENIER?A MECANICA GRIJALVA, S. A. DE C. V.",,,,2026-06-13 18:13:51.821,PROFR. SALVADOR VARELA RESENDIZ 09DPR2594B,0101000020E61000008369183E22C958C07FBF982D59793340,19.474017,-99.142715
515,PLATSOBSE_DGCOP_1_2_3_ESCUELAS_BENITO_JUAREZ_09DPR2241Z_09DPR2241Z,348c343e-b598-46be-88aa-cefaa9ffc879,PROFR. TADEO DE LA GARZA GUTIERREZ 09DJN0010E,CUAJIMALPA DE MORELOS,SAN LORENZO ACOPILCO (PBLO),OCAMPO,PROLONGACION DE OCAMPO Y 8 DE MARZO,https://maps.app.goo.gl/dsc1kiSun7FJCp6b7,ORIGINAL,PAULA LOPEZ,2/17/2026,2/17/2026,2025.0,"GEUR INGENIERIA, S.A. DE C.V.",SOBS-EJM-P-2026-184,S190,2025-11-19 00:00:00,2025-12-31 00:00:00,88.95,EN PROCESO,SOBS-EJM-SUP-2026-184,"MEXICANA DE CONSTRUCCI?N MART?NEZ MONTIEL, S. A. DE C. V.",,,,2026-06-13 18:13:51.821,PROFR. TADEO DE LA GARZA GUTIERREZ 09DJN0010E,0101000020E6100000FEB4519D0ED558C0919A7631CD543340,19.331256,-99.329017
516,PLATSOBSE_DGCOP_1_2_3_ESCUELAS_DOMINGO_F_SARMIENTO_09DPR0985C_09DPR0985C,cb59b616-8da2-4295-a680-c379e606da9a,PROFR. VICTOR MANUEL MANZANO DELGADO 09DPR2676L,VENUSTIANO CARRANZA,EL PARQUE,ORIENTE,OTE 26 Y STAND DE TIRO,https://maps.app.goo.gl/Uj9sQDjffSoMsmM96,ORIGINAL,PAULA LOPEZ,2/17/2026,2/17/2026,2025.0,"CORPORACION CONSTRUCTORA AVE FENIX, S. A. DE C. V.",SOBS-EJM-P-2026-185,S191,2025-11-20 00:00:00,2025-12-31 00:00:00,81.0,EN PROCESO,SOBS-EJM-SUP-2026-185,"SARMIENTO Y ASOCIADOS INGENIER?A, S. A. DE C. V.",,,,2026-06-13 18:13:51.821,PROFR. VICTOR MANUEL MANZANO DELGADO 09DPR2676L,0101000020E6100000828B153598C758C0475A2A6F476C3340,19.422965,-99.118665
517,PLATSOBSE_DGCOP_1_2_3_ESCUELAS_PROFRA_ELMIRA_ROCHA_GARCIA_09DPR2495B_09DPR2495B,95a5d1dc-425e-4838-a6e4-29faf86177c4,PROFR. VICTORIANO GONZALEZ GARZON 09DPR3082I,AZCAPOTZALCO,EL ROSARIO C (U HAB),OSA MAYOR,CINCEL Y RENACIMIENTO,https://maps.app.goo.gl/FnJ2JPPzV1ZiDkth9,ORIGINAL,PAULA LOPEZ,2/17/2026,2/17/2026,2025.0,"R.D.S. MAQUINARIA Y EQUIPO DE CONSTRUCCION, S.A. DE C.V.",SOBS-EJM-P-2026-186,S192,11/21/2025,01/19/2026,100.0,TERMINADO,SOBS-EJM-SUP-2026-186,"ARQUITECTURA INGENIER?A MEC?NICA GRIJALVA, S.A. DE C.V.",,,,2026-06-13 18:13:51.821,PROFR. VICTORIANO GONZALEZ GARZON 09DPR3082I,0101000020E6100000F7065F984CCD58C04B598638D6813340,19.507175,-99.2078
518,PLATSOBSE_DGCOP_1_2_3_ESCUELAS_BLAS_GALINDO_09DES0314H_09DES0314H,9492a2d6-9f9f-448d-afd2-d5c68af7ba17,PROFR. Y LIC. GENARO V. VAZQUEZ QUIROZ 09DPR3200G,IZTAPALAPA,LOMAS DE SAN LORENZO II,PALMAS,CERRITO Y AV. 2,https://maps.app.goo.gl/pfAaH35DBdczk5d38,ORIGINAL,PAULA LOPEZ,2/17/2026,2/17/2026,2025.0,ELEMET CONSTRUCCIONE S. DE R. L. DE C.V.,SOBS-EJM-P-2026-187,S193,2025-11-20 00:00:00,2025-12-31 00:00:00,100.0,TERMINADO,SOBS-EJM-SUP-2026-187,"MSM-SOLUCIONES, S. A. DE C. V.",,,,2026-06-13 18:13:51.821,PROFR. Y LIC. GENARO V. VAZQUEZ QUIROZ 09DPR3200G,0101000020E61000001268B0A9F3C358C0CE6F986890523340,19.322516,-99.061747
519,PLATSOBSE_DGCOP_1_2_3_ESCUELAS_GUADALUPE_VICTORIA_09DES0268M_09DES0268M,4f039e7a-d688-4d3a-80fa-e14e15b814d9,PROFRA. CONCEPCION TARAZAGA COLOMER 09DPR4008H,IZTACALCO,BARRIO SAN MIGUEL AMAC,PASCUAL OROZCO,PASCUAL OROZCO Y SAN ISIDRO,https://maps.app.goo.gl/d7EivfqFa5P1qRTv6,ORIGINAL,PAULA LOPEZ,2/17/2026,2/17/2026,2025.0,"ARQUITECTURA MONUMENTAL, S.A. DE C.V.",SOBS-EJM-P-2026-188,S194,11/21/2025,01/19/2026,100.0,TERMINADO,SOBS-EJM-SUP-2026-188,GRUPO CONSTRUCTOR REAMLI S.A. DE C.V.,,,,2026-06-13 18:13:51.821,PROFRA. CONCEPCION TARAZAGA COLOMER 09DPR4008H,0101000020E6100000AF05BD3786C758C032C7F2AE7A643340,19.392497,-99.117567
520,PLATSOBSE_DGCOP_1_2_3_ESCUELAS_ING_JOAQUIN_GALLO_MONTERRUBIO_09DPR0943D_09DPR0943D,d1ff070a-ebdf-420c-bccf-193aade81539,PROFRA. ELMIRA ROCHA GARCIA 09DPR2495B,IZTACALCO,BARRIO SAN MIGUEL AMAC,PASCUAL OROZCO,FRANCISCO I MADERO Y CUAUHTEMOC,https://maps.app.goo.gl/M7ogaMhLn9P3WVLVA,ORIGINAL,PAULA LOPEZ,2/17/2026,2/17/2026,2025.0,"ARQUITECTURA MONUMENTAL, S.A. DE C.V.",SOBS-EJM-P-2026-189,S195,11/21/2025,01/19/2026,88.1,EN PROCESO,SOBS-EJM-SUP-2026-189,GRUPO CONSTRUCTOR REAMLI S.A. DE C.V.,,,,2026-06-13 18:13:51.821,PROFRA. ELMIRA ROCHA GARCIA 09DPR2495B,0101000020E610000011C4793881C758C098FBE42840643340,19.391604,-99.117262
521,PLATSOBSE_DGCOP_1_2_3_ESCUELAS_MEXITLI_09DJN0067F_09DJN0067F,16d2e614-819d-4140-9983-2624a3f8294a,PROFRA. EMMA OLGUIN HERMIDA 09DJN0415W,IZTACALCO,BARRIO SAN MIGUEL AMAC,PASCUAL OROZCO,FRANCISCO I MADERO Y JULIO GARCIA,https://maps.app.goo.gl/1kvReeGgJztTxVeE8,ORIGINAL,PAULA LOPEZ,2/17/2026,2/17/2026,2025.0,CONSORCIO CONSTRUCTOR DOBLE AA S. A. DE C. V.,SOBS-EJM-P-2026-190,S196,11/21/2025,01/30/2026,60.0,EN PROCESO,SOBS-EJM-SUP-2026-190,"CONSTRUCCIONES Y PROYECTOS RUZALDE, S.A. DE C.V.",,,,2026-06-13 18:13:51.821,PROFRA. EMMA OLGUIN HERMIDA 09DJN0415W,0101000020E61000002079E75086C758C0950ED6FF39643340,19.39151,-99.117573
522,PLATSOBSE_DGCOP_1_2_3_ESCUELAS_IGNACIO_RAMIREZ_09DJN0483T_09DJN0483T,50f8922f-2207-41e1-8e68-c809f8ee0644,PROFRA. GUADALUPE CENICEROS DE ZAVALETA 09DJN0440V,XOCHIMILCO,SAN PEDRO (BARR),PEDRO RAMIREZ DEL CASTILLO,FRANCISCO GOITA Y CALLE CUITLAHUAC,https://maps.app.goo.gl/Qv2uv9A1kutuTfK4A,ORIGINAL,PAULA LOPEZ,2/17/2026,2/17/2026,2025.0,"SEGIVAN, S. A. DE C. V.",SOBS-EJM-P-2026-191,S197,11/19/2025,12/31/2025,22.52,EN PROCESO,SOBS-EJM-SUP-2026-191,"CONSTRUCCIONES Y PROYECTOS RUZALDE, S. A. DE C. V.",,,,2026-06-13 18:13:51.821,PROFRA. GUADALUPE CENICEROS DE ZAVALETA 09DJN0440V,0101000020E6100000DE3AFF76D9C658C0A69883A0A3413340,19.256403,-99.107023
523,PLATSOBSE_DGCOP_1_2_3_ESCUELAS_EDUARDO_CLAPAREDE_09DJN0390D_09DJN0390D,406bb1b8-9e4d-4bae-9ed3-47daf168cce1,PROFRA. ROSA NAVARRO 09DPR3169N,AZCAPOTZALCO,EL ROSARIO C (U HAB),PLANETAS,PLANETAS Y JACARANDAS,https://maps.app.goo.gl/UADAZSXBE5SfyBgh6,ORIGINAL,PAULA LOPEZ,2/17/2026,2/17/2026,2025.0,CONSTRUCCIONES Y SERVICIOS VIDDA JIREH S.A. DE C. V.,SOBS-EJM-P-2026-192,S198,2025-11-21 00:00:00,2026-01-30 00:00:00,21.68,EN PROCESO,SOBS-EJM-SUP-2026-192,"ARQUITECTURA INGENIER?A MEC?NICA GRIJALVA, S.A. DE C.V.",,,,2026-06-13 18:13:51.821,PROFRA. ROSA NAVARRO 09DPR3169N,0101000020E610000055F65D11FCCC58C0A30227DBC0813340,19.506849,-99.202885
548,PLATSOBSE_DGCOP_1_2_3_ESCUELAS_NINOS_HEROES_09DPR4515M_09DPR4515M,3270d2c4-97ec-4527-8a0a-4a3623ae740e,SITIO DE CUAUTLA 09DPR0020B,CUAJIMALPA DE MORELOS,LOMA DEL PADRE,STA. RITA,STA. RITA C. CAM. A CHAMIXTO,https://maps.app.goo.gl/CHqz2FBJgaAf9eVUA,ORIGINAL,PAULA LOPEZ,2/17/2026,2/17/2026,2025.0,"TRES D' ARQUITECTUA CREATIVA, S.A DE C.V.",SOBS-EJM-P-2026-193,S199,11/21/2025,01/19/2026,100.0,TERMINADO,SOBS-EJM-SUP-2026-193,GRUPO CONSTRUCTOR REAMLI S.A. DE C.V.,,,,2026-06-13 18:13:51.821,SITIO DE CUAUTLA 09DPR0020B,0101000020E6100000BF1072DEFFD358C082C64CA25E583340,19.345194,-99.312492
524,PLATSOBSE_DGCOP_1_2_3_ESCUELAS_CENTRO_DE_ATENCION_MULTIPLE_NO_105_09DML0139H_09DML0139H,669d5f27-75e8-4e36-92fe-f73bda2b130a,PROFRA. ROSA TORRE GONZALEZ 09DPR2446T,IZTACALCO,PANTITLAN V,PRIV. JUAN DE LA LUZ ENRIQUEZ,PRIV DE SAN JUAN DE LA LUZ ENRIQUEZ Y CALLE 5,https://maps.app.goo.gl/tdHA97fEcer1WcgE7,ORIGINAL,PAULA LOPEZ,2/17/2026,2/17/2026,2025.0,"CONSTRUCTORES Y SUPERVISORES UNIDOS, S. A. DE C. V.",SOBS-EJM-P-2026-194,S200,2025-11-19 00:00:00,2025-12-31 00:00:00,94.85,EN PROCESO,SOBS-EJM-SUP-2026-194,"DAKI ARQUITECTURA, S. A. DE C. V.",,,,2026-06-13 18:13:51.821,PROFRA. ROSA TORRE GONZALEZ 09DPR2446T,0101000020E61000001DC87A6AF5C358C08944A165DD673340,19.405722,-99.061854
525,PLATSOBSE_DGCOP_1_2_3_ESCUELAS_AMALIA_GLEZ_CABALLERO_DE_CASTILLO_LEDON_09DJN1192K_09DJN1192K,37d04694-e3da-4a10-b464-f51d797a99c8,PUERTO DE ALVARADO 09DES0181H,IZTACALCO,PANTITLAN III,PRIVADA AV. NORTE,COMUNAL Y AGUACALIENTE,https://maps.app.goo.gl/i8ihKom7FmunAyqH9,ORIGINAL,PAULA LOPEZ,2/17/2026,2/17/2026,2025.0,"CONSTRUCCIONES ORENSE, S.A. DE C.V.",SOBS-EJM-P-2026-195,S201,2025-11-20 00:00:00,2025-12-31 00:00:00,100.0,TERMINADO,SOBS-EJM-SUP-2026-195,"RAMSE CONSTRUCCIONES, S.A. DE C.V.",,,,2026-06-13 18:13:51.821,PUERTO DE ALVARADO 09DES0181H,0101000020E6100000BC3E73D6A7C458C0959D7E5017693340,19.410512,-99.072744
526,PLATSOBSE_DGCOP_1_2_3_ESCUELAS_ARTEMIO_DE_VALLE_ARIZPE_09DPR2313C_09DPR2313C,d8b8f009-6453-4a2e-8f32-26bfbf593143,RABINDRANATH TAGORE 09DES0121T,VENUSTIANO CARRANZA,EL PARQUE,PRIVADA CUCURPE,C. 1847 Y C. 1910,https://maps.app.goo.gl/UiA79UngyMmrpBZx9,ORIGINAL,PAULA LOPEZ,2/17/2026,2/17/2026,2025.0,"CONSTRUCTORA Y DESARROLLADORA MEGANA, S. A. DE C. V.",SOBS-EJM-P-2026-196,S202,2025-11-20 00:00:00,2025-12-31 00:00:00,76.03,EN PROCESO,SOBS-EJM-SUP-2026-196,"TOGLE CONSTRUCCIONES, SUPERVISION Y PROYECTOS DE OBRA, S. A. DE C. V.",,,,2026-06-13 18:13:51.821,RABINDRANATH TAGORE 09DES0121T,0101000020E61000006C97361C96C758C00DA7CCCD376A3340,19.414914,-99.118537
527,PLATSOBSE_DGCOP_1_2_3_ESCUELAS_SECUNDARIA_FEDERAL_09DES0337S_09DES0337S,eb0b5c8e-5d63-420b-b63e-1926b57c5fb9,RAFAEL MOLINA BETANCOURT 09DES0186C,XOCHIMILCO,LA GUADALUPITA (BARR),PROL. JOSEFA ORTIZ DE DOMINGUEZ,PROL. JOSEFA ORTIZ DE DOMINGUEZ E HIDALGO,https://maps.app.goo.gl/4yHLEMavyWRydcmM6,ORIGINAL,PAULA LOPEZ,2/17/2026,2/17/2026,2025.0,COORDINACION DE INGENIERIA Y ARQUITECTURA MONTANO,SOBS-EJM-P-2026-197,S203,11/19/2025,12/31/2025,100.0,TERMINADO,SOBS-EJM-SUP-2026-197,"CONSTRUCCIONES Y PROYECTOS RUZALDE, S. A. DE C. V.",,,,2026-06-13 18:13:51.821,RAFAEL MOLINA BETANCOURT 09DES0186C,0101000020E61000006552431B80C658C0C03E3A75E5433340,19.26522,-99.101569
528,PLATSOBSE_DGCOP_1_2_3_ESCUELAS_ESCUELA_SECUNDARIA_DIURNA_OCELOTL_09DES0290O_09DES0290O,572b78b1-84d6-4ada-9fd4-d8e3e23f0139,RAFAELA SUAREZ 09DPR1685M,XOCHIMILCO,SANTA CRUZ ACALPIXCA (PBLO),PROLONGACION 2 DE ABRIL,PROL. 2 DE ABRIL,https://maps.app.goo.gl/DyZLTGtrBr5S8hPS7,ORIGINAL,PAULA LOPEZ,2/17/2026,2/17/2026,2025.0,"PEREZ Y RAMIREZ CONSTRUCCIONES Y SERVICIOS S.A. DE C,V,",SOBS-EJM-P-2026-198,S204,,,100.0,TERMINADO,SOBS-EJM-SUP-2026-198,RAMSE CONSTRUCCIONES S.A DE C.V.,,,,2026-06-13 18:13:51.821,RAFAELA SUAREZ 09DPR1685M,0101000020E6100000D190F12895C458C02A58E36C3A3E3340,19.243079,-99.071604
529,PLATSOBSE_DGCOP_1_2_3_ESCUELAS_PROFR_EFREN_NUNEZ_MATA_09DPR3027P_09DPR3027P,f10ca10f-5270-4871-a204-cb731a6adea1,REPUBLICA ARABE UNIDA 09DPR2708N,TLALPAN,MIGUEL HIDALGO,QUERETARO,LEONA VICARIO Y GUADALAJARA,https://maps.app.goo.gl/ycqDQU4GjMQrwpqT6,ORIGINAL,PAULA LOPEZ,2/17/2026,2/17/2026,2025.0,"DUGAF ASESORES Y CONSTRUCTORES, S.A. DE C.V.",SOBS-EJM-P-2026-199,S205,11/21/2025,01/19/2026,100.0,TERMINADO,SOBS-EJM-SUP-2026-199,"GRUPO CONSTRUCTOR JOJA, S.A. DE C.V.",,,,2026-06-13 18:13:51.821,REPUBLICA ARABE UNIDA 09DPR2708N,0101000020E6100000F92CCF83BBCB58C060048D9944493340,19.286203,-99.18332
530,PLATSOBSE_DGCOP_1_2_3_ESCUELAS_YURI_A_GAGARIN_09DES0173Z_09DES0173Z,9c5d63d9-7d0a-4bb5-a52c-f0bfbecde243,REPUBLICA ARGENTINA 09DES0123R,TLALPAN,MIGUEL HIDALGO,QUERETARO,QUERETARO Y LEONA VICARIO,https://maps.app.goo.gl/fd72HUsjrv41DXDRA,ORIGINAL,PAULA LOPEZ,2/17/2026,2/17/2026,2025.0,"DUGAF ASESORES Y CONSTRUCTORES, S.A. DE C.V.",SOBS-EJM-P-2026-200,S206,11/21/2025,01/19/2026,100.0,TERMINADO,SOBS-EJM-SUP-2026-200,"GRUPO CONSTRUCTOR JOJA, S.A. DE C.V.",,,,2026-06-13 18:13:51.821,REPUBLICA ARGENTINA 09DES0123R,0101000020E610000061C5A9D6C2CB58C077F86BB246493340,19.286235,-99.183767
531,PLATSOBSE_DGCOP_1_2_3_ESCUELAS_HERMENEGILDO_GALEANA_09DPR1085S_09DPR1085S,66fa0a30-2e19-4306-b415-c5ed2ebc95c9,REPUBLICA DE ARGELIA 09DPR2312D,VENUSTIANO CARRANZA,PUEBLO PEÑON DE LOS BAÑOS,QUETZALCOATL,ENTRE MALDITE MARQUEZ Y CHIMALHUACAN,https://maps.app.goo.gl/z4Kazut1FatBHskv7,ORIGINAL,PAULA LOPEZ,2/17/2026,2/17/2026,2025.0,"CORPORACION CONSTRUCTORA AVE FENIX, S. A. DE C. V.",SOBS-EJM-P-2026-201,S207,11/20/2025,12/31/2025,100.0,TERMINADO,SOBS-EJM-SUP-2026-201,"SARMIENTO Y ASOCIADOS INGENIER?A, S. A. DE C. V.",,,,2026-06-13 18:13:51.821,REPUBLICA DE ARGELIA 09DPR2312D,0101000020E61000006EA5D76663C558C027F6D03E56703340,19.438816,-99.084192
532,PLATSOBSE_DGCOP_1_2_3_ESCUELAS_HERMINIO_KENNY_09DJN0787M_09DJN0787M,d48920c4-a285-433a-b3a5-9a1abfa84e3b,REPUBLICA DE COLOMBIA 09DES0081I,AZCAPOTZALCO,SAN ANDRES (PBLO),REFINERIA MINATITLAN,CAMPO ESCOLIN Y CAMPO ARROYO CLARO,https://maps.app.goo.gl/VkHboYKjT4xiqU6R8,ORIGINAL,PAULA LOPEZ,2/17/2026,2/17/2026,2025.0,"GRUPO ALMEM, S. A. DE C. V.",SOBS-EJM-P-2026-202,S208,11/19/2025,12/31/2025,70.75,EN PROCESO,SOBS-EJM-SUP-2026-202,"GRUPO CONSTRUCTOR REAMLI, S. A. DE C. V.",,,,2026-06-13 18:13:51.821,REPUBLICA DE COLOMBIA 09DES0081I,0101000020E61000006F490ED8D5CB58C0452DCDAD107E3340,19.492442,-99.184927
533,PLATSOBSE_DGCOP_1_2_3_ESCUELAS_HEROES_DEL_SUR_09DPR1641P_09DPR1641P,3020a618-508a-40de-95fb-c57a3abf90f8,REPUBLICA DE COSTA RICA 09DPR1792V,AZCAPOTZALCO,SAN ANDRES (PBLO),REFINERIA MINATITLAN,CAMPO TRUJILLO Y CAMPO LOMITAS,https://maps.app.goo.gl/zbAzAyPd76VGkRka7,ORIGINAL,PAULA LOPEZ,2/17/2026,2/17/2026,2025.0,"GRUPO ALMEM, S. A. DE C. V.",SOBS-EJM-P-2026-203,S209,11/19/2025,12/31/2025,48.63,EN PROCESO,SOBS-EJM-SUP-2026-203,"GRUPO CONSTRUCTOR REAMLI, S. A. DE C. V.",,,,2026-06-13 18:13:51.821,REPUBLICA DE COSTA RICA 09DPR1792V,0101000020E61000008C118942CBCB58C0F12A6B9BE27D3340,19.491739,-99.184281
534,PLATSOBSE_DGCOP_1_2_3_ESCUELAS_TONATIUH_09DJN0303S_09DJN0303S,457d3299-c57d-4c53-8319-354c5c53ae37,REPUBLICA DE HONDURAS 09DES0060W,CUAUHTEMOC,CENTRO III,REPUBLICA DE GUATEMALA,MANUEL DOBLADO Y LEONA VICARIO,https://maps.app.goo.gl/DMtP4Sr8PYR22aG3A,ORIGINAL,PAULA LOPEZ,2/17/2026,2/17/2026,2025.0,"R.D.S. MAQUINARIA Y EQUIPO DE CONSTRUCCION, S.A. DE C.V.",SOBS-EJM-P-2026-204,S210,11/19/2025,12/31/2025,100.0,TERMINADO,SOBS-EJM-SUP-2026-204,"INGENIER?A ESPECIALIZADA EDUMER, S. A. DE C. V.",,,,2026-06-13 18:13:51.821,REPUBLICA DE HONDURAS 09DES0060W,0101000020E6100000B98D06F016C858C0DCB75A272E6F3340,19.434298,-99.1264
535,PLATSOBSE_DGCOP_1_2_3_ESCUELAS_MIXCOATL_09DPR2914W_09DPR2914W,36677220-df73-4f47-8f0f-d982a7a24b9f,REPUBLICA DE MADAGASCAR 09DPR2090K,IZTAPALAPA,LOMAS DE SAN LORENZO I,RIO ATOYAC,AV. 3 Y PENSAMIENTO,https://maps.app.goo.gl/d1K986jXDYW1Anxh9,ORIGINAL,PAULA LOPEZ,2/17/2026,2/17/2026,2025.0,"PTAH INFRAESTRUCTURA ARQUITECTONICA, S.A. DE C.V.",SOBS-EJM-P-2026-205,S211,11/20/2025,12/31/2025,95.45,EN PROCESO,SOBS-EJM-SUP-2026-205,"SESOCORT, S. A. DE C. V.",,,,2026-06-13 18:13:51.821,REPUBLICA DE MADAGASCAR 09DPR2090K,0101000020E6100000ACE0B721C6C358C08884EFFD0D523340,19.320526,-99.058968
536,PLATSOBSE_DGCOP_1_2_3_ESCUELAS_PROFR_CARLOS_SANDOVAL_SEVILLA_09DPR0049G_09DPR0049G,1b76a411-f012-47e6-aab1-234154c8322a,REPUBLICA DE RUANDA 09DPR0918E,IZTAPALAPA,PASEOS DE CHURUBUSCO,RIO MIXTECO,RIO SOTO LA MARINA Y RIO MIXTECO,https://maps.app.goo.gl/PCApawVQXuuaXT95A,ORIGINAL,PAULA LOPEZ,2/17/2026,2/17/2026,2025.0,"PTAH INFRAESTRUCTURA ARQUITECTONICA, S.A. DE C.V.",SOBS-EJM-P-2026-206,S212,11/20/2025,12/31/2025,100.0,TERMINADO,SOBS-EJM-SUP-2026-206,"SESOCORT, S. A. DE C. V.",,,,2026-06-13 18:13:51.821,REPUBLICA DE RUANDA 09DPR0918E,0101000020E6100000738C1A0236C558C0E531DA15C0623340,19.385743,-99.081421
537,PLATSOBSE_DGCOP_1_2_3_ESCUELAS_ESTADO_DE_NUEVO_LEON_09DPR1614S_09DPR1614S,1bf0ae3a-5724-4aa0-a471-51b45326315b,REPUBLICA DE URUGUAY 09DJN1193J,AZCAPOTZALCO,CLAVERIA,RIO NILO,TEXCOCO Y MARAVATIO,https://maps.app.goo.gl/TqB59cgjPAYvR7tb7,ORIGINAL,PAULA LOPEZ,2/17/2026,2/17/2026,2025.0,"GARILLA INGENIERIA SUSTENTABLE, S. A. DE C. V.",SOBS-EJM-P-2026-207,S213,11/19/2025,12/31/2025,100.0,TERMINADO,SOBS-EJM-SUP-2026-207,"ARQUITECTURA Y DISE?O INTEGRAL AZVA, S. A. DE C. V.",,,,2026-06-13 18:13:51.821,REPUBLICA DE URUGUAY 09DJN1193J,0101000020E61000001BD6541685CB58C05262D7F676773340,19.466659,-99.179998
538,PLATSOBSE_DGCOP_1_2_3_ESCUELAS_COMODORO_MANUEL_AZUETA_PERILLOS_09DPR1680R_09DPR1680R,72902e4e-90bd-414f-a296-715ae350d6f1,REPUBLICA FEDERAL DE ALEMANIA 09DPR0923Q,MIGUEL HIDALGO,NUEVA ARGENTINA (ARGENTINA PONIENTE),RIO URUGUAY,RIO DE LA PLATA Y RIO URUGUAY,https://maps.app.goo.gl/k13TDq9rC1iNKL9K8,ORIGINAL,PAULA LOPEZ,2/17/2026,2/17/2026,2025.0,"INGENIERIA TOTAL ESPECIALIZADA, S.A. DE C.V",SOBS-EJM-P-2026-208,S214,2025-11-19 00:00:00,2025-12-31 00:00:00,100.0,TERMINADO,SOBS-EJM-SUP-2026-208,"SESOCORT, S. A. DE C. V.",,,,2026-06-13 18:13:51.821,REPUBLICA FEDERAL DE ALEMANIA 09DPR0923Q,0101000020E6100000F0BE2A172ACD58C03BA92F4B3B753340,19.457936,-99.205694
539,PLATSOBSE_DGCOP_1_2_3_ESCUELAS_MAO_TSE_TUNG_09DPR2424H_09DPR2424H,e1126da1-6468-44c5-b4b0-23b6d4cfb464,REPUBLICA MEXICANA 09DES0103D,IZTACALCO,CAMPAMENTO 2 DE OCTUBRE I,SANTOS DEGOLLADO,VALENTIN GOMEZ FARIAS Y GUILLERMO PRIETO,https://maps.app.goo.gl/Nkr4s3ZoQvU7Svi19,ORIGINAL,PAULA LOPEZ,2/17/2026,2/17/2026,2025.0,"GRUPO DN, S. A. DE C.V.",SOBS-EJM-P-2026-209,S215,11/20/2025,12/31/2025,95.0,EN PROCESO,SOBS-EJM-SUP-2026-209,"SESOCORT, S. A. DE C. V.",,,,2026-06-13 18:13:51.821,REPUBLICA MEXICANA 09DES0103D,0101000020E610000042EBE1CB44C758C03B38D89B18623340,19.383188,-99.113574
540,PLATSOBSE_DGCOP_1_2_3_ESCUELAS_FRANCISCO_GOITIA_09DJN0641S_09DJN0641S,363d3b42-0771-471a-8a76-5dd9618df3fc,ROBERTO KOCH 09DJN0525B,XOCHIMILCO,SAN PEDRO (BARR),SELVA,AV. JOSE MARIA MORELOS Y C. SELVA,https://maps.app.goo.gl/K5ihVyjUQJRJxWbK7,ORIGINAL,PAULA LOPEZ,2/17/2026,2/17/2026,2025.0,"SEGIVAN, S. A. DE C. V.",SOBS-EJM-P-2026-210,S216,11/19/2025,12/31/2025,22.27,EN PROCESO,SOBS-EJM-SUP-2026-210,"CONSTRUCCIONES Y PROYECTOS RUZALDE, S. A. DE C. V.",,,,2026-06-13 18:13:51.821,ROBERTO KOCH 09DJN0525B,0101000020E61000009B8F6B43C5C658C07F164B917C413340,19.255807,-99.10579
541,PLATSOBSE_DGCOP_1_2_3_ESCUELAS_FELIPE_CARRILLO_PUERTO_09DPR5075M_09DPR5075M,28eb7b72-a4e2-4666-a272-20bb35fa5475,ROBERTO LARA Y LOPEZ 09DPR1029Z,IZTAPALAPA,LOMAS DE SAN LORENZO II,SIEMPRE VIVA,SIEMPRE VIVA,https://maps.app.goo.gl/fCKodfrhzt7kC7fC8,ORIGINAL,PAULA LOPEZ,2/17/2026,2/17/2026,2025.0,"INAMBTEC, S. A. DE C. V.",SOBS-EJM-P-2026-211,S217,11/20/2025,12/31/2025,93.8,EN PROCESO,SOBS-EJM-SUP-2026-211,"MSM-SOLUCIONES, S. A. DE C. V.",,,,2026-06-13 18:13:51.821,ROBERTO LARA Y LOPEZ 09DPR1029Z,0101000020E610000052F2EA1C03C458C0683D7C9928523340,19.320932,-99.06269
542,PLATSOBSE_DGCOP_1_2_3_ESCUELAS_TONALI_09DJN0399V_09DJN0399V,78c0b80d-3f17-4435-b2b6-03e7819133fd,RUDYARD KIPLING 09DJN0391C,TLALPAN,PEDREGAL DE SN NICOLAS 1A SECC,SINANCHE,SINANCHE Y CHICXULUM,https://maps.app.goo.gl/m2mhADudTayL96Rd7,ORIGINAL,PAULA LOPEZ,2/17/2026,2/17/2026,2025.0,"EYSSA MEXICANA, S. A. DE C.V.",SOBS-EJM-P-2026-212,S218,11/20/2025,12/31/2025,97.25,EN PROCESO,SOBS-EJM-SUP-2026-212,"SUPERVISI?N Y PROYECTOS BOAZ, S. A. DE C. V.",,,,2026-06-13 18:13:51.821,RUDYARD KIPLING 09DJN0391C,0101000020E6100000E6AF90B932CF58C0F4FDD478E94A3340,19.292625,-99.237471
543,PLATSOBSE_DGCOP_1_2_3_ESCUELAS_PROFR_ELISEO_BANDALA_FERNANDEZ_09DPR3091Q_09DPR3091Q,47f6e33b-afd6-43c6-8a03-412ba5c48418,SALVADOR TREJO ESCOBEDO 09DPR2002Z,TLALPAN,PEDREGAL DE SN NICOLAS 1A SECC,SINANCHE MZ114,AV. MANI Y KANTUNIL,https://maps.app.goo.gl/bapnZ8SGSy85k2mZ8,ORIGINAL,PAULA LOPEZ,2/17/2026,2/17/2026,2025.0,"CONSTRUCCIONES Y PROYECTOS RUZALDE, S. A. DE C. V.",SOBS-EJM-P-2026-213,S219,11/20/2025,12/31/2025,77.74,EN PROCESO,SOBS-EJM-SUP-2026-213,"SUPERVISI?N Y PROYECTOS BOAZ, S. A. DE C. V.",,,,2026-06-13 18:13:51.821,SALVADOR TREJO ESCOBEDO 09DPR2002Z,0101000020E6100000A8902BF52CCF58C07F2F8507CD4A3340,19.292191,-99.237119
544,PLATSOBSE_DGCOP_1_2_3_ESCUELAS_MIGUEL_RAMIREZ_CASTANEDA_09DPR2010I_09DPR2010I,f189e830-8ce6-4693-8cc6-0d56ecf8ceae,SECUNDARIA DIURNA 88 DR NABOR CARRILLO 09DES0088B,TLALPAN,MIGUEL HIDALGO,SOR JUANA INES DE LA CRUZ,C. XOCHITL Y AYUNTAMIENTO,https://maps.app.goo.gl/TYcNT7g1p6KQqBhc9,ORIGINAL,PAULA LOPEZ,2/17/2026,2/17/2026,2025.0,"DUGAF ASESORES Y CONSTRUCTORES, S.A. DE C.V.",SOBS-EJM-P-2026-214,S220,11/21/2025,01/19/2026,100.0,TERMINADO,SOBS-EJM-SUP-2026-214,"GRUPO CONSTRUCTOR JOJA, S.A. DE C.V.",,,,2026-06-13 18:13:51.821,SECUNDARIA DIURNA 88 DR NABOR CARRILLO 09DES0088B,0101000020E6100000AC527AA697CB58C04451A04FE4493340,19.28864,-99.181131
545,PLATSOBSE_DGCOP_1_2_3_ESCUELAS_ESCUELA_SECUNDARIA_TECNICA_56_09DST0056B_09DST0056B,a28ff709-4060-456a-be7f-c8acd5457abd,SECUNDARIA FEDERAL 09DES0339Q,TLALPAN,SAN MIGUEL TOPILEJO (PBLO),STA. CRUZ,ARENAL Y 17 DE MARZO,https://maps.app.goo.gl/4zgBaFtJTnc28ouw6,ORIGINAL,PAULA LOPEZ,2/17/2026,2/17/2026,2025.0,"EYSSA MEXICANA, S. A. DE C.V.",SOBS-EJM-P-2026-215,S221,2025-11-20 00:00:00,2025-12-31 00:00:00,100.0,TERMINADO,SOBS-EJM-SUP-2026-215,"SUPERVISI?N Y PROYECTOS BOAZ, S. A. DE C. V.",,,,2026-06-13 18:13:51.821,SECUNDARIA FEDERAL 09DES0339Q,0101000020E6100000236AA2CF47C958C082E673EE76313340,19.193221,-99.145008
546,PLATSOBSE_DGCOP_1_2_3_ESCUELAS_MAURITANIA_09DPR2233R_09DPR2233R,1181833a-e845-480d-9c52-a441d636f47f,SILVESTRE REVUELTAS 09DES0191O,TLALPAN,SAN MIGUEL TOPILEJO (PBLO),STA. CRUZ,C. XAXALCO,https://maps.app.goo.gl/5fYu3M214s2gUfFQA,ORIGINAL,PAULA LOPEZ,2/17/2026,2/17/2026,2025.0,"R.D.S. MAQUINARIA Y EQUIPO DE CONSTRUCCION, S.A. DE C.V.",SOBS-EJM-P-2026-216,S222,11/19/2025,12/31/2025,100.0,TERMINADO,SOBS-EJM-SUP-2026-216,"INGENIER?A ESPECIALIZADA EDUMER, S. A. DE C. V.",,,,2026-06-13 18:13:51.821,SILVESTRE REVUELTAS 09DES0191O,0101000020E610000072FBE59315C958C0A54BFF9254323340,19.196603,-99.141942
547,PLATSOBSE_DGCOP_1_2_3_ESCUELAS_TOPILLI_09DJN0639D_09DJN0639D,e662de33-cb64-4e46-a128-1db16a50f217,SIRIA 09DPR2200Z,TLALPAN,SAN MIGUEL TOPILEJO (PBLO),STA. CRUZ,INTERSECCION PROGRESO Y SANTA CRUZ,https://maps.app.goo.gl/bEWV33WFpKt28s7o8,ORIGINAL,PAULA LOPEZ,2/17/2026,2/17/2026,2025.0,"MULTINACIONALES MARTINEZ GREY, S. A. DE C. V.",SOBS-EJM-P-2026-217,S223,11/19/2025,12/31/2025,86.85,EN PROCESO,SOBS-EJM-SUP-2026-217,"INGENIER?A ESPECIALIZADA EDUMER, S. A. DE C. V.",,,,2026-06-13 18:13:51.821,SIRIA 09DPR2200Z,0101000020E6100000A2B3CC2214C958C002840F255A323340,19.196688,-99.141854
549,PLATSOBSE_DGCOP_1_2_3_ESCUELAS_PROFR_ISIDRO_C_TORRES_MORENO_09DPR1673H_09DPR1673H,b414b96a-de91-4f61-83c0-312d07d5829d,SOTERO PRIETO 09DPR1628V,IZTACALCO,BARRIO SAN MIGUEL AMAC,SUR 101,SUR 101 Y FRANCISCO I MADERO,https://maps.app.goo.gl/nYpvGTUJM34vu3Kg7,ORIGINAL,PAULA LOPEZ,2/17/2026,2/17/2026,2025.0,"ARQUITECTURA MONUMENTAL, S.A. DE C.V.",SOBS-EJM-P-2026-218,S224,11/21/2025,01/19/2026,100.0,TERMINADO,SOBS-EJM-SUP-2026-218,GRUPO CONSTRUCTOR REAMLI S.A. DE C.V.,,,,2026-06-13 18:13:51.821,SOTERO PRIETO 09DPR1628V,0101000020E6100000AC70CB4752C758C06B48DC63E9633340,19.39028,-99.114397
550,PLATSOBSE_DGCOP_1_2_3_ESCUELAS_REPUBLICA_DE_RUANDA_09DPR0918E_09DPR0918E,867f5577-0719-48d5-85ad-b3af9e66d6ad,SOUMAYA DOMIT GEMAYEL 09DES0227M,IZTACALCO,RAMOS MILLAN BRAMADERO I,SUR 159,OTE. 110 Y OTE 112,https://maps.app.goo.gl/4e4g6QLfkHhM7EUT6,ORIGINAL,PAULA LOPEZ,2/17/2026,2/17/2026,2025.0,"CAKCALLI, COMERCIALIZADORA Y ARKITECTURA, S. A. DE C. V.",SOBS-EJM-P-2026-219,S225,11/19/2025,12/31/2025,100.0,TERMINADO,SOBS-EJM-SUP-2026-219,"DAKI ARQUITECTURA, S. A. DE C. V.",,,,2026-06-13 18:13:51.821,SOUMAYA DOMIT GEMAYEL 09DES0227M,0101000020E6100000EC4CA1F31AC658C055D97745F0633340,19.390385,-99.095395
551,PLATSOBSE_DGCOP_1_2_3_ESCUELAS_MARCELINO_MENENDEZ_Y_PELAYO_09DES0056J_09DES0056J,4875086d-2945-4367-9c63-0bda1c3f01c0,SUSAN BLUW GRIMSLY 09DJN0113A,IZTACALCO,AGRICOLA ORIENTAL V,SUR 16,AV JAVIER ROJO GOMEZ Y CALLE ORIENTE 243- A,https://maps.app.goo.gl/Z1ZCX2yF7ck7TFtW9,ORIGINAL,PAULA LOPEZ,2/17/2026,2/17/2026,2025.0,"ARQUITECTURA MONUMENTAL, S.A. DE C.V.",SOBS-EJM-P-2026-220,S226,11/21/2025,01/19/2026,100.0,TERMINADO,SOBS-EJM-SUP-2026-220,GRUPO CONSTRUCTOR REAMLI S.A. DE C.V.,,,,2026-06-13 18:13:51.821,SUSAN BLUW GRIMSLY 09DJN0113A,0101000020E6100000EB9F82D5A4C458C08A2F7649BD643340,19.393513,-99.072561
552,PLATSOBSE_DGCOP_1_2_3_ESCUELAS_MTRO_LUIS_CHAVEZ_OROZCO_09DPR0937T_09DPR0937T,c335c5cf-076e-40d6-917a-5cc841d4049a,TAVICHE 09DJN0501S,IZTACALCO,RAMOS MILLAN BRAMADERO I,SUR 163,ORIENTE 112 Y ORIENTE 110,https://maps.app.goo.gl/Z8Zsg63gxdxNpm2a9,ORIGINAL,PAULA LOPEZ,2/17/2026,2/17/2026,2025.0,"CAKCALLI, COMERCIALIZADORA Y ARKITECTURA, S. A. DE C. V.",SOBS-EJM-P-2026-221,S227,11/19/2025,12/31/2025,90.51,EN PROCESO,SOBS-EJM-SUP-2026-221,"DAKI ARQUITECTURA, S. A. DE C. V.",,,,2026-06-13 18:13:51.821,TAVICHE 09DJN0501S,0101000020E6100000047289230FC658C0430070ECD9633340,19.390044,-99.094674
553,PLATSOBSE_DGCOP_1_2_3_ESCUELAS_FEDERICO_CHOPIN_09DJN1097G_09DJN1097G,c30de73d-e1ce-4a82-9458-3514cb8dcd4a,TELESECUNDARIA NUMERO 101 09DTV0101L,IZTACALCO,AGRICOLA ORIENTAL III,SUR 22,PRIV SAN FERNANDO Y PRIV 22,https://maps.app.goo.gl/AWKAwf8kV9nu4VTJA,ORIGINAL,PAULA LOPEZ,2/17/2026,2/17/2026,2025.0,"CONSTRUCCIONES ORENSE, S.A. DE C.V.",SOBS-EJM-P-2026-222,S228,11/20/2025,12/31/2025,71.46,EN PROCESO,SOBS-EJM-SUP-2026-222,"RAMSE CONSTRUCCIONES, S.A. DE C.V.",,,,2026-06-13 18:13:51.821,TELESECUNDARIA NUMERO 101 09DTV0101L,0101000020E6100000B8E68EFE97C458C0CCD0782288633340,19.388796,-99.071777
554,PLATSOBSE_DGCOP_1_2_3_ESCUELAS_AMALIA_GONZALEZ_CABALLERO_09DPR3273Z_09DPR3273Z,c2e43021-616c-4e74-b226-2f6aeac13a1f,TEMACHTILOYAN 09DJN1173W,AZCAPOTZALCO,EL ROSARIO B (U HAB),TEJEDORES,PESCADORES Y PASTORES,https://maps.app.goo.gl/jx6SL3M6Xpjw4z71A,ORIGINAL,PAULA LOPEZ,2/17/2026,2/17/2026,2025.0,"SISA HERMES, S.A. DE C.V.",SOBS-EJM-P-2026-223,S229,2025-11-20 00:00:00,2025-12-31 00:00:00,100.0,TERMINADO,SOBS-EJM-SUP-2026-223,"OLGROSA GROUP, S. A. DE C. V.",,,,2026-06-13 18:13:51.821,TEMACHTILOYAN 09DJN1173W,0101000020E6100000B328ECA2E8CC58C06DCA15DEE5823340,19.51132,-99.201699
555,PLATSOBSE_DGCOP_1_2_3_ESCUELAS_ATENEO_DE_LA_JUVENTUD_09DPR5157W_09DPR5157W,5f0b61ab-55e3-408b-8be2-e0f1df2cf66c,TIHUI 09DJN0916Q,TLALPAN,SAN MIGUEL TOPILEJO (PBLO),TETENCO,TETENCO E INDEPENDENCIA,https://maps.app.goo.gl/tPuHs21aH4jQj7vS9,ORIGINAL,PAULA LOPEZ,2/17/2026,2/17/2026,2025.0,"GRUPO CONSTRUCTOR CABRERA Y RAMIREZ ASOCIADOS, S. A. DE C. V.",SOBS-EJM-P-2026-224,S230,2025-11-19 00:00:00,2025-12-31 00:00:00,100.0,TERMINADO,SOBS-EJM-SUP-2026-224,"TOGLE CONSTRUCCIONES, SUPERVISION Y PROYECTOS DE OBRA, S. A. DE C. V.",,,,2026-06-13 18:13:51.821,TIHUI 09DJN0916Q,0101000020E61000008CD9925511C958C0F4FDD478E9323340,19.198875,-99.141683
556,PLATSOBSE_DGCOP_1_2_3_ESCUELAS_PUERTO_DE_ALVARADO_09DES0181H_09DES0181H,dba503df-07f7-409c-bc98-6012ae256746,TLACAELEL 09DJN0448N,TLALPAN,PEDREGAL DE SN NICOLAS 4A SECC II,TIXMEHUAC,DZEMUL Y TIXMEHUAC,https://maps.app.goo.gl/H7JewWrwSW1d9e8F7,ORIGINAL,PAULA LOPEZ,2/17/2026,2/17/2026,2025.0,"MULTINACIONALES MARTINEZ GREY, S. A. DE C. V.",SOBS-EJM-P-2026-225,S231,11/19/2025,12/31/2025,46.33,EN PROCESO,SOBS-EJM-SUP-2026-225,"INGENIER?A ESPECIALIZADA EDUMER, S. A. DE C. V.",,,,2026-06-13 18:13:51.821,TLACAELEL 09DJN0448N,0101000020E610000078B5DC9909CF58C055849B8C2A473340,19.277993,-99.234961
557,PLATSOBSE_DGCOP_1_2_3_ESCUELAS_DAVID_G_BERLANGA_09DPR1726W_09DPR1726W,71f5c4b3-e08b-41d2-8f6a-95dd0c94f6ee,TLACOTALPAN 09DES0281G,MIGUEL HIDALGO,TLAXPANA,TIZOC,QUETZALCOATL ESQ. TIZOC,https://maps.app.goo.gl/h5t2ZyjhHohLFcjy9,ORIGINAL,PAULA LOPEZ,2/17/2026,2/17/2026,2025.0,"BEGADA CONSTRUCCION,S. A. DE C. V.",SOBS-EJM-P-2026-226,S232,2025-11-19 00:00:00,2025-12-31 00:00:00,100.0,TERMINADO,SOBS-EJM-SUP-2026-226,"MSM-SOLUCIONES, S. A. DE C. V.",,,,2026-06-13 18:13:51.821,TLACOTALPAN 09DES0281G,0101000020E61000006DC7D45DD9CA58C045F295404A703340,19.438633,-99.169517
558,PLATSOBSE_DGCOP_1_2_3_ESCUELAS_GRAL_CESAREO_CASTRO_09DJN0706L_09DJN0706L,b33012d9-62a1-41c6-8dca-43fae72f7f34,TLAMACHIHUAPAN 09DPR2563I,VENUSTIANO CARRANZA,ROMERO RUBIO,TRANSVAAL,C. TRANSVAAL Y C. SIBERIA,https://maps.app.goo.gl/mVoiqGUUqyboBspp6,ORIGINAL,PAULA LOPEZ,2/17/2026,2/17/2026,2025.0,"BEGADA CONSTRUCCION,S. A. DE C. V.",SOBS-EJM-P-2026-227,S233,11/19/2025,12/31/2025,28.27,EN PROCESO,SOBS-EJM-SUP-2026-227,"MSM-SOLUCIONES, S. A. DE C. V.",,,,2026-06-13 18:13:51.821,TLAMACHIHUAPAN 09DPR2563I,0101000020E6100000E9995E622CC658C037E3344415723340,19.445637,-99.096459
559,PLATSOBSE_DGCOP_1_2_3_ESCUELAS_PLAN_DE_AYUTLA_09DPR1044S_09DPR1044S,c6916ba5-b8f0-4d23-9486-bc36839592fb,TLAZOCIHUALPILLI 09DJN0241W,VENUSTIANO CARRANZA,ROMERO RUBIO,TRANSVAAL,DAMASCO Y JERIC?,https://maps.app.goo.gl/q2QaHq55sQUCRbay8,ORIGINAL,PAULA LOPEZ,2/17/2026,2/17/2026,2025.0,"DRAMA MAYA, S.A DE C.V",SOBS-EJM-P-2026-228,S234,11/20/2025,12/31/2025,85.0,EN PROCESO,SOBS-EJM-SUP-2026-228,"TOGLE CONSTRUCCIONES, SUPERVISI?N Y PROYECTOS DE OBRA, S. A. DE C. V.",,,,2026-06-13 18:13:51.821,TLAZOCIHUALPILLI 09DJN0241W,0101000020E6100000F3AB394030C658C03B38D89B18723340,19.445688,-99.096695
560,PLATSOBSE_DGCOP_1_2_3_ESCUELAS_JESUS_MASTACHE_ROMAN_09DPR2879G_09DPR2879G,d8f22ad0-88fe-405a-aa44-2fb40be5d39b,TONALI 09DJN0399V,IZTACALCO,CAMPAMENTO 2 DE OCTUBRE I,VALENTIN GOMEZ FARIAS,SANTOS DEGOLLADO Y JUAN DE DIOS NARVAEZ,https://maps.app.goo.gl/UJ7j9Z6vdz35ZUMG7,ORIGINAL,PAULA LOPEZ,2/17/2026,2/17/2026,2025.0,"CONSTRUCTORES Y SUPERVISORES UNIDOS, S. A. DE C. V.",SOBS-EJM-P-2026-229,S235,11/19/2025,12/31/2025,96.0,EN PROCESO,SOBS-EJM-SUP-2026-229,"DAKI ARQUITECTURA, S. A. DE C. V.",,,,2026-06-13 18:13:51.821,TONALI 09DJN0399V,0101000020E610000087FBC8AD49C758C0A0E062450D623340,19.383015,-99.113872
717,PLATSOBSE_DGCOP_MOD_POLICIA_AMACUZAC_27,58bdc06e-6ffa-46f0-b835-adcbd5e0f7d4,AMACUZAC,COYOACAN,HERMOSILLO,CERRO QUINCEO,CERRO MEZONTEPEC Y AMACUZAC,https://maps.app.goo.gl/DihoK9CArK2QxuEm8,,PAULA LOPEZ,2/18/2026,2/18/2026,2024.0,"GRUPO ALAVEZ LAMBARRI, S.A. DE C.V.",SOBS-EJM-P-2026-230,S236,11/26/2024,12/31/2024,100.0,INAUGURADA,SOBS-EJM-SUP-2026-230,,0,,,2026-06-13 18:13:51.821,AMACUZAC,0101000020E6100000E525A4DA4CC858C00230F9FAB5583340,19.346527,-99.129691
561,PLATSOBSE_DGCOP_1_2_3_ESCUELAS_SILVESTRE_REVUELTAS_09DES0191O_09DES0191O,4ef57872-bb63-469f-a1d5-65a36eda1048,TONATIUH 09DJN0303S,GUSTAVO A. MADERO,VILLA DE ARAGON (FRACC),VILLA CUAUHTEMOC,VILLA ZUMARRAGA Y MOTOLINIA,https://maps.app.goo.gl/6MLcoBGTpMQe2Bbn8,ORIGINAL,PAULA LOPEZ,2026-02-17 00:00:00,2026-02-17 00:00:00,2025.0,"CONSTRUCCIONES Y EDIFICACIONES TAPALPA, S. A. DE C. V.",SOBS-EJM-P-2026-231,S237,2025-11-19 00:00:00,2025-12-31 00:00:00,100.0,TERMINADO,SOBS-EJM-SUP-2026-231,"ARQUITECTURA, INGENIERIA MECANICA GRIJALVA, S. A. DE C. V.",,,,2026-06-13 18:13:51.821,TONATIUH 09DJN0303S,0101000020E610000043C9E4D4CEC358C0581F0F7D77773340,19.466667,-99.059499
562,PLATSOBSE_DGCOP_1_2_3_ESCUELAS_WENCESLAO_VICTORIA_SOTO_09DES0340F_09DES0340F,8b2d271e-3e24-48f0-bd07-b1e1622cfa37,TOPILLI 09DJN0639D,GUSTAVO A. MADERO,TLALPEXCO,WENCESLAO,WENCESLAO Y JUAN G,https://maps.app.goo.gl/95W8bYUt8yDQ7PjH9,ORIGINAL,PAULA LOPEZ,2/17/2026,2/17/2026,2025.0,"CONSTRUCCIONES Y EDIFICACIONES TAPALPA, S. A. DE C. V.",SOBS-EJM-P-2026-232,S238,11/19/2025,12/31/2025,85.0,EN PROCESO,SOBS-EJM-SUP-2026-232,"ARQUITECTURA, INGENIER?A MECANICA GRIJALVA, S. A. DE C. V.",,,,2026-06-13 18:13:51.821,TOPILLI 09DJN0639D,0101000020E610000085B4C6A013C858C0C34659BF998C3340,19.549221,-99.126198
563,PLATSOBSE_DGCOP_1_2_3_ESCUELAS_ITZEL_LUCERO_09DJN1036T_09DJN1036T,60e428f3-863b-4834-b801-bc5e4ac2e543,VALERIO TRUJANO 09DPR1786K,VENUSTIANO CARRANZA,EL ARENAL 4A SECCION,XANES,XOCOYOTE Y XALPATLAHUAC,https://maps.app.goo.gl/Je1r8AvC4SkWnkhc7,ORIGINAL,PAULA LOPEZ,2/17/2026,2/17/2026,2025.0,"INGENIERIA Y CONSTRUCCIONES INTEGRALES RAOS, S.A. DE C.V.",SOBS-EJM-P-2026-233,S239,11/21/2025,01/30/2026,100.0,TERMINADO,SOBS-EJM-SUP-2026-233,"CONSTRUCCIONES Y PROYECTOS RUZALDE, S.A. DE C.V.",,,,2026-06-13 18:13:51.821,VALERIO TRUJANO 09DPR1786K,0101000020E6100000EFE6A90EB9C358C010CEA78E556E3340,19.430993,-99.05817
564,PLATSOBSE_DGCOP_1_2_3_ESCUELAS_PROFR_VICTORIANO_GONZALEZ_GARZON_09DPR3082I_09DPR3082I,eb98ef47-35e9-48b0-8024-417195b1ffa7,VICENTE GUERRERO 09DPR1779A,VENUSTIANO CARRANZA,EL ARENAL 4A SECCION,XICO,XALPATLAHUAC,https://maps.app.goo.gl/d6XGFvVtRdVzKm3u7,ORIGINAL,PAULA LOPEZ,2/17/2026,2/17/2026,2025.0,CONSORCIO CONSTRUCTOR DOBLE AA S. A. DE C. V.,SOBS-EJM-P-2026-234,S240,11/21/2025,01/30/2026,100.0,TERMINADO,SOBS-EJM-SUP-2026-234,"CONSTRUCCIONES Y PROYECTOS RUZALDE, S.A. DE C.V.",,,,2026-06-13 18:13:51.821,VICENTE GUERRERO 09DPR1779A,0101000020E610000002D71533C2C358C09E60FF756E6E3340,19.431373,-99.058728
565,PLATSOBSE_DGCOP_1_2_3_ESCUELAS_COCONENCALLI_09DPR2276P_09DPR2276P,b4562d9d-0c86-4d84-8cd8-6f12f3bbbd56,VICENTE RIVA PALACIO GUERRERO 09DES0192N,VENUSTIANO CARRANZA,EL ARENAL 4A SECCION,XOCHITLAN SUR,XIUTETELCO Y XOCHITLAN NTE,https://maps.app.goo.gl/jeRYTsKDQwDGvC368,ORIGINAL,PAULA LOPEZ,2/17/2026,2/17/2026,2025.0,"INGENIERIA Y CONSTRUCCIONES INTEGRALES RAOS, S.A. DE C.V.",SOBS-EJM-P-2026-235,S241,11/21/2025,01/30/2026,100.0,TERMINADO,SOBS-EJM-SUP-2026-235,"CONSTRUCCIONES Y PROYECTOS RUZALDE, S.A. DE C.V.",,,,2026-06-13 18:13:51.821,VICENTE RIVA PALACIO GUERRERO 09DES0192N,0101000020E6100000B212F3ACA4C358C0F645425BCE6D3340,19.42893,-99.056926
566,PLATSOBSE_DGCOP_1_2_3_ESCUELAS_JOSE_MA_LUIS_MORA_09DES0128M_09DES0128M,8c1070cc-439d-47ba-9c10-29ca8f92f40d,WENCESLAO VICTORIA SOTO 09DES0340F,VENUSTIANO CARRANZA,EL ARENAL 4A SECCION,XOCHITLAN SUR,XOCHISTLAHUACA Y XOCHICOATLAN,https://maps.app.goo.gl/V1MXv5mHS6XzDPoP7,ORIGINAL,PAULA LOPEZ,2/17/2026,2/17/2026,2025.0,CONSORCIO CONSTRUCTOR DOBLE AA S. A. DE C. V.,SOBS-EJM-P-2026-236,S242,11/21/2025,01/30/2026,94.36,EN PROCESO,SOBS-EJM-SUP-2026-236,"CONSTRUCCIONES Y PROYECTOS RUZALDE, S.A. DE C.V.",,,,2026-06-13 18:13:51.821,WENCESLAO VICTORIA SOTO 09DES0340F,0101000020E6100000A43330F2B2C358C0079ACFB9DB6D3340,19.429134,-99.057797
567,PLATSOBSE_DGCOP_1_2_3_ESCUELAS_MACHTITEOPAN_09DPR0851N_09DPR0851N,e38e1ac9-7bde-4d30-8d1d-f0169e579916,"YURI A, GAGARIN 09DES0173Z",VENUSTIANO CARRANZA,EL ARENAL 4A SECCION,XOCHITLAN SUR MZB10,XOCHIATIPAN Y XUITETELCO,https://maps.app.goo.gl/itsLHU7w3xPh3Vct8,ORIGINAL,PAULA LOPEZ,2/17/2026,2/17/2026,2025.0,"INGENIERIA Y CONSTRUCCIONES INTEGRALES RAOS, S.A. DE C.V.",SOBS-EJM-P-2026-237,S243,11/21/2025,01/30/2026,80.34,EN PROCESO,SOBS-EJM-SUP-2026-237,"CONSTRUCCIONES Y PROYECTOS RUZALDE, S.A. DE C.V.",,,,2026-06-13 18:13:51.821,"YURI A, GAGARIN 09DES0173Z",0101000020E61000003EE94482A9C358C099D36531B16D3340,19.428485,-99.057221
568,PLATSOBSE_ILIFE_1_2_3_ESCUELAS_ADOLFO_RUIZ_CORTINES_09DPR1842M_09DPR1842M,53b5e503-5282-496c-a50c-f8484c2e8db9,ADOLFO RUIZ CORTINES 09DJN0221I,COYOACAN,PEDREGAL DE STO DOMINGO VII,TEJAMANIL Y ZIHUATLAN,ESQ ZIHUATLAN,"https://www.google.com/maps/place/Sep+Jard%C3%ADn+de+Ni%C3%B1os+Adolfo+Ru%C3%ADz+Cortines/@19.3191304,-99.1703969,18.61z/data=!4m6!3m5!1s0x85ce0015cede244f:0xfc5f1d939a6acdb7!8m2!3d19.3194537!4d-99.1697262!16s%2Fg%2F1tdqhtf6?entry=ttu&g_ep=EgoyMDI2MDIxMS",,PAULA LOPEZ,,,2025.0,CORPORATIVO GILMAR PETRA SA DE CV,SOBS-EJM-P-2026-238,S244,4 DE DICIEMBRE DE 2025,31 DE DICIEMBRE DE 2025,100.0,TERMINADO,SOBS-EJM-SUP-2026-238,"REGA PROYECTO Y SUPERVISION, S.A. DE C.V.",,,,2026-06-13 18:13:51.821,ADOLFO RUIZ CORTINES 09DJN0221I,0101000020E610000098C5FF5EE1CA58C0A0A9991FD1513340,19.319597,-99.170006
569,PLATSOBSE_ILIFE_1_2_3_ESCUELAS_ADOLFO_RUIZ_CORTINES_09DJN0221I_09DJN0221I,ed7f8772-2f0d-4268-a0af-162f545e93b2,ADOLFO RUIZ CORTINES 09DPR1842M,ALVARO OBREGON,BARRIO NORTE,BENITO JUAREZ 118,LA QUEBRADA Y LAREDA BARRIO NORTE,"https://www.google.com/maps/place/ESCUELA+PRIMARIA+ADOLFO+RU%C3%8DZ+CORTINEZ/@19.3788074,-99.2091282,20z/data=!4m6!3m5!1s0x85d200344e6ce16d:0x61923756eb514b2b!8m2!3d19.3788617!4d-99.208897!16s%2Fg%2F12hsfp3d6?entry=ttu&g_ep=EgoyMDI2MDIxMS4wIKXMDSoASAFQAw",,PAULA LOPEZ,,,2025.0,AD INTERNATIONAL SA DE CV,SOBS-EJM-P-2026-239,S245,1 DE NOVIEMBRE DE 2025,31 DE DICIEMBRE DE 2025,100.0,TERMINADO,SOBS-EJM-SUP-2026-239,"BVIA CONSTRUCCIONES, S.A. DE C.V.",,,,2026-06-13 18:13:51.821,ADOLFO RUIZ CORTINES 09DPR1842M,0101000020E61000005C8D04CD5FCD58C0F0F05837F7603340,19.378772,-99.208972
570,PLATSOBSE_ILIFE_1_2_3_ESCUELAS_ALFONSO_REYES_09DES0166P_09DES0166P,a4a68169-3c48-4a9c-91f9-9481c044f5d3,ALFONSO REYES 09DES0166P,LA MAGDALENA CONTRERAS,SAN BERNABE OCOTEPEC (PBLO),CALLE ALVARO OBREGON NO 26,1ra y 2da,"https://www.google.com/maps/place/Escuela+Secundaria+Diurna+N%C2%B0+166+%22Alfonso+Reyes%22/@19.3126151,-99.2578415,19.18z/data=!4m6!3m5!1s0x85cdff41beed3125:0x38066de5b0c1e57a!8m2!3d19.3126362!4d-99.2575719!16s%2Fg%2F1td7nnhg?entry=ttu&g_ep=EgoyMDI2MDIx",,PAULA LOPEZ,,,2025.0,VIDERE INFRAESTRUCTURA SA DE CV,SOBS-EJM-P-2026-240,S246,1 DE NOVIEMBRE DE 2025,31 DE DICIEMBRE DE 2025,100.0,TERMINADO,SOBS-EJM-SUP-2026-240,"FAMASA CONSTRUCCIÓN, DISEÑO E INGENIERÍA, S.A. DE C.V.",,,,2026-06-13 18:13:51.821,ALFONSO REYES 09DES0166P,0101000020E6100000E483DBF27BD058C0F01BA94A0C503340,19.312688,-99.257565
674,PLATSOBSE_DGCOP_RESGUARDO_TEMP_PANTEON_MINISTERIAL_SAN_LORENZO_TEZONCO_1,7da61583-3be3-44bd-9a70-e7587f19dd01,PANTEON MINISTERIAL SAN LORENZO TEZONCO,IZTAPALAPA,SAN LORENZO TEZONCO (PBLO),AV. TLAHUAC,AV ZACATLAN Y SIN NOMBRE,https://maps.app.goo.gl/JnMmGUUafogF1kxv9,ORIGINAL,PAULA LOPEZ,,,2026.0,GONZALEZ SOTO Y ASOCIADOS S.A. DE C.V.,SOBS-EJM-P-2026-241,S247,,,0.0,SIN INICIAR,SOBS-EJM-SUP-2026-241,SESOCORT S.A. DE C.V.,D3,,,2026-06-13 18:13:51.821,PANTEON MINISTERIAL SAN LORENZO TEZONCO,0101000020E61000003EE8D9ACFAC358C039F24064914E3340,19.306906,-99.062175
571,PLATSOBSE_ILIFE_1_2_3_ESCUELAS_ALFONSO_SIERRA_PARTIDA_09DPR3231Z_09DPR3231Z,348fa200-8587-43ac-9e8f-44755aa671d3,ALFONSO SIERRA PARTIDA 09DPR3231Z,COYOACAN,PEDREGAL DE STO DOMINGO IX,TEPEYAUCLE 35C,ESCUINAPA Y OCOXAL,"https://www.google.com/maps/place/Escuela+Primaria+N%C2%BA5+%22Prof.+Alfonso+Sierra+Partida%22/@19.3314167,-99.173184,18z/data=!3m1!4b1!4m6!3m5!1s0x85ce001eb26ec3e5:0x7b065349b3deffd5!8m2!3d19.3314153!4d-99.1724664!16s%2Fg%2F1ptz22mpp?entry=ttu&g_ep=Egoy",,PAULA LOPEZ,,,2025.0,SOUL ARQUITECTOS SA DE CV,SOBS-EJM-P-2026-242,S248,1 DE NOVIEMBRE DE 2025,31 DE DICIEMBRE DE 2025,100.0,TERMINADO,SOBS-EJM-SUP-2026-242,"INGENIERÍA INTEGRAL INTERNACIONAL MÉXICO, S.A. DE C.V.",,,,2026-06-13 18:13:51.821,ALFONSO SIERRA PARTIDA 09DPR3231Z,0101000020E610000000EEB1440CCB58C0A0225435E6543340,19.331638,-99.172624
572,PLATSOBSE_ILIFE_1_2_3_ESCUELAS_ALFONSO_TEJA_ZABRE_09DPR1892U_09DPR1892U,4078168d-49a4-464b-9e11-44534264debd,ALFONSO TEJA ZABRE 09DPR1892U,LA MAGDALENA CONTRERAS,SANTA TERESA,PACHUCA NUM 34,COAHUILA Y SAN MARCOS,"https://www.google.com/maps/place/Escuela+Primaria+Alfonso+Teja+Zabre/@19.3090179,-99.2286141,20.5z/data=!4m6!3m5!1s0x85cdffa1f5e71bcd:0x29dbe1a1d874a192!8m2!3d19.3089587!4d-99.2285344!16s%2Fg%2F11c6dcjc2w?entry=ttu&g_ep=EgoyMDI2MDIxMC4wIKXMDSoASAFQAw%3D",,PAULA LOPEZ,,,2025.0,SISTEMAS IMPERMEABLES Y RECUBRIMIENTOS SA DE CV,SOBS-EJM-P-2026-243,S249,1 DE NOVIEMBRE DE 2025,31 DE DICIEMBRE DE 2025,100.0,TERMINADO,SOBS-EJM-SUP-2026-243,"FAMASA CONSTRUCCIÓN, DISEÑO E INGENIERÍA, S.A. DE C.V.",,,,2026-06-13 18:13:51.821,ALFONSO TEJA ZABRE 09DPR1892U,0101000020E6100000E0C9142FA0CE58C0F0813E19194F3340,19.308977,-99.228527
573,PLATSOBSE_ILIFE_1_2_3_ESCUELAS_ALVARO_OBREGON_09DPR1887I_09DPR1887I,0ac23ab3-4feb-4850-9876-8f5c5ad0d593,ALVARO OBREGON 09DPR1887I,LA MAGDALENA CONTRERAS,LA MAGDALENA ATLITIC (PBLO),CALLE EMILIO CARRANZA NO 55,EMILIO CARRANZA Y BENITO JUAREZ,"https://www.google.com/maps/place//@19.3019394,-99.2459802,118m/data=!3m1!1e3!5m1!1e2?entry=ttu&g_ep=EgoyMDI2MDYwMy4xIKXMDSoASAFQAw%3D%3D",ORIGINAL,PAULA LOPEZ,,,2025.0,VIDERE INFRAESTRUCTURA SA DE CV,SOBS-EJM-P-2026-244,S250,1 DE NOVIEMBRE DE 2025,31 DE DICIEMBRE DE 2025,100.0,TERMINADO,SOBS-EJM-SUP-2026-244,"FAMASA CONSTRUCCIÓN, DISEÑO E INGENIERÍA, S.A. DE C.V.",,,,2026-06-13 18:13:51.821,ALVARO OBREGON 09DPR1887I,0101000020E6100000549EEDD9B9CF58C010DE526E4B4D3340,19.301932,-99.245718
574,PLATSOBSE_ILIFE_1_2_3_ESCUELAS_ANTON_S_MAKARENKO_09DJN0387Q_09DJN0387Q,09182504-2273-45ed-a627-0913546f5e5e,ANTON S MAKARENKO 09DJN0387Q,BENITO JUAREZ,PORTALES I,MUNICIPIO LIBRE 200,AZORES Y VERTIZ,"https://www.google.com/maps/place/Jard%C3%ADn+de+Ni%C3%B1os+Ant%C3%B3n+S.+Makarenko/@19.3697448,-99.1550489,20.05z/data=!4m6!3m5!1s0x85d1ff023d2afb01:0xa5be4e6070cc0858!8m2!3d19.3697908!4d-99.1547709!16s%2Fg%2F11kjp839xb?entry=ttu&g_ep=EgoyMDI2MDIxMS4wIK",,PAULA LOPEZ,,,2025.0,ARYAK INGENIEROS Y ARQUITECTOS SA DE CV,SOBS-EJM-P-2026-245,S251,1 DE NOVIEMBRE DE 2025,31 DE DICIEMBRE DE 2025,100.0,TERMINADO,SOBS-EJM-SUP-2026-245,"SERVICIOS INMOBILIARIOS CADRI, S.A. DE C.V.",,,,2026-06-13 18:13:51.821,ANTON S MAKARENKO 09DJN0387Q,0101000020E6100000AC2D8C4AEAC958C020AB3AC2AB5E3340,19.369808,-99.154925
575,PLATSOBSE_ILIFE_1_2_3_ESCUELAS_ANTONIO_DE_MENDOZA_09DPR0945B_09DPR0945B,984aa6d3-74ce-4a2c-93e5-0762b8e484eb,ANTONIO DE MENDOZA 09DPR0945B,IZTACALCO,AGRICOLA ORIENTAL V,"AVENIDA SUR 16, NO. 1234",ESQ AV JAVIER ROJO GOMEZ,"https://www.google.com/maps/place/19%C2%B023'40.2%22N+99%C2%B004'23.5%22W/@19.3949432,-99.0752143,16.38z/data=!4m4!3m3!8m2!3d19.394493!4d-99.073185?entry=ttu&g_ep=EgoyMDI2MDMxNy4wIKXMDSoASAFQAw%3D%3D",,PAULA LOPEZ,,,2025.0,RUVASA,SOBS-EJM-P-2026-246,S252,24 DE DICIEMBRE DEL 2025,31 DE DICIEMBRE DE 2025,100.0,TERMINADO,SOBS-EJM-SUP-2026-246,"ESPACIO SEPIA, S.A. DE C.V.",,,,2026-06-13 18:13:51.821,ANTONIO DE MENDOZA 09DPR0945B,0101000020E6100000EC0D2310AFC458C0E001447EFD643340,19.394493,-99.073185
576,PLATSOBSE_ILIFE_1_2_3_ESCUELAS_ARQUIMEDES_CABALLERO_CABALLERO_09DES0312J_09DES0312J,d5cdf341-09c5-401a-9dde-e103079b89b7,ARQUIMEDES CABALLERO CABALLERO 09DES0312J,LA MAGDALENA CONTRERAS,TIERRA UNIDA,ESPERANZA 1,AND ERMITAÑO Y ENCINAL,"google.com/maps/place/Escuela+Secundaria+Diurna+N°+312+""Arquímedes+Caballero+Caballero""/@19.3049649,-99.2664417,19.75z/data=!4m10!1m2!2m1!1ssecundaria+arquimedes+caballero+caballero!3m6!1s0x85cdff39b77a2b67:0x8a5bc7f56f0f3658!8m2!3d19.3054752!4d-99.265",,PAULA LOPEZ,,,2025.0,SISTEMAS IMPERMEABLES Y RECUBRIMIENTOS SA DE CV,SOBS-EJM-P-2026-247,S253,1 DE NOVIEMBRE DE 2025,31 DE DICIEMBRE DE 2025,100.0,TERMINADO,SOBS-EJM-SUP-2026-247,"FAMASA CONSTRUCCIÓN, DISEÑO E INGENIERÍA, S.A. DE C.V.",,,,2026-06-13 18:13:51.821,ARQUIMEDES CABALLERO CABALLERO 09DES0312J,0101000020E610000048773D1305D158C060CC0456384E3340,19.305547,-99.265935
577,PLATSOBSE_ILIFE_1_2_3_ESCUELAS_AZTECAS_09DES0188A_09DES0188A,067fcaa4-b0b9-4793-a47d-024c3ef994dd,AZTECAS 09DES0188A,COYOACAN,PEDREGAL DE STO DOMINGO V,AMATL SN ESQ XOCHIAPAN,XOCHIAPAN Y ACATEMPATL,"https://www.google.com/maps/place/Escuela+Secundaria+Diurna+N%C2%B0+188+%22Aztecas%22/@19.3247195,-99.1686906,18.64z/data=!4m6!3m5!1s0x85ce0023f0fecd4d:0x1788d3f5ef7f3f71!8m2!3d19.3252605!4d-99.1681684!16s%2Fg%2F1tg9hx26?entry=ttu&g_ep=EgoyMDI2MDIxMS4wIK",,PAULA LOPEZ,,,2025.0,GRUPO CONSTRUCTOR JOJA SA DE CV,SOBS-EJM-P-2026-248,S254,10 DE NOVIEMBRE DE 2025,31 DE DICIEMBRE DE 2025,100.0,TERMINADO,SOBS-EJM-SUP-2026-248,"ITZAMNA PROYECTOS, S.A. DE C.V.",,,,2026-06-13 18:13:51.821,AZTECAS 09DES0188A,0101000020E6100000440196BEC4CA58C040DCB52758533340,19.325564,-99.168258
578,PLATSOBSE_ILIFE_1_2_3_ESCUELAS_BENEMERITO_DE_LAS_AMERICAS_09DPR1885K_09DPR1885K,093df26a-bcc4-4dd7-b115-017f30348565,BENEMERITO DE LAS AMERICAS 09DPR1885K,ALVARO OBREGON,PUEBLO AXOTLA,CALLE ALUMNOS NO 1,MORELOS Y BENITO JUAREZ,"https://www.google.com/maps/place/Escuela+Primaria+%22Benem%C3%A9rito+De+Las+Am%C3%A9ricas%22/@19.3570502,-99.1752669,19.88z/data=!4m6!3m5!1s0x85d1ffec50000001:0x9497667134a1f4f1!8m2!3d19.3570487!4d-99.1751983!16s%2Fg%2F11c32lp_ck?entry=ttu&g_ep=EgoyMDI2",,PAULA LOPEZ,,,2025.0,DIORZA MEXICO SA DE CV,SOBS-EJM-P-2026-249,S255,1 DE NOVIEMBRE DE 2025,31 DE DICIEMBRE DE 2025,100.0,TERMINADO,SOBS-EJM-SUP-2026-249,"SERVICIOS INMOBILIARIOS CADRI, S.A. DE C.V.",,,,2026-06-13 18:13:51.821,BENEMERITO DE LAS AMERICAS 09DPR1885K,0101000020E6100000B8C71E7933CB58C0701B2643655B3340,19.357014,-99.175017
579,PLATSOBSE_ILIFE_1_2_3_ESCUELAS_BERTHA_DOMINGUEZ_09DJN0705M_09DJN0705M,b96d9af9-34a2-4404-86b9-313b6f9c92f0,BERTHA DOMINGUEZ 09DJN0705M,CUAUHTEMOC,MORELOS III,TENOCHTITLAN 77,ESQ GRANADITAS EJE 1,"https://www.google.com/maps/place/Jardin+de+ni%C3%B1os+Bertha+Dominguez/@19.4434763,-99.1297317,20.75z/data=!4m6!3m5!1s0x85d1f930c5e754ad:0xc77014b58c2c9d94!8m2!3d19.4435201!4d-99.1297811!16s%2Fg%2F11g026rw6b?entry=ttu&g_ep=EgoyMDI2MDIxMC4wIKXMDSoASAFQAw",,PAULA LOPEZ,,,2025.0,CK INGENIERIA Y MANTENIMIENTO SA DE CV,SOBS-EJM-P-2026-250,S256,1 DE NOVIEMBRE DE 2025,31 DE DICIEMBRE DE 2025,99.99,EN PROCESO,SOBS-EJM-SUP-2026-250,"PROYECTOS E INGENIERIA CHRONOS, S.A. DE C.V.",,,,2026-06-13 18:13:51.821,BERTHA DOMINGUEZ 09DJN0705M,0101000020E6100000F84C51B04EC858C0C0C28E388D713340,19.443561,-99.129803
580,PLATSOBSE_ILIFE_1_2_3_ESCUELAS_CAI_SEP_NO_08_LUIS_G_URBINA_09DDI0008U_09DDI0008U,acc10fc3-dc44-4ab8-b8e7-270f655b58ec,CAI SEP NO 08 LUIS G URBINA 09DDI0008U,COYOACAN,EL CENTINELA,CALLE 801 MANZANA 8 NO 18,RETORNO 801,"https://www.google.com/maps/place/CENDI+no.+8+%22Luis+G.+Urbina%22/@19.3369877,-99.1415177,19.14z/data=!4m10!1m2!2m1!1sCAI+SEP+NO+08+LUIS+G+URBINA!3m6!1s0x85ce01d5ddc9a315:0xde9d9911c2031d1!8m2!3d19.3368831!4d-99.1405523!15sChtDQUkgU0VQIE5PIDA4IExVSVMgRy",,PAULA LOPEZ,,,2025.0,ESTUDIO NARROS SA DE CV,SOBS-EJM-P-2026-251,S257,4 DE DICIEMBRE DE 2025,31 DE DICIEMBRE DE 2025,100.0,TERMINADO,SOBS-EJM-SUP-2026-251,"REGA PROYECTO Y SUPERVISION, S.A. DE C.V.",,,,2026-06-13 18:13:51.821,CAI SEP NO 08 LUIS G URBINA 09DDI0008U,0101000020E61000004471847400C958C0C0249EFF47563340,19.337036,-99.140653
581,PLATSOBSE_ILIFE_1_2_3_ESCUELAS_CAI_SEP_NO_16_JEAN_PIAGET_09DDI0016C_09DDI0016C,061424a3-2cc7-490b-9a97-0525e8d3a7a6,CAI SEP NO 16 JEAN PIAGET 09DDI0016C,BENITO JUAREZ,PORTALES III,CALLE SARATOGA 910,POPOCATEPETL Y PIRINEOS,"https://www.google.com/maps/place/CAI+Sep+No.+16+Jean+Piaget/@19.3622408,-99.1524394,19.05z/data=!4m6!3m5!1s0x85d1ffb61a1ad5b5:0xf301bdd0e00035f7!8m2!3d19.3620682!4d-99.1522168!16s%2Fg%2F11g6xn6kgz?entry=ttu&g_ep=EgoyMDI2MDIxMS4wIKXMDSoASAFQAw%3D%3D",,PAULA LOPEZ,,,2025.0,GRUPO DESARROLLOS INTEGRALES EN INGENIERIA FEX SA DE CV,SOBS-EJM-P-2026-252,S258,1 DE NOVIEMBRE DE 2025,31 DE DICIEMBRE DE 2025,100.0,TERMINADO,SOBS-EJM-SUP-2026-252,"ITZAMNA PROYECTOS, S.A. DE C.V",,,,2026-06-13 18:13:51.821,CAI SEP NO 16 JEAN PIAGET 09DDI0016C,0101000020E61000001C275F81BDC958C030BED796B35C3340,19.362115,-99.152191
582,PLATSOBSE_ILIFE_1_2_3_ESCUELAS_CALNAHUAC_09DJN0983O_09DJN0983O,0b824b09-7f90-4cef-9d90-d4b157bd6fe9,CALNAHUAC 09DJN0983O,MILPA ALTA,PUEBLO VILLA MILPA ALTA,COLIMA PTE 22,ESQ TLAXCALA SUR,"https://www.google.com/maps/place/Jard%C3%ADn+de+Ni%C3%B1os+Calnahuac/@19.1905152,-99.0287775,18.69z/data=!4m6!3m5!1s0x85ce053b45f584d3:0xf36b991d90da9210!8m2!3d19.190386!4d-99.0284352!16s%2Fg%2F11dxckhlyj?entry=ttu&g_ep=EgoyMDI2MDIxMS4wIKXMDSoASAFQAw%3D",,PAULA LOPEZ,,,2025.0,VEROBRAS SA DE CV,SOBS-EJM-P-2026-253,S259,4 DE DICIEMBRE DE 2025,31 DE DICIEMBRE DE 2025,100.0,TERMINADO,SOBS-EJM-SUP-2026-253,"ESPACIO SEPIA, S.A. DE C.V.",,,,2026-06-13 18:13:51.821,CALNAHUAC 09DJN0983O,0101000020E610000064863881D1C158C0A043939FC2303340,19.19047,-99.028412
583,PLATSOBSE_ILIFE_1_2_3_ESCUELAS_CARLOS_A_CARRILLO_09DPR1172N_09DPR1172N,56d1771b-c17b-4202-a31c-0da446e6c6af,CARLOS A CARRILLO 09DPR1172N,BENITO JUAREZ,PORTALES I,MUNICIPIO LIBRE 1301,TLALPAN Y ANTILLAS,"https://www.google.com/maps/place/Escuela+Primaria+Carlos+A.+Carrillo/@19.368242,-99.1426386,20z/data=!4m14!1m7!3m6!1s0x85d1fe4c78c0c37f:0xdd3b6e0fbc59a288!2sEscuela+Primaria+Carlos+A.+Carrillo!8m2!3d19.3682983!4d-99.1423798!16s%2Fg%2F1q67qpkfj!3m5!1s0x8",,PAULA LOPEZ,,,2025.0,GRUPO DESARROLLOS INTEGRALES EN INGENIERIA FEX SA DE CV,SOBS-EJM-P-2026-254,S260,1 DE NOVIEMBRE DE 2025,31 DE DICIEMBRE DE 2025,100.0,TERMINADO,SOBS-EJM-SUP-2026-254,"ITZAMNA PROYECTOS, S.A. DE C.V",,,,2026-06-13 18:13:51.821,CARLOS A CARRILLO 09DPR1172N,0101000020E61000003445B0031DC958C0D09ED5F8465E3340,19.36827,-99.142396
584,PLATSOBSE_ILIFE_1_2_3_ESCUELAS_CENTRO_DE_ATENCION_MULTIPLE_NO_39_09DML0104S_09DML0104S,3ed9e23b-7c39-4d16-a497-e31c68ee5469,CENTRO DE ATENCION MULTIPLE No 39 09DML0104S,BENITO JUAREZ,PORTALES I,MUNICIPIO LIBRE N 59 BIS,TLALPAN Y ANTILLAS,"https://www.google.com/maps/place/Centro+de+Atenci%C3%B3n+Multiple+No+39/@19.3685117,-99.1426247,19.45z/data=!4m6!3m5!1s0x85d1fe4c78c60ea5:0xba5c4252c2a630d6!8m2!3d19.3682821!4d-99.1424676!16s%2Fg%2F1q67dfxwq?entry=ttu&g_ep=EgoyMDI2MDIxMS4wIKXMDSoASAFQAw",,PAULA LOPEZ,,,2025.0,GRUPO DESARROLLOS INTEGRALES EN INGENIERIA FEX SA DE CV,SOBS-EJM-P-2026-255,S261,1 DE NOVIEMBRE DE 2025,31 DE DICIEMBRE DE 2025,100.0,TERMINADO,SOBS-EJM-SUP-2026-255,"ITZAMNA PROYECTOS, S.A. DE C.V",,,,2026-06-13 18:13:51.821,CENTRO DE ATENCION MULTIPLE No 39 09DML0104S,0101000020E61000007C0E73471EC958C0E06E2917495E3340,19.368303,-99.142473
585,PLATSOBSE_ILIFE_1_2_3_ESCUELAS_CMDTE_DE_BOMBEROS_JOSE_SAAVEDRA_DEL_RAZO_09DJN1016F_09DJN1016F,7223891d-ac39-4f8d-8c2e-65cd89c4df68,CMDTE DE BOMBEROS JOSE SAAVEDRA DEL RAZO 09DJN1016F,BENITO JUAREZ,PORTALES III,REPUBLICAS 174 Y TOKIO SN,TOKIO Y SEVILLA,"https://www.google.com/maps/place/Jardin+de+Ni%C3%B1os+Cmdte.+de+Bomberos+Jose+Saavedra+del+Razo/@19.3643668,-99.1533589,19.31z/data=!4m6!3m5!1s0x85d1ffb659c50f0f:0x4d4806d4cdc302ff!8m2!3d19.3643927!4d-99.1532396!16s%2Fg%2F11bbtbf137?entry=ttu&g_ep=EgoyM",,PAULA LOPEZ,,,2025.0,GRUPO DESARROLLOS INTEGRALES EN INGENIERIA FEX SA DE CV,SOBS-EJM-P-2026-256,S262,1 DE NOVIEMBRE DE 2025,31 DE DICIEMBRE DE 2025,100.0,TERMINADO,SOBS-EJM-SUP-2026-256,"ITZAMNA PROYECTOS, S.A. DE C.V",,,,2026-06-13 18:13:51.821,CMDTE DE BOMBEROS JOSE SAAVEDRA DEL RAZO 09DJN1016F,0101000020E6100000B84D8F91CEC958C03073F7934C5D3340,19.36445,-99.153233
586,PLATSOBSE_ILIFE_1_2_3_ESCUELAS_CRISTOBAL_COLON_09DPR2027I_09DPR2027I,28f51c9e-dcf1-44bf-af64-c3bffbce28e0,CRISTOBAL COLON 09DPR2027I,TLAHUAC,SAN ANDRES MIXQUIC (PBLO),PLAZA JUAREZ NO 17,20 DE NOVIEMBRE,"https://www.google.com/maps/place/Escuela+Primaria+%22Crist%C3%B3bal+Col%C3%B3n%22/@19.2247723,-98.9644171,19z/data=!4m15!1m8!3m7!1s0x85ce1ba14467df5d:0x9afc9d091c7f4186!2sPl.+Ju%C3%A1rez+17,+Los+Reyes,+Tl%C3%A1huac,+13630+San+Andr%C3%A9s+Mixquic,+CDMX!3",,PAULA LOPEZ,,,2025.0,GRUPO ALAVEZ LAMBARRI SA DE CV,SOBS-EJM-P-2026-257,S263,25 DE NOVIEMBRE DE 2025,31 DE DICIEMBRE DE 2025,100.0,TERMINADO,SOBS-EJM-SUP-2026-257,"SUPERVISIÓN Y PROYECTOS BOAZ, S.A. DE C.V.",,,,2026-06-13 18:13:51.821,CRISTOBAL COLON 09DPR2027I,0101000020E61000007CB0FF26BABD58C050F366688F393340,19.224844,-98.964487
587,PLATSOBSE_ILIFE_1_2_3_ESCUELAS_CULTURA_AZTECA_09DPR3127O_09DPR3127O,be1d4520-5ab0-486b-a40e-71e5730e8413,CULTURA AZTECA 09DPR3127O,MILPA ALTA,PUEBLO VILLA MILPA ALTA,AV YUCATAN SUR SN,ESQ SAN LORENZO,"https://www.google.com/maps/place/Escuela+Primaria+%22Cultura+Azteca%22/@19.1878317,-99.0218231,20.25z/data=!4m6!3m5!1s0x85ce0530e454b285:0x3706809593108d95!8m2!3d19.1878525!4d-99.0215594!16s%2Fg%2F1pyqjm78b?entry=ttu&g_ep=EgoyMDI2MDIxMC4wIKXMDSoASAFQAw%",,PAULA LOPEZ,,,2025.0,INGENIERIA EN TELECOMUNICACIONES RUVASA SA DE CV,SOBS-EJM-P-2026-258,S264,1 DE NOVIEMBRE DE 2025,31 DE DICIEMBRE DE 2025,100.0,TERMINADO,SOBS-EJM-SUP-2026-258,"ESPACIO SEPIA, S.A. DE C.V.",,,,2026-06-13 18:13:51.821,CULTURA AZTECA 09DPR3127O,0101000020E61000009850060A62C158C0403632BE18303340,19.187878,-99.021609
588,PLATSOBSE_ILIFE_1_2_3_ESCUELAS_DANIEL_COSIO_VILLEGAS_09DPR0019M_09DPR0019M,518871c6-a5c3-4c05-8872-7f87ea656154,DANIEL COSIO VILLEGAS 09DPR0019M,TLAHUAC,SAN MIGUEL ZAPOTITLA,AV CECILIO ACOSTA SN,JOSE SEVERINO DE LA SOTA Y VICTORIANO AGUEROS,"https://www.google.com/maps/place/Escuela+Primaria+%22Daniel+Cos%C3%ADo+Villegas%22/@19.311892,-99.0381744,18.97z/data=!4m6!3m5!1s0x85ce02e9a9950fd3:0x19b0678e38156c1a!8m2!3d19.3120998!4d-99.0376427!16s%2Fg%2F1ptwx2076?entry=ttu&g_ep=EgoyMDI2MDIxMS4wIKXM",,PAULA LOPEZ,,,2025.0,VEROBRAS SA DE CV,SOBS-EJM-P-2026-259,S265,4 DE DICIEMBRE DE 2025,31 DE DICIEMBRE DE 2025,100.0,TERMINADO,SOBS-EJM-SUP-2026-259,"ESPACIO SEPIA, S.A. DE C.V.",,,,2026-06-13 18:13:51.821,DANIEL COSIO VILLEGAS 09DPR0019M,0101000020E6100000B019CAB568C258C0C06BAACDE74F3340,19.312131,-99.037641
589,PLATSOBSE_ILIFE_1_2_3_ESCUELAS_DAVID_ALFARO_SIQUEIROS_09DES0149Z_09DES0149Z,355275a2-02d8-425a-a238-fb6a689f1e89,DAVID ALFARO SIQUEIROS 09DES0149Z,COYOACAN,LOS OLIVOS (FRACC),CALLE MAR DE LA TRANQUILIDAD ENTRE FECUNDIDAD Y BAHIA ASTRONAUTA SN,ESQ BENITO JUAREZ,"https://www.google.com/maps/place/Escuela+Secundaria+Diurna+N%C2%B0+149+%22David+Alfaro+Siqueiros%22/@19.3128737,-99.1354358,17.87z/data=!4m10!1m2!2m1!1sESCUELA+DAVID+ALFARO+SIQUEIROS!3m6!1s0x85ce01b84cb98d73:0x68cc3ae8c7c443e1!8m2!3d19.3128127!4d-99.132",,PAULA LOPEZ,,,2025.0,ESTUDIO NARROS SA DE CV,SOBS-EJM-P-2026-260,S266,4 DE DICIEMBRE DE 2025,31 DE DICIEMBRE DE 2025,100.0,TERMINADO,SOBS-EJM-SUP-2026-260,"REGA PROYECTO Y SUPERVISION, S.A. DE C.V.",,,,2026-06-13 18:13:51.821,DAVID ALFARO SIQUEIROS 09DES0149Z,0101000020E610000074B3106480C858C0503C347E1E503340,19.312965,-99.132836
590,PLATSOBSE_ILIFE_1_2_3_ESCUELAS_DELEGACION_COYOACAN_09DES0256H_09DES0256H,a607bd43-0155-44ba-982a-e3e29df686fc,DELEGACION COYOACAN 09DES0256H,COYOACAN,COPILCO UNIVERSIDAD II,EJE VIAL 10 SUR PEDRO ENRIQUEZ UREÑA SN,DELFIN MADRIGAL Y CERRO DEL AGUA,"https://www.google.com/maps/place/Escuela+Secundaria+Diurna+N%C2%B0+256+%22Delegaci%C3%B3n+Coyoac%C3%A1n%22/@19.335481,-99.1757803,18.28z/data=!4m6!3m5!1s0x85d1ffd72d888de3:0xd1cec5ae22d70084!8m2!3d19.3358253!4d-99.1742656!16s%2Fg%2F1tftrfjw?entry=ttu&g_",,PAULA LOPEZ,,,2025.0,CORPORATIVO GILMAR PETRA SA DE CV,SOBS-EJM-P-2026-261,S267,4 DE DICIEMBRE DE 2025,31 DE DICIEMBRE DE 2025,100.0,TERMINADO,SOBS-EJM-SUP-2026-261,"REGA PROYECTO Y SUPERVISION, S.A. DE C.V.",,,,2026-06-13 18:13:51.821,DELEGACION COYOACAN 09DES0256H,0101000020E6100000F8C5536D27CB58C0C051DC19FB553340,19.335863,-99.174281
591,PLATSOBSE_ILIFE_1_2_3_ESCUELAS_DIURNA_NO_37_EMILIANO_ZAPATA_09DES0037V_09DES0037V,e0372c8b-2cd7-4eb4-b1db-2b900e71abf4,DIURNA NO 37 EMILIANO ZAPATA 09DES0037V,MILPA ALTA,PUEBLO VILLA MILPA ALTA,AVENIDA MÉXICO SUR SN,CHIHUAHUA Y MIGUEL HIDALGO,"https://www.google.com/maps/place/Escuela+Secundaria+Diurna+N%C2%B0+37+%22Emiliano+Zapata%22/@19.1885727,-99.0241832,20z/data=!4m14!1m7!3m6!1s0x85ce053a80bcef4f:0xf0b693616224ac45!2sEscuela+Secundaria+Diurna+N%C2%B0+37+%22Emiliano+Zapata%22!8m2!3d19.1884",,PAULA LOPEZ,,,2025.0,INGENIERIA EN TELECOMUNICACIONES RUVASA SA DE CV,SOBS-EJM-P-2026-262,S268,1 DE NOVIEMBRE DE 2025,31 DE DICIEMBRE DE 2025,100.0,TERMINADO,SOBS-EJM-SUP-2026-262,"ESPACIO SEPIA, S.A. DE C.V.",,,,2026-06-13 18:13:51.821,DIURNA NO 37 EMILIANO ZAPATA 09DES0037V,0101000020E6100000B08083EE8DC158C0809E696443303340,19.188528,-99.024288
592,PLATSOBSE_ILIFE_1_2_3_ESCUELAS_DOLORES_CORREA_ZAPATA_09DPR2411D_09DPR2411D,9b4ae10b-7f41-4ee8-a3e3-21873b1f9a83,DOLORES CORREA ZAPATA 09DPR2411D,CUAUHTEMOC,MORELOS III,JAIME NUNO NUM 39,ALLENDE Y COMONFORT,"https://www.google.com/maps/place/ESCUELA+DOLORES+CORREA+ZAPATA/@19.4452769,-99.1364397,19z/data=!4m6!3m5!1s0x85d1f95e690e392b:0x9e21e68aa577826c!8m2!3d19.4451847!4d-99.1364268!16s%2Fg%2F11g3zzt9dj?entry=ttu&g_ep=EgoyMDI2MDIxMC4wIKXMDSoASAFQAw%3D%3D",,PAULA LOPEZ,,,2025.0,GRUPO CONSTRUCTOR CAHUA SA DE CV,SOBS-EJM-P-2026-263,S269,1 DE NOVIEMBRE DE 2025,31 DE DICIEMBRE DE 2025,100.0,TERMINADO,SOBS-EJM-SUP-2026-263,"PROYECTOS E INGENIERIA CHRONOS, S.A. DE C.V.",,,,2026-06-13 18:13:51.821,DOLORES CORREA ZAPATA 09DPR2411D,0101000020E610000060F0B100B9C858C0D0D732E4F1713340,19.445097,-99.136292
593,PLATSOBSE_ILIFE_1_2_3_ESCUELAS_DR_ANGEL_MA_GARIBAY_09DPR2467F_09DPR2467F,193db3e7-6248-48ea-afc0-099170477ff8,DR ANGEL MA GARIBAY 09DPR2467F,COYOACAN,AJUSCO III,CERRADA CHAUCINGO SN,ESQ CERR TEPENCIN,"https://www.google.com/maps/place/Escuela+Primaria+Doctor+%C3%81ngel+Mar%C3%ADa+Garibay/@19.3160255,-99.1696156,19.51z/data=!4m10!1m2!2m1!1sESCUELA+DR+ANGEL+MA+GARIBAY!3m6!1s0x85d1ff132ac26615:0x22995403e692fed4!8m2!3d19.3158953!4d-99.1689384!15sChtFU0NV",,PAULA LOPEZ,,,2025.0,ARYAK INGENIEROS Y ARQUITECTOS SA DE CV,SOBS-EJM-P-2026-264,S270,1 DE NOVIEMBRE DE 2025,31 DE DICIEMBRE DE 2025,100.0,TERMINADO,SOBS-EJM-SUP-2026-264,"SERVICIOS INMOBILIARIOS CADRI, S.A. DE C.V.",,,,2026-06-13 18:13:51.821,DR ANGEL MA GARIBAY 09DPR2467F,0101000020E610000080486FDECFCA58C060909440E0503340,19.315922,-99.168937
594,PLATSOBSE_ILIFE_1_2_3_ESCUELAS_DR_EDUARDO_LICEAGA_09DPR5125D_09DPR5125D,4c47ab01-6542-4ed9-9637-57c4d107cf3a,DR EDUARDO LICEAGA 09DPR5125D,LA MAGDALENA CONTRERAS,TIERRA UNIDA,"ANDADOR 14, 14-1",ESQ ANDADOR PRINCIPAL,"https://www.google.com/maps/place/Esc.Primaria+%22Dr.+Eduardo+Liceaga%22/@19.303229,-99.2696559,20.25z/data=!4m6!3m5!1s0x85cdff372cb6774f:0xfd9c77fc6b00fd5e!8m2!3d19.3031692!4d-99.2699337!16s%2Fg%2F11df1f8wt_?entry=ttu&g_ep=EgoyMDI2MDIxMC4wIKXMDSoASAFQAw",,PAULA LOPEZ,,,2025.0,SISTEMAS IMPERMEABLES Y RECUBRIMIENTOS SA DE CV,SOBS-EJM-P-2026-265,S271,1 DE NOVIEMBRE DE 2025,31 DE DICIEMBRE DE 2025,100.0,TERMINADO,SOBS-EJM-SUP-2026-265,"FAMASA CONSTRUCCIÓN, DISEÑO E INGENIERÍA, S.A. DE C.V.",,,,2026-06-13 18:13:51.821,DR EDUARDO LICEAGA 09DPR5125D,0101000020E6100000043EC2A446D158C060547ACA9C4D3340,19.303174,-99.269937
595,PLATSOBSE_ILIFE_1_2_3_ESCUELAS_ESCUELA_SECUNDARIA_MTRO_JUAN_G_HOLGUIN_09DES0023S_09DES0023S,f60ea253-1525-448d-a342-c470c988f157,ESCUELA SECUNDARIA MTRO JUAN G HOLGUIN 09DES0023S,CUAUHTEMOC,JUAREZ,CALLE LIVERPOOL NO 40,DINAMARCA Y BERLIN,"https://www.google.com/maps/place/Escuela+Secundaria+Diurna+N%C2%BA+23+%22Mtro.+Juan+G.+Holgu%C3%ADn%22/@19.4272915,-99.1582929,18.24z/data=!4m14!1m7!3m6!1s0x85d1ff32119b6e8f:0x9a09eb7bde711f16!2sEscuela+Secundaria+Diurna+N%C2%BA+23+%22Mtro.+Juan+G.+Holg",,PAULA LOPEZ,,,2025.0,DUGAF ASESORES Y CONSTRUCTORES SA DE CV,SOBS-EJM-P-2026-266,S272,4 DE DICIEMBRE DE 2025,31 DE DICIEMBRE DE 2025,100.0,TERMINADO,SOBS-EJM-SUP-2026-266,"FRIMAR TECNOLOGÍA EN CONSTRUCCIÓN, S.A. DE C.V.",,,,2026-06-13 18:13:51.821,ESCUELA SECUNDARIA MTRO JUAN G HOLGUIN 09DES0023S,0101000020E6100000E44A1BAA16CA58C020AFF26C566D3340,19.4271,-99.157633
596,PLATSOBSE_ILIFE_1_2_3_ESCUELAS_ESCUELA_SECUNDARIA_PROFESOR_CARLOS_BENITEZ_DELORME_09DES0051O_09DES0051O,4f866e06-a62b-4d27-bf8f-5dc6a4d44abe,ESCUELA SECUNDARIA PROFESOR CARLOS BENITEZ DELORME 09DES0051O,BENITO JUAREZ,NIÑOS HEROES DE CHAPULTEPEC,CALLE NIÑOS HEROES DE CHAPULTEPEC NO 101,ESQ ISABEL LA CATOLICA,"https://www.google.com/maps/place/Escuela+Secundaria+Diurna+N%C2%B0+51+%22Profr.+Carlos+Benitez+Delorme%22/@19.3873873,-99.1439664,18.23z/data=!4m6!3m5!1s0x85d1feff9f803d2d:0x2cf82e4540463889!8m2!3d19.3873725!4d-99.1429701!16s%2Fg%2F1q5gpks0h?entry=ttu&g",,PAULA LOPEZ,,,2025.0,DUGAF ASESORES Y CONSTRUCTORES SA DE CV,SOBS-EJM-P-2026-267,S273,4 DE DICIEMBRE DE 2025,31 DE DICIEMBRE DE 2025,100.0,TERMINADO,SOBS-EJM-SUP-2026-267,"FRIMAR TECNOLOGÍA EN CONSTRUCCIÓN, S.A. DE C.V.",,,,2026-06-13 18:13:51.821,ESCUELA SECUNDARIA PROFESOR CARLOS BENITEZ DELORME 09DES0051O,0101000020E61000006817045226C958C080D7018C25633340,19.387292,-99.142964
718,PLATSOBSE_DGCOP_MOD_POLICIA_ANZURES_26,9c5d3c12-1717-445c-802c-77b3238fbb89,ANZURES,MIGUEL HIDALGO,ANZURES,BAHIA DE SANTA BARBARA,BAHIA DE SANTA BARBARA Y BAHIA DE SAN CRISTOBAL,https://maps.app.goo.gl/MS1ik2sJ4tH4fGyD6,,PAULA LOPEZ,2/18/2026,2/18/2026,2024.0,"GRUPO ALAVEZ LAMBARRI, S.A. DE C.V.",SOBS-EJM-P-2026-268,S274,11/26/2024,12/31/2024,100.0,TERMINADO,SOBS-EJM-SUP-2026-268,,0,,,2026-06-13 18:13:51.821,ANZURES,0101000020E61000001556099A3FCB58C0547634EDE66F3340,19.437117,-99.175757
597,PLATSOBSE_ILIFE_1_2_3_ESCUELAS_ESCUELA_SECUNDARIA_TECNICA_43_09DST0043Y_09DST0043Y,ab33a8d9-51b3-4cf6-aafb-93e3ea411244,ESCUELA SECUNDARIA TECNICA 43 09DST0043Y,COYOACAN,LOS CIPRESES,PEDRO SAINZ DE BARANDA SN ESQ GUSTAVO SALAZAR,ESQ GUSTAVO SALAZAR BEJARANO,"https://www.google.com/maps/place/Escuela+Secundaria+T%C3%A9cnica+N%C2%B0+43+%22Luis+Enrique+Erro%22/@19.3195785,-99.1281521,18.95z/data=!4m10!1m2!2m1!1sESCUELA+SECUNDARIA+TECNICA+43!3m6!1s0x85ce01c10fe9770d:0x5e9d6c8cbe1af185!8m2!3d19.3198138!4d-99.1270",,PAULA LOPEZ,,,2025.0,ESTUDIO NARROS SA DE CV,SOBS-EJM-P-2026-269,S275,4 DE DICIEMBRE DE 2025,31 DE DICIEMBRE DE 2025,100.0,TERMINADO,SOBS-EJM-SUP-2026-269,"REGA PROYECTO Y SUPERVISION, S.A. DE C.V.",,,,2026-06-13 18:13:51.821,ESCUELA SECUNDARIA TECNICA 43 09DST0043Y,0101000020E61000006849087921C858C010DC6E68E3513340,19.319876,-99.127043
598,PLATSOBSE_ILIFE_1_2_3_ESCUELAS_ESCUELA_SECUNDARIA_TECNICA_49_09DST0049S_09DST0049S,5a82f96a-83d1-4b65-bf81-8ec5c3f3ddf8,ESCUELA SECUNDARIA TECNICA 49 09DST0049S,COYOACAN,PEDREGAL DE STO DOMINGO III,AV ESCUINAPA Y PAPALOTL SN,CANAHUTLI Y PAPALOTL,"https://www.google.com/maps/place/Escuela+Secundaria+Tecnica+N%C2%B0+49+%22Jos%C3%A9+Vasconcelos%22/@19.3300232,-99.1632057,18.52z/data=!4m6!3m5!1s0x85ce0023f399d94d:0x391c4dd625001474!8m2!3d19.3300416!4d-99.1629718!16s%2Fg%2F1vr3dhms?entry=ttu&g_ep=Egoy",,PAULA LOPEZ,,,2025.0,GRUPO CONSTRUCTOR JOJA SA DE CV,SOBS-EJM-P-2026-270,S276,10 DE NOVIEMBRE DE 2025,31 DE DICIEMBRE DE 2025,100.0,TERMINADO,SOBS-EJM-SUP-2026-270,"ITZAMNA PROYECTOS, S.A. DE C.V.",,,,2026-06-13 18:13:51.821,ESCUELA SECUNDARIA TECNICA 49 09DST0049S,0101000020E610000040E8935A6ECA58C070750CFA7F543340,19.330078,-99.162985
599,PLATSOBSE_ILIFE_1_2_3_ESCUELAS_ESCUELA_SECUNDARIA_TECNICA_72_09DST0072T_09DST0072T,2849cda0-5637-4657-8cfd-b95530604097,ESCUELA SECUNDARIA TECNICA 72 09DST0072T,LA MAGDALENA CONTRERAS,LOMAS DE SAN BERNABE,CALLE DE LA PARCELA SN,ESQ CARBONEROS,"https://www.google.com/maps/place/Escuela+Secundaria+T%C3%A9cnica+N%C2%B0+72/@19.3099116,-99.2656945,19.5z/data=!4m10!1m2!2m1!1sSECUNDARIA+TECNICA+72!3m6!1s0x85cdff479f0f7615:0x5ed2873a1152cf62!8m2!3d19.31005!4d-99.2649372!15sChVTRUNVTkRBUklBIFRFQ05JQ0Eg",,PAULA LOPEZ,,,2025.0,VIDERE INFRAESTRUCTURA SA DE CV,SOBS-EJM-P-2026-271,S277,1 DE NOVIEMBRE DE 2025,31 DE DICIEMBRE DE 2025,100.0,TERMINADO,SOBS-EJM-SUP-2026-271,"FAMASA CONSTRUCCIÓN, DISEÑO E INGENIERÍA, S.A. DE C.V.",,,,2026-06-13 18:13:51.821,ESCUELA SECUNDARIA TECNICA 72 09DST0072T,0101000020E6100000D093C88DF4D058C0804D9AB0604F3340,19.310069,-99.264926
600,PLATSOBSE_ILIFE_1_2_3_ESCUELAS_ESCUELA_SECUNDARIA_TEUTLI_09DES0009Z_09DES0009Z,151bd5d3-acf9-4a8a-b531-baf2b8e02a57,ESCUELA SECUNDARIA TEUTLI 09DES0009Z,MILPA ALTA,SAN ANTONIO TECOMITL (PBLO),CALLE DE LAS PALMAS SN,ESQ GUADALUPE VICTORIA SUR,"https://www.google.com/maps/place/Escuela+Secundaria+General+N%C2%B0+9+%22Teutli%22/@19.217839,-98.9956401,19.21z/data=!4m6!3m5!1s0x85ce1b3c9f94e0d5:0x96152be15055f0cf!8m2!3d19.2179239!4d-98.9955194!16s%2Fg%2F1thvt0sr?entry=ttu&g_ep=EgoyMDI2MDIxMS4wIKXMD",,PAULA LOPEZ,,,2025.0,VEROBRAS SA DE CV,SOBS-EJM-P-2026-272,S278,4 DE DICIEMBRE DE 2025,31 DE DICIEMBRE DE 2025,100.0,TERMINADO,SOBS-EJM-SUP-2026-272,"ESPACIO SEPIA, S.A. DE C.V.",,,,2026-06-13 18:13:51.821,ESCUELA SECUNDARIA TEUTLI 09DES0009Z,0101000020E6100000A0A33499B6BF58C0F05E6C17CC373340,19.217958,-98.99552
601,PLATSOBSE_ILIFE_1_2_3_ESCUELAS_ESCUELA_TELESECUNDARIA_NO116_09DTV0116N_09DTV0116N,997f8169-ffd9-4040-b885-72884048c19e,ESCUELA TELESECUNDARIA NO116 09DTV0116N,BENITO JUAREZ,INDEPENDENCIA,EJE 6 SUR AV INDEPENDENCIA SN,ESQ SIMON BOLIVAR,"https://www.google.com/maps/place/Telesecundaria+116/@19.3795226,-99.1472739,19.35z/data=!4m6!3m5!1s0x85d1ffacbca20ea5:0xfedf15ae865c6169!8m2!3d19.3793461!4d-99.1468596!16s%2Fg%2F11dx8g8d8_?entry=ttu&g_ep=EgoyMDI2MDIxMS4wIKXMDSoASAFQAw%3D%3D",,PAULA LOPEZ,,,2025.0,DUGAF ASESORES Y CONSTRUCTORES SA DE CV,SOBS-EJM-P-2026-273,S279,4 DE DICIEMBRE DE 2025,31 DE DICIEMBRE DE 2025,100.0,TERMINADO,SOBS-EJM-SUP-2026-273,"FRIMAR TECNOLOGÍA EN CONSTRUCCIÓN, S.A. DE C.V.",,,,2026-06-13 18:13:51.821,ESCUELA TELESECUNDARIA NO116 09DTV0116N,0101000020E6100000404632F266C958C07001914117613340,19.379261,-99.146908
602,PLATSOBSE_ILIFE_1_2_3_ESCUELAS_ESPERANZA_LOPEZ_MATEOS_09DPR1974D_09DPR1974D,2e65e102-f1d0-4b8f-a8e8-817d87f2a07c,ESPERANZA LOPEZ MATEOS 09DPR1974D,COYOACAN,PEDREGAL DE SANTA URSULA I,CALLE SAN LEON Y SAN RAUL SN,ESQ SAN RAUL,"https://www.google.com/maps/place/Escuela+Primaria+Esperanza+L%C3%B3pez+Mateos/@19.3120581,-99.1492231,19.09z/data=!4m6!3m5!1s0x85ce004a8ad411f7:0x244a5d3b0a4108b3!8m2!3d19.3121627!4d-99.1485899!16s%2Fg%2F1tqty6fq?entry=ttu&g_ep=EgoyMDI2MDIxMS4wIKXMDSoAS",,PAULA LOPEZ,,,2025.0,ESTUDIO NARROS SA DE CV,SOBS-EJM-P-2026-274,S280,4 DE DICIEMBRE DE 2025,31 DE DICIEMBRE DE 2025,100.0,TERMINADO,SOBS-EJM-SUP-2026-274,"REGA PROYECTO Y SUPERVISION, S.A. DE C.V.",,,,2026-06-13 18:13:51.821,ESPERANZA LOPEZ MATEOS 09DPR1974D,0101000020E610000054235B6F82C958C0D0FB5C90EB4F3340,19.312188,-99.148586
603,PLATSOBSE_ILIFE_1_2_3_ESCUELAS_ESTADO_DE_DURANGO_09DPR2334P_09DPR2334P,c018f6e8-ba98-485b-844f-7cbd8a4f533b,ESTADO DE DURANGO 09DPR2334P,CUAUHTEMOC,MORELOS III,GONZALEZ BOCANEGRA NO 74,COMONFORT Y PERALVILLO,"https://www.google.com/maps/place/Escuela+Primaria+Estado+de+Durango/@19.4462006,-99.1337566,20.5z/data=!4m6!3m5!1s0x85d1f93ab0943613:0x1989cfa17a510d5b!8m2!3d19.4462587!4d-99.1338356!16s%2Fg%2F11bwfltgd6?entry=ttu&g_ep=EgoyMDI2MDIxMC4wIKXMDSoASAFQAw%3D%",,PAULA LOPEZ,,,2025.0,TEZONTLE ARQUITECTURA Y CONSTRUCCION SA DE CV,SOBS-EJM-P-2026-275,S281,1 DE NOVIEMBRE DE 2025,31 DE DICIEMBRE DE 2025,100.0,TERMINADO,SOBS-EJM-SUP-2026-275,"BVIA CONSTRUCCIONES, S.A. DE C.V.",,,,2026-06-13 18:13:51.821,ESTADO DE DURANGO 09DPR2334P,0101000020E610000034E304A392C858C0608952883E723340,19.446267,-99.13395
604,PLATSOBSE_ILIFE_1_2_3_ESCUELAS_ESTADO_DE_ZACATECAS_09DPR1097X_09DPR1097X,9ccc8d46-1f4c-4b21-9a1a-d1de416ad7ea,ESTADO DE ZACATECAS 09DPR1097X,CUAUHTEMOC,MORELOS I,RIBERO 29,JESUS CARRANZA Y SANTA LUCIA,"https://www.google.com/maps/place/Escuela+Primaria+Estado+de+Zacatecas/@19.4486104,-99.1314504,19.25z/data=!4m6!3m5!1s0x85d1f939b5a4e071:0xec614a9cee43562b!8m2!3d19.4482721!4d-99.1310116!16s%2Fg%2F1tfx56_x?entry=ttu&g_ep=EgoyMDI2MDIxMC4wIKXMDSoASAFQAw%3D",,PAULA LOPEZ,,,2025.0,TEZONTLE ARQUITECTURA Y CONSTRUCCION SA DE CV,SOBS-EJM-P-2026-276,S282,1 DE NOVIEMBRE DE 2025,31 DE DICIEMBRE DE 2025,100.0,TERMINADO,SOBS-EJM-SUP-2026-276,"BVIA CONSTRUCCIONES, S.A. DE C.V.
",,,,2026-06-13 18:13:51.821,ESTADO DE ZACATECAS 09DPR1097X,0101000020E6100000B86EDC3663C858C050CD099ABF723340,19.448236,-99.131056
675,PLATSOBSE_DGCOP_BICIESTACIONAMIENTOS_HUIPULCO_1,d834f1e0-f65b-4b75-8627-a56ac120fdd8,HUIPULCO,TLALPAN,SAN LORENZO HUIPULCO,CALZ. TLALPAN,CALZ. ACOXPA Y AV. ACOXPA,https://maps.app.goo.gl/5nSPcJRWxmG3af8D7,ORIGINAL,PAULA LOPEZ,2/18/2026,2/18/2026,2025.0,"JAGUAR INGENIEROS CONSTRUCTORES, S.A. DE C.V.",SOBS-EJM-P-2026-277,S283,11/20/2025,2026-02-05 00:00:00,100.0,TREMINADO,SOBS-EJM-SUP-2026-277,"ARQUITECTURA INGENIERIA MECANICA GRIJALVA, S.A. DE C.V.",,,,2026-06-13 18:13:51.821,HUIPULCO,0101000020E61000002BFA0C1913CB58C07BAAC2F9D7523340,19.323608,-99.173041
605,PLATSOBSE_ILIFE_1_2_3_ESCUELAS_EUGENIA_LEON_PUIG_09DES0034Y_09DES0034Y,5c2852dd-fd5d-447f-8823-91fb638b7267,EUGENIA LEON PUIG 09DES0034Y,BENITO JUAREZ,MIRAVALLE,ALTAMIRA No 913,PIRINEOS Y ERMITA IZTAPALAPA,"https://www.google.com/maps/place/Escuela+Secundaria+Diurna+N%C2%B0+34+%22Eugenia+Le%C3%B3n+Puig%22/@19.360768,-99.1415035,20z/data=!4m6!3m5!1s0x85d1fe35c1e99501:0x67b78083f5f88c04!8m2!3d19.3608442!4d-99.1411322!16s%2Fg%2F1pv6xn0mr?entry=ttu&g_ep=EgoyMDI",,PAULA LOPEZ,,,2025.0,OMCAP INGENIERIA Y CONSTRUCCION SA DE CV,SOBS-EJM-P-2026-278,S284,10 DE NOVIEMBRE DE 2025,31 DE DICIEMBRE DE 2025,100.0,TERMINADO,SOBS-EJM-SUP-2026-278,"FRIMAR TECNOLOGÍA EN CONSTRUCCIÓN, S.A. DE C.V.",,,,2026-06-13 18:13:51.821,EUGENIA LEON PUIG 09DES0034Y,0101000020E610000034D98D0208C958C0C02DEEF9615C3340,19.36087,-99.141114
606,PLATSOBSE_ILIFE_1_2_3_ESCUELAS_FAMILIA_JUAREZ_MAZA_09DJN0076N_09DJN0076N,2cdd30cd-e737-44ab-9784-cc548fb3e77b,FAMILIA JUAREZ MAZA 09DJN0076N,COYOACAN,PEDREGAL DE STO DOMINGO IX,AV ANACAHUITA SN,ESCUINAPA Y OCOXAL,"https://www.google.com/maps/place/C.D.C.+Fam.+Ju%C3%A1rez+Maza/@19.3314352,-99.1716744,19.01z/data=!4m6!3m5!1s0x85ce001932a906e7:0xa4493f9f5988380a!8m2!3d19.3313446!4d-99.171361!16s%2Fg%2F1tdlhmw9?entry=ttu&g_ep=EgoyMDI2MDIxMS4wIKXMDSoASAFQAw%3D%3D",,PAULA LOPEZ,,,2025.0,SOUL ARQUITECTOS SA DE CV,SOBS-EJM-P-2026-279,S285,1 DE NOVIEMBRE DE 2025,31 DE DICIEMBRE DE 2025,100.0,TERMINADO,SOBS-EJM-SUP-2026-279,"INGENIERÍA INTEGRAL INTERNACIONAL MÉXICO, S.A. DE C.V.",,,,2026-06-13 18:13:51.821,FAMILIA JUAREZ MAZA 09DJN0076N,0101000020E6100000C4CFEC19F8CA58C0D09BE8A6CD543340,19.331263,-99.171393
607,PLATSOBSE_ILIFE_1_2_3_ESCUELAS_FRANCISCO_HERNANDEZ_DE_CORDOBA_09DPR2020P_09DPR2020P,14631774-4f77-45f0-b3ec-5932570850c0,FRANCISCO HERNANDEZ DE CORDOBA 09DPR2020P,TLAHUAC,SAN JUAN IXTAYOPAN (PBLO),IGNACIO ZARAGOZA SN,MORELOS Y VICENTE GUERRERO,"https://www.google.com/maps/place/Esc.+Prim.+Francisco+Hern%C3%A1ndez+De+C%C3%B3rdoba/@19.2433373,-98.9951016,18.58z/data=!4m6!3m5!1s0x85ce1b5c702c4233:0x70cbd9a5f4eee489!8m2!3d19.243552!4d-98.9942818!16s%2Fg%2F11ckvfljh5?entry=ttu&g_ep=EgoyMDI2MDIxMS4wI",,PAULA LOPEZ,,,2025.0,CONSTRUCTORA TORRHNOS SA DE CV,SOBS-EJM-P-2026-280,S286,1 DE NOVIEMBRE DE 2025,31 DE DICIEMBRE DE 2025,100.0,TERMINADO,SOBS-EJM-SUP-2026-280,"SUPERVISIÓN Y PROYECTOS BOAZ, S.A. DE C.V.",,,,2026-06-13 18:13:51.821,FRANCISCO HERNANDEZ DE CORDOBA 09DPR2020P,0101000020E610000018ECFA7DA2BF58C0F06BBDF75A3E3340,19.243576,-98.994293
608,PLATSOBSE_ILIFE_1_2_3_ESCUELAS_FRANCISCO_MONTERDE_09DES0162T_09DES0162T,7f8061ee-1d9c-43be-9f40-763e595bf25a,FRANCISCO MONTERDE 09DES0162T,TLAHUAC,SAN JUAN IXTAYOPAN (PBLO),JUAN ESCUTIA 52,ALVARO OBREGON Y MARIANO ESCOBEDO,"https://www.google.com/maps/place/Escuela+Secundaria+Diurna+N%C2%B0+162+%22Francisco+Monterde%22/@19.2413026,-98.9939051,19.21z/data=!4m6!3m5!1s0x85ce1b5d1f32d665:0x94652ac584111247!8m2!3d19.2413485!4d-98.9933979!16s%2Fg%2F11g8xkp27b?entry=ttu&g_ep=EgoyM",,PAULA LOPEZ,,,2025.0,CONSTRUCTORA TORRHNOS SA DE CV,SOBS-EJM-P-2026-281,S287,1 DE NOVIEMBRE DE 2025,31 DE DICIEMBRE DE 2025,100.0,TERMINADO,SOBS-EJM-SUP-2026-281,"SUPERVISIÓN Y PROYECTOS BOAZ, S.A. DE C.V.",,,,2026-06-13 18:13:51.821,FRANCISCO MONTERDE 09DES0162T,0101000020E6100000C0A10A4094BF58C0307DA4F4CB3D3340,19.241393,-98.993423
609,PLATSOBSE_ILIFE_1_2_3_ESCUELAS_GENERAL_AUGUSTO_CESAR_SANDINO_09DES0200F_09DES0200F,675efcbd-ff08-4f05-9d08-810b4992dd1b,GENERAL AUGUSTO CESAR SANDINO 09DES0200F,CUAUHTEMOC,MORELOS III,JAIME NUNO SN ESQ COMONFORT,PERALVILLO Y COMONFORT,"https://www.google.com/maps/place/Escuela+Secundaria+No.+200+%22General+Augusto+C%C3%A9sar+Sandino%22/@19.445262,-99.1356576,18z/data=!4m6!3m5!1s0x85d1f93007c1cca1:0xdf69d2383b89afdf!8m2!3d19.4450981!4d-99.1339865!16s%2Fg%2F11c59_kc2w?entry=ttu&g_ep=Egoy",,PAULA LOPEZ,,,2025.0,GM CONSTRUCCIONES Y REMODELACIONES SA DE CV,SOBS-EJM-P-2026-282,S288,1 DE NOVIEMBRE DE 2025,31 DE DICIEMBRE DE 2025,100.0,TERMINADO,SOBS-EJM-SUP-2026-282,"INGENIERÍA INTEGRAL INTERNACIONAL MÉXICO, S.A. DE C.V.",,,,2026-06-13 18:13:51.821,GENERAL AUGUSTO CESAR SANDINO 09DES0200F,0101000020E610000038B5B9A193C858C060A8A48CF8713340,19.445199,-99.134011
610,PLATSOBSE_ILIFE_1_2_3_ESCUELAS_INSURGENTES_09DJN0488O_09DJN0488O,b9465f6b-200b-42ce-b66d-b9010a54f700,INSURGENTES 09DJN0488O,MILPA ALTA,PUEBLO VILLA MILPA ALTA,AV YUCATAN SUR SN,SAN LORENZO Y VICENTE GUERRERO,"https://www.google.com/maps/place/Preescolar+%22Insurgentes%22/@19.1875379,-99.0221792,20.04z/data=!4m10!1m2!2m1!1sescuela+insurgentes+PRESCOLAR!3m6!1s0x85ce052fb679a0e9:0x5dc5fa23eeb68649!8m2!3d19.1874472!4d-99.021776!15sCh5lc2N1ZWxhIGluc3VyZ2VudGVzIFBS",,PAULA LOPEZ,,,2025.0,INGENIERIA EN TELECOMUNICACIONES RUVASA SA DE CV,SOBS-EJM-P-2026-283,S289,1 DE NOVIEMBRE DE 2025,31 DE DICIEMBRE DE 2025,100.0,TERMINADO,SOBS-EJM-SUP-2026-283,"ESPACIO SEPIA, S.A. DE C.V.",,,,2026-06-13 18:13:51.821,INSURGENTES 09DJN0488O,0101000020E610000030BFADD85FC158C0B0F02CB7F62F3340,19.187358,-99.021475
611,PLATSOBSE_DGCOP_PUENTES_PEATONALES_CALZ_DE_TLALPAN_CRUCE_CON_DIVISION_DEL_NORTE_ESPARTACO_25,0d5f9253-d68f-415d-b811-cb3893fa0b18,CALZ. DE TLALPAN CRUCE CON DIVISION DEL NORTE / ESPARTACO,COYOACAN,ESPARTACO,CALZADA DE TLALPAN,ENTRE CALLE 6 Y AV. DIVISION DEL NORTE,https://maps.app.goo.gl/wFjdA9d5LQzqPfF38,ORIGINAL,PAULA LOPEZ,2/18/2026,2/17/2026,2025.0,"GRUPO CONSTRUCTOR ESPECIALIZADO G.G.M., S.A. DE C.V.",SOBS-EJM-P-2026-284,S290,4/23/2025,7/21/2025,100.0,TERMINADO,SOBS-EJM-SUP-2026-284,SUPERVISION INTERNA,,,,2026-06-13 18:13:51.821,CALZ. DE TLALPAN CRUCE CON DIVISION DEL NORTE / ESPARTACO,0101000020E610000053C45A4DDFC858C0FC17928A74513340,19.318185,-99.138629
612,PLATSOBSE_ILIFE_1_2_3_ESCUELAS_IXTAYOPAN_09DJN0955S_09DJN0955S,5fda2edc-85de-45f8-972c-72b9dc34c500,IXTAYOPAN 09DJN0955S,TLAHUAC,SAN JUAN IXTAYOPAN (PBLO),CUAUHTEMOC 3,CUAUHTEMOC Y SUR DEL COMERCIO,"https://www.google.com/maps/place/jardin+de+ni%C3%B1os+ixtayopan/@19.2384775,-98.9959032,18.99z/data=!4m10!1m2!2m1!1sESCUELA+IXTAYOPAN!3m6!1s0x85ce1b433e152045:0xbf0982fa6a79e59!8m2!3d19.2384723!4d-98.9948643!15sChFFU0NVRUxBIElYVEFZT1BBTloTIhFlc2N1ZWxhIG",,PAULA LOPEZ,,,2025.0,VEROBRAS SA DE CV,SOBS-EJM-P-2026-285,S291,4 DE DICIEMBRE DE 2025,31 DE DICIEMBRE DE 2025,100.0,TERMINADO,SOBS-EJM-SUP-2026-285,"ESPACIO SEPIA, S.A. DE C.V.",,,,2026-06-13 18:13:51.821,IXTAYOPAN 09DJN0955S,0101000020E610000028E4FCD2ABBF58C030BB49F7123D3340,19.238571,-98.994862
613,PLATSOBSE_ILIFE_1_2_3_ESCUELAS_JAIME_NUNO_09DPR2532P_09DPR2532P,f78df489-86be-4596-b2da-ef07b80354aa,JAIME NUNO 09DPR2532P,CUAUHTEMOC,MORELOS III,ALLENDE NUM 120,JAIME NUNO Y LIBERTAD,"https://www.google.com/maps/place/Escuela+Primaria+Jaime+Nuno/@19.4450497,-99.1373853,18.95z/data=!4m6!3m5!1s0x85d1f9257de7fe81:0x1c171fae89b89c39!8m2!3d19.4451058!4d-99.137032!16s%2Fg%2F11bw4w3fkb?entry=ttu&g_ep=EgoyMDI2MDIxMS4wIKXMDSoASAFQAw%3D%3D",,PAULA LOPEZ,,,2025.0,GM CONSTRUCCIONES Y REMODELACIONES SA DE CV,SOBS-EJM-P-2026-286,S292,1 DE NOVIEMBRE DE 2025,31 DE DICIEMBRE DE 2025,100.0,TERMINADO,SOBS-EJM-SUP-2026-286,"INGENIERÍA INTEGRAL INTERNACIONAL MÉXICO, S.A. DE C.V.",,,,2026-06-13 18:13:51.821,JAIME NUNO 09DPR2532P,0101000020E61000000C1059F2C4C858C0C02CB015F6713340,19.445161,-99.137021
614,PLATSOBSE_ILIFE_1_2_3_ESCUELAS_JAIME_SABINES_09DPR5133M_09DPR5133M,bdff63ca-26fb-471b-8641-6cae8b785a5a,JAIME SABINES 09DPR5133M,TLAHUAC,SAN MIGUEL ZAPOTITLA,AV SAN RAFAEL ATLIXCO NO 3495,JUAN DE DIOS PEZA Y MIGUEL NEGRETE,"https://www.google.com/maps/place/Escuela+Primaria+%22Jaime+Sabines%22/@19.3040716,-99.0378788,18z/data=!4m6!3m5!1s0x85ce02e6dbaa7aff:0x5c2a3e0e75409f37!8m2!3d19.3036899!4d-99.0383682!16s%2Fg%2F11cn0t97h0?entry=ttu&g_ep=EgoyMDI2MDIxMC4wIKXMDSoASAFQAw%3D%",,PAULA LOPEZ,,,2025.0,GRUPO CONSTRUCTOR CAHUA SA DE CV,SOBS-EJM-P-2026-287,S293,1 DE NOVIEMBRE DE 2025,31 DE DICIEMBRE DE 2025,100.0,TERMINADO,SOBS-EJM-SUP-2026-287,"PROYECTOS E INGENIERIA CHRONOS, S.A. DE C.V.",,,,2026-06-13 18:13:51.821,JAIME SABINES 09DPR5133M,0101000020E6100000ACEA50C56FC258C0C0FEE3BFBE4D3340,19.303692,-99.038072
615,PLATSOBSE_ILIFE_1_2_3_ESCUELAS_JARDIN_DE_NI_OS_ANEXO_CENTRO_ESCOLAR_REVOLUCION_09DJN0742Q_09DJN0742Q,9d92277b-a33d-4df4-85a4-497a9729437c,JARDIN DE NIÑOS ANEXO CENTRO ESCOLAR REVOLUCION 09DJN0742Q,CUAUHTEMOC,DOCTORES I,CALLE GRAL. GABRIEL HERNANDEZ,ESQ ARCOS DE BELEN,"https://www.google.com/maps/place/Anexo+Centro+Escolar+Revoluci%C3%B3n/@19.4266698,-99.1482843,18.86z/data=!4m6!3m5!1s0x85d1ff0008ec1e5b:0xcbbac6111cf5e3bc!8m2!3d19.4266391!4d-99.1474684!16s%2Fg%2F11vzxwc15t?entry=ttu&g_ep=EgoyMDI2MDIxMS4wIKXMDSoASAFQAw%",,PAULA LOPEZ,,,2025.0,DUGAF ASESORES Y CONSTRUCTORES SA DE CV,SOBS-EJM-P-2026-288,S294,4 DE DICIEMBRE DE 2025,31 DE DICIEMBRE DE 2025,100.0,TERMINADO,SOBS-EJM-SUP-2026-288,"FRIMAR TECNOLOGÍA EN CONSTRUCCIÓN, S.A. DE C.V.",,,,2026-06-13 18:13:51.821,JARDIN DE NIÑOS ANEXO CENTRO ESCOLAR REVOLUCION 09DJN0742Q,0101000020E6100000CC6DDC1871C958C0E0BBD583496D3340,19.426903,-99.147528
616,PLATSOBSE_ILIFE_1_2_3_ESCUELAS_JOSE_AGUSTIN_RAMIREZ_ALTAMIRANO_09DPR1832F_09DPR1832F,ccf66b39-2d14-4940-83a5-e76a60c649cb,JOSE AGUSTIN RAMIREZ ALTAMIRANO 09DPR1832F,ALVARO OBREGON,SANTA FE (U HAB),CAMINO REAL A TOLUCA MZA 4 UH IMSS SN,UNIDAD STA FE IMSS 12,"https://www.google.com/maps/place/Escuela+Jos%C3%A9+Agust%C3%ADn+Ram%C3%ADrez+Altamirano/@19.388052,-99.2100854,17z/data=!3m1!4b1!4m6!3m5!1s0x85d201d049144e33:0xab57758c6ffe5a8d!8m2!3d19.388052!4d-99.2075105!16s%2Fg%2F1tdq_1j6?entry=ttu&g_ep=EgoyMDI2MDIx",,PAULA LOPEZ,,,2025.0,AD INTERNATIONAL SA DE CV,SOBS-EJM-P-2026-289,S295,1 DE NOVIEMBRE DE 2025,31 DE DICIEMBRE DE 2025,100.0,TERMINADO,SOBS-EJM-SUP-2026-289,"BVIA CONSTRUCCIONES, S.A. DE C.V.",,,,2026-06-13 18:13:51.821,JOSE AGUSTIN RAMIREZ ALTAMIRANO 09DPR1832F,0101000020E6100000303A05D147CD58C040642AC953633340,19.387997,-99.207508
617,PLATSOBSE_ILIFE_1_2_3_ESCUELAS_JOSE_CLEMENTE_OROZCO_09DJN0964Z_09DJN0964Z,dd5f6a6f-1ac3-4000-ab72-b19b857c1944,JOSE CLEMENTE OROZCO 09DJN0964Z,TLAHUAC,SAN MIGUEL ZAPOTITLA,CECILIO ACOSTA SN ESQ MANUEL M LOPEZ,ESQ MANUEL M LOPEZ,"https://www.google.com/maps/place/Jard%C3%ADn+de+Ni%C3%B1os+%22Jos%C3%A9+Clemente+Orozco%22/@19.311299,-99.0378058,18.96z/data=!4m10!1m2!2m1!1sESCUELA+JOSE+CLEMENTE+OROZCO!3m6!1s0x85ce02e84b8d183d:0x8e3b5d0b426c73ea!8m2!3d19.3113864!4d-99.0366986!15sChxF",,PAULA LOPEZ,,,2025.0,VEROBRAS SA DE CV,SOBS-EJM-P-2026-290,S296,4 DE DICIEMBRE DE 2025,31 DE DICIEMBRE DE 2025,100.0,TERMINADO,SOBS-EJM-SUP-2026-290,"ESPACIO SEPIA, S.A. DE C.V.",,,,2026-06-13 18:13:51.821,JOSE CLEMENTE OROZCO 09DJN0964Z,0101000020E6100000801374A95DC258C01054B217B84F3340,19.311403,-99.036967
618,PLATSOBSE_ILIFE_1_2_3_ESCUELAS_JOSE_JESUS_AGUILERA_PALOMINO_09DPR4184M_09DPR4184M,70e560d9-75ad-4a2e-a81a-db547a9203fa,JOSE JESUS AGUILERA PALOMINO 09DPR4184M,COYOACAN,PEDREGAL DE STO DOMINGO IX,OCOXAL SN ESQ TEPEYAUTLE,TEPEYAUTLE Y ANACAHITLA,"https://www.google.com/maps/place/Escuela+Primaria+Jos%C3%A9+Jesus+Aguilera+Palom%C3%ADn/@19.3312673,-99.1724083,19.58z/data=!4m6!3m5!1s0x85ce00194d7c1733:0x66f4923257188b77!8m2!3d19.3312471!4d-99.1722595!16s%2Fg%2F1tftfn9c?entry=ttu&g_ep=EgoyMDI2MDIxMS4",,PAULA LOPEZ,,,2025.0,SOUL ARQUITECTOS SA DE CV,SOBS-EJM-P-2026-291,S297,1 DE NOVIEMBRE DE 2025,31 DE DICIEMBRE DE 2025,100.0,TERMINADO,SOBS-EJM-SUP-2026-291,"INGENIERÍA INTEGRAL INTERNACIONAL MÉXICO, S.A. DE C.V.",,,,2026-06-13 18:13:51.821,JOSE JESUS AGUILERA PALOMINO 09DPR4184M,0101000020E6100000E031177206CB58C040C7D9FCCE543340,19.331283,-99.172268
619,PLATSOBSE_ILIFE_1_2_3_ESCUELAS_JOSE_MARIA_MORELOS_09DPR2067J_09DPR2067J,8d596c96-f711-4a1b-a62b-b1ef1d62c21d,JOSE MARIA MORELOS 09DPR2067J,MILPA ALTA,PUEBLO VILLA MILPA ALTA,AV SINALOA NORTE 13,PUEBLA PTE Y DURANGO,"https://www.google.com/maps/place/Escuela+Primaria+%22Jos%C3%A9+Mar%C3%ADa+Morelos%22/@19.1954409,-99.0267595,20.5z/data=!4m6!3m5!1s0x85ce05244d2767d1:0xc57f0bb7fe720fbb!8m2!3d19.1952145!4d-99.0266866!16s%2Fg%2F11cn0ms15s?entry=ttu&g_ep=EgoyMDI2MDIxMC4wI",,PAULA LOPEZ,,,2025.0,INGENIERIA EN TELECOMUNICACIONES RUVASA SA DE CV,SOBS-EJM-P-2026-292,S298,1 DE NOVIEMBRE DE 2025,31 DE DICIEMBRE DE 2025,100.0,TERMINADO,SOBS-EJM-SUP-2026-292,"ESPACIO SEPIA, S.A. DE C.V.",,,,2026-06-13 18:13:51.821,JOSE MARIA MORELOS 09DPR2067J,0101000020E6100000382FAF0BB5C158C05086EB70FB313340,19.195243,-99.026675
620,PLATSOBSE_ILIFE_1_2_3_ESCUELAS_JOSE_MARIA_PINO_SUAREZ_09DPR2393E_09DPR2393E,f032a989-94e5-4fd7-bb74-d8b278613379,JOSE MARIA PINO SUAREZ 09DPR2393E,CUAUHTEMOC,MORELOS I,JESUS CARRANZA 83,ESQ PEÑON,"https://www.google.com/maps/place/Escuela+Primaria+Pino+Su%C3%A1rez/@19.4486878,-99.130172,19.14z/data=!4m6!3m5!1s0x85d1f93bc93210ed:0xf52568055d5f68b1!8m2!3d19.4488867!4d-99.1300105!16s%2Fg%2F1wd3wd2q?entry=ttu&g_ep=EgoyMDI2MDIxMS4wIKXMDSoASAFQAw%3D%3D",,PAULA LOPEZ,,,2025.0,GM CONSTRUCCIONES Y REMODELACIONES SA DE CV,SOBS-EJM-P-2026-293,S299,1 DE NOVIEMBRE DE 2025,31 DE DICIEMBRE DE 2025,100.0,TERMINADO,SOBS-EJM-SUP-2026-293,"INGENIERÍA INTEGRAL INTERNACIONAL MÉXICO, S.A. DE C.V.",,,,2026-06-13 18:13:51.821,JOSE MARIA PINO SUAREZ 09DPR2393E,0101000020E6100000FCC60A8D52C858C040D6D99CED723340,19.448938,-99.130039
621,PLATSOBSE_ILIFE_1_2_3_ESCUELAS_JOSE_TRINIDAD_SAN_MIGUEL_PINEDA_09DJN1290L_09DJN1290L,6749466e-7d03-47e7-9328-1daa49e681f3,JOSE TRINIDAD SAN MIGUEL PINEDA 09DJN1290L,TLAHUAC,SAN ANDRES MIXQUIC (PBLO),CALMECAC SN BARRIO SANTA CRUZ,CAM REAL A XOLOCALCO Y MIXQUIC-CHALCO,"https://www.google.com/maps/place/K%C3%ADnder+Jos%C3%A9+Trinidad/@19.2252507,-98.952686,18.23z/data=!4m6!3m5!1s0x85ce1b3458272f7d:0x4f090a7411390f6b!8m2!3d19.2250806!4d-98.9519423!16s%2Fg%2F11fs023747?entry=ttu&g_ep=EgoyMDI2MDIxMS4wIKXMDSoASAFQAw%3D%3D",,PAULA LOPEZ,,,2025.0,CONSORCIO CONSTRUCTOR DOBLE AA SA DE CV,SOBS-EJM-P-2026-294,S300,25 DE NOVIEMBRE DE 2025,31 DE DICIEMBRE DE 2025,100.0,TERMINADO,SOBS-EJM-SUP-2026-294,"SUPERVISIÓN Y PROYECTOS BOAZ, S.A. DE C.V.",,,,2026-06-13 18:13:51.821,JOSE TRINIDAD SAN MIGUEL PINEDA 09DJN1290L,0101000020E6100000606FC11EEEBC58C090F130489F393340,19.225087,-98.952034
676,PLATSOBSE_DGOIV_BICIESTACIONAMIENTOS_TAXQUENA_3,c12518c6-9b6e-4362-9fd0-7af74f93872f,TAXQUENA,COYOACAN,CAMPESTRE CHURUBUSCO,CERRO DE JESUS,CANAL DE MIRAMONTES,https://maps.app.goo.gl/Fvc55vzRAkrk7v1w7,ORIGINAL,PAULA LOPEZ,2/18/2026,2/18/2026,2025.0,TALLER DE CIUDAD Y DISENO S.A. DE C.V.,SOBS-EJM-P-2026-295,S301,2025-01-12 00:00:00,3/31/2026,100.0,INAUGURADA,SOBS-EJM-SUP-2026-295,,,,,2026-06-13 18:13:51.821,TAXQUENA,0101000020E6100000F5476396CDC858C09531B52635583340,19.344561,-99.137548
622,PLATSOBSE_ILIFE_1_2_3_ESCUELAS_JOSEFA_DURAN_09DJN0012C_09DJN0012C,073094ff-62db-4488-9860-e636e33c83eb,JOSEFA DURAN 09DJN0012C,COYOACAN,PEDREGAL DE STO DOMINGO IX,TEPEYAUCLE Y ESCUINAPA,ESCUINAPA Y OCOXAL,"https://www.google.com/maps/place/JARDIN+DE+NI%C3%91OS+%22JOSEFA+DURAN%22/@19.3319027,-99.1729948,18.36z/data=!4m6!3m5!1s0x85ce001ea54ba5c7:0xa1c67a5eb27a6803!8m2!3d19.3322679!4d-99.1724702!16s%2Fg%2F1pt_dnmgs?entry=ttu&g_ep=EgoyMDI2MDIxMS4wIKXMDSoASAFQA",,PAULA LOPEZ,,,2025.0,SOUL ARQUITECTOS SA DE CV,SOBS-EJM-P-2026-296,S302,1 DE NOVIEMBRE DE 2025,31 DE DICIEMBRE DE 2025,100.0,TERMINADO,SOBS-EJM-SUP-2026-296,"INGENIERÍA INTEGRAL INTERNACIONAL MÉXICO, S.A. DE C.V.",,,,2026-06-13 18:13:51.821,JOSEFA DURAN 09DJN0012C,0101000020E6100000C89CAF470ACB58C010F909CB12553340,19.332318,-99.172502
623,PLATSOBSE_ILIFE_1_2_3_ESCUELAS_JUAN_AMOS_COMENIO_09DES0157H_09DES0157H,118f245a-57b5-482d-b944-c2dd8acdd8e0,JUAN AMOS COMENIO 09DES0157H,COYOACAN,PEDREGAL DE SANTA URSULA I,SAN CASTULO SN,SAN RAUL Y SAN ALBERTO,"https://www.google.com/maps/search/ESCUELA+JUAN+AMOS+COMENIO/@19.3136437,-99.1508035,18.18z?entry=ttu&g_ep=EgoyMDI2MDIxMS4wIKXMDSoASAFQAw%3D%3D",,PAULA LOPEZ,,,2025.0,ESTUDIO NARROS SA DE CV,SOBS-EJM-P-2026-297,S303,4 DE DICIEMBRE DE 2025,31 DE DICIEMBRE DE 2025,100.0,TERMINADO,SOBS-EJM-SUP-2026-297,"REGA PROYECTO Y SUPERVISION, S.A. DE C.V.",,,,2026-06-13 18:13:51.821,JUAN AMOS COMENIO 09DES0157H,0101000020E6100000FCD6991A94C958C0407EDE544E503340,19.313695,-99.149665
624,PLATSOBSE_ILIFE_1_2_3_ESCUELAS_JUAN_E_HERNANDEZ_Y_DAVALOS_09DJN0318U_09DJN0318U,4754e7b3-a30a-4edf-923a-e065e5f0eaea,JUAN E HERNANDEZ Y DAVALOS 09DJN0318U,TLAHUAC,SAN JUAN IXTAYOPAN (PBLO),MIGUEL NEGRETE SN,VENUSTIANO CARRANZA,"https://www.google.com/maps/place/Jard%C3%ADn+de+Ni%C3%B1os+Juan+E.+Hern%C3%A1ndez+y+D%C3%A1valos/@19.2461524,-98.9969779,18.04z/data=!4m10!1m2!2m1!1sESCUELA+JUAN+E+HERNANDEZ+Y+DAVALOS!3m6!1s0x85ce1b5ea726d7fb:0x5ad2dd7c98ef0273!8m2!3d19.2459247!4d-98.99",,RODOLFO GONZALES,,,2025.0,CONSTRUCTORA TORRHNOS SA DE CV,SOBS-EJM-P-2026-298,S304,1 DE NOVIEMBRE DE 2025,31 DE DICIEMBRE DE 2025,100.0,TERMINADO,SOBS-EJM-SUP-2026-298,"SUPERVISIÓN Y PROYECTOS BOAZ, S.A. DE C.V.",,,,2026-06-13 18:13:51.821,JUAN E HERNANDEZ Y DAVALOS 09DJN0318U,0101000020E6100000409EAF66B0BF58C0E0553F96FC3E3340,19.246042,-98.995142
625,PLATSOBSE_ILIFE_1_2_3_ESCUELAS_JULIO_DE_LA_FUENTE_09DPR0018N_09DPR0018N,1d7f1f7e-e0fa-4619-ab29-466fc87693a2,JULIO DE LA FUENTE 09DPR0018N,TLAHUAC,DEL MAR SUR,SIRENA SN,DELFIN Y MARLIN,"https://www.google.com/maps/place/Escuela+Primaria+%22Julio+de+la+Fuente%22/@19.2872445,-99.0610779,21z/data=!4m6!3m5!1s0x85ce03a919088627:0xeb2f38818f653ffa!8m2!3d19.2872228!4d-99.0610264!16s%2Fg%2F1tk8ny8k?entry=ttu&g_ep=EgoyMDI2MDIxMC4wIKXMDSoASAFQAw%",,RODOLFO GONZALES,,,2025.0,GRUPO CONSTRUCTOR CAHUA SA DE CV,SOBS-EJM-P-2026-299,S305,1 DE NOVIEMBRE DE 2025,31 DE DICIEMBRE DE 2025,100.0,TERMINADO,SOBS-EJM-SUP-2026-299,"PROYECTOS E INGENIERIA CHRONOS, S.A. DE C.V.",,,,2026-06-13 18:13:51.821,JULIO DE LA FUENTE 09DPR0018N,0101000020E6100000F4813C28ECC358C040C7317C86493340,19.287208,-99.061289
626,PLATSOBSE_ILIFE_1_2_3_ESCUELAS_LABORATORIO_PEDAGOGICO_LAURO_AGUIRRE_ANEXO_A_LA_ENMJN_09DJN3000S_09DJN3000S,274afc1a-270e-4e71-ab68-47e76f0d8f5c,LABORATORIO PEDAGOGICO LAURO AGUIRRE ANEXO A LA ENMJN 09DJN3000S,ALVARO OBREGON,GUADALUPE INN,CALLE GUSTAVO E CAMPA NO 94,MANUEL M PONCE Y MACEDONIO ALCALA,"https://www.google.com/maps/place/Laboratorio+pedag%C3%B3gico+Lauro+Aguirre/@19.3615005,-99.1870989,19.21z/data=!4m6!3m5!1s0x85d1ff5f421fcd63:0xbdfe3bae5bb004b9!8m2!3d19.3607955!4d-99.1862062!16s%2Fg%2F11h7q6tlm3?entry=ttu&g_ep=EgoyMDI2MDIxMS4wIKXMDSoASA",,RODOLFO GONZALES,,,2025.0,DIORZA MEXICO SA DE CV,SOBS-EJM-P-2026-300,S306,1 DE NOVIEMBRE DE 2025,31 DE DICIEMBRE DE 2025,100.0,TERMINADO,SOBS-EJM-SUP-2026-300,"SERVICIOS INMOBILIARIOS CADRI, S.A. DE C.V.",,,,2026-06-13 18:13:51.821,LABORATORIO PEDAGOGICO LAURO AGUIRRE ANEXO A LA ENMJN 09DJN3000S,0101000020E6100000183D10BFEACB58C0D0EE9A4A585C3340,19.360722,-99.186203
627,PLATSOBSE_ILIFE_1_2_3_ESCUELAS_LEOPOLDO_RIO_DE_LA_LOZA_09DPR2391G_09DPR2391G,33fefa96-1640-4e75-81ac-b2c182a99806,LEOPOLDO RIO DE LA LOZA 09DPR2391G,CUAUHTEMOC,MORELOS I,WAGNER 34,MASCAGNI Y ROSSINI,"https://www.google.com/maps/place/Escuela+Leopoldo+R%C3%ADo+de+la+Loza/@19.4560557,-99.1319341,20.5z/data=!4m6!3m5!1s0x85d1f93b7aa06d43:0x603035f3f5ba9084!8m2!3d19.4560423!4d-99.1321499!16s%2Fg%2F11c2rdw9l9?entry=ttu&g_ep=EgoyMDI2MDIxMC4wIKXMDSoASAFQAw%3",,RODOLFO GONZALES,,,2025.0,CK INGENIERIA Y MANTENIMIENTO SA DE CV,SOBS-EJM-P-2026-301,S307,1 DE NOVIEMBRE DE 2025,31 DE DICIEMBRE DE 2025,93.0,EN PROCESO,SOBS-EJM-SUP-2026-301,"PROYECTOS E INGENIERIA CHRONOS, S.A. DE C.V.",,,,2026-06-13 18:13:51.821,LEOPOLDO RIO DE LA LOZA 09DPR2391G,0101000020E610000044C1105451C858C0C0EFC802E4723340,19.448792,-99.129964
628,PLATSOBSE_ILIFE_1_2_3_ESCUELAS_LIC_EDUARDO_NOVOA_09DPR1325A_09DPR1325A,67964179-a7c1-452c-96d3-008fb544fadd,LIC EDUARDO NOVOA 09DPR1323C,BENITO JUAREZ,PORTALES III,RUMANIA No701,EMILIANO ZAPATA Y REPUBLICAS,"https://www.google.com/maps/place/Escuela+Primaria+Lic.+Eduardo+Novoa/@19.3642052,-99.1474007,18.69z/data=!4m6!3m5!1s0x85d1fe4d34e3e13d:0xa37aa50390dd6da1!8m2!3d19.364369!4d-99.1464592!16s%2Fg%2F1wf38z3f?entry=ttu&g_ep=EgoyMDI2MDIxMS4wIKXMDSoASAFQAw%3D%3",,RODOLFO GONZALES,,,2025.0,DUGAF ASESORES Y CONSTRUCTORES SA DE CV,SOBS-EJM-P-2026-302,S308,4 DE DICIEMBRE DE 2025,31 DE DICIEMBRE DE 2025,100.0,TERMINADO,SOBS-EJM-SUP-2026-302,"FRIMAR TECNOLOGÍA EN CONSTRUCCIÓN, S.A. DE C.V.",,,,2026-06-13 18:13:51.821,LIC EDUARDO NOVOA 09DPR1323C,0101000020E6100000A0FE735E63C958C080CC7DCA315D3340,19.364041,-99.14669
629,PLATSOBSE_ILIFE_1_2_3_ESCUELAS_LIC_EDUARDO_NOVOA_09DPR1323C_09DPR1323C,01b1c33b-d388-4324-a154-b8ca9dfacea6,LIC EDUARDO NOVOA 09DPR1325A,BENITO JUAREZ,PORTALES III,RUMANIA No 701,EMILIANO ZAPATA Y REPUBLICAS,"https://www.google.com/maps/place/Escuela+Primaria+Lic.+Eduardo+Novoa/@19.3641892,-99.1467934,19.5z/data=!4m6!3m5!1s0x85d1fe4d34e3e13d:0xa37aa50390dd6da1!8m2!3d19.364369!4d-99.1464592!16s%2Fg%2F1wf38z3f?entry=ttu&g_ep=EgoyMDI2MDIxMC4wIKXMDSoASAFQAw%3D%3D",,RODOLFO GONZALES,,,2025.0,OMCAP INGENIERIA Y CONSTRUCCION SA DE CV,SOBS-EJM-P-2026-303,S309,10 DE NOVIEMBRE DE 2025,31 DE DICIEMBRE DE 2025,100.0,TERMINADO,SOBS-EJM-SUP-2026-303,"FRIMAR TECNOLOGÍA EN CONSTRUCCIÓN, S.A. DE C.V.",,,,2026-06-13 18:13:51.821,LIC EDUARDO NOVOA 09DPR1325A,0101000020E61000008C6BD34D62C958C0B0A8F3814F5D3340,19.364494,-99.146625
630,PLATSOBSE_DGCOP_PUENTES_PEATONALES_CALZ_IGNACIO_ZARAGOZA_ESQ_CALLE_TIO_FERRER_Y_EMILIO_CAMPA_38,5d0890f0-17ba-477e-a867-6dc3ceed370e,"CALZ. IGNACIO ZARAGOZA, ESQ. CALLE TIO FERRER Y EMILIO CAMPA",IZTAPALAPA,STA MARTHA ACATITLA NTE (AMPL) II,CALZADA IGNACIO ZARAGOZA,ENTRE TITO FERRER Y FRANCISCO MANRIQUEZ,https://maps.app.goo.gl/YFF16Xj8pwSCVjYV9,ORIGINAL,RODOLFO GONZALES,2/18/2026,2/17/2026,2025.0,"INGENIERIA ALTERNATIVA Y PROYECTOS, S.A. DE C.V.",SOBS-EJM-P-2026-304,S310,6/20/2025,8/18/2025,100.0,TERMINADO,SOBS-EJM-SUP-2026-304,SUPERVISION INTERNA,,,,2026-06-13 18:13:51.821,"CALZ. IGNACIO ZARAGOZA, ESQ. CALLE TIO FERRER Y EMILIO CAMPA",0101000020E6100000D0D38041D2C058C0B5C189E8D75E3340,19.370482,-99.012833
631,PLATSOBSE_ILIFE_1_2_3_ESCUELAS_LIC_EMILIO_PORTES_GIL_09DPR2956V_09DPR2956V,c3aea9ad-af8d-46a4-9d6b-3229617faeab,LIC EMILIO PORTES GIL 09DPR2956V,COYOACAN,PEDREGAL DE STO DOMINGO I,COYAMEL 178,CUAMIAGUA Y TLAMATECAS,"https://www.google.com/maps/place/Coyamel+178,+35C,+Pedregal+de+Santo+Domingo,+Coyoac%C3%A1n,+04369+Ciudad+de+M%C3%A9xico,+CDMX/@19.3350799,-99.1715159,19.6z/data=!4m6!3m5!1s0x85ce001e4f7a2243:0x8cc740a40643f7c9!8m2!3d19.3352335!4d-99.1712146!16s%2Fg%2F1",,RODOLFO GONZALES,,,2025.0,CORPORATIVO GILMAR PETRA SA DE CV,SOBS-EJM-P-2026-305,S311,4 DE DICIEMBRE DE 2025,31 DE DICIEMBRE DE 2025,100.0,TERMINADO,SOBS-EJM-SUP-2026-305,"REGA PROYECTO Y SUPERVISION, S.A. DE C.V.",,,,2026-06-13 18:13:51.821,LIC EMILIO PORTES GIL 09DPR2956V,0101000020E6100000589C8E54F5CA58C0B07B6855D4553340,19.335271,-99.171224
632,PLATSOBSE_ILIFE_1_2_3_ESCUELAS_LUCIO_TAPIA_09DPR2376O_09DPR2376O,eca4b029-82d5-415c-9153-3ea0af6af785,LUCIO TAPIA 09DPR2376O,CUAUHTEMOC,MORELOS III,JESUS CARRANZA NO 38,FRAY BARTOLOME Y ESTANQUILLO,"https://www.google.com/maps/place/Escuela+Primaria+Lucio+Tapia/@19.4458199,-99.1307375,20z/data=!4m15!1m8!3m7!1s0x85d1f93a71e6dd79:0xa88ee393c988a51b!2sJes%C3%BAs+Carranza+38,+Tepito,+Morelos,+Cuauht%C3%A9moc,+06200+Ciudad+de+M%C3%A9xico,+CDMX!3b1!8m2!3d",,RODOLFO GONZALES,,,2025.0,TEZONTLE ARQUITECTURA Y CONSTRUCCION SA DE CV,SOBS-EJM-P-2026-306,S312,1 DE NOVIEMBRE DE 2025,31 DE DICIEMBRE DE 2025,100.0,TERMINADO,SOBS-EJM-SUP-2026-306,"BVIA CONSTRUCCIONES, S.A. DE C.V.
",,,,2026-06-13 18:13:51.821,LUCIO TAPIA 09DPR2376O,0101000020E61000002C61C1B45CC858C0C0BFE96A2B723340,19.445975,-99.130658
633,PLATSOBSE_ILIFE_1_2_3_ESCUELAS_LUIS_G_LEON_09DPR2378M_09DPR2378M,3776ed64-6948-4d18-bf16-4d6aba8576e2,LUIS G LEON 09DPR2378M,CUAUHTEMOC,MORELOS I,PERALVILLO No 51,RIVERO Y MATAMOROS,"https://www.google.com/maps/place/Escuela+Primaria+Luis+G.+Le%C3%B3n/@19.4478942,-99.1329683,18.42z/data=!4m6!3m5!1s0x85d1f93afcaf92c1:0x4c2a363504870469!8m2!3d19.4476962!4d-99.1324231!16s%2Fg%2F1tdq1gtm?entry=ttu&g_ep=EgoyMDI2MDIxMS4wIKXMDSoASAFQAw%3D%3",,RODOLFO GONZALES,,,2025.0,GM CONSTRUCCIONES Y REMODELACIONES SA DE CV,SOBS-EJM-P-2026-307,S313,1 DE NOVIEMBRE DE 2025,31 DE DICIEMBRE DE 2025,100.0,TERMINADO,SOBS-EJM-SUP-2026-307,"INGENIERÍA INTEGRAL INTERNACIONAL MÉXICO, S.A. DE C.V.",,,,2026-06-13 18:13:51.821,LUIS G LEON 09DPR2378M,0101000020E61000008066AB577AC858C0400309E99E723340,19.447737,-99.132467
634,PLATSOBSE_ILIFE_1_2_3_ESCUELAS_LUIS_PENICHE_VALLADO_09DPR4002N_09DPR4002N,374c0e4b-5a1a-4022-a428-a8866fbe6916,LUIS PENICHE VALLADO 09DPR4002N,TLAHUAC,SAN MIGUEL ZAPOTITLA,AV CECILIO ACOSTA SN,HORACIO SOBARZO Y JOSE SEVERINO,"https://www.google.com/maps/place/Escuela+Primaria+%22Luis+Peniche+Vallado%22/@19.3122886,-99.0380172,21z/data=!4m6!3m5!1s0x85ce02e9a764e585:0xc66e887c4d880d4b!8m2!3d19.3122872!4d-99.0381059!16s%2Fg%2F11cn5m01zq?entry=ttu&g_ep=EgoyMDI2MDIxMC4wIKXMDSoASAF",,RODOLFO GONZALES,,,2025.0,GRUPO CONSTRUCTOR CAHUA SA DE CV,SOBS-EJM-P-2026-308,S314,1 DE NOVIEMBRE DE 2025,31 DE DICIEMBRE DE 2025,100.0,TERMINADO,SOBS-EJM-SUP-2026-308,"PROYECTOS E INGENIERIA CHRONOS, S.A. DE C.V.",,,,2026-06-13 18:13:51.821,LUIS PENICHE VALLADO 09DPR4002N,0101000020E61000002856DCDB69C258C0104C1CDEDE4F3340,19.311994,-99.037711
635,PLATSOBSE_ILIFE_1_2_3_ESCUELAS_LUXEMBURGO_09DPR2218Z_09DPR2218Z,fa74b82c-6177-4074-a401-aafdb6d7d3a9,LUXEMBURGO 09DPR2218Z,ALVARO OBREGON,LOMAS DE PLATEROS (U HAB) II,CALLE EDIFIFICIO F MANZANA F NO 35,PROL. RIO MIXCOAC Y CTO 1,"https://www.google.com/maps/place/Escuela+Primaria+Luxemburgo/@19.369495,-99.1978641,17.87z/data=!4m6!3m5!1s0x85d20025b9c0b30b:0xd6f58bdd2479ba97!8m2!3d19.3696467!4d-99.1970013!16s%2Fg%2F1ptxvs2g0?entry=ttu&g_ep=EgoyMDI2MDIxMS4wIKXMDSoASAFQAw%3D%3D",,RODOLFO GONZALES,,,2025.0,DIORZA MEXICO SA DE CV,SOBS-EJM-P-2026-309,S315,1 DE NOVIEMBRE DE 2025,31 DE DICIEMBRE DE 2025,100.0,TERMINADO,SOBS-EJM-SUP-2026-309,"SERVICIOS INMOBILIARIOS CADRI, S.A. DE C.V.",,,,2026-06-13 18:13:51.821,LUXEMBURGO 09DPR2218Z,0101000020E6100000C83CB4049CCC58C000AF8269A75E3340,19.369742,-99.197023
636,PLATSOBSE_ILIFE_1_2_3_ESCUELAS_MAESTRO_FELIX_JIMENEZ_NAJERA_09DPR2021O_09DPR2021O,91f14757-0a5b-45b8-b898-c482ed0a0e2b,MAESTRO FELIX JIMENEZ NAJERA 09DPR2021O,TLAHUAC,SAN JUAN IXTAYOPAN (PBLO),PROL MIGUEL NEGRETE SN,ALLENDE Y DEL PATO,"https://www.google.com/maps/place/Escuela+Primaria+Maestro+F%C3%A9lix+Jim%C3%A9nez+N%C3%A1jera/@19.2482712,-98.9957922,19.07z/data=!4m6!3m5!1s0x85ce1b5c1d43ac1b:0x55a8cb903ce7f8b9!8m2!3d19.2481771!4d-98.9948533!16s%2Fg%2F1vc6dr96?entry=ttu&g_ep=EgoyMDI2M",,RODOLFO GONZALES,,,2025.0,CONSTRUCTORA TORRHNOS SA DE CV,SOBS-EJM-P-2026-310,S316,1 DE NOVIEMBRE DE 2025,31 DE DICIEMBRE DE 2025,100.0,TERMINADO,SOBS-EJM-SUP-2026-310,"SUPERVISIÓN Y PROYECTOS BOAZ, S.A. DE C.V.",,,,2026-06-13 18:13:51.821,MAESTRO FELIX JIMENEZ NAJERA 09DPR2021O,0101000020E61000005014B5E8ACBF58C000288FF68B3F3340,19.248229,-98.994929
637,PLATSOBSE_ILIFE_1_2_3_ESCUELAS_MAESTRO_JOSE_GUADALUPE_NAJERA_JIMENEZ_09DPR0135C_09DPR0135C,5cf627f4-b9af-40af-906f-6a6da54d2da7,MAESTRO JOSE GUADALUPE NAJERA JIMENEZ 09DPR0135C,COYOACAN,PUEBLO SAN FRANCISCO CULHUACÁN,AV MIGHUEL HIDALGO No 205,SANTA ANNA Y AV TAXQUEÑA,"https://www.google.com/maps/place/Escuela+Primaria+%22Maestro+Jos%C3%A9+Guadalupe+N%C3%A1jera+Jim%C3%A9nez%22/@19.3357774,-99.1213987,17.85z/data=!4m6!3m5!1s0x85ce01e11f390573:0xd0c78ca5b39c9c6a!8m2!3d19.3355343!4d-99.1204086!16s%2Fg%2F11c60ndp23?entry=t",,RODOLFO GONZALES,,,2025.0,CORPORATIVO GILMAR PETRA SA DE CV,SOBS-EJM-P-2026-311,S317,4 DE DICIEMBRE DE 2025,31 DE DICIEMBRE DE 2025,100.0,TERMINADO,SOBS-EJM-SUP-2026-311,"REGA PROYECTO Y SUPERVISION, S.A. DE C.V.",,,,2026-06-13 18:13:51.821,MAESTRO JOSE GUADALUPE NAJERA JIMENEZ 09DPR0135C,0101000020E6100000E46318F4B5C758C0203047B6F3553340,19.33575,-99.120481
638,PLATSOBSE_ILIFE_1_2_3_ESCUELAS_MAESTROS_MEXICANOS_09DPR2227G_09DPR2227G,331d8c26-4dd8-40d7-b910-4b1ebf0c6e37,MAESTROS MEXICANOS 09DPR2227G,LA MAGDALENA CONTRERAS,SANTA TERESA,CALLE TOLUCA NO 2,ESQ MORELIA,"https://www.google.com/maps/place/Escuela+Primaria+%22Maestros+Mexicanos%22/@19.3087213,-99.2295689,20.25z/data=!4m14!1m7!3m6!1s0x85cdffa1c45d1be7:0x65da3a05e11ad647!2sEscuela+Primaria+%22Maestros+Mexicanos%22!8m2!3d19.3087714!4d-99.2295074!16s%2Fg%2F1px",,RODOLFO GONZALES,,,2025.0,VIDERE INFRAESTRUCTURA SA DE CV,SOBS-EJM-P-2026-312,S318,1 DE NOVIEMBRE DE 2025,31 DE DICIEMBRE DE 2025,100.0,TERMINADO,SOBS-EJM-SUP-2026-312,"FAMASA CONSTRUCCIÓN, DISEÑO E INGENIERÍA, S.A. DE C.V.",,,,2026-06-13 18:13:51.821,MAESTROS MEXICANOS 09DPR2227G,0101000020E610000014FD9492B0CE58C0307167F60C4F3340,19.308792,-99.229527
677,PLATSOBSE_DGOIV_BICIESTACIONAMIENTOS_TAXQUENA_3,5acae6f7-8968-400f-b0ad-7962a8c96076,TAXQUENA,COYOACAN,CAMPESTRE CHURUBUSCO,CERRO DE JESUS,CANAL DE MIRAMONTES,https://maps.app.goo.gl/Fvc55vzRAkrk7v1w7,ORIGINAL,RODOLFO GONZALES,2/18/2026,2/18/2026,2025.0,SBM REVE S.A. DE C.V.,SOBS-EJM-P-2026-313,S319,11/27/2025,3/31/2026,100.0,INAUGURADA,SOBS-EJM-SUP-2026-313,,,,,2026-06-13 18:13:51.821,TAXQUENA,0101000020E6100000F5476396CDC858C09531B52635583340,19.344561,-99.137548
639,PLATSOBSE_ILIFE_1_2_3_ESCUELAS_MARTIN_LUIS_GUZMAN_09DPR3109Z_09DPR3109Z,2c1d88da-7812-4f63-89c3-dd4f0c384ed8,MARTIN LUIS GUZMAN 09DPR3109Z,COYOACAN,PEDREGAL DE STO DOMINGO VI,COATL SN,COAPAN Y AZTLAHUACAN,"https://www.google.com/maps/place/Escuela+Primaria+Martin+Luis+Guzman/@19.3264567,-99.1650298,17.94z/data=!4m10!1m2!2m1!1sESCUELA+MARTIN+LUIS+GUZMAN!3m6!1s0x85ce002362ce3e2d:0x9516d0bc1cd09a68!8m2!3d19.3262841!4d-99.1630821!15sChpFU0NVRUxBIE1BUlRJTiBMVUl",,RODOLFO GONZALES,,,2025.0,ARYAK INGENIEROS Y ARQUITECTOS SA DE CV,SOBS-EJM-P-2026-314,S320,1 DE NOVIEMBRE DE 2025,31 DE DICIEMBRE DE 2025,100.0,INAUGURADA,SOBS-EJM-SUP-2026-314,"SERVICIOS INMOBILIARIOS CADRI, S.A. DE C.V.",,,,2026-06-13 18:13:51.821,MARTIN LUIS GUZMAN 09DPR3109Z,0101000020E61000009488EB5D70CA58C030871BD985533340,19.326261,-99.163108
640,PLATSOBSE_DGCOP_PUENTES_PEATONALES_CALZ_VALLEJO_ESQ_MONTE_ALTO_20,03e06450-0816-4154-997e-bda73f5703d3,CALZ. VALLEJO - ESQ. MONTE ALTO,GUSTAVO A MADERO,PROGRESO NACIONAL (AMPL),CALZ. VALLEJO,ENTRE C. MONTE ALTO Y C. 13-A,https://maps.app.goo.gl/NxuftmaLiRHvgRbGA,ORIGINAL,RODOLFO GONZALES,2/18/2026,2/17/2026,2025.0,RK DISE?O Y CONSTRUCCION S.A. DE C.V,SOBS-EJM-P-2026-315,S321,2025-11-06 00:00:00,2025-07-11 00:00:00,100.0,TERMINADO,SOBS-EJM-SUP-2026-315,SUPERVISION INTERNA,,,,2026-06-13 18:13:51.821,CALZ. VALLEJO - ESQ. MONTE ALTO,0101000020E61000007CF2B0506BCA58C030DAE38574843340,19.517403,-99.1628
641,PLATSOBSE_ILIFE_1_2_3_ESCUELAS_MATEANA_M_DE_AVELEYRA_09DJN0359U_09DJN0359U,fdfbf3af-d507-4424-94fd-5fadfc6546da,MATEANA M DE AVELEYRA 09DJN0359U,BENITO JUAREZ,PORTALES II,CALZADA DE TLALPAN Y EMPERADORES SN,TLALPAN Y ANTILLAS,"https://www.google.com/maps/place/Jardin+De+Ni%C3%B1os+Prof.+Mateana+M.+De+Aveleyra/@19.36556,-99.1430056,20.5z/data=!4m6!3m5!1s0x85d1fe4bac1ccd5f:0x11bcabb4605fdcfa!8m2!3d19.365509!4d-99.1428436!16s%2Fg%2F11c1pglx26?entry=ttu&g_ep=EgoyMDI2MDIxMC4wIKXMDS",,RODOLFO GONZALES,,,2025.0,OMCAP INGENIERIA Y CONSTRUCCION SA DE CV,SOBS-EJM-P-2026-316,S322,10 DE NOVIEMBRE DE 2025,31 DE DICIEMBRE DE 2025,100.0,TERMINADO,SOBS-EJM-SUP-2026-316,"FRIMAR TECNOLOGÍA EN CONSTRUCCIÓN, S.A. DE C.V.",,,,2026-06-13 18:13:51.821,MATEANA M DE AVELEYRA 09DJN0359U,0101000020E61000005CBFB05C23C958C0908803DA885D3340,19.365369,-99.142783
642,PLATSOBSE_ILIFE_1_2_3_ESCUELAS_MATILDE_ACOSTA_09DPR2220N_09DPR2220N,d533ded9-aaf8-4c9a-88be-9e7c031329bf,MATILDE ACOSTA 09DPR2220N,ALVARO OBREGON,LOMAS DE PLATEROS (U HAB) I,FRANCISCO DE P MIRANDA SN,CIRCUITO 2 Y CIRCUITO 3,"https://www.google.com/maps/place/Escuela+Primaria+Matilde+Acosta/@19.3667745,-99.2033118,18.53z/data=!4m6!3m5!1s0x85d2003b0bc2da21:0x363d9082618b8960!8m2!3d19.3668392!4d-99.2033106!16s%2Fg%2F1pzyn0stk?entry=ttu&g_ep=EgoyMDI2MDIxMS4wIKXMDSoASAFQAw%3D%3D",,RODOLFO GONZALES,,,2025.0,AD INTERNATIONAL SA DE CV,SOBS-EJM-P-2026-317,S323,1 DE NOVIEMBRE DE 2025,31 DE DICIEMBRE DE 2025,100.0,INAUGURADA,SOBS-EJM-SUP-2026-317,"BVIA CONSTRUCCIONES, S.A. DE C.V.",,,,2026-06-13 18:13:51.821,MATILDE ACOSTA 09DPR2220N,0101000020E6100000F41959E901CD58C0D04104B5EF5D3340,19.366939,-99.203242
643,PLATSOBSE_ILIFE_1_2_3_ESCUELAS_MEDICO_BERNARDO_SEPULVEDA_GUTIERREZ_09DPR5127B_09DPR5127B,fac11e27-b319-4a94-9d67-930b1025a4ea,MEDICO BERNARDO SEPULVEDA GUTIERREZ 09DPR5127B,LA MAGDALENA CONTRERAS,TIERRA UNIDA,AV OJO DE AGUA SN,ANDADOR ERMITAÑO Y EMPERADORES,"https://www.google.com/maps/place/E.+P.+M%C3%A9dico+Bernardo+Sepulveda+G./@19.3059095,-99.2669438,19.5z/data=!4m6!3m5!1s0x85cdff383471dc2b:0xf57461446c16ef0d!8m2!3d19.3061383!4d-99.2664748!16s%2Fg%2F11c73g2bgq?entry=ttu&g_ep=EgoyMDI2MDIxMC4wIKXMDSoASAFQA",,RODOLFO GONZALES,,,2025.0,SISTEMAS IMPERMEABLES Y RECUBRIMIENTOS SA DE CV,SOBS-EJM-P-2026-318,S324,1 DE NOVIEMBRE DE 2025,31 DE DICIEMBRE DE 2025,100.0,TERMINADO,SOBS-EJM-SUP-2026-318,"FAMASA CONSTRUCCIÓN, DISEÑO E INGENIERÍA, S.A. DE C.V.",,,,2026-06-13 18:13:51.821,MEDICO BERNARDO SEPULVEDA GUTIERREZ 09DPR5127B,0101000020E610000060B9F9B10BD158C050776CA0604E3340,19.306162,-99.266339
644,PLATSOBSE_ILIFE_1_2_3_ESCUELAS_MELCHOR_OCAMPO_09DJN0379H_09DJN0379H,5ee76084-6109-404c-8161-cd94b78f926f,MELCHOR OCAMPO 09DJN0379H,CUAUHTEMOC,MORELOS I,CALLE PEÑON 20,STA LUCIA Y JESUS CARRANZA,"https://www.google.com/maps/place/C.+Pe%C3%B1%C3%B3n+20,+Morelos,+Cuauht%C3%A9moc,+15940+Ciudad+de+M%C3%A9xico,+CDMX/@19.4495502,-99.1318575,17.79z/data=!4m6!3m5!1s0x85d1f93bbe095d81:0x25dfa58f2620ad25!8m2!3d19.4494545!4d-99.1306342!16s%2Fg%2F11cnddqdqt?",,RODOLFO GONZALES,,,2025.0,GM CONSTRUCCIONES Y REMODELACIONES SA DE CV,SOBS-EJM-P-2026-319,S325,1 DE NOVIEMBRE DE 2025,31 DE DICIEMBRE DE 2025,100.0,TERMINADO,SOBS-EJM-SUP-2026-319,"INGENIERÍA INTEGRAL INTERNACIONAL MÉXICO, S.A. DE C.V.",,,,2026-06-13 18:13:51.821,MELCHOR OCAMPO 09DJN0379H,0101000020E6100000AC1C38635CC858C0E0950D100E733340,19.449433,-99.130639
645,PLATSOBSE_ILIFE_1_2_3_ESCUELAS_MIXQUIC_09DJN0644P_09DJN0644P,f57a4f6b-6d9d-469b-93e5-157a3c9bf481,MIXQUIC 09DJN0644P,TLAHUAC,SAN ANDRES MIXQUIC (PBLO),JOSEFA ORTIZ DE DOMINGUEZ NO 15A,MIXQUIC-CHALCO Y 20 DE NOVIEMBRE,"https://www.google.com/maps/place/Jard%C3%ADn+de+Ni%C3%B1os+%22Mixquic%22/@19.2248806,-98.9644073,18.83z/data=!4m10!1m2!2m1!1sESCUELA+MIXQUIC!3m6!1s0x85ce1ba15bd16dc5:0x32ae1fa6f96d4fc4!8m2!3d19.2249647!4d-98.9634422!15sCg9FU0NVRUxBIE1JWFFVSUNaESIPZXNjdW",,RODOLFO GONZALES,,,2025.0,GRUPO ALAVEZ LAMBARRI SA DE CV,SOBS-EJM-P-2026-320,S326,25 DE NOVIEMBRE DE 2025,31 DE DICIEMBRE DE 2025,100.0,TERMINADO,SOBS-EJM-SUP-2026-320,"SUPERVISIÓN Y PROYECTOS BOAZ, S.A. DE C.V.",,,,2026-06-13 18:13:51.821,MIXQUIC 09DJN0644P,0101000020E610000084A4AE69A9BD58C0D0F3EF2D9B393340,19.225024,-98.963465
646,PLATSOBSE_ILIFE_1_2_3_ESCUELAS_MOISES_SAENZ_09DES0004D_09DES0004D,0158039d-b761-433d-b093-6a1fca3a7df2,MOISES SAENZ 09DES0004D,CUAUHTEMOC,SANTA MARIA LA RIBERA IV,AVENIDA RIBERA DE SAN COSME 61,ESQ JAIME TORRES BODET,https://maps.app.goo.gl/zAMdtdeFPbYDpc2w8,,RODOLFO GONZALES,,,2025.0,NCS CONSTRUCCIONES SA DE CV,SOBS-EJM-P-2026-321,S327,13 DE DICIEMBRE DE 2025,31 DE DICIEMBRE DE 2025,100.0,TERMINADO,SOBS-EJM-SUP-2026-321,SUPERVISION INTERNA,,,,2026-06-13 18:13:51.821,MOISES SAENZ 09DES0004D,0101000020E6100000A8843A1E33CA58C0106B2A8716713340,19.44175,-99.15937
647,PLATSOBSE_ILIFE_1_2_3_ESCUELAS_PADRE_MIER_09DPR1338E_09DPR1338E,eb96b86c-8741-480e-9cf1-3adea57f5853,PADRE MIER 09DPR1338E,CUAUHTEMOC,SAN RAFAEL II,CALLE MANUEL MARIA CONTRERAS NO 116,SULLIVAN Y ANTONIO CASO,"https://www.google.com/maps/place/Escuela+Primar%C3%ADa+Padre+Mier/@19.4350753,-99.1657082,19.5z/data=!4m6!3m5!1s0x85d1f8ca5a0ffedd:0xab59c1d48d9c87da!8m2!3d19.4351175!4d-99.1657082!16s%2Fg%2F1tdnx79h?entry=ttu&g_ep=EgoyMDI2MDIxMC4wIKXMDSoASAFQAw%3D%3D",,RODOLFO GONZALES,,,2025.0,GRUPO CONSTRUCTOR CAHUA SA DE CV,SOBS-EJM-P-2026-322,S328,1 DE NOVIEMBRE DE 2025,31 DE DICIEMBRE DE 2025,100.0,TERMINADO,SOBS-EJM-SUP-2026-322,"PROYECTOS E INGENIERIA CHRONOS, S.A. DE C.V.",,,,2026-06-13 18:13:51.821,PADRE MIER 09DPR1338E,0101000020E61000007C67CCF699CA58C0F06BE5CE656F3340,19.435147,-99.165647
834,PLATSOBSE_DGSUS_BALON_BARRIO_157_PILARES_CENTRAL_DE_ABASTO_157,63077eee-9e32-4875-8021-cbcca1a66d37,"157 PILARES ""CENTRAL DE ABASTO""",IZTAPALAPA,CENTRAL DE ABASTO,,"CANAL RÍO CHURUBUSCO S/N, CEDA, IZTAPALAPA, 09040 CIUDAD DE MÉXICO, CDMX",https://maps.app.goo.gl/bCQW6GxnCY7KN9ZN8,,RODOLFO GONZALES,,,2026.0,,SOBS-EJM-P-2026-323,S329,,,100.0,TERMINADO,SOBS-EJM-SUP-2026-323,,,,,2026-06-13 18:13:51.821,"157 PILARES ""CENTRAL DE ABASTO""",0101000020E61000009C8A54185BC658C068CA4E3FA85F3340,19.373661,-99.09931
648,PLATSOBSE_ILIFE_1_2_3_ESCUELAS_PATRIA_09DJN0360J_09DJN0360J,8634be50-325c-409f-be59-1aa7ef943475,PATRIA 09DJN0360J,BENITO JUAREZ,PORTALES III,AV REPUBLICAS 97,BELGICA Y RUMANIA,"https://www.google.com/maps/place/Jard%C3%ADn+de+Ni%C3%B1os+%22Patria%22/@19.3635079,-99.1467112,20.25z/data=!4m6!3m5!1s0x85d1ffb5134eaa9b:0xa2a1002f69f0888c!8m2!3d19.3636003!4d-99.1464835!16s%2Fg%2F1tc_rf_s?entry=ttu&g_ep=EgoyMDI2MDIxMC4wIKXMDSoASAFQAw%",,RODOLFO GONZALES,,,2025.0,OMCAP INGENIERIA Y CONSTRUCCION SA DE CV,SOBS-EJM-P-2026-324,S330,1 DE NOVIEMBRE DE 2025,31 DE DICIEMBRE DE 2025,100.0,TERMINADO,SOBS-EJM-SUP-2026-324,"FRIMAR TECNOLOGÍA EN CONSTRUCCIÓN, S.A. DE C.V.",,,,2026-06-13 18:13:51.821,PATRIA 09DJN0360J,0101000020E6100000DCE45BC15FC958C0707EB5FA135D3340,19.363586,-99.146469
649,PLATSOBSE_ILIFE_1_2_3_ESCUELAS_PROFR_ADOLFO_VELASQUEZ_VILCHES_09DPR2299Z_09DPR2299Z,7fa8832e-33a3-49f3-a240-efd44f1fde55,PROFR ADOLFO VELASQUEZ VILCHES 09DPR2299Z,ALVARO OBREGON,LA CONCHITA,INFORME DE GONIERNO No3,1RO DE OCTUBRE Y 13 DE SEPTIEMBRE,"https://www.google.com/maps/place/PRIMARIA+PROFR+ADOLFO+VELASQUEZ+VILCHES/@19.3915863,-99.2086773,19.01z/data=!4m6!3m5!1s0x85d201c8dd8b257b:0xff198c80e7d139db!8m2!3d19.3915404!4d-99.2083323!16s%2Fg%2F11c6vf9t1j?entry=ttu&g_ep=EgoyMDI2MDIxMS4wIKXMDSoASAFQ",,RODOLFO GONZALES,,,2025.0,AD INTERNATIONAL SA DE CV,SOBS-EJM-P-2026-325,S331,1 DE NOVIEMBRE DE 2025,31 DE DICIEMBRE DE 2025,100.0,TERMINADO,SOBS-EJM-SUP-2026-325,"BVIA CONSTRUCCIONES, S.A. DE C.V.",,,,2026-06-13 18:13:51.821,PROFR ADOLFO VELASQUEZ VILCHES 09DPR2299Z,0101000020E610000050D7B80458CD58C090B257CA32643340,19.3914,-99.208497
650,PLATSOBSE_ILIFE_1_2_3_ESCUELAS_PROFR_JORGE_CASAHONDA_CASTILLO_09DBS0034A_09DBS0034A,42688e23-b6e2-4b68-aa76-0ba28f22e07f,PROFR JORGE CASAHONDA CASTILLO 09DBS0034A,CUAUHTEMOC,MORELOS I,PEÑON 49,TENOCHTITLAN Y JESUS CARRANZA,"https://www.google.com/maps/place/C.+Pe%C3%B1%C3%B3n+49,+Tepito,+Morelos,+Cuauht%C3%A9moc,+06200+Ciudad+de+M%C3%A9xico,+CDMX/@19.448561,-99.1293977,19.5z/data=!4m6!3m5!1s0x85d1f93bd5f419ab:0x3db2464e2f629918!8m2!3d19.4487359!4d-99.1291034!16s%2Fg%2F11c1k",,RODOLFO GONZALES,,,2025.0,CK INGENIERIA Y MANTENIMIENTO SA DE CV,SOBS-EJM-P-2026-326,S332,1 DE NOVIEMBRE DE 2025,31 DE DICIEMBRE DE 2025,100.0,TERMINADO,SOBS-EJM-SUP-2026-326,"PROYECTOS E INGENIERIA CHRONOS, S.A. DE C.V.",,,,2026-06-13 18:13:51.821,PROFR JORGE CASAHONDA CASTILLO 09DBS0034A,0101000020E61000005CB94C2144C858C0D0715076E1723340,19.448753,-99.129158
651,PLATSOBSE_ILIFE_1_2_3_ESCUELAS_PROFR_NARCISO_RAMOS_GALICIA_09DPR2953Y_09DPR2953Y,1eea49fa-f496-429e-b41a-35138dbbd4f8,PROFR NARCISO RAMOS GALICIA 09DPR2953Y,TLAHUAC,SAN PEDRO TLAHUAC (PBLO),CALLE HIDALGO Y CUITLAHUAC SN,ESQ CALLEJON IGNACIO ALLENDE,"https://www.google.com/maps/place/Escuela+Primaria+%22Profr.+Narciso+Ramos+Galicia%22/@19.2693051,-99.0045415,18.42z/data=!4m6!3m5!1s0x85ce1cba25c8d5f9:0x88b9a16443edb471!8m2!3d19.2695973!4d-99.0040133!16s%2Fg%2F1tdcxf6x?entry=ttu&g_ep=EgoyMDI2MDIxMS4wIK",,RODOLFO GONZALES,,,2025.0,CONSTRUCTORA TORRHNOS SA DE CV,SOBS-EJM-P-2026-327,S333,1 DE NOVIEMBRE DE 2025,31 DE DICIEMBRE DE 2025,100.0,TERMINADO,SOBS-EJM-SUP-2026-327,"SUPERVISIÓN Y PROYECTOS BOAZ, S.A. DE C.V.",,,,2026-06-13 18:13:51.821,PROFR NARCISO RAMOS GALICIA 09DPR2953Y,0101000020E6100000603E57B641C058C01000F56E09453340,19.269675,-99.004011
652,PLATSOBSE_ILIFE_1_2_3_ESCUELAS_PROFR_RAMON_DURAND_09DPR0123Y_09DPR0123Y,9c88164a-c148-45ff-8bde-6167ba6db094,PROFR RAMON DURAND 09DPR0123Y,COYOACAN,PEDREGAL DE STO DOMINGO VII,CERRADA TÍZAR SN,ESQ CHAUCINGO,"https://www.google.com/maps/place/Esc.+Primaria+%22Profr.+Ram%C3%B3n+Durand%22/@19.3156762,-99.1707099,19z/data=!4m9!1m2!2m1!1sESCUELA+DR+ANGEL+MA+GARIBAY!3m5!1s0x85ce00150c1a2755:0xff318ec7b10bd06a!8m2!3d19.3156766!4d-99.1699452!16s%2Fg%2F11cst24nwy?ent",,RODOLFO GONZALES,,,2025.0,ARYAK INGENIEROS Y ARQUITECTOS SA DE CV,SOBS-EJM-P-2026-328,S334,1 DE NOVIEMBRE DE 2025,31 DE DICIEMBRE DE 2025,100.0,TERMINADO,SOBS-EJM-SUP-2026-328,"SERVICIOS INMOBILIARIOS CADRI, S.A. DE C.V.",,,,2026-06-13 18:13:51.821,PROFR RAMON DURAND 09DPR0123Y,0101000020E61000003CFE0536E0CA58C090AD8138D4503340,19.315738,-99.169935
653,PLATSOBSE_ILIFE_1_2_3_ESCUELAS_PROFR_RUBEN_VIZCARRA_Y_CAMPOS_09DPR2683V_09DPR2683V,68706b98-1594-47a0-9570-990c0baa96c2,PROFR RUBEN VIZCARRA Y CAMPOS 09DPR2683V,COYOACAN,PEDREGAL DE STO DOMINGO II,TOCHTLI Y CANTERA SN,ESQ TOCHITL,"https://www.google.com/maps/place/ESCUELA+PRIMARIA+PROFR.+RUBEN+VIZCARRA+Y+CAMPOS/@19.3339715,-99.1602134,17.66z/data=!4m6!3m5!1s0x85ce00265f2f1025:0x492dd39fb3b7e806!8m2!3d19.3337269!4d-99.1593131!16s%2Fg%2F11b6_9wgg8?entry=ttu&g_ep=EgoyMDI2MDIxMS4wIKXM",,RODOLFO GONZALES,,,2025.0,ARYAK INGENIEROS Y ARQUITECTOS SA DE CV,SOBS-EJM-P-2026-329,S335,1 DE NOVIEMBRE DE 2025,31 DE DICIEMBRE DE 2025,100.0,TERMINADO,SOBS-EJM-SUP-2026-329,"SERVICIOS INMOBILIARIOS CADRI, S.A. DE C.V.",,,,2026-06-13 18:13:51.821,PROFR RUBEN VIZCARRA Y CAMPOS 09DPR2683V,0101000020E61000003479DB6030CA58C01099A88967553340,19.333611,-99.159203
654,PLATSOBSE_ILIFE_1_2_3_ESCUELAS_PROFR_SAMUEL_DELGADO_I_MOYA_09DPR2729Z_09DPR2729Z,2f6e7068-6533-4f3a-a08d-40593de87a89,PROFR SAMUEL DELGADO I MOYA 09DPR2729Z,COYOACAN,PEDREGAL DE STO DOMINGO IV,AVENIDA PAPALOTL SN,ATEPOCATE Y ESCUINAPA,"https://www.google.com/maps/place/ESCUELA+PRIMARIA+Prof.+SAMUEL+DELGADO+I.+MOYA/@19.3295997,-99.1636931,19z/data=!4m6!3m5!1s0x85ce0023f0fecd4d:0xa6693c8e9aafd9f!8m2!3d19.3296465!4d-99.1633525!16s%2Fg%2F1tfdz5mm?entry=ttu&g_ep=EgoyMDI2MDIxMS4wIKXMDSoASAFQ",,RODOLFO GONZALES,,,2025.0,GRUPO CONSTRUCTOR JOJA SA DE CV,SOBS-EJM-P-2026-330,S336,10 DE NOVIEMBRE DE 2025,31 DE DICIEMBRE DE 2025,100.0,TERMINADO,SOBS-EJM-SUP-2026-330,"ITZAMNA PROYECTOS, S.A. DE C.V.",,,,2026-06-13 18:13:51.821,PROFR SAMUEL DELGADO I MOYA 09DPR2729Z,0101000020E6100000C025E4A576CA58C0C05BC8AB62543340,19.329631,-99.163492
655,PLATSOBSE_ILIFE_1_2_3_ESCUELAS_PROFR_TOMAS_FREGOSO_09DPR3234X_09DPR3234X,dec3e586-3e89-426a-a28e-aa78783dba9f,PROFR TOMAS FREGOSO 09DPR3234X,TLAHUAC,SAN ANDRES MIXQUIC (PBLO),CALMECAC No1,ESQ MIXQUIC-CHALCO,"https://www.google.com/maps/place/Escuela+Primaria+%22ProfesorTom%C3%A1s+Fregoso%22/@19.2255845,-98.9520075,18.98z/data=!4m14!1m7!3m6!1s0x85ce1b3458272f7d:0x4f090a7411390f6b!2sK%C3%ADnder+Jos%C3%A9+Trinidad!8m2!3d19.2250806!4d-98.9519423!16s%2Fg%2F11fs02",,RODOLFO GONZALES,,,2025.0,CONSORCIO CONSTRUCTOR DOBLE AA SA DE CV,SOBS-EJM-P-2026-331,S337,25 DE NOVIEMBRE DE 2025,31 DE DICIEMBRE DE 2025,100.0,TERMINADO,SOBS-EJM-SUP-2026-331,"SUPERVISIÓN Y PROYECTOS BOAZ, S.A. DE C.V.",,,,2026-06-13 18:13:51.821,PROFR TOMAS FREGOSO 09DPR3234X,0101000020E61000002C6F3BD1E8BC58C020EB6CE6C5393340,19.225676,-98.95171
678,PLATSOBSE_DGOIV_BICIESTACIONAMIENTOS_UNIVERSIDAD_2,b9edf7b3-1cbe-4e4e-95b6-bc4ddae967de,UNIVERSIDAD,COYOACAN,CIUDAD UNIVERSITARIA,AV.ANTONIO DELFIN MADRIGAL,,https://maps.app.goo.gl/XRyCcTA7XZwi9jmh8,ORIGINAL,RODOLFO GONZALES,2/18/2026,2/18/2026,2025.0,SANDALU SUPERVISION Y CONSTRUCCION S.A. DE C.V.,SOBS-EJM-P-2026-332,S338,11/27/2025,3/31/2026,100.0,TERMINADO,SOBS-EJM-SUP-2026-332,,,,,2026-06-13 18:13:51.821,UNIVERSIDAD,0101000020E61000002BFA0C1913CB58C07BAAC2F9D7523340,19.323608,-99.173041
656,PLATSOBSE_ILIFE_1_2_3_ESCUELAS_PROFRA_LEONOR_LEA_OS_NAVARRO_09DPR0021A_09DPR0021A,b3fde176-cb84-4c14-93f5-ea3ffbc48cce,PROFRA LEONOR LEAÑOS NAVARRO 09DPR0021A,LA MAGDALENA CONTRERAS,LOMAS DE SAN BERNABE,CARBONERO 24,PARCELA Y PILANCON,"https://www.google.com/maps/place/Escuela+Primaria+%22Profra.+Leonor+Lea%C3%B1os+Navarro%22/@19.3093641,-99.2649946,20z/data=!4m6!3m5!1s0x85cdff4783f7839b:0xe4d759c694146ced!8m2!3d19.3093805!4d-99.2649686!16s%2Fg%2F12hkp98nr?entry=ttu&g_ep=EgoyMDI2MDIxMC",,RESPONSABLE_DG,,,2025.0,VIDERE INFRAESTRUCTURA SA DE CV,SOBS-EJM-P-2026-333,S339,1 DE NOVIEMBRE DE 2025,31 DE DICIEMBRE DE 2025,100.0,TERMINADO,SOBS-EJM-SUP-2026-333,"FAMASA CONSTRUCCIÓN, DISEÑO E INGENIERÍA, S.A. DE C.V.",,,,2026-06-13 18:13:51.821,PROFRA LEONOR LEAÑOS NAVARRO 09DPR0021A,0101000020E61000003CBB6B2AF5D058C02063648E354F3340,19.309411,-99.264964
657,PLATSOBSE_ILIFE_1_2_3_ESCUELAS_RAMON_LOPEZ_VELARDE_09DPR0928L_09DPR0928L,8e0dfe2e-d5a7-4ae2-bb6a-bdfd45d769b5,RAMON LOPEZ VELARDE 09DPR0928L,CUAUHTEMOC,OBRERA I,RAFAEL ANGEL DE LA PEÑA 73,PARQUE PEÑAFIEL,"https://www.google.com/maps/place/ESCUELA+PRIMARIA+RAM%C3%93N+L%C3%93PEZ+VELARDE/@19.4181126,-99.1397658,18.75z/data=!4m10!1m2!2m1!1sramon+lopez+velarde+escuela+primaria!3m6!1s0x85d1fedbd14d7807:0xe21cd810ab0dd7db!8m2!3d19.4178294!4d-99.1396562!15sCiRyYW",,LUIS PEREZ,,,2025.0,TEZONTLE ARQUITECTURA Y CONSTRUCCION SA DE CV,SOBS-EJM-P-2026-334,S340,1 DE NOVIEMBRE DE 2025,31 DE DICIEMBRE DE 2025,100.0,TERMINADO,SOBS-EJM-SUP-2026-334,"BVIA CONSTRUCCIONES, S.A. DE C.V.",,,,2026-06-13 18:13:51.821,RAMON LOPEZ VELARDE 09DPR0928L,0101000020E6100000E875A2C0EFC858C0F087D763F06A3340,19.417731,-99.139633
658,PLATSOBSE_ILIFE_1_2_3_ESCUELAS_REP_ESPA_OLA_09DJN1079R_09DJN1079R,dec522e7-0e9d-496d-8450-f2a6bb28369a,REP ESPAÑOLA 09DJN1079R,CUAUHTEMOC,MORELOS I,PASEO DE LA REFORMA NORTE 705,PERALVILLO Y LA CONSTANCIA,"https://www.google.com/maps/place/DIF+-+C.D.C.+Rep%C3%BAblica+Espa%C3%B1ola/@19.4514641,-99.1321341,18.79z/data=!4m14!1m7!3m6!1s0x85d1f915d1d93f37:0xcfd10b36746380d3!2sDIF+-+C.D.C.+Rep%C3%BAblica+Espa%C3%B1ola!8m2!3d19.4515092!4d-99.1315642!16s%2Fg%2F1tf",,LUIS PEREZ,,,2025.0,CK INGENIERIA Y MANTENIMIENTO SA DE CV,SOBS-EJM-P-2026-335,S341,1 DE NOVIEMBRE DE 2025,31 DE DICIEMBRE DE 2025,100.0,TERMINADO,SOBS-EJM-SUP-2026-335,"PROYECTOS E INGENIERIA CHRONOS, S.A. DE C.V.",,,,2026-06-13 18:13:51.821,REP ESPAÑOLA 09DJN1079R,0101000020E61000002C443C5E71C858C0A07CC10786733340,19.451264,-99.131919
659,PLATSOBSE_ILIFE_1_2_3_ESCUELAS_REPUBLICA_DE_BOLIVIA_09DES0054L_09DES0054L,30868c77-3726-4ff0-ace4-9e8d9b4f5415,REPUBLICA DE BOLIVIA 09DES0054L,AZCAPOTZALCO,CENTRO DE AZCAPOTZALCO,JERUSALEN SN,AHUACATITLA SUR Y 22 DE FEBRERO,https://maps.app.goo.gl/rjbQFerAbb4rUgnz5,,LUIS PEREZ,,,2025.0,NCS CONSTRUCCIONES SA DE CV,SOBS-EJM-P-2026-336,S342,13 DE DICIEMBRE DE 2025,31 DE DICIEMBRE DE 2025,100.0,TERMINADO,SOBS-EJM-SUP-2026-336,SUPERVISION INTERNA,,,,2026-06-13 18:13:51.821,REPUBLICA DE BOLIVIA 09DES0054L,0101000020E610000000560ECEC5CB58C0F0B09C1D967B3340,19.482759,-99.183948
660,PLATSOBSE_ILIFE_1_2_3_ESCUELAS_REPUBLICA_DOMINICANA_09DPR2331S_09DPR2331S,a90c87aa-8f97-4815-91da-b7254605081d,REPUBLICA DOMINICANA 09DPR2331S,CUAUHTEMOC,MORELOS I,CALLE DE LA CONSTANCIA No 68,JESUS CARRANZA Y SANTA LUCIA,"https://www.google.com/maps/place/Escuela+Primaria+Republica+Dominicana/@19.4503516,-99.1305251,20.04z/data=!4m6!3m5!1s0x85d1f9292c316125:0xd5993b9f979635a2!8m2!3d19.4502341!4d-99.1301163!16s%2Fg%2F11c6lwr9vj?entry=ttu&g_ep=EgoyMDI2MDIxMC4wIKXMDSoASAFQAw",,LUIS PEREZ,,,2025.0,AD INTERNATIONAL SA DE CV,SOBS-EJM-P-2026-337,S343,1 DE NOVIEMBRE DE 2025,31 DE DICIEMBRE DE 2025,100.0,TERMINADO,SOBS-EJM-SUP-2026-337,"BVIA CONSTRUCCIONES, S.A. DE C.V.",,,,2026-06-13 18:13:51.821,REPUBLICA DOMINICANA 09DPR2331S,0101000020E61000004C228FB255C858C0203905984B733340,19.450372,-99.130231
661,PLATSOBSE_ILIFE_1_2_3_ESCUELAS_RICARDO_GOMEZ_09DPR1908E_09DPR1908E,4cbad60d-e855-4495-b77b-7c2fede8bbb8,RICARDO GOMEZ 09DPR1908E,CUAJIMALPA DE MORELOS,SAN PEDRO CUAJIMALPA (PBLO),AV MÉXICO NO 19,GUILLERMO PRIETO Y AV JUAREZ,"https://www.google.com/maps/place/Escuela+PriMar%C3%ADa+Ricardo+G%C3%B3mez/@19.3579071,-99.3002649,18.44z/data=!4m6!3m5!1s0x85d20031464eeaaf:0x1a706e0929725ee4!8m2!3d19.3581775!4d-99.2998947!16s%2Fg%2F1v3h_b0l?entry=ttu&g_ep=EgoyMDI2MDIxMS4wIKXMDSoASAFQA",,LUIS PEREZ,,,2025.0,DIORZA MEXICO SA DE CV,SOBS-EJM-P-2026-338,S344,1 DE NOVIEMBRE DE 2025,31 DE DICIEMBRE DE 2025,100.0,TERMINADO,SOBS-EJM-SUP-2026-338,"SERVICIOS INMOBILIARIOS CADRI, S.A. DE C.V.",,,,2026-06-13 18:13:51.821,RICARDO GOMEZ 09DPR1908E,0101000020E6100000581ABF1A31D358C06052DCBCB65B3340,19.358257,-99.299872
662,PLATSOBSE_ILIFE_1_2_3_ESCUELAS_SECUNDARIA_TECNICA_34_LUIS_MASSIU_09DST0034Q_09DST0034Q,60c39738-3fcd-4009-9a7e-7decf4958105,SECUNDARIA TECNICA 34 LUIS MASSIU 09DST0034Q,TLAHUAC,SAN ANDRES MIXQUIC (PBLO),CARRETERA MIXQUIC CHALCO SN,PLUTARCO ELIAS CALLES,"https://www.google.com/maps/place/Escuela+Secundaria+T%C3%A9cnica+N%C2%B0+34+%22Ing.+Luis+V.+Massieu%22/@19.2256909,-98.9541377,18.33z/data=!4m14!1m7!3m6!1s0x85ce1bbc1560c0c1:0x8a988b2f5635313e!2sEscuela+Secundaria+T%C3%A9cnica+N%C2%B0+34+%22Ing.+Luis+V.",,LUIS PEREZ,,,2025.0,GRUPO ALAVEZ LAMBARRI SA DE CV,SOBS-EJM-P-2026-339,S345,25 DE NOVIEMBRE DE 2025,31 DE DICIEMBRE DE 2025,100.0,TERMINADO,SOBS-EJM-SUP-2026-339,"SUPERVISIÓN Y PROYECTOS BOAZ, S.A. DE C.V.",,,,2026-06-13 18:13:51.821,SECUNDARIA TECNICA 34 LUIS MASSIU 09DST0034Q,0101000020E61000003465209104BD58C060E870A9D2393340,19.225871,-98.953404
663,PLATSOBSE_ILIFE_1_2_3_ESCUELAS_SILVESTRE_REVUELTAS_09DPR1212Y_09DPR1212Y,743152a8-d42b-49ea-8da9-f67400707ad0,SILVESTRE REVUELTAS 09DPR1212Y,PORTALES I,PRESIDENTES Y DR VERTIZ,MUNICIPIO LIBRE,,"https://www.google.com/maps/place/Escuela+Primaria+%22Silvestre+Revueltas%22/@19.3691479,-99.1550614,20z/data=!4m6!3m5!1s0x85d1ffaefd9ffa9f:0x364beb9e43e6eb5b!8m2!3d19.3690552!4d-99.1550576!16s%2Fg%2F1td5m125?entry=ttu&g_ep=EgoyMDI2MDIxMC4wIKXMDSoASAFQAw",,LUIS PEREZ,,,2025.0,OMCAP INGENIERIA Y CONSTRUCCION SA DE CV,SOBS-EJM-P-2026-340,S346,10 DE NOVIEMBRE DE 2025,31 DE DICIEMBRE DE 2025,100.0,TERMINADO,SOBS-EJM-SUP-2026-340,"ARQUITECTURA, INGENIER?A MECANICA GRIJALVA, S. A. DE C. V.",,,,2026-06-13 18:13:51.821,SILVESTRE REVUELTAS 09DPR1212Y,0101000020E61000007C5CDC4AEBC958C040E558F7765E3340,19.369003,-99.154986
664,PLATSOBSE_ILIFE_1_2_3_ESCUELAS_TELESECUNDARIA_111_09DTV0111S_09DTV0111S,7908421b-8561-4d5f-b597-9a446abd40d4,TELESECUNDARIA 111 09DTV0111S,CUAUHTEMOC,MORELOS I,PASEO DE LA REFORMA NORTE 705,PERALVILLO Y LA CONSTANCIA,"https://www.google.com/maps/place/Telesecundaria+No.+111/@19.4512652,-99.1321349,19.79z/data=!4m10!1m2!2m1!1stelesecundaria+111!3m6!1s0x85d1f93c7fd4643d:0xb7dbeb4940a30a55!8m2!3d19.4512173!4d-99.1319535!15sChJ0ZWxlc2VjdW5kYXJpYSAxMTGSARhnZW5lcmFsX2VkdWNh",,LUIS PEREZ,,,2025.0,CK INGENIERIA Y MANTENIMIENTO SA DE CV,SOBS-EJM-P-2026-341,S347,1 DE NOVIEMBRE DE 2025,31 DE DICIEMBRE DE 2025,100.0,TERMINADO,SOBS-EJM-SUP-2026-341,"PROYECTOS E INGENIERIA CHRONOS, S.A. DE C.V.",,,,2026-06-13 18:13:51.821,TELESECUNDARIA 111 09DTV0111S,0101000020E61000002C443C5E71C858C0A07CC10786733340,19.451264,-99.131919
665,PLATSOBSE_ILIFE_1_2_3_ESCUELAS_TELESECUNDARIA_27_09DTV0027U_09DTV0027U,e99203b8-fed2-4279-8ef2-ba292cce0cd8,TELESECUNDARIA 27 09DTV0027U,COYOACAN,PEDREGAL DE STO DOMINGO IX,ANACAHUITA Y OCOXAL SN,ANACAHITLA Y TEPEYAUTLE,"https://www.google.com/maps/place/Escuela+Telesecundaria+N%C2%B0+27/@19.3308308,-99.1718319,19.01z/data=!4m6!3m5!1s0x85ce001936918c19:0x613e749b42fe2159!8m2!3d19.3309031!4d-99.1716709!16s%2Fg%2F1pt_16qbl?entry=ttu&g_ep=EgoyMDI2MDIxMS4wIKXMDSoASAFQAw%3D%3",,LUIS PEREZ,,,2025.0,SOUL ARQUITECTOS SA DE CV,SOBS-EJM-P-2026-342,S348,1 DE NOVIEMBRE DE 2025,31 DE DICIEMBRE DE 2025,100.0,TERMINADO,SOBS-EJM-SUP-2026-342,"INGENIERÍA INTEGRAL INTERNACIONAL MÉXICO, S.A. DE C.V.",,,,2026-06-13 18:13:51.821,TELESECUNDARIA 27 09DTV0027U,0101000020E61000009081C77BFACA58C0A088F3B8B9543340,19.330959,-99.171538
666,PLATSOBSE_ILIFE_1_2_3_ESCUELAS_TELESECUNDARIA_3_09DTV0003K_09DTV0003K,dd39e8c0-3025-46e8-b04e-7bd311413748,TELESECUNDARIA 3 09DTV0003K,ALVARO OBREGON,LOMAS DE PLATEROS (U HAB) I,CALLE RIO MIXCOAC ORIENTE Y CIRCUITO 3 SN,ALTA TENSION,"https://www.google.com/maps/place/TELESECUNDARIA+03/@19.3681653,-99.2052613,18.98z/data=!4m14!1m7!3m6!1s0x85d2003a4b7e2c03:0x9d89ad6800ba0644!2sTELESECUNDARIA+03!8m2!3d19.3681268!4d-99.2049334!16s%2Fg%2F1v16qnd1!3m5!1s0x85d2003a4b7e2c03:0x9d89ad6800ba064",,LUIS PEREZ,,,2025.0,DIORZA MEXICO SA DE CV,SOBS-EJM-P-2026-343,S349,1 DE NOVIEMBRE DE 2025,31 DE DICIEMBRE DE 2025,100.0,TERMINADO,SOBS-EJM-SUP-2026-343,"SERVICIOS INMOBILIARIOS CADRI, S.A. DE C.V.",,,,2026-06-13 18:13:51.821,TELESECUNDARIA 3 09DTV0003K,0101000020E61000002C60B85A1ECD58C0307A7E493C5E3340,19.368107,-99.204978
667,PLATSOBSE_ILIFE_1_2_3_ESCUELAS_TELESECUNDARIA_32_09DTV0032F_09DTV0032F,2f9a890a-6d92-4e3d-bb0f-d424d09d55bf,TELESECUNDARIA 32 09DTV0032F,BENITO JUAREZ,PORTALES I,ANTILLAS 65,VICTOR HUGO Y MUNICIPIO LIBRE,"https://www.google.com/maps/place/Escuela+Telesecundaria+N%C2%B0+32/@19.369028,-99.1438276,18z/data=!4m6!3m5!1s0x85d1fe4c62f94b9d:0xcaaf3d42c3095c32!8m2!3d19.3682968!4d-99.1426245!16s%2Fg%2F1q67gtc9w?entry=ttu&g_ep=EgoyMDI2MDIxMS4wIKXMDSoASAFQAw%3D%3D",,LUIS PEREZ,,,2025.0,GRUPO DESARROLLOS INTEGRALES EN INGENIERIA FEX SA DE CV,SOBS-EJM-P-2026-344,S350,1 DE NOVIEMBRE DE 2025,31 DE DICIEMBRE DE 2025,100.0,TERMINADO,SOBS-EJM-SUP-2026-344,"ITZAMNA PROYECTOS, S.A. DE C.V",,,,2026-06-13 18:13:51.821,TELESECUNDARIA 32 09DTV0032F,0101000020E6100000D43DD20322C958C0B0C50AC9785E3340,19.369031,-99.142701
668,PLATSOBSE_ILIFE_1_2_3_ESCUELAS_TIERRA_UNIDA_09DJN1432T_09DJN1432T,a89ff404-ebfa-4d04-baa6-bcd943b9cbfe,TIERRA UNIDA 09DJN1432T,LA MAGDALENA CONTRERAS,TIERRA UNIDA,ANDADOR 17 SN,ESQ ANDADOR 14,"https://www.google.com/maps/place/Jardin+De+Ni%C3%B1os+Tierra+Unida/@19.3032626,-99.2705851,20.25z/data=!4m14!1m7!3m6!1s0x85cdff36d16c10cb:0x36bbefa536556d4c!2sJardin+De+Ni%C3%B1os+Tierra+Unida!8m2!3d19.3032802!4d-99.2706614!16s%2Fg%2F11f__5mh8s!3m5!1s0x",,LUIS PEREZ,,,2025.0,SISTEMAS IMPERMEABLES Y RECUBRIMIENTOS SA DE CV,SOBS-EJM-P-2026-345,S351,1 DE NOVIEMBRE DE 2025,31 DE DICIEMBRE DE 2025,100.0,TERMINADO,SOBS-EJM-SUP-2026-345,"FAMASA CONSTRUCCIÓN, DISEÑO E INGENIERÍA, S.A. DE C.V.",,,,2026-06-13 18:13:51.821,TIERRA UNIDA 09DJN1432T,0101000020E610000058C16E1A53D158C0A089473E9F4D3340,19.303211,-99.270697
669,PLATSOBSE_ILIFE_1_2_3_ESCUELAS_TOHUI_09DJN0911V_09DJN0911V,04615550-e867-4b91-9350-8908c9898a7a,TOHUI 09DJN0911V,COYOACAN,PEDREGAL DE STO DOMINGO III,AHUEJOTE 128-160,ESQ ESCUINAPA,"https://www.google.com/maps/place/Tohui/@19.3303704,-99.1645929,19.38z/data=!4m10!1m2!2m1!1sEscuela+TOHUI!3m6!1s0x85ce0023c66e81b5:0x3e4f533b553e1386!8m2!3d19.3304712!4d-99.1641421!15sCg1Fc2N1ZWxhIFRPSFVJWg8iDWVzY3VlbGEgdG9odWmSAQxraW5kZXJnYXJ0ZW6aAURDaT",,LUIS PEREZ,,,2025.0,GRUPO CONSTRUCTOR JOJA SA DE CV,SOBS-EJM-P-2026-346,S352,10 DE NOVIEMBRE DE 2025,31 DE DICIEMBRE DE 2025,100.0,TERMINADO,SOBS-EJM-SUP-2026-346,"ITZAMNA PROYECTOS, S.A. DE C.V.",,,,2026-06-13 18:13:51.821,TOHUI 09DJN0911V,0101000020E610000010D9129481CA58C0201A74939D543340,19.330529,-99.164159
670,PLATSOBSE_DGCOP_PUENTES_PEATONALES_CARRETERA_FEDERAL_A_TOLUCA_CARLOS_ECHANOVE_3,79a23531-56a0-41ee-a095-29219e6cc46f,CARRETERA FEDERAL A TOLUCA- CARLOS ECHANOVE,CUAJIMALPA DE MORELOS,LOMAS DE VISTA HERMOSA,CARRETERA FEDERAL A TOLUCA - CARLOS ECHANOVE,ENTRE PROL. CALLE CARLOS ECHANOVE Y BLVD. REFORMA,https://maps.app.goo.gl/JzzX1nBFvC1zxRqW8,ORIGINAL,LUIS PEREZ,2/18/2026,2/17/2026,2025.0,"PADHIESA, S.A. DE C.V.",SOBS-EJM-P-2026-347,S353,2025-10-04 00:00:00,2025-08-06 00:00:00,100.0,TERMINADO,SOBS-EJM-SUP-2026-347,SUPERVISION INTERNA,,,,2026-06-13 18:13:51.821,CARRETERA FEDERAL A TOLUCA- CARLOS ECHANOVE,0101000020E61000006FDDE7B5FFD158C0CC0A0F3A175D3340,19.363636,-99.281232
671,PLATSOBSE_ILIFE_1_2_3_ESCUELAS_WILFRIDO_MASSIEU_09DPR2999T_09DPR2999T,2e803adc-8a2f-4032-8ffe-bdc13e6b7e8d,WILFRIDO MASSIEU 09DPR2999T,COYOACAN,PEDREGAL DE STO DOMINGO III,AILE 134,ESQ ESCUINAPA,"https://www.google.com/maps/place/Primaria+Wilfrido+Massieu/@19.3316344,-99.1684009,18.21z/data=!4m6!3m5!1s0x85ce01a5b342a6c9:0x2849a1ba60fcb3e0!8m2!3d19.3315218!4d-99.1665583!16s%2Fg%2F11kjh0bfl5?entry=ttu&g_ep=EgoyMDI2MDIxMS4wIKXMDSoASAFQAw%3D%3D",,LUIS PEREZ,,,2025.0,CORPORATIVO GILMAR PETRA SA DE CV,SOBS-EJM-P-2026-348,S354,4 DE DICIEMBRE DE 2025,31 DE DICIEMBRE DE 2025,100.0,TERMINADO,SOBS-EJM-SUP-2026-348,"REGA PROYECTO Y SUPERVISION, S.A. DE C.V.",,,,2026-06-13 18:13:51.821,WILFRIDO MASSIEU 09DPR2999T,0101000020E61000001C46DAD3A8CA58C06068A5B3E4543340,19.331615,-99.166554
672,PLATSOBSE_ILIFE_1_2_3_ESCUELAS_XITLE_09DPR2769A_09DPR2769A,ab5a3d81-a63d-4b18-96d0-547855a7a808,XITLE 09DPR2769A,COYOACAN,PEDREGAL DE STO DOMINGO V,ACATEMPA SN,AMATL Y AMEZQUITE,"https://www.google.com/maps/place/Escuela+Primar%C3%ADa+Xitle/@19.324275,-99.168778,20z/data=!4m6!3m5!1s0x85ce003d6374d00d:0x4165632daff30f18!8m2!3d19.3243023!4d-99.1685165!16s%2Fg%2F1tfjwmcp?entry=ttu&g_ep=EgoyMDI2MDIxMS4wIKXMDSoASAFQAw%3D%3D",,LUIS PEREZ,,,2025.0,GRUPO CONSTRUCTOR JOJA SA DE CV,SOBS-EJM-P-2026-349,S355,10 DE NOVIEMBRE DE 2025,31 DE DICIEMBRE DE 2025,100.0,TERMINADO,SOBS-EJM-SUP-2026-349,"ITZAMNA PROYECTOS, S.A. DE C.V.",,,,2026-06-13 18:13:51.821,XITLE 09DPR2769A,0101000020E610000044FD8DF9C8CA58C0F0643FB706533340,19.324321,-99.168517
673,PLATSOBSE_ILIFE_1_2_3_ESCUELAS_XOCHIPILLI_09DJN0728X_09DJN0728X,da694a94-5f95-42ce-92ff-119791ba665d,XOCHIPILLI 09DJN0728X,CUAUHTEMOC,OBRERA I,5 DE FEBRERO 188,FERNANDO DE ALVA Y LUCAS ALAMAN,"https://www.google.com/maps/place/Jard%C3%ADn+de+Ni%C3%B1os+%22Xochipilli%22/@19.420042,-99.1356641,19.75z/data=!4m6!3m5!1s0x85d1fedc8fe4dc45:0x23c639b54c089fad!8m2!3d19.4199635!4d-99.1356176!16s%2Fg%2F1tkb5g0k?entry=ttu&g_ep=EgoyMDI2MDIxMC4wIKXMDSoASAFQ",,LUIS PEREZ,,,2025.0,TEZONTLE ARQUITECTURA Y CONSTRUCCION SA DE CV,SOBS-EJM-P-2026-350,S356,1 DE NOVIEMBRE DE 2025,31 DE DICIEMBRE DE 2025,100.0,TERMINADO,SOBS-EJM-SUP-2026-350,"BVIA CONSTRUCCIONES, S.A. DE C.V.",,,,2026-06-13 18:13:51.821,XOCHIPILLI 09DJN0728X,0101000020E610000048373407ADC858C01045E131A86B3340,19.420535,-99.135561
835,PLATSOBSE_DGSUS_BALON_BARRIO_158_PILARES_LA_FORTALEZA_158,3e53eb21-1bdf-4949-a2ab-d384c6e85210,"158 PILARES ""LA FORTALEZA""",IZTACALCO,GABRIEL RAMOS MILLAN SECCION CUCHILLA,,"C. OTE. 116, GABRIEL RAMOS MILLÁN SECC CUCHILLA, IZTACALCO, 08030 CIUDAD DE MÉXICO, CDMX",https://maps.app.goo.gl/39uVPKMiz3jw6vSV6,,LUIS PEREZ,,,2026.0,,SOBS-EJM-P-2026-351,S357,,,100.0,TERMINADO,SOBS-EJM-SUP-2026-351,,,,,2026-06-13 18:13:51.821,"158 PILARES ""LA FORTALEZA""",0101000020E610000016359886E1C558C0ABD1AB014A633340,19.387848,-99.09189
679,PLATSOBSE_DGOIV_BICIESTACIONAMIENTOS_UNIVERSIDAD_2,137c0566-77cf-4e96-b759-9dcd70d1589d,UNIVERSIDAD,COYOACAN,CIUDAD UNIVERSITARIA,AV.ANTONIO DELFIN MADRIGAL,,https://maps.app.goo.gl/XRyCcTA7XZwi9jmh8,ORIGINAL,LUIS PEREZ,2/18/2026,2/18/2026,2025.0,SBM REVE S.A. DE C.V.,SOBS-EJM-P-2026-352,S358,11/27/2025,3/31/2026,100.0,TERMINADO,SOBS-EJM-SUP-2026-352,,,,,2026-06-13 18:13:51.821,UNIVERSIDAD,0101000020E61000002BFA0C1913CB58C07BAAC2F9D7523340,19.323608,-99.173041
680,PLATSOBSE_DGCOP_CLINICA_CONDESA_CLINICA_CONDESA_1,54b099b1-8d4c-4cde-b623-00a1c5bcf97c,CLINICA CONDESA,GUSTAVO A MADERO,DEPORTIVO LOS GALEANA,AV FRANCISCO MORAZAN,AV FRANCISCO MORAZAN Y AV 499,https://maps.app.goo.gl/VBsGQDT28fkAbW3z7,ORIGINAL,LUIS PEREZ,7/17/1905,2/17/2026,2025.0,"BISEL TALLER DE ARQUITECTURA, S.A. DE C.V.",SOBS-EJM-P-2026-353,S359,2025-09-10 00:00:00,12/25/2025,75.07,EN PROCESO,SOBS-EJM-SUP-2026-353,"DITAPSA CONSULTORES, S.A. DE C.V.",,,,2026-06-13 18:13:51.821,CLINICA CONDESA,0101000020E6100000B2D826158DC458C014B1886187793340,19.474722,-99.071111
681,PLATSOBSE_DGCOP_CLINICA_CONDESA_CLINICA_CONDESA_1,c7f704b7-bc15-48db-a1d2-89ae7b8b1e5a,CLINICA CONDESA,GUSTAVO A MADERO,DEPORTIVO LOS GALEANA,AV FRANCISCO MORAZAN,AV FRANCISCO MORAZAN Y AV 499,https://maps.app.goo.gl/VBsGQDT28fkAbW3z7,ORIGINAL,LUIS PEREZ,,,2026.0,"BISEL, TALLER DE ARQUITECTURA, S.A. DE C.V.",SOBS-EJM-P-2026-354,S360,,,0.0,SIN INICIAR,SOBS-EJM-SUP-2026-354,"DITAPSA CONSULTORES, S.A. DE C.V.",A6,,,2026-06-13 18:13:51.821,CLINICA CONDESA,0101000020E6100000B2D826158DC458C014B1886187793340,19.474722,-99.071111
682,PLATSOBSE_DGSUS_ILUM_ART_CH_ACERVO_HISTORICO_DE_NOTARIAS_DE_LA_CDMX_5,61a3dc95-d787-4059-9d47-9f81e99a3907,ACERVO HISTORICO DE NOTARIAS DE LA CDMX,CUAUHTEMOC,CENTRO VIII,AV. JUAREZ #44,LUIS MOYA,https://maps.app.goo.gl/Xgh4c2tktbuHUMyHA,ORIGINAL,LUIS PEREZ,11/18/2025,3/25/2026,2025.0,COMSA INFRAESTRUCTURAS DE C.V.,SOBS-EJM-P-2026-355,S361,11/18/2025,5/23/2026,100.0,TERMINADO,SOBS-EJM-SUP-2026-355,GRUPO CONSULTOR DE ARQUITECTURA E INGENIERÍA SA DE CV (GCAI),,2025-10-11 00:00:00,3/30/2026,2026-06-13 18:13:51.821,ACERVO HISTORICO DE NOTARIAS DE LA CDMX,0101000020E61000007885991139C958C0AD985B6B396F3340,19.43447,-99.144108
683,PLATSOBSE_DGSUS_ILUM_ART_CH_BANCO_DE_LONDRES_Y_DE_MEXICO_14,9ee01e57-af8d-4f7c-afff-d1460af0f9e9,BANCO DE LONDRES Y DE MEXICO,CUAUHTEMOC,CENTRO IV,16 DE SEPTIEMBRE #38,AV. 5 DE MAYO,https://maps.app.goo.gl/q2LmSbfipEy5hVqr8,ORIGINAL,LUIS PEREZ,11/18/2025,3/25/2026,2025.0,CITELUM MEXICO S.A. DE C.V.,SOBS-EJM-P-2026-356,S362,11/18/2025,5/23/2026,100.0,TERMINADO,SOBS-EJM-SUP-2026-356,GRUPO CONSULTOR DE ARQUITECTURA E INGENIERÍA SA DE CV (GCAI),,2025-10-11 00:00:00,3/30/2026,2026-06-13 18:13:51.821,BANCO DE LONDRES Y DE MEXICO,0101000020E6100000E5428AA6D8C858C042C06BE1C36E3340,19.432676,-99.138223
684,PLATSOBSE_DGSUS_ILUM_ART_CH_MUSEO_DE_LA_CIUDAD_DE_MEXICO_CASA_DE_LA_CONDESA_DE_SANTIAGO_DE_CALIMAYA_9,7abac133-a4ff-40e5-9df8-91e8dadf3a71,MUSEO DE LA CIUDAD DE MEXICO (CASA DE LA CONDESA DE SANTIAGO DE CALIMAYA),CUAUHTEMOC,CENTRO IV,JOSE MARIA PINO SUAREZ #30,REPUBLICA DE EL SALVADOR,https://maps.app.goo.gl/S1Sxz5V7aqi43Vbj6,ORIGINAL,LUIS PEREZ,11/18/2025,3/25/2026,2025.0,CITELUM MEXICO S.A. DE C.V.,SOBS-EJM-P-2026-357,S363,11/18/2025,5/23/2026,100.0,TERMINADO,SOBS-EJM-SUP-2026-357,GRUPO CONSULTOR DE ARQUITECTURA E INGENIERÍA SA DE CV (GCAI),,2025-10-11 00:00:00,3/30/2026,2026-06-13 18:13:51.821,MUSEO DE LA CIUDAD DE MEXICO (CASA DE LA CONDESA DE SANTIAGO DE CALIMAYA),0101000020E610000065EDA5DF74C858C0DE43786AE46D3340,19.429267,-99.132133
685,PLATSOBSE_DGSUS_ILUM_ART_CH_MUSEO_DE_LAS_VIZCAINAS_2,7c7b9036-15b9-47a8-98c5-6a5da8c74d03,MUSEO DE LAS VIZCAINAS,CUAUHTEMOC,CENTRO IV,VIZCAINAS #21,ALDACO,https://maps.app.goo.gl/KQfq5gVUjJgzPsGY9,ORIGINAL,LUIS PEREZ,11/18/2025,3/25/2026,2025.0,COMSA INFRAESTRUCTURAS DE C.V.,SOBS-EJM-P-2026-358,S364,11/18/2025,5/23/2026,100.0,TERMINADO,SOBS-EJM-SUP-2026-358,GRUPO CONSULTOR DE ARQUITECTURA E INGENIERÍA SA DE CV (GCAI),,2025-10-11 00:00:00,3/30/2026,2026-06-13 18:13:51.821,MUSEO DE LAS VIZCAINAS,0101000020E61000005F257A74FEC858C0D701C6E9DA6D3340,19.429122,-99.140531
686,PLATSOBSE_DGSUS_ILUM_ART_CH_MUSEO_DEL_MARQUES_DEL_APARTADO_12,a0351d6c-d8be-4118-9cf4-8ddc3ddc6dbe,MUSEO DEL MARQUES DEL APARTADO,CUAUHTEMOC,CENTRO IV,DONCELES #107,REPUBLICA DE ARGENTINA,https://maps.app.goo.gl/VYAGwqBnG1YFN45j8,ORIGINAL,LUIS PEREZ,11/18/2025,3/25/2026,2025.0,CITELUM MEXICO S.A. DE C.V.,SOBS-EJM-P-2026-359,S365,11/18/2025,5/23/2026,100.0,TERMINADO,SOBS-EJM-SUP-2026-359,GRUPO CONSULTOR DE ARQUITECTURA E INGENIERÍA SA DE CV (GCAI),,2025-10-11 00:00:00,3/30/2026,2026-06-13 18:13:51.821,MUSEO DEL MARQUES DEL APARTADO,0101000020E61000008BBE277B70C858C03D3B2A487D6F3340,19.435505,-99.131865
687,PLATSOBSE_DGSUS_ILUM_ART_CH_MUSEO_VIVO_DEL_MURALISMO_8,e2adf299-3589-4341-a4a7-dc20f2511dba,MUSEO VIVO DEL MURALISMO,CUAUHTEMOC,CENTRO III,REPUBLICA DE BRASIL #31,REPUBLICA DE ARGENTINA,https://maps.app.goo.gl/zsX86Y22RcPmjKkH7,ORIGINAL,LUIS PEREZ,11/18/2025,3/25/2026,2025.0,COMSA INFRAESTRUCTURAS DE C.V.,SOBS-EJM-P-2026-360,S366,11/18/2025,5/23/2026,100.0,TERMINADO,SOBS-EJM-SUP-2026-360,GRUPO CONSULTOR DE ARQUITECTURA E INGENIERÍA SA DE CV (GCAI),,2025-10-11 00:00:00,3/30/2026,2026-06-13 18:13:51.821,MUSEO VIVO DEL MURALISMO,0101000020E6100000BF78060D7DC858C0371378CCE56F3340,19.4371,-99.132633
688,PLATSOBSE_DGSUS_ILUM_ART_CH_PARROQUIA_DE_SANTA_MARIA_LA_REDONDA_13,c174c534-1eb9-4455-ac10-6df04c6e032a,PARROQUIA DE SANTA MARIA LA REDONDA,CUAUHTEMOC,GUERRERO IV,VICENTE RIVAS PALACIO #76,PEDRO MORENO,https://maps.app.goo.gl/MreTYGfgf6B4E4jR9,ORIGINAL,LUIS PEREZ,11/18/2025,3/25/2026,2025.0,CITELUM MEXICO S.A. DE C.V.,SOBS-EJM-P-2026-361,S367,11/18/2025,5/23/2026,100.0,TERMINADO,SOBS-EJM-SUP-2026-361,GRUPO CONSULTOR DE ARQUITECTURA E INGENIERÍA SA DE CV (GCAI),,2025-10-11 00:00:00,3/30/2026,2026-06-13 18:13:51.821,PARROQUIA DE SANTA MARIA LA REDONDA,0101000020E6100000818D902603C958C0B76C63A2F7703340,19.441279,-99.140817
689,PLATSOBSE_DGSUS_ILUM_ART_CH_PLAZA_DE_SANTO_DOMINGO_FUENTE_DE_JOSEFA_10,e9a8eb04-a645-43a4-ba20-b41a0dd3533c,"PLAZA DE SANTO DOMINGO, FUENTE DE JOSEFA",CUAUHTEMOC,CENTRO IV,REPUBLICA DE BRASIL S/N,REPUBLICA DE CUBA,https://maps.app.goo.gl/6KQPnKWvN3NZx9Jo8,ORIGINAL,LUIS PEREZ,11/18/2025,3/25/2026,2025.0,ELECTRICO ILUMINACION Y PROYECTOS DE OCCIDENTE S.A. DE C.V.,SOBS-EJM-P-2026-362,S368,11/18/2025,5/23/2026,100.0,TERMINADO,SOBS-EJM-SUP-2026-362,GRUPO CONSULTOR DE ARQUITECTURA E INGENIERÍA SA DE CV (GCAI),,2025-10-11 00:00:00,3/30/2026,2026-06-13 18:13:51.821,"PLAZA DE SANTO DOMINGO, FUENTE DE JOSEFA",0101000020E61000000F42E50492C858C0AD2C76A0F36F3340,19.437311,-99.133912
690,PLATSOBSE_DGSUS_ILUM_ART_CH_TEMPLO_DE_JESUS_NAZARENO_Y_LA_PURISIMA_CONCEPCION_15,096c9ded-cbc6-447c-b167-ff541d562c59,TEMPLO DE JESUS NAZARENO Y LA PURISIMA CONCEPCION,CUAUHTEMOC,CENTRO IV,REPUBLICA DEL SALVADOR S/N,JOSE MARIA PINO SUAREZ,https://maps.app.goo.gl/xqXhQCBF8JpjKo5k6,ORIGINAL,LUIS PEREZ,11/18/2025,3/25/2026,2025.0,ELECTRICO ILUMINACION Y PROYECTOS DE OCCIDENTE S.A. DE C.V.,SOBS-EJM-P-2026-363,S369,11/18/2025,5/23/2026,100.0,TERMINADO,SOBS-EJM-SUP-2026-363,GRUPO CONSULTOR DE ARQUITECTURA E INGENIERÍA SA DE CV (GCAI),,2025-10-11 00:00:00,3/30/2026,2026-06-13 18:13:51.821,TEMPLO DE JESUS NAZARENO Y LA PURISIMA CONCEPCION,0101000020E6100000884AC8AC83C858C0D79C28AECF6D3340,19.42895,-99.133037
691,PLATSOBSE_DGSUS_ILUM_ART_CH_TEMPLO_DE_SAN_BERNARDO_6,ac5ba703-dd7f-437b-a668-e99474ea3590,TEMPLO DE SAN BERNARDO,CUAUHTEMOC,CENTRO IV,20 DE NOVIEMBRE #33,C. DE VENUSTIANO CARRANZA,https://maps.app.goo.gl/8YJAKxkhMqxKTW7Y8,ORIGINAL,LUIS PEREZ,11/18/2025,3/25/2026,2025.0,COMSA INFRAESTRUCTURAS DE C.V.,SOBS-EJM-P-2026-364,S370,11/18/2025,5/23/2026,100.0,TERMINADO,SOBS-EJM-SUP-2026-364,GRUPO CONSULTOR DE ARQUITECTURA E INGENIERÍA SA DE CV (GCAI),,2025-10-11 00:00:00,3/30/2026,2026-06-13 18:13:51.821,TEMPLO DE SAN BERNARDO,0101000020E610000032607FC891C858C0DA97C7F54A6E3340,19.430831,-99.133898
692,PLATSOBSE_DGSUS_ILUM_ART_CH_TEMPLO_DE_SAN_FELIPE_NERI_11,7ffc4f61-52b6-40b4-9599-59144ae6c926,TEMPLO DE SAN FELIPE NERI,CUAUHTEMOC,CENTRO IV,ISABELA CATOLICA #15,FRANCISCO I MADERO,https://maps.app.goo.gl/HvzzPBxJtERbn41ZA,ORIGINAL,LUIS PEREZ,11/18/2025,3/25/2026,2025.0,ELECTRICO ILUMINACION Y PROYECTOS DE OCCIDENTE S.A. DE C.V.,SOBS-EJM-P-2026-365,S371,11/18/2025,5/23/2026,100.0,TERMINADO,SOBS-EJM-SUP-2026-365,GRUPO CONSULTOR DE ARQUITECTURA E INGENIERÍA SA DE CV (GCAI),,2025-10-11 00:00:00,3/30/2026,2026-06-13 18:13:51.821,TEMPLO DE SAN FELIPE NERI,0101000020E61000008E2E2581BCC858C0E0956E5C106F3340,19.433843,-99.136505
693,PLATSOBSE_DGSUS_ILUM_ART_CH_TEMPLO_DE_SAN_FRANCSICO_3,cac16cf8-4f0b-4b43-b222-24cb95e665f4,TEMPLO DE SAN FRANCSICO,CUAUHTEMOC,CENTRO IV,FRANCISCO I. MADERO #7,"AV, JUAREZ",https://maps.app.goo.gl/zVsb4DFDuXxQxAid8,ORIGINAL,LUIS PEREZ,11/18/2025,3/25/2026,2025.0,COMSA INFRAESTRUCTURAS DE C.V.,SOBS-EJM-P-2026-366,S372,11/18/2025,5/23/2026,100.0,TERMINADO,SOBS-EJM-SUP-2026-366,GRUPO CONSULTOR DE ARQUITECTURA E INGENIERÍA SA DE CV (GCAI),,2025-10-11 00:00:00,3/30/2026,2026-06-13 18:13:51.821,TEMPLO DE SAN FRANCSICO,0101000020E610000065EA09A6F5C858C05EF98788F66E3340,19.433449,-99.139993
694,PLATSOBSE_DGSUS_ILUM_ART_CH_TEMPLO_DE_SAN_JUAN_DE_DIOS_7,08793209-cc0e-4418-91e1-86fa4fbd0a7e,TEMPLO DE SAN JUAN DE DIOS,CUAUHTEMOC,GUERRERO IV,AV VERACRUZ #51,AV. HIDALGO,https://maps.app.goo.gl/B2Xdc9qaD9hF1bPt6,ORIGINAL,LUIS PEREZ,11/18/2025,3/25/2026,2025.0,COMSA INFRAESTRUCTURAS DE C.V.,SOBS-EJM-P-2026-367,S373,11/18/2025,5/23/2026,100.0,TERMINADO,SOBS-EJM-SUP-2026-367,GRUPO CONSULTOR DE ARQUITECTURA E INGENIERÍA SA DE CV (GCAI),,2025-10-11 00:00:00,3/30/2026,2026-06-13 18:13:51.821,TEMPLO DE SAN JUAN DE DIOS,0101000020E61000007CBD569D30C958C0027FF8F9EF6F3340,19.437256,-99.143592
695,PLATSOBSE_DGSUS_ILUM_ART_CH_TEMPLO_Y_ANTIGUO_CONVENTO_DE_REGINA_COELI_1,e40ad505-670f-41d1-a3e1-6e103c883270,TEMPLO Y ANTIGUO CONVENTO DE REGINA COELI,CUAUHTEMOC,CENTRO V,BOLIVAR #92,REGINA,https://maps.app.goo.gl/HcL9QXSVamZdKtxK9,ORIGINAL,LUIS PEREZ,11/18/2025,3/25/2026,2025.0,COMSA INFRAESTRUCTURAS DE C.V.,SOBS-EJM-P-2026-368,S374,11/18/2025,5/23/2026,100.0,TERMINADO,SOBS-EJM-SUP-2026-368,GRUPO CONSULTOR DE ARQUITECTURA E INGENIERÍA SA DE CV (GCAI),,2025-10-11 00:00:00,3/30/2026,2026-06-13 18:13:51.821,TEMPLO Y ANTIGUO CONVENTO DE REGINA COELI,0101000020E610000070833529E0C858C08CD0741B796D3340,19.427629,-99.138682
696,PLATSOBSE_DGSUS_ILUM_ART_CH_TEMPLO_Y_ANTIGUO_CONVENTO_DE_SANTO_DOMINGO_4,b904dd58-a015-40f1-ba12-ac460449886b,TEMPLO Y ANTIGUO CONVENTO DE SANTO DOMINGO,CUAUHTEMOC,CENTRO II,REPUBLICA DE BRASIL #40,BELISARIO DOMINGUEZ,https://maps.app.goo.gl/kiTv9XLfxsqNePNz8,ORIGINAL,LUIS PEREZ,11/18/2025,3/25/2026,2025.0,COMSA INFRAESTRUCTURAS DE C.V.,SOBS-EJM-P-2026-369,S375,11/18/2025,5/23/2026,100.0,TERMINADO,SOBS-EJM-SUP-2026-369,GRUPO CONSULTOR DE ARQUITECTURA E INGENIERÍA SA DE CV (GCAI),,2025-10-11 00:00:00,3/30/2026,2026-06-13 18:13:51.821,TEMPLO Y ANTIGUO CONVENTO DE SANTO DOMINGO,0101000020E61000007B94B65D8DC858C0084F328342703340,19.438515,-99.133628
697,PLATSOBSE_DGOT_INST_ADM_SSC_ERUM_Y_DGIT_1,f0b3b09a-ec69-46e3-bbbe-335557d692d0,ERUM Y DGIT,CUAUHTEMOC,OBRERA,CHIMALPOPOCA,,https://maps.app.goo.gl/Kz628S3f3E9ve3Xj8,ORIGINAL,LUIS PEREZ,9/24/2025,2/25/2026,2025.0,"IMPULSORA DE DESARROLLO INTEGRAL, S.A. DE C.V.",SOBS-EJM-P-2026-370,S376,2025-04-11 00:00:00,12/18/2026,77.0,EN PROCESO,SOBS-EJM-SUP-2026-370,,,,,2026-06-13 18:13:51.821,ERUM Y DGIT,0101000020E6100000A98277279AC858C09D3030E5036C3340,19.421934,-99.134409
698,PLATSOBSE_DGOIV_MANT_UTOPIAS_UTOPIA_ATZINTLI_2,8a495576-24ce-4d79-9aeb-d44dcc6ef1ba,UTOPIA ATZINTLI,IZTAPALAPA,XALPA III,AV. ERMITA IZTAPALAPA,,https://maps.app.goo.gl/sHRhwpGTtLKoinJJ6,ORIGINAL,LUIS PEREZ,2/18/2026,2/18/2026,2025.0,"INGENIERIA Y ARQUITECTURA HORUS, S.A. DE C.V",SOBS-EJM-P-2026-371,S377,8/22/2025,12/22/2025,100.0,TERMINADO,SOBS-EJM-SUP-2026-371,,,,,2026-06-13 18:13:51.821,UTOPIA ATZINTLI,0101000020E61000001AA076F03AC158C0CFADC6C848583340,19.344861,-99.019222
699,PLATSOBSE_DGOIV_MANT_UTOPIAS_UTOPIA_CASCADA_4,b254942e-f580-4f28-8ef8-75c62a26dce3,UTOPIA CASCADA,IZTAPALAPA,STA MARTHA ACATITLA NTE (AMPL) I,ENNA,,https://maps.app.goo.gl/ff5z6V72qyW714mw7,ORIGINAL,LUIS PEREZ,2/18/2026,2/18/2026,2025.0,"CONSTRUCCIONE S YEMOYE, S.A.
DE C.V.",SOBS-EJM-P-2026-372,S378,8/22/2025,12/22/2025,100.0,TERMINADO,SOBS-EJM-SUP-2026-372,,,,,2026-06-13 18:13:51.821,UTOPIA CASCADA,0101000020E6100000333BE6979CC158C0E68653A4CA613340,19.381998,-99.025183
700,PLATSOBSE_DGOIV_MANT_UTOPIAS_UTOPIA_CIHUACOTATL_11,aac2e8f1-7598-4efe-80f9-4921851b0bde,UTOPIA CIHUACOTATL,IZTAPALAPA,LEYES DE REFORMA 1A SECCION,LA PURISIMA,,https://maps.app.goo.gl/h93tdthsrCiiQXZg9,ORIGINAL,LUIS PEREZ,2/18/2026,2/18/2026,2025.0,EDUARDO PELCASTRE TOVAR,SOBS-EJM-P-2026-373,S379,2025-04-08 00:00:00,2025-01-11 00:00:00,100.0,TERMINADO,SOBS-EJM-SUP-2026-373,,,,,2026-06-13 18:13:51.821,UTOPIA CIHUACOTATL,0101000020E610000058C51B9987C458C070B703F9025D3340,19.363327,-99.070776
701,PLATSOBSE_DGOIV_MANT_UTOPIAS_UTOPIA_CUAUHTLICALLI_1,4d5a56a3-3f1b-4ebd-9674-f9075adfe1c6,UTOPIA CUAUHTLICALLI,IZTAPALAPA,ESCUADRON 201,ALFONSO TORO,,https://maps.app.goo.gl/DgrpSkto17TVkTvaA,ORIGINAL,LUIS PEREZ,2/18/2026,2/18/2026,2025.0,"JOMARQ DESING STUDIO, S.A. DE C.V",SOBS-EJM-P-2026-374,S380,8/22/2025,12/22/2025,100.0,TERMINADO,SOBS-EJM-SUP-2026-374,,,,,2026-06-13 18:13:51.821,UTOPIA CUAUHTLICALLI,0101000020E610000088E1B8C606C758C038791DB3E45D3340,19.366771,-99.109789
702,PLATSOBSE_DGOIV_MANT_UTOPIAS_UTOPIA_EL_BARCO_13,4bf30c9c-6570-4fed-965f-4c41a8e719bf,UTOPIA EL BARCO,IZTAPALAPA,VICENTE GUERRERO SUPER MANZANA 2 (U HAB),PERIFERICO ORIENTE,,https://maps.app.goo.gl/tVTPFF3SbdBQVf8N8,ORIGINAL,LUIS PEREZ,2/18/2026,2/18/2026,2025.0,"ARQUETIPOS DESARROLLOS INTEGRALES, S.A. DE C.V.",SOBS-EJM-P-2026-375,S381,2025-04-08 00:00:00,2025-01-11 00:00:00,100.0,TERMINADO,SOBS-EJM-SUP-2026-375,,,,,2026-06-13 18:13:51.821,UTOPIA EL BARCO,0101000020E610000050B3F62DA9C358C0A1485A9EC55C3340,19.36239,-99.057201
703,PLATSOBSE_DGOIV_MANT_UTOPIAS_UTOPIA_ESTRELLA_9,bf5f4630-bcad-425b-92d0-8558b7c7f84e,UTOPIA ESTRELLA,IZTAPALAPA,SAN JUAN XALPA II,AV. SAN LORENZO,,https://maps.app.goo.gl/tXE33EWbWnS5Jwmz6,ORIGINAL,LUIS PEREZ,2/18/2026,2/18/2026,2025.0,"ALEXIS ARQUITECTOS, S.A. DE C.V.",SOBS-EJM-P-2026-376,S382,8/22/2025,12/22/2025,100.0,TERMINADO,SOBS-EJM-SUP-2026-376,,,,,2026-06-13 18:13:51.821,UTOPIA ESTRELLA,0101000020E6100000AED4F53CE6C458C0165D28AAC8563340,19.338999,-99.076553
704,PLATSOBSE_DGOIV_MANT_UTOPIAS_UTOPIA_IXTAPALCALLI_16,bda4b5fc-c649-40fb-a690-b170e0839762,UTOPIA IXTAPALCALLI CULTURAL,IZTAPALAPA,SAN PABLO (BARR),CUAUHTEMOC,,https://maps.app.goo.gl/LB8yrNJ5joEGJj3p7,ORIGINAL,LUIS PEREZ,2/18/2026,2/18/2026,2025.0,"DUGAF ASESORES Y CONSTRUCTORE
S, S.A. DE C.V.",SOBS-EJM-P-2026-377,S383,8/22/2025,12/22/2025,100.0,TERMINADO,SOBS-EJM-SUP-2026-377,,,,,2026-06-13 18:13:51.821,UTOPIA IXTAPALCALLI CULTURAL,0101000020E6100000BFB67EFACFC558C0ED3ECFB8D35B3340,19.358699,-99.090819
705,PLATSOBSE_DGOIV_MANT_UTOPIAS_UTOPIA_IXTAPALCALLI_16,daeb09aa-e924-40c3-9b3c-f28c4c072539,UTOPIA IXTAPALCALLI SOCIAL,IZTAPALAPA,SAN LUCAS (BARR),,,https://maps.app.goo.gl/3fNR9fUfQUn3HqfA7,ORIGINAL,LUIS PEREZ,2/18/2026,2/18/2026,2025.0,"DUGAF ASESORES Y CONSTRUCTORE
S, S.A. DE C.V.",SOBS-EJM-P-2026-378,S384,8/22/2025,12/22/2025,100.0,TERMINADO,SOBS-EJM-SUP-2026-378,,,,,2026-06-13 18:13:51.821,UTOPIA IXTAPALCALLI SOCIAL,0101000020E610000075A6B7DC2CC658C0997C9A30ED5B3340,19.359088,-99.096488
706,PLATSOBSE_DGOIV_MANT_UTOPIAS_UTOPIA_IXTAPALCALLI_16,b0ccd841-925c-47c3-9ed3-93dc0b260b03,UTOPIA IXTAPALCALLI DEPORTIVA,IZTAPALAPA,LA ASUNCION (BARR),,,https://maps.app.goo.gl/vxNqPnXaGBkmjj2p8,ORIGINAL,LUIS PEREZ,2/18/2026,2/18/2026,2025.0,"DUGAF ASESORES Y CONSTRUCTORE
S, S.A. DE C.V.",SOBS-EJM-P-2026-379,S385,8/22/2025,12/22/2025,100.0,TERMINADO,SOBS-EJM-SUP-2026-379,,,,,2026-06-13 18:13:51.821,UTOPIA IXTAPALCALLI DEPORTIVA,0101000020E6100000B2EA390ACCC558C0C46C5554F55C3340,19.363118,-99.090579
707,PLATSOBSE_DGOIV_MANT_UTOPIAS_UTOPIA_LIBERTAD_10,89303b45-27c7-418c-b4d3-eeea5a99ed8e,UTOPIA LIBERTAD,IZTAPALAPA,LOMAS DE SAN LORENZO II,RIO NILO,,https://maps.app.goo.gl/HQLyrmSzfgmT1UyP9,ORIGINAL,LUIS PEREZ,2/18/2026,2/18/2026,2025.0,"DECARA SOLUCIONES, S.A. DE C.V.",SOBS-EJM-P-2026-380,S386,8/22/2025,12/22/2025,100.0,TERMINADO,SOBS-EJM-SUP-2026-380,,,,,2026-06-13 18:13:51.821,UTOPIA LIBERTAD,0101000020E61000003BDD3F3730C458C0870C161427533340,19.324815,-99.065443
708,PLATSOBSE_DGOIV_MANT_UTOPIAS_UTOPIA_MEYEHUALCO_3,aed7e94e-d0a2-4297-941f-c8fcbbecfb74,UTOPIA MEYEHUALCO,IZTAPALAPA,SANTA CRUZ MEYEHUALCO (U HAB) II,AV. GENARO ESTRADA,,https://maps.app.goo.gl/Jhbw2xSC1e9bRC1C9,ORIGINAL,JUAN HERNANDEZ,2/18/2026,2/18/2026,2025.0,"LEMAVA, CONSTRUCCION Y CONSULTORIA,
S.A. DE C.V.",SOBS-EJM-P-2026-381,S387,8/22/2025,12/22/2025,100.0,TERMINADO,SOBS-EJM-SUP-2026-381,,,,,2026-06-13 18:13:51.821,UTOPIA MEYEHUALCO,0101000020E610000099FAB3FE1AC358C0EDD0F23447583340,19.344837,-99.048523
709,PLATSOBSE_DGOIV_MANT_UTOPIAS_UTOPIA_OLINI_8,b9c5784a-1fae-4f8b-ad7e-238ed1235b23,UTOPIA OLINI,IZTAPALAPA,EJTO CONSTITUCIONALISTA,CALZ. IGNACIO ZARAGOZA,,https://maps.app.goo.gl/nuUGxsPGFPRswR1r5,ORIGINAL,JUAN HERNANDEZ,2/18/2026,2/18/2026,2025.0,"A-34 ARQUITECTOS,
S.A. DE C.V.",SOBS-EJM-P-2026-382,S388,8/22/2025,12/22/2025,100.0,TERMINADO,SOBS-EJM-SUP-2026-382,,,,,2026-06-13 18:13:51.821,UTOPIA OLINI,0101000020E6100000ECD0FAA5CFC258C020BA5EA293613340,19.381159,-99.043924
710,PLATSOBSE_DGOIV_MANT_UTOPIAS_UTOPIA_PAPALOTL_6,8fb7b668-49aa-4441-8f5a-65f7763665b2,UTOPIA PAPALOTL,IZTAPALAPA,SIERRA DEL VALLE,REFORMA ECONOMICA,,https://maps.app.goo.gl/KiQMZSXS96i1wcHX8,ORIGINAL,JUAN HERNANDEZ,2/18/2026,2/18/2026,2025.0,"DECARA SOLUCIONES,
S.A. DE C.V.",SOBS-EJM-P-2026-383,S389,2025-04-08 00:00:00,2025-01-11 00:00:00,100.0,TERMINADO,SOBS-EJM-SUP-2026-383,,,,,2026-06-13 18:13:51.821,UTOPIA PAPALOTL,0101000020E610000071A0D16711C258C00C7DEA3797573340,19.342151,-99.032312
711,PLATSOBSE_DGOIV_MANT_UTOPIAS_UTOPIA_PARQUE_CUITLAHUAC_7,92faa65c-35a1-4da7-b281-f2804d2aa448,UTOPIA PARQUE CUITLAHUAC,IZTAPALAPA,SANTA CRUZ MEYEHUALCO (U HAB) II,AV. STA CRUZ MEYEHUALCO,,https://maps.app.goo.gl/ehTn3YYSGhURRSzx9,ORIGINAL,JUAN HERNANDEZ,2/18/2026,2/18/2026,2025.0,"GRUPO COYURBA, S.A. DE C.V.",SOBS-EJM-P-2026-384,S390,8/22/2025,12/22/2025,100.0,TERMINADO,SOBS-EJM-SUP-2026-384,,,,,2026-06-13 18:13:51.821,UTOPIA PARQUE CUITLAHUAC,0101000020E61000001B20455BDDC258C03C4BD22D225C3340,19.359897,-99.044761
712,PLATSOBSE_DGOIV_MANT_UTOPIAS_UTOPIA_QUETZALCOATL_5,4236a4dd-a2ba-4cb4-a7c4-564c51aaf6fe,UTOPIA QUETZALCOATL,IZTAPALAPA,DESARROLLO URBANO QUETZALCOATL II,MANUEL CANAS,,https://maps.app.goo.gl/tQvz4jTAp5BYxbEPA,ORIGINAL,JUAN HERNANDEZ,2/18/2026,2/18/2026,2025.0,"CONSTRUCTORA VIKDEM, S.A. DE
C.V.",SOBS-EJM-P-2026-385,S391,8/22/2025,12/22/2025,100.0,TERMINADO,SOBS-EJM-SUP-2026-385,,,,,2026-06-13 18:13:51.821,UTOPIA QUETZALCOATL,0101000020E610000073A66494C2C258C015943F6BC0533340,19.327155,-99.043126
713,PLATSOBSE_DGOIV_MANT_UTOPIAS_UTOPIA_TECOLOXTITLAN_14,18a992e4-9061-4f94-82ba-34e72c8d510b,UTOPIA TECOLOXTITLAN,IZTAPALAPA,SAN SEBASTIAN TECOLOXTITLAN (PBLO),CULIACAN,,https://maps.app.goo.gl/zdmenPNPtr7dMZvg8,ORIGINAL,JUAN HERNANDEZ,2/18/2026,2/18/2026,2025.0,"GRUPO CONSTRUCTOR IMCA, S.A. DE C.V.",SOBS-EJM-P-2026-386,S392,2025-04-08 00:00:00,2025-01-11 00:00:00,100.0,TERMINADO,SOBS-EJM-SUP-2026-386,,,,,2026-06-13 18:13:51.821,UTOPIA TECOLOXTITLAN,0101000020E61000007386C1804EC158C05BD10747A05C3340,19.361821,-99.020416
714,PLATSOBSE_DGOIV_MANT_UTOPIAS_UTOPIA_TEOTONGO_12,6d641dc4-ed5b-44b2-8742-b5e198b44233,UTOPIA TEOTONGO,IZTAPALAPA,LOMAS DE ZARAGOZA,DOCTOR FERNADO VILLEGAS,,https://maps.app.goo.gl/QEiZ9EqVBxrvY5v26,ORIGINAL,JUAN HERNANDEZ,2/18/2026,2/18/2026,2025.0,EDUARDO PELCASTRE TOVAR,SOBS-EJM-P-2026-387,S393,8/22/2025,12/22/2025,100.0,TERMINADO,SOBS-EJM-SUP-2026-387,,,,,2026-06-13 18:13:51.821,UTOPIA TEOTONGO,0101000020E6100000A9DD2BCA97BF58C00C85F855F35A3340,19.355276,-98.99364
715,PLATSOBSE_DGOIV_MANT_UTOPIAS_UTOPIA_TEZONTLI_15,885baadd-3543-4745-a286-6adb327f8391,UTOPIA TEZONTLI,IZTAPALAPA,BARRIO SAN ANTONIO,MIGUEL LERDO DE TEJADA,,https://maps.app.goo.gl/9LCVxdGiPe2ygLc38,ORIGINAL,JUAN HERNANDEZ,2/18/2026,2/18/2026,2025.0,"TALLER BELARQ,
S.A. DE C.V.",SOBS-EJM-P-2026-388,S394,8/22/2025,12/22/2025,100.0,TERMINADO,SOBS-EJM-SUP-2026-388,,,,,2026-06-13 18:13:51.821,UTOPIA TEZONTLI,0101000020E610000029FDCE40B6C458C01FA1031E5A4F3340,19.309969,-99.073624
716,PLATSOBSE_DGCOP_SIN_PROG_ESTACION_METROBUS_1,05b61500-1674-491f-8683-9dc3ad60162b,ESTACION CALLE 6- LINEA 4,IZTACALCO,PANTITLAN II,AV. CHIMALHUACAN,CALLE 6,"https://www.google.com/maps/place/R%C3%ADo+Churubusco+%26+Calle+6/@19.4206175,-99.0580509,538m/data=!3m1!1e3!4m6!3m5!1s0x85d1fc621407e13d:0x305ed177a3b4d040!8m2!3d19.42066!4d-99.05815!16s%2Fg%2F11vs_ckqpl!5m1!1e2?authuser=0&entry=ttu&g_ep=EgoyMDI2MDYwMy4xIKXMDSoASAFQAw%3D%3D",,JUAN HERNANDEZ,,,2024.0,"JAGUAR INGENIEROS CONSTRUCTORES, S.A. DE C.V.",SOBS-EJM-P-2026-389,S395,,,100.0,TERMINADO,SOBS-EJM-SUP-2026-389,,,,,2026-06-13 18:13:51.821,ESTACION CALLE 6- LINEA 4,0101000020E610000052635105BAC358C0CD3247B1AE6B3340,19.420634,-99.058229
719,PLATSOBSE_DGCOP_MOD_POLICIA_AV_OTE_160_UNIDAD_MODELO_17,afef6728-bfcf-489d-9501-ac4df92920a5,AV. OTE. 160 UNIDAD MODELO,IZTAPALAPA,MODELO (U),AVENIDA ORIENTE 160,RETORNO 303 DE AV. ORIENTE 160 Y RETORNO 2023 DE AV. ORIENTE 160,https://maps.app.goo.gl/vCRtuvsgugEwEioj9,,JUAN HERNANDEZ,2/18/2026,2/18/2026,2025.0,FABETY DISENO Y CONSTRUCCION S.A DE C.V.,SOBS-EJM-P-2026-390,S396,8/15/2025,10/13/2025,100.0,TERMINADO,SOBS-EJM-SUP-2026-390,,0,,,2026-06-13 18:13:51.821,AV. OTE. 160 UNIDAD MODELO,0101000020E6100000FF976BD102C858C0F1660DDE575D3340,19.364622,-99.125172
720,PLATSOBSE_DGCOP_MOD_POLICIA_AV_TETIZ_20,c555dbb7-e370-4b8e-bbef-7e2e39652b9d,AV. TETIZ,TLALPAN,PEDREGAL DE SN NICOLAS 3A SECC,AV. TETIZ,SOTUTA Y PANABA,https://maps.app.goo.gl/W6PEaXvQMJKx5XJZ7,,JUAN HERNANDEZ,2/18/2026,2/18/2026,2025.0,CONSORCIO CONSTRUCTOR DOBLE AA S.A. DE C.V.,SOBS-EJM-P-2026-391,S397,8/15/2025,10/13/2025,100.0,TERMINADO,SOBS-EJM-SUP-2026-391,,0,,,2026-06-13 18:13:51.821,AV. TETIZ,0101000020E610000096438B6CE7CE58C0DEC9A7C7B6483340,19.284039,-99.232875
721,PLATSOBSE_DGCOP_MOD_POLICIA_BARRANCA_DEL_MUERTO_127_3,e3a84272-6e40-4d5e-8378-2df88d1720dc,BARRANCA DEL MUERTO 127,ALVARO OBREGON,GUADALUPE INN,BARRANCA DEL MUERTO,MACEDONIO ALCALA Y MANUEL M. PONCE,https://maps.app.goo.gl/9YuKV4aDEPQYSJ6n9,,JUAN HERNANDEZ,2/18/2026,2/18/2026,2025.0,FABETY DISENO Y CONSTRUCCION S.A DE C.V.,SOBS-EJM-P-2026-392,S398,8/15/2025,10/13/2025,100.0,TERMINADO,SOBS-EJM-SUP-2026-392,,0,,,2026-06-13 18:13:51.821,BARRANCA DEL MUERTO 127,0101000020E6100000CBA145B6F3CB58C0D1CABDC0AC5C3340,19.362011,-99.18675
722,PLATSOBSE_DGCOP_MOD_POLICIA_C_ESTADO_DE_MEXICO_S_N_13,4462cda0-9cb2-45be-b851-759b2f9d3f32,C. ESTADO DE MEXICO S/N,GUSTAVO A. MADERO,CHALMA DE GUADALUPE,ESTADO DE MEXICO,AGUACALIENTES Y SAN MIGUEL CHALMA,https://maps.app.goo.gl/mUzT4BEWwE2kqxaM9,,JUAN HERNANDEZ,2/18/2026,2/18/2026,2025.0,FABETY DISENO Y CONSTRUCCION S.A DE C.V.,SOBS-EJM-P-2026-393,S399,8/15/2025,10/13/2025,100.0,INAUGURADA,SOBS-EJM-SUP-2026-393,,0,,,2026-06-13 18:13:51.821,C. ESTADO DE MEXICO S/N,0101000020E61000007CD45FAFB0C958C0D0B7054B758D3340,19.552571,-99.151409
723,PLATSOBSE_DGCOP_MOD_POLICIA_CALLE_19_Y_CENTRAL_SUR_5,c84a6eda-505a-4395-aefd-e77a6f4cd374,CALLE 19 Y CENTRAL SUR,AZCAPOTZALCO,PRO HOGAR I,CENTRAL SUR,CALLE 19 Y CALLE 21,https://maps.app.goo.gl/tULHAbvGzaAgrTi56,,JUAN HERNANDEZ,2/18/2026,2/18/2026,2025.0,FABETY DISENO Y CONSTRUCCION S.A DE C.V.,SOBS-EJM-P-2026-394,S400,8/15/2025,10/13/2025,100.0,TERMINADO,SOBS-EJM-SUP-2026-394,,0,,,2026-06-13 18:13:51.821,CALLE 19 Y CENTRAL SUR,0101000020E61000006CE8667FA0C958C0F6EE8FF7AA793340,19.475265,-99.150421
724,PLATSOBSE_DGCOP_MOD_POLICIA_CALLE_MONSERRAT_6,3d53bc2f-37cb-4be9-9633-dbd779e820b5,CALLE MONSERRAT,COYOACAN,LOS REYES (PBLO),CALLE MONSERRAT ESQUINA AVENIDA PACIFICO,CALLE MONTSERRAT Y CALZADA DE CANDELARIA,https://maps.app.goo.gl/s51kW94e4YnM5r286,,JUAN HERNANDEZ,2/18/2026,2/18/2026,2025.0,FABETY DISENO Y CONSTRUCCION S.A DE C.V.,SOBS-EJM-P-2026-395,S401,8/15/2025,10/13/2025,100.0,TERMINADO,SOBS-EJM-SUP-2026-395,,0,,,2026-06-13 18:13:51.821,CALLE MONSERRAT,0101000020E61000004CE2AC889AC958C0F83768AF3E563340,19.336894,-99.150057
725,PLATSOBSE_DGCOP_MOD_POLICIA_CARRETERA_FEDERAL_MEXICO_TOLUCA_8,8a1a0c8d-b6b7-4622-a3a8-766d4f46ca2a,CARRETERA FEDERAL MEXICO-TOLUCA,CUAJIMALPA DE MORELOS,PALO ALTO (GRANJAS),ESQUINA CARRETERA FEDERAL MEXICO-TOLUCA,CALLE FRESNOS Y TLAXPECO,https://maps.app.goo.gl/75QWBGqGxXd6iG6h9,,JUAN HERNANDEZ,2/18/2026,2/18/2026,2025.0,FABETY DISENO Y CONSTRUCCION S.A DE C.V.,SOBS-EJM-P-2026-396,S402,8/15/2025,10/13/2025,100.0,TERMINADO,SOBS-EJM-SUP-2026-396,,0,,,2026-06-13 18:13:51.821,CARRETERA FEDERAL MEXICO-TOLUCA,0101000020E6100000C6DFF60489D058C040506EDBF7603340,19.378782,-99.258363
726,PLATSOBSE_DGCOP_MOD_POLICIA_CORTEZA_INFONAVIT_IZTACALCO_15,8ef46407-f21d-4dd7-abd0-02fb947004f9,CORTEZA INFONAVIT IZTACALCO,IZTACALCO,INFONAVIT IZTACALCO.,CORTEZA Y GIRASOL,ARRAYAN Y HOJA DE ARBOL,https://maps.app.goo.gl/NQjyFFEvEXKyAE986,,JUAN HERNANDEZ,2/18/2026,2/18/2026,2025.0,FABETY DISENO Y CONSTRUCCION S.A DE C.V.,SOBS-EJM-P-2026-397,S403,8/15/2025,10/13/2025,100.0,TERMINADO,SOBS-EJM-SUP-2026-397,,0,,,2026-06-13 18:13:51.821,CORTEZA INFONAVIT IZTACALCO,0101000020E6100000EF8E8CD5E6C658C0E08442041C623340,19.38324,-99.107839
727,PLATSOBSE_DGCOP_MOD_POLICIA_CUAUHTEMOC_TLATELOLCO_10,ce0fb567-3f70-4e4b-8292-fbf36b2dbb03,CUAUHTEMOC TLATELOLCO,CUAUHTEMOC,NONOALCO-TLATELOLCO (U HAB) I,EJE 1 PTE,CALLE GUERRERO Y PUENTE DE PIEDRA,https://maps.app.goo.gl/stU2bEASYoDqgbJv8,,JUAN HERNANDEZ,2/18/2026,2/18/2026,2025.0,CONSORCIO CONSTRUCTOR DOBLE AA S.A. DE C.V.,SOBS-EJM-P-2026-398,S404,8/15/2025,10/13/2025,100.0,INAUGURADA,SOBS-EJM-SUP-2026-398,,0,,,2026-06-13 18:13:51.821,CUAUHTEMOC TLATELOLCO,0101000020E610000041D7BE805EC958C0384A5E9D63743340,19.454645,-99.146393
728,PLATSOBSE_DGCOP_MOD_POLICIA_CUAUHTEMOC_Y_AV_INSURGENTES_NORTE_23,31774d58-3fe5-4b61-adba-21a6d21f6245,CUAUHTEMOC Y AV. INSURGENTES NORTE,CUAUHTEMOC,NONOALCO-TLATELOLCO (U HAB) I,AV. INSURGENTES NORTE,AV. INSURGENTES NORTE Y AV. RICARDO FLORES MAGON,https://maps.app.goo.gl/YYe2J1xNVFznab9E9,,JUAN HERNANDEZ,2/18/2026,2/18/2026,2025.0,CONSORCIO CONSTRUCTOR DOBLE AA S.A. DE C.V.,SOBS-EJM-P-2026-399,S405,8/15/2025,10/13/2025,100.0,INAUGURADA,SOBS-EJM-SUP-2026-399,,0,,,2026-06-13 18:13:51.821,CUAUHTEMOC Y AV. INSURGENTES NORTE,0101000020E61000007B2FBE688FC958C0C87E164B91743340,19.455342,-99.149378
729,PLATSOBSE_DGCOP_MOD_POLICIA_EJE_VIAL_2_ORIENTE_956_14,e572617a-2f9d-4c28-987a-c7fb2c02c83d,EJE VIAL 2 ORIENTE 956,IZTACALCO,CAMPAMENTO 2 DE OCTUBRE,ESQUINA LAZARO CARDENAS Y AV. JUAN N. ALVAREZ,JUAN ALVAREZ Y CALZADA DE LA VIGA,https://maps.app.goo.gl/Ms3WTKZsraGxdPbP6,,JUAN HERNANDEZ,2/18/2026,2/18/2026,2025.0,"DE ARQ DISENO DE ESPACIOS, S. A. DE C. V.",SOBS-EJM-P-2026-400,S406,11/27/2025,12/28/2025,100.0,TERMINADO,SOBS-EJM-SUP-2026-400,,0,,,2026-06-13 18:13:51.821,EJE VIAL 2 ORIENTE 956,0101000020E610000020274C18CDC758C097C5C4E6E3623340,19.38629,-99.121893
730,PLATSOBSE_DGCOP_MOD_POLICIA_FERROCARRIL_CENTRAL_1_4,99b11c4f-c99d-4782-bcc3-11afc3131036,FERROCARRIL CENTRAL 1,AZCAPOTZALCO,HOGARES FERROCARRILEROS (U HAB),FERROCARRIL CENTRAL,FERROCARRIL CENTRAL Y CALLE RABAUL,https://maps.app.goo.gl/hRTQRcDQ55iLTdzYA,,JUAN HERNANDEZ,2/18/2026,2/18/2026,2025.0,FABETY DISENO Y CONSTRUCCION S.A DE C.V.,SOBS-EJM-P-2026-401,S407,8/15/2025,10/13/2025,100.0,TERMINADO,SOBS-EJM-SUP-2026-401,,0,,,2026-06-13 18:13:51.821,FERROCARRIL CENTRAL 1,0101000020E61000009B3BFA5FAECA58C098A7734529793340,19.473286,-99.166893
731,PLATSOBSE_DGCOP_MOD_POLICIA_LOMAS_DE_PADIERNA_22,b29b71a2-452f-47f5-9e8d-86f1a8f598d5,LOMAS DE PADIERNA,TLALPAN,LOMAS DE PADIERNA II,ACANCEH,ACANCEH & YUCALPETEN,https://maps.app.goo.gl/tX5fNEKqMMoAiBr78,,JUAN HERNANDEZ,2/18/2026,2/18/2026,2025.0,CONSORCIO CONSTRUCTOR DOBLE AA S.A. DE C.V.,SOBS-EJM-P-2026-402,S408,8/15/2025,10/13/2025,100.0,TERMINADO,SOBS-EJM-SUP-2026-402,,0,,,2026-06-13 18:13:51.821,LOMAS DE PADIERNA,0101000020E61000000395F1EF33CE58C092E68F696D4A3340,19.290732,-99.22192
732,PLATSOBSE_DGCOP_MOD_POLICIA_LOS_OLIVOS_19,0a9146c4-0b43-48e5-aa60-cb5ed56d4533,LOS OLIVOS,TLAHUAC,LOS OLIVOS,GUPIES,CALLE ADALBERTO TEJADA Y BALLENA,https://maps.app.goo.gl/tfiBd2S7hbu1Qrk5A,,JUAN HERNANDEZ,2/18/2026,2/18/2026,2025.0,FABETY DISENO Y CONSTRUCCION S.A DE C.V.,SOBS-EJM-P-2026-403,S409,8/15/2025,10/13/2025,100.0,TERMINADO,SOBS-EJM-SUP-2026-403,,0,,,2026-06-13 18:13:51.821,LOS OLIVOS,0101000020E610000085268925E5C358C04F029B73F04C3340,19.300544,-99.060861
733,PLATSOBSE_DGCOP_MOD_POLICIA_MARINA_NACIONAL_18,4e6bcd0a-0825-4805-95c3-6ee00965e0a8,MARINA NACIONAL,MIGUEL HIDALGO,POPOTLA II,AV. MARINA NACIONAL,CALLE LAGO COMO Y EJE 4 PONIENTE,https://maps.app.goo.gl/VgJifvnzbHgkToia7,,JUAN HERNANDEZ,2/18/2026,2/18/2026,2025.0,FABETY DISENO Y CONSTRUCCION S.A DE C.V.,SOBS-EJM-P-2026-404,S410,8/15/2025,10/13/2025,100.0,TERMINADO,SOBS-EJM-SUP-2026-404,,0,,,2026-06-13 18:13:51.821,MARINA NACIONAL,0101000020E61000007FC16ED8B6CB58C0D769A4A5F2723340,19.449015,-99.183035
734,PLATSOBSE_DGCOP_MOD_POLICIA_MODULO_TAXQUENA_1,523cbf26-cbd3-4a62-af41-f7efea0eb6b2,MODULO TAXQUENA,COYOACAN,CAMPESTRE CHURUBUSCO,CERRO DE SANTA ISABEL,CERRO DE SANTA ISABEL Y CERRO ZACAYUCA,https://maps.app.goo.gl/CGRNNxVQLfQaSsZi9,,JUAN HERNANDEZ,2/18/2026,2/18/2026,2025.0,"DE ARQ DISENO DE ESPACIOS, S. A. DE C. V.",SOBS-EJM-P-2026-405,S411,11/28/2025,12/28/2025,100.0,INAUGURADA,SOBS-EJM-SUP-2026-405,,0,,,2026-06-13 18:13:51.821,MODULO TAXQUENA,0101000020E6100000C45F9335EAC858C0910DA48B4D573340,19.341027,-99.139295
735,PLATSOBSE_DGCOP_MOD_POLICIA_PARRES_EL_GUARDA_25,28207bf5-1f29-4a80-8143-de3148bd1cbc,PARRES EL GUARDA,TLALPAN,PARRES EL GUARDA (PBLO),MIGUEL HIDALGO,CALLE 16 DE SEPTIEMBRE Y 20 DE NOVIEMBRE,https://maps.app.goo.gl/5WKXaazVUVczgzCBA,,JUAN HERNANDEZ,2/18/2026,2/18/2026,2025.0,"DE ARQ DISENO DE ESPACIOS, S. A. DE C. V.",SOBS-EJM-P-2026-406,S412,8/15/2025,10/13/2025,100.0,TERMINADO,SOBS-EJM-SUP-2026-406,,0,,,2026-06-13 18:13:51.821,PARRES EL GUARDA,0101000020E61000009FE925C632CB58C0FE2C9622F9223340,19.136614,-99.174974
736,PLATSOBSE_DGCOP_MOD_POLICIA_PASEOS_DE_CHURUBUSCO_16,e38b6bd0-10c4-4280-b2b0-7a81011ebc6e,PASEOS DE CHURUBUSCO,IZTAPALAPA,PASEOS DE CHURUBUSCO,RIO TUXPAN,ENTRE RIO MEXCALAPA Y RIO SOTO DE LA MARINA,https://maps.app.goo.gl/XVpMQiepdH17Jg6g8,,JUAN HERNANDEZ,2/18/2026,2/18/2026,2025.0,FABETY DISENO Y CONSTRUCCION S.A DE C.V.,SOBS-EJM-P-2026-407,S413,8/15/2025,10/13/2025,100.0,TERMINADO,SOBS-EJM-SUP-2026-407,,0,,,2026-06-13 18:13:51.821,PASEOS DE CHURUBUSCO,0101000020E6100000A4A5F27684C558C042EC4CA1F3623340,19.38653,-99.08621
737,PLATSOBSE_DGCOP_MOD_POLICIA_PLAZA_DE_LAS_TRES_CULTURAS_9,d284674e-afe0-4c05-804a-40c60a4bd82b,PLAZA DE LAS TRES CULTURAS,CUAUHTEMOC,NONOALCO-TLATELOLCO (U HAB) II,EJE CENTRAL LAZARO CARDENAS,CALLE AMACENES Y EJE CENTRAL LAZARO CARDENAS,https://maps.app.goo.gl/9bXptbqNKUkvqT3n9,,JUAN HERNANDEZ,2/18/2026,2/18/2026,2025.0,CONSORCIO CONSTRUCTOR DOBLE AA S.A. DE C.V.,SOBS-EJM-P-2026-408,S414,8/15/2025,10/13/2025,100.0,INAUGURADA,SOBS-EJM-SUP-2026-408,,0,,,2026-06-13 18:13:51.821,PLAZA DE LAS TRES CULTURAS,0101000020E61000001AC1C6F5EFC858C050E27327D8733340,19.452517,-99.139646
738,PLATSOBSE_DGCOP_MOD_POLICIA_REPUBLICA_DE_CHILE_44_24,5c81ff19-8104-4729-9656-20bae985549c,REPUBLICA DE CHILE 44,CUAUHTEMOC,CENTRO IV,REPUBLICA DE CHILE,REPUBLICA DE CHILE Y BELISARIO DOMINGUEZ,https://maps.app.goo.gl/kfJV2ykEh4WjbPHG7,,JUAN HERNANDEZ,2/18/2026,2/18/2026,2025.0,"DE ARQ DISENO DE ESPACIOS, S. A. DE C. V.",SOBS-EJM-P-2026-409,S415,8/15/2025,10/13/2025,100.0,TERMINADO,SOBS-EJM-SUP-2026-409,,0,,,2026-06-13 18:13:51.821,REPUBLICA DE CHILE 44,0101000020E6100000A703594FADC858C04777103B53703340,19.43877,-99.135578
739,PLATSOBSE_DGCOP_MOD_POLICIA_SAN_GREGORIO_ATLAPULCO_PUEBLO_2,464008b8-1190-4488-b77f-b5bac2dc131a,SAN GREGORIO ATLAPULCO (PUEBLO),XOCHIMILCO,SAN GREGORIO ATLAPULCO (PBLO),AV CHAPULTEPEC,GUSTAVO DIAZ ORDAZ Y ADOLFO LOPEZ MATEOS,https://maps.app.goo.gl/hthctgGosDpxEAwD6,,JUAN HERNANDEZ,2/18/2026,2/18/2026,2025.0,"DE ARQ DISENO DE ESPACIOS, S. A. DE C. V.",SOBS-EJM-P-2026-410,S416,11/28/2025,12/28/2025,100.0,INAUGURADA,SOBS-EJM-SUP-2026-410,,0,,,2026-06-13 18:13:51.821,SAN GREGORIO ATLAPULCO (PUEBLO),0101000020E610000011DF89592FC458C0E77118CC5F413340,19.255368,-99.06539
740,PLATSOBSE_DGCOP_MOD_POLICIA_SAN_JOSE_DE_LOS_CEDROS_7,477053ed-aae5-4642-8824-d7473922e4e6,SAN JOSE DE LOS CEDROS,CUAJIMALPA DE MORELOS,SAN JOSE DE LOS CEDROS II,SAN JOSE DE LOS CEDROS,CALLE SAN JOSE DE LOS CEDROS Y AV. JACARANDAS,https://maps.app.goo.gl/yzTrRc4h3V7v8vYc7,,JUAN HERNANDEZ,2/18/2026,2/18/2026,2025.0,FABETY DISENO Y CONSTRUCCION S.A DE C.V.,SOBS-EJM-P-2026-411,S417,8/15/2025,10/13/2025,100.0,TERMINADO,SOBS-EJM-SUP-2026-411,,0,,,2026-06-13 18:13:51.821,SAN JOSE DE LOS CEDROS,0101000020E6100000018A912573D258C089EAAD81AD5E3340,19.369835,-99.288278
741,PLATSOBSE_DGCOP_MOD_POLICIA_SAN_JUAN_DE_ARAGON_V_SECC_12,597d017c-3a49-476a-87e8-ebd68b2c1287,SAN JUAN DE ARAGON V SECC,GUSTAVO A. MADERO,SAN JUAN DE ARAGON,AV. 602 CAMELLON CENTRAL CRUCE CON AV. 601,C. 659 Y AV. 601,https://maps.app.goo.gl/VZYJxfjpaSZfejcT9,,JUAN HERNANDEZ,2/18/2026,2/18/2026,2025.0,CONSORCIO CONSTRUCTOR DOBLE AA S.A. DE C.V.,SOBS-EJM-P-2026-412,S418,8/15/2025,10/13/2025,100.0,TERMINADO,SOBS-EJM-SUP-2026-412,,0,,,2026-06-13 18:13:51.821,SAN JUAN DE ARAGON V SECC,0101000020E6100000DF1AD82AC1C358C039F06AB933733340,19.450008,-99.058665
742,PLATSOBSE_DGCOP_MOD_POLICIA_TLATELOLCO_PUENTE_DE_PIEDRA_11,ccd44f55-0783-4fe7-87d0-122bcdd62c9e,TLATELOLCO PUENTE DE PIEDRA,CUAUHTEMOC,NONOALCO-TLATELOLCO (U HAB) I,PUENTE DE PIEDRA,CALLE GUERRERO Y LERDO,https://maps.app.goo.gl/bHGng73Wrand3Uht5,,JUAN HERNANDEZ,2/18/2026,2/18/2026,2025.0,CONSORCIO CONSTRUCTOR DOBLE AA S.A. DE C.V.,SOBS-EJM-P-2026-413,S419,8/15/2025,10/13/2025,100.0,INAUGURADA,SOBS-EJM-SUP-2026-413,,0,,,2026-06-13 18:13:51.821,TLATELOLCO PUENTE DE PIEDRA,0101000020E6100000BF60376C5BC958C0F1BA7EC16E743340,19.454815,-99.146205
743,PLATSOBSE_DGCOP_MOD_POLICIA_TORIELLO_GUERRA_21,f0dd8fbf-6ec3-4e5f-b806-1ce81cb5e97e,TORIELLO GUERRA,TLALPAN,TORIELLO GUERRA,PUENTE DE PIEDRA,CUAUHTEMOC Y CUITLAHUAC,https://maps.app.goo.gl/stDQiWwvLHiLZnbz8,,JUAN HERNANDEZ,2/18/2026,2/18/2026,2025.0,FABETY DISENO Y CONSTRUCCION S.A DE C.V.,SOBS-EJM-P-2026-414,S420,8/15/2025,10/13/2025,100.0,TERMINADO,SOBS-EJM-SUP-2026-414,,0,,,2026-06-13 18:13:51.821,TORIELLO GUERRA,0101000020E6100000757286E28ECA58C09CA4F9635A4B3340,19.294348,-99.164971
744,PLATSOBSE_DGCOP_OBRAS_ADIC_AGENCIA_DEL_EMPLEO_2,dbaa97d7-d00c-471b-9d7f-23ff07ecb202,AGENCIA DEL EMPLEO (REHABILITACION),CUAUHTEMOC,TRANSITO,SAN ANTONIO ABAD,CJON. SAN ANTONIO ABAD Y FERNANDO DE ALVA IXTLILXOCHITL,https://maps.app.goo.gl/EmXDHoPsdLAdfubW6,ORIGINAL,JUAN HERNANDEZ,2/17/2026,2/17/2026,2025.0,"SANDALU, SUPERVISION Y CONSTRUCCION, S. A. DE C. V.",SOBS-EJM-P-2026-415,S421,2025-06-08 00:00:00,2025-04-09 00:00:00,100.0,INAUGURADA,SOBS-EJM-SUP-2026-415,,,,,2026-06-13 18:13:51.821,AGENCIA DEL EMPLEO (REHABILITACION),0101000020E610000010768A5583C858C06EDE3829CC6B3340,19.421084,-99.133016
745,PLATSOBSE_DGCOP_OBRAS_ADIC_AGENCIA_DEL_EMPLEO_2,eca830ea-237f-4b67-9135-b8ac2aa64f93,AGENCIA DEL EMPLEO (REHABILITACION),CUAUHTEMOC,TRANSITO,SAN ANTONIO ABAD,CJON. SAN ANTONIO ABAD Y FERNANDO DE ALVA IXTLILXOCHITL,https://maps.app.goo.gl/EmXDHoPsdLAdfubW6,ORIGINAL,JUAN HERNANDEZ,2/17/2026,2/17/2026,2025.0,"SANDALU, SUPERVISION Y CONSTRUCCION, S. A. DE C. V.",SOBS-EJM-P-2026-416,S422,7/22/2025,8/20/2025,100.0,INAUGURADA,SOBS-EJM-SUP-2026-416,,,,,2026-06-13 18:13:51.821,AGENCIA DEL EMPLEO (REHABILITACION),0101000020E610000010768A5583C858C06EDE3829CC6B3340,19.421084,-99.133016
746,PLATSOBSE_DGCOP_OBRAS_ADIC_ALDEA_JUVENIL_3,81463d95-8255-4613-b635-f1d66af84342,ALDEA JUVENIL,IZTAPALAPA,LA COLMENA (U HAB),CALZADA IGNACIO ZARAGOZA,CALLE OCTAVIO PAZ Y CALLE JESUS CARRILLO,https://maps.app.goo.gl/TpHHCsMeAQrcHezL6,ORIGINAL,JUAN HERNANDEZ,4/28/2025,2/17/2026,2025.0,"DAKI ARQUITECTURA, S.A. DE C.V.",SOBS-EJM-P-2026-417,S423,4/28/2025,2025-03-12 00:00:00,100.0,INAUGURADA,SOBS-EJM-SUP-2026-417,"DAKI ARQUITECTURA, S.A. DE C.V.",,,,2026-06-13 18:13:51.821,ALDEA JUVENIL,0101000020E61000000C5C1E6B46C058C0583B8A73D45D3340,19.366523,-99.004298
747,PLATSOBSE_DGCOP_OBRAS_ADIC_CENTRAL_DE_ABASTOS_DEMOLICION_4,5f1b84f8-5f1b-457f-a68f-35e957a42d2c,CENTRAL DE ABASTOS (DEMOLICION),IZTAPALAPA,PASEOS DE CHURUBUSCO,AV. CANAL DE RIO CHURUBUSCO,ABARROTES Y VIVERES Y FRUTAS Y LEGUMBRES,https://maps.app.goo.gl/yWf5BNg4vvT9MPUx9,ORIGINAL,JUAN HERNANDEZ,2/17/2026,2/17/2026,2025.0,"JAGUAR INGENIEROS CONSTRUCTORES, S.A. DE C.V.",SOBS-EJM-P-2026-418,S424,11/27/2025,12/26/2025,100.0,TERMINADO,SOBS-EJM-SUP-2026-418,,,,,2026-06-13 18:13:51.821,CENTRAL DE ABASTOS (DEMOLICION),0101000020E610000085B53176C2C558C0E3C798BB96603340,19.3773,-99.089994
748,PLATSOBSE_DGCOP_OBRAS_ADIC_HOSPITAL_DE_POLICIAS_DEMOLICIONES_Y_REHUBICACION_DE_OFICINAS_1,c668649f-1939-480a-a951-d858dcc52c16,HOSPITAL DE POLICIAS (DEMOLICIONES Y REHUBICACION DE OFICINAS),VENUSTIANO CARRANZA,EL PARQUE,CECILIO ROBELO,CECILIO ROBELO Y RETORNO 1 C. ROBELO,https://maps.app.goo.gl/5RuYz49kQAWn5Etb8,ORIGINAL,JUAN HERNANDEZ,2/17/2026,2/17/2026,2025.0,"DEMEC DEMOLICIONES, S.A. DE C.V.",SOBS-EJM-P-2026-419,S425,11/21/2025,12/31/2025,71.02,EN PROCESO,SOBS-EJM-SUP-2026-419,,,,,2026-06-13 18:13:51.821,HOSPITAL DE POLICIAS (DEMOLICIONES Y REHUBICACION DE OFICINAS),0101000020E610000042EE224C51C758C087FC3383F86C3340,19.425667,-99.114337
749,PLATSOBSE_DGCOP_OBRAS_ADIC_HOSPITAL_DE_POLICIAS_DEMOLICIONES_Y_REHUBICACION_DE_OFICINAS_1,264a983c-10ea-46bf-bf68-ff7683e3127a,HOSPITAL DE POLICIAS (DEMOLICIONES Y REHUBICACION DE OFICINAS),VENUSTIANO CARRANZA,EL PARQUE,CECILIO ROBELO,CECILIO ROBELO Y RETORNO 1 C. ROBELO,https://maps.app.goo.gl/5RuYz49kQAWn5Etb8,ORIGINAL,JUAN HERNANDEZ,2/17/2026,2/17/2026,2025.0,"DEMEC DEMOLICIONES, S.A. DE C.V.",SOBS-EJM-P-2026-420,S426,11/28/2025,12/31/2025,71.02,EN PROCESO,SOBS-EJM-SUP-2026-420,,,,,2026-06-13 18:13:51.821,HOSPITAL DE POLICIAS (DEMOLICIONES Y REHUBICACION DE OFICINAS),0101000020E610000042EE224C51C758C087FC3383F86C3340,19.425667,-99.114337
750,PLATSOBSE_DGCOP_OBRAS_ADIC_HOSPITAL_DE_POLICIAS_DEMOLICIONES_Y_REHUBICACION_DE_OFICINAS_1,aa55a3b2-85de-43a5-bba3-257597673514,HOSPITAL DE POLICIAS (DEMOLICIONES Y REHUBICACION DE OFICINAS),VENUSTIANO CARRANZA,EL PARQUE,CECILIO ROBELO,CECILIO ROBELO Y RETORNO 1 C. ROBELO,https://maps.app.goo.gl/5RuYz49kQAWn5Etb8,ORIGINAL,JUAN HERNANDEZ,2/17/2026,2/17/2026,2025.0,"SANDALU, SUPERVISION Y CONSTRUCCION, S.A. DE C.V.",SOBS-EJM-P-2026-421,S427,2026-03-01 00:00:00,2026-12-05 00:00:00,71.02,EN PROCESO,SOBS-EJM-SUP-2026-421,EDIFICACIONES E INGENIERIA RK S.A DE C.V,,,,2026-06-13 18:13:51.821,HOSPITAL DE POLICIAS (DEMOLICIONES Y REHUBICACION DE OFICINAS),0101000020E610000042EE224C51C758C087FC3383F86C3340,19.425667,-99.114337
751,PLATSOBSE_DGCOP_OBRAS_ADIC_TALLER_TATUADO_6,b61fa019-0e6d-4101-918f-cff4b79d167b,TALLER TATUADO,IZTAPALAPA,CHINAMPA DE JUAREZ,ENRIQUE CONTEL,CASI ESQUINA AV. GUELATAO,https://maps.app.goo.gl/SFkoujbeQwJXYoZw8,ORIGINAL,JUAN HERNANDEZ,2/17/2026,2/17/2026,2025.0,"CORSA CONSTRUCCIONES Y MANTENIMIENTO, S.A. DE C.V.",SOBS-EJM-P-2026-422,S428,2025-10-07 00:00:00,2025-12-08 00:00:00,100.0,TERMINADO,SOBS-EJM-SUP-2026-422,,,,,2026-06-13 18:13:51.821,TALLER TATUADO,0101000020E61000004E5DB6598EC258C0A9E1FB3E26623340,19.383396,-99.039938
752,PLATSOBSE_DGCOP_OBRAS_ADIC_TALUD_ALVARO_OBREGON_8,261fbae0-0a4c-423d-ac79-a230fb262b65,TALUD ALVARO OBREGON,ALVARO OBREGON,ACUILOTLA,CERRADA DE FELIPE ANGELES,ALFEÑIQUE Y GUSTAVO DURAN,https://maps.app.goo.gl/KGwJVmdZck2obZH5A,ORIGINAL,JUAN HERNANDEZ,2/17/2026,2/17/2026,2025.0,"AVE FENIX, S.A. DE C.V.",SOBS-EJM-P-2026-423,S429,10/31/2025,11/29/2025,100.0,TERMINADO,SOBS-EJM-SUP-2026-423,,,,,2026-06-13 18:13:51.821,TALUD ALVARO OBREGON,0101000020E610000062F3716DA8CF58C016A4198BA65B3340,19.35801,-99.244655
753,PLATSOBSE_DGCOP_OBRAS_ADIC_TALUD_CONTADERO_9,23fc43f6-8592-4483-8e8b-758139eb7753,TALUD CONTADERO,CUAJIMALPA DE MORELOS,EL CONTADERO,AVENIDA PROLONGACION 16 DE SEPTIEMBRE,CARR. MEXICO - TOLUCA Y PROL. 16 DE SEPTIEMBRE,https://maps.app.goo.gl/XkzbJppemVSrnccD8,ORIGINAL,JUAN HERNANDEZ,2/17/2026,2/17/2026,2025.0,INGENIERIA ALTERNATIVA Y PROYECTOS,SOBS-EJM-P-2026-424,S430,2025-09-09 00:00:00,9/30/2025,100.0,TERMINADO,SOBS-EJM-SUP-2026-424,,,,,2026-06-13 18:13:51.821,TALUD CONTADERO,0101000020E6100000D6E5948098D358C03E963E7441593340,19.348655,-99.306183
754,PLATSOBSE_DGOIV_CETRAM_CETRAM_HUIPULCO_2,d2a959fe-6174-4b6f-97b3-985d818741f4,CETRAM HUIPULCO,TLALPAN,SAN LORENZO HUIPULCO,CALZ. TLALPAN,CALZ.ACOXPA,,ORIGINAL,JUAN HERNANDEZ,2/18/2026,2/18/2026,2025.0,FLOGRA CONSTRUYENDO S.A. DE C.V.,SOBS-EJM-P-2026-425,S431,10/31/2025,12/31/2025,100.0,INAUGURADA,SOBS-EJM-SUP-2026-425,ICCMA INGENIERIA S.A. DE C.V.,ARQ. KAREN ENRIQUEZ PINA,10/31/2025,12/31/2025,2026-06-13 18:13:51.821,CETRAM HUIPULCO,0101000020E61000003D28B37A63C958C0072B7DE4E44C3340,19.300368,-99.146697
755,PLATSOBSE_DGOIV_CETRAM_CETRAM_TAXQUENA_1,5156d955-8301-4d87-9529-9d450a780b8c,CETRAM TAXQUENA,COYOACAN,CAMPESTRE CHURUBUSCO,CALZ. TAXQUENA,CANAL DE MIRAMONTES,,ORIGINAL,JUAN HERNANDEZ,2/18/2026,2/18/2026,2025.0,FIUBE ARQUITECTURA S.A. DE C.V.,SOBS-EJM-P-2026-426,S432,10/31/2025,12/31/2025,100.0,INAUGURADA,SOBS-EJM-SUP-2026-426,"DISENO, ARQUITECTURA Y CONSTRUCCIONES YAOCALLI S.A. DE C.V.",ARQ. KAREN ENRIQUEZ PINA,10/31/2025,12/31/2025,2026-06-13 18:13:51.821,CETRAM TAXQUENA,0101000020E6100000C2FE5D30F2C858C0447E61F8C4573340,19.342849,-99.139782
756,PLATSOBSE_DGOIV_CETRAM_CETRAM_UNIVERSIDAD_3,8e375524-a768-412a-b16a-3004960642b3,CETRAM UNIVERSIDAD,COYOACAN,CIUDAD UNIVERSITARIA,AV DELFIN MADRIGAL,,,ORIGINAL,JUAN HERNANDEZ,2/18/2026,2/18/2026,2025.0,SIGEMA S.A. DE C.V.,SOBS-EJM-P-2026-427,S433,10/31/2025,12/31/2025,100.0,TERMINADO,SOBS-EJM-SUP-2026-427,SBM REBE S.A. DE C.V.,ARQ. KAREN ENRIQUEZ PINA,10/31/2025,12/31/2025,2026-06-13 18:13:51.821,CETRAM UNIVERSIDAD,0101000020E6100000B93DF64519CB58C07729AD10BF523340,19.323228,-99.173418
757,PLATSOBSE_DGCOP_ALBERGUES_CAMHU_BOCANEGRA_CAIS_MARINA_1,5051025b-cc47-401d-9788-dc7ae524a411,CAMHU BOCANEGRA (CAIS MARINA),CUAUHTEMOC,MORELOS III,GONZALEZ BOCANEGRA,PERALVILLO Y COMONFORT,https://maps.app.goo.gl/5kSw7mGDmpieKeC19,ORIGINAL,JUAN HERNANDEZ,2/17/2026,2/17/2026,2025.0,"INMOBILIARIA CASABAN, CONSTRUCCION Y SUPERVISION, S.A. DE C.V.",SOBS-EJM-P-2026-428,S434,6/24/2025,9/23/2025,100.0,TERMINADO,SOBS-EJM-SUP-2026-428,SUPERVICION INTERNA,,,,2026-06-13 18:13:51.821,CAMHU BOCANEGRA (CAIS MARINA),0101000020E61000007C60C77F81C858C0FC6F253B36723340,19.44614,-99.132904
758,PLATSOBSE_DGCOP_ALBERGUES_CAIS_VASCO_DE_QUIROGA_2,8a2a9332-0de2-4b55-a49c-58dde2252cd4,CAIS VASCO DE QUIROGA (CAPTACION DE AGUA PLUVIAL),VENUSTIANO CARRANZA,MORELOS I,AVENIDA DEL TRABAJO,C. DE LA CONSTANCIA Y RIVERO,https://maps.app.goo.gl/txCxpwK5aEzDKq4x6,ORIGINAL,JUAN HERNANDEZ,2/17/2026,2/17/2026,2025.0,"HIDROTECNOLOGIA Y SOLUCIONES INTEGRALES, S. DE R.L. DE C.V.",SOBS-EJM-P-2026-429,S435,2025-04-06 00:00:00,2025-01-09 00:00:00,100.0,TERMINADO,SOBS-EJM-SUP-2026-429,SUPERVICION INTERNA,,,,2026-06-13 18:13:51.821,CAIS VASCO DE QUIROGA (CAPTACION DE AGUA PLUVIAL),0101000020E61000001D1CEC4D0CC858C09B046F48A3723340,19.447804,-99.125751
836,PLATSOBSE_DGSUS_BALON_BARRIO_159_PILARES_COLTONGO_159,8eeed40c-c45e-452f-a948-9488f5d47677,159 PILARES COLTONGO,AZCAPOTZALCO,NUEVA SANTA MARIA,,"CALZ COLTONGO PROLONGACIÓN NORTE 100 METROS &, COLTONGO, 02630 CIUDAD DE MÉXICO, CDMX",https://maps.app.goo.gl/YCqs5SCy4jiGLZaX6,,JUAN HERNANDEZ,,,2026.0,,SOBS-EJM-P-2026-430,S436,,,100.0,TERMINADO,SOBS-EJM-SUP-2026-430,,,,,2026-06-13 18:13:51.821,159 PILARES COLTONGO,0101000020E610000039EE940ED6C958C08B6D52D1587B3340,19.481824,-99.15369
759,PLATSOBSE_DGCOP_ALBERGUES_CAIS_VASCO_DE_QUIROGA_2,9c76a74b-bf12-4e27-bcff-7e8a3c1fc039,CAIS VASCO DE QUIROGA (REHABILITACION),VENUSTIANO CARRANZA,MORELOS I,AVENIDA DEL TRABAJO,C. DE LA CONSTANCIA Y RIVERO,https://maps.app.goo.gl/txCxpwK5aEzDKq4x6,ORIGINAL,JUAN HERNANDEZ,2/17/2026,2/17/2026,2025.0,"CENTRAL DE LAMINAS Y PERFILES ESPECIALES, S.A. DE C.V.",SOBS-EJM-P-2026-431,S437,6/16/2025,7/30/2025,100.0,TERMINADO,SOBS-EJM-SUP-2026-431,SUPERVICION INTERNA,,,,2026-06-13 18:13:51.821,CAIS VASCO DE QUIROGA (REHABILITACION),0101000020E61000001D1CEC4D0CC858C09B046F48A3723340,19.447804,-99.125751
760,PLATSOBSE_DGCOP_PUENTES_PEATONALES_5_DE_FEBRERO_ENTRE_CALLES_MINA_Y_FEDERICO_CAMPOS_7,7e92410a-3461-40cb-9e95-b5296821c8ec,5 DE FEBRERO ENTRE CALLES MINA Y FEDERICO CAMPOS,GUSTAVO A MADERO,15 DE AGOSTO,5 DE FEBRERO,ENTRE FEDERICO CAMPOS Y MINA,https://maps.app.goo.gl/4EQd7E5AWasA4VpR6,ORIGINAL,JUAN HERNANDEZ,2/18/2026,2/17/2026,2025.0,"GRUPO CONSTRUCTOR ESPECIALIZADO G.G.M., S.A. DE C.V.",SOBS-EJM-P-2026-432,S438,2025-08-04 00:00:00,2025-06-06 00:00:00,100.0,TERMINADO,SOBS-EJM-SUP-2026-432,SUPERVISION INTERNA,,,,2026-06-13 18:13:51.821,5 DE FEBRERO ENTRE CALLES MINA Y FEDERICO CAMPOS,0101000020E610000017F2A80E47C758C08C56E890067C3340,19.484475,-99.113712
761,PLATSOBSE_DGCOP_PUENTES_PEATONALES_ALBNIZ_Y_RIO_CONSULADO_64,c3e2129f-dfca-405d-953b-c0bf4de9943e,ALBENIZ Y RIO CONSULADO,CUAUHTEMOC,SAN SIMON TOLNAHUAC,"EJE 1 PTE, PERALVILLO, CUAUHTEMOC, 06220 CIUDAD DE MEXICO, CDMX",CTO. INTERIOR Y ALBENIZ,https://maps.app.goo.gl/BvbZMKVK7e5Qpn1Z6,ORIGINAL,JUAN HERNANDEZ,2/18/2026,2/17/2026,2025.0,"ARQUITECTURA CINZAA, S.A DE C.V.",SOBS-EJM-P-2026-433,S439,10/15/2025,12/28/2025,100.0,TERMINADO,SOBS-EJM-SUP-2026-433,SUPERVISION INTERNA,,,,2026-06-13 18:13:51.821,ALBENIZ Y RIO CONSULADO,0101000020E610000021205F4205C958C0B282DF8618773340,19.465218,-99.140946
762,PLATSOBSE_DGCOP_PUENTES_PEATONALES_ANILLO_PERIFERICO_CANAL_DE_GARAY_BILBAO_O_RIO_NILO_50,dd653254-7561-42e6-9f31-b8763cd4b0ca,ANILLO PERIFERICO (CANAL DE GARAY) - BILBAO O RIO NILO,IZTAPALAPA,LOMAS DE SAN LORENZO II,CANAL DE GARAY,ENTRE BILBAO Y RIO NILO,https://maps.app.goo.gl/YLnNbeuRhv8eUtb88,ORIGINAL,JUAN HERNANDEZ,2/18/2026,2/17/2026,2025.0,"DISENO Y SUMINISTROS ESPECIALES PARA PUENTES, S.A. DE C.V.",SOBS-EJM-P-2026-434,S440,2025-06-08 00:00:00,2025-03-11 00:00:00,100.0,TERMINADO,SOBS-EJM-SUP-2026-434,SUPERVISION INTERNA,,,,2026-06-13 18:13:51.821,ANILLO PERIFERICO (CANAL DE GARAY) - BILBAO O RIO NILO,0101000020E61000003F8C101E6DC458C03BE2900DA4533340,19.326722,-99.06916
763,PLATSOBSE_DGCOP_PUENTES_PEATONALES_AV_20_DE_NOVIEMBRE_Y_AV_CUAUHTEMOC_42,357a7186-9ead-4486-986e-bf891b31def5,AV. 20 DE NOVIEMBRE Y AV. CUAUHTEMOC,XOCHIMILCO,SAN PEDRO (BARR),AV. 20 DE NOVIEMBRE,ENTRE ZACATECAS Y C. ROSAS,https://maps.app.goo.gl/8WFhDXokMJ46M5ky7,ORIGINAL,JUAN HERNANDEZ,2/18/2026,2/17/2026,2025.0,"INGENIERIA ALTERNATIVA Y PROYECTOS, S.A. DE C.V.",SOBS-EJM-P-2026-435,S441,6/20/2025,8/18/2025,100.0,TERMINADO,SOBS-EJM-SUP-2026-435,SUPERVISION INTERNA,,,,2026-06-13 18:13:51.821,AV. 20 DE NOVIEMBRE Y AV. CUAUHTEMOC,0101000020E61000004F7633A31FC758C0B66AD784B4423340,19.260567,-99.111306
764,PLATSOBSE_DGCOP_PUENTES_PEATONALES_AV_602_FRENTE_ADUANA_DEL_AICM_22,cebb1a96-ebf4-4909-aff7-eefb606317ec,AV. 602 FRENTE ADUANA DEL AICM,GUSTAVO A MADERO,SAN JUAN DE ARAGON 3A SECCION (U HAB) II,AV. 602,ENTRE 601 Y 602,https://maps.app.goo.gl/ShbxCknDRFU9EhKv5,ORIGINAL,JUAN HERNANDEZ,2/18/2026,2/17/2026,2025.0,RK DISENO Y CONSTRUCCION S.A. DE C.V,SOBS-EJM-P-2026-436,S442,2025-11-06 00:00:00,2025-07-11 00:00:00,100.0,TERMINADO,SOBS-EJM-SUP-2026-436,SUPERVISION INTERNA,,,,2026-06-13 18:13:51.821,AV. 602 FRENTE ADUANA DEL AICM,0101000020E610000050C3B7B06EC458C0A8380EBC5A723340,19.446697,-99.069256
765,PLATSOBSE_DGCOP_PUENTES_PEATONALES_AV_ANTIGUO_CAMINO_A_CUERNAVACA_Y_LA_CERRADA_DE_AYOCATITLA_59,3ec86289-3d78-4230-b931-d95494ccad2b,AV. ANTIGUO CAMINO A CUERNAVACA Y LA CERRADA DE AYOCATITLA,TLALPAN,SAN MIGUEL TOPILEJO (PBLO),AV. ANTIGUO CAMINO A CUERNAVACA,CALLE ANTIGUO CAMINO A CUERNAVACA Y CALLE CLAVEL,https://maps.app.goo.gl/43sy6uHuzhus2ocN9,ORIGINAL,JUAN HERNANDEZ,2/18/2026,2/17/2026,2025.0,KAFER ARQUITECTURA E INGENIERIA S.A DE C.V.,SOBS-EJM-P-2026-437,S443,8/28/2025,12/24/2025,100.0,INAUGURADA,SOBS-EJM-SUP-2026-437,SUPERVISION INTERNA,,,,2026-06-13 18:13:51.821,AV. ANTIGUO CAMINO A CUERNAVACA Y LA CERRADA DE AYOCATITLA,0101000020E6100000EED0B01875C958C0A4C16D6DE1313340,19.194846,-99.147772
766,PLATSOBSE_DGCOP_PUENTES_PEATONALES_AV_AQUILES_SERDAN_ESQUINA_CALLE_PRIMAVERA_6,83699543-3b01-4472-8b9b-b2e756e362b9,AV. AQUILES SERDAN ESQUINA CALLE PRIMAVERA,AZCAPOTZALCO,ANGEL ZIMBRON,AV. AQUILES SERDAN,ENTRE ESTIO Y PRIMAVERA,https://maps.app.goo.gl/U6x3dkJT99bnqShr9,ORIGINAL,JUAN HERNANDEZ,2/18/2026,2/17/2026,2025.0,"GRUPO CONSTRUCTOR ESPECIALIZADO G.G.M., S.A. DE C.V.",SOBS-EJM-P-2026-438,S444,2025-08-04 00:00:00,2025-06-06 00:00:00,100.0,TERMINADO,SOBS-EJM-SUP-2026-438,SUPERVISION INTERNA,,,,2026-06-13 18:13:51.821,AV. AQUILES SERDAN ESQUINA CALLE PRIMAVERA,0101000020E61000004C3837EA28CC58C011D7CC32FF763340,19.464832,-99.189997
767,PLATSOBSE_DGCOP_PUENTES_PEATONALES_AV_CENTRAL_AV_608_AV_605_46,cc3f307d-dadb-4476-81b1-a79641238fe5,AV. CENTRAL (AV. 608) - AV. 605,GUATAVO A MADERO,SAN JUAN DE ARAGON 4A Y 5A SECCION (U HAB) II,AV. 608,ENTRE AV. 608 Y AV. 605,https://maps.app.goo.gl/giNDy43QKcSLQyAi9,ORIGINAL,JUAN HERNANDEZ,2/18/2026,2/17/2026,2025.0,"DISENO Y SUMINISTROS ESPECIALES PARA PUENTES, S.A. DE C.V.",SOBS-EJM-P-2026-439,S445,2025-06-08 00:00:00,2025-03-11 00:00:00,100.0,TERMINADO,SOBS-EJM-SUP-2026-439,SUPERVISION INTERNA,,,,2026-06-13 18:13:51.821,AV. CENTRAL (AV. 608) - AV. 605,0101000020E610000066A3737E8AC458C017A06D35EB743340,19.456714,-99.070953
768,PLATSOBSE_DGCOP_PUENTES_PEATONALES_AV_CENTRAL_AV_608_AV_637_48,d74076dc-19e7-43e6-9030-be8007c41c15,AV. CENTRAL (AV. 608) - AV. 637,GUATAVO A MADERO,SAN JUAN DE ARAGON 4A Y 5A SECCION (U HAB) II,AV. 608,ENTRE AV. 608 Y AV. 637,https://maps.app.goo.gl/gEYd3rrXEaTfudLs5,ORIGINAL,JUAN HERNANDEZ,2/18/2026,2/17/2026,2025.0,"DISENO Y SUMINISTROS ESPECIALES PARA PUENTES, S.A. DE C.V.",SOBS-EJM-P-2026-440,S446,2025-06-08 00:00:00,2025-03-11 00:00:00,100.0,TERMINADO,SOBS-EJM-SUP-2026-440,SUPERVISION INTERNA,,,,2026-06-13 18:13:51.821,AV. CENTRAL (AV. 608) - AV. 637,0101000020E6100000069CA56439C458C092054CE0D6753340,19.46031,-99.066003
769,PLATSOBSE_DGCOP_PUENTES_PEATONALES_AV_CENTRAL_AV_OCEANIA_ARGELIA_CANTON_O_NTE_29_47,ef486e93-5a84-41f4-ae76-0496baf767f8,AV. CENTRAL (AV. OCEANIA) - ARGELIA/ CANTON O NTE. 29,VENUSTIANO CARRANZA,REVOLUCION,AV. OCEANIA,ENTRE ARGELIA Y NTE. 29,https://maps.app.goo.gl/Dy5XLB7dfECTkgYD6,ORIGINAL,JUAN HERNANDEZ,2/18/2026,2/17/2026,2025.0,"DISENO Y SUMINISTROS ESPECIALES PARA PUENTES, S.A. DE C.V.",SOBS-EJM-P-2026-441,S447,2025-06-08 00:00:00,2025-03-11 00:00:00,100.0,TERMINADO,SOBS-EJM-SUP-2026-441,SUPERVISION INTERNA,,,,2026-06-13 18:13:51.821,AV. CENTRAL (AV. OCEANIA) - ARGELIA/ CANTON O NTE. 29,0101000020E6100000F373435376C658C0CAC4AD8218703340,19.437874,-99.100972
770,PLATSOBSE_DGCOP_PUENTES_PEATONALES_AV_CENTRAL_AV_OCEANIA_ENTRE_BALBOAS_Y_BOLIVARES_51,7d15b55e-aa59-4305-b97d-5e3168faf485,AV. CENTRAL (AV. OCEANIA) - ENTRE BALBOAS Y BOLIVARES,VENUSTIANO CARRANZA,AQUILES SERDAN,AV. OCEANIA,ENTRE BALBOAS Y BOLIVARES,https://maps.app.goo.gl/XqbXp1iF4ZvcJU7FA,ORIGINAL,JUAN HERNANDEZ,2/18/2026,2/17/2026,2025.0,"DISENO Y SUMINISTROS ESPECIALES PARA PUENTES, S.A. DE C.V.",SOBS-EJM-P-2026-442,S448,2025-06-08 00:00:00,2025-03-11 00:00:00,100.0,TERMINADO,SOBS-EJM-SUP-2026-442,SUPERVISION INTERNA,,,,2026-06-13 18:13:51.821,AV. CENTRAL (AV. OCEANIA) - ENTRE BALBOAS Y BOLIVARES,0101000020E61000009CA6CF0EB8C558C0761A69A9BC713340,19.444285,-99.089359
933,PLATSOBSE_DGSUS_BALON_BARRIO_130_KID_AZTECA_130,aea423be-e56e-4940-805d-987bf6308bee,130 KID AZTECA,CUAUHTÉMOC,MORELOS,,"Barras Tepito, Tepito, Morelos, Cuauhtémoc, 06200 Ciudad de México, CDMX",https://maps.app.goo.gl/sc3bZhoCkGpjxAJW7,,JUAN HERNANDEZ,,,2026.0,,SOBS-EJM-P-2026-443,S449,,,100.0,TERMINADO,SOBS-EJM-SUP-2026-443,,,,,2026-06-13 18:13:51.821,130 KID AZTECA,0101000020E6100000D93D1E9F35C858C0F75965A6B4723340,19.448069,-99.128273
771,PLATSOBSE_DGCOP_PUENTES_PEATONALES_AV_CENTRAL_AV_OCEANIA_ENTRE_EGIPTO_Y_CALLE_NTE_37_49,261058be-4b28-4aff-923d-466e94ba34aa,"AV. CENTRAL (AV. OCEANIA) ENTRE EGIPTO Y CALLE NTE. 37,",VENUSTIANO CARRANZA,ROMERO RUBIO,AV. OCEANIA,ENTRE EGIPTO Y C. NTE. 37,https://maps.app.goo.gl/u7gz4n55WYXiCWrd6,ORIGINAL,JUAN HERNANDEZ,2/18/2026,2/17/2026,2025.0,"DISENO Y SUMINISTROS ESPECIALES PARA PUENTES, S.A. DE C.V.",SOBS-EJM-P-2026-444,S450,2025-06-08 00:00:00,2025-03-11 00:00:00,100.0,TERMINADO,SOBS-EJM-SUP-2026-444,SUPERVISION INTERNA,,,,2026-06-13 18:13:51.821,"AV. CENTRAL (AV. OCEANIA) ENTRE EGIPTO Y CALLE NTE. 37,",0101000020E61000006E3480B740C658C05680EF366F703340,19.439197,-99.0977
772,PLATSOBSE_DGCOP_PUENTES_PEATONALES_AV_EJERCITO_NACIONAL_MEXICANO_39,058ed571-2143-45d5-bb2b-4af16a9f1816,AV. EJERCITO NACIONAL MEXICANO,MIGUEL HIDALGO,ANZURES,AV. EJERCITO NACIONAL MEXICANO,ENTRE BAHIA MANGUIERA Y BAHIA GUANTANAMO,https://maps.app.goo.gl/DULyJKC6wpvh2wrD7,ORIGINAL,JUAN HERNANDEZ,2/18/2026,2/17/2026,2025.0,"INGENIERIA ALTERNATIVA Y PROYECTOS, S.A. DE C.V.",SOBS-EJM-P-2026-445,S451,6/20/2025,8/18/2025,100.0,TERMINADO,SOBS-EJM-SUP-2026-445,SUPERVISION INTERNA,,,,2026-06-13 18:13:51.821,AV. EJERCITO NACIONAL MEXICANO,0101000020E61000001F1B1D5950CB58C0712B1D59516F3340,19.434835,-99.176779
773,PLATSOBSE_DGCOP_PUENTES_PEATONALES_AV_GALINDO_Y_VILLA_JARDIN_BALBUENA_36,f57e42ab-17b7-44c8-98eb-e75a779b2144,"AV. GALINDO Y VILLA, JARDIN BALBUENA",VENUSTIANO CARRANZA,JARDIN BALBUENA III,AV. GALINDO Y VILLA,11 Y 13 DE GALINDO Y VILLA,https://maps.app.goo.gl/NPzpsXMQBTQtyDw48,ORIGINAL,JUAN HERNANDEZ,2/18/2026,2/17/2026,2025.0,"INGENIERIA TOTAL ESPECIALIZADA, S.A. DE C.V.",SOBS-EJM-P-2026-446,S452,3/20/2025,12/14/2025,100.0,INAUGURADA,SOBS-EJM-SUP-2026-446,SUPERVISION INTERNA,,,,2026-06-13 18:13:51.821,"AV. GALINDO Y VILLA, JARDIN BALBUENA",0101000020E61000002A46B9024BC658C05549E26A166A3340,19.414405,-99.098328
774,PLATSOBSE_DGCOP_PUENTES_PEATONALES_AV_GUADALUPE_I_RAMIREZ_AL_CRUCE_CON_EJIDO_43,3d0f7532-2de5-405f-bc84-b9e16075be60,"AV. GUADALUPE I. RAMIREZ, AL CRUCE CON EJIDO",XOCHIMILCO,VILLA XOCHIMILCO (U HAB),AV. GUADALUPE I. RAMIREZ,ENTRE CAMINO REAL A XOCHIMILCO Y AV. DE LAS TORRES,https://maps.app.goo.gl/3NrpJVNKQCBRVzZKA,ORIGINAL,JUAN HERNANDEZ,2/18/2026,2/17/2026,2025.0,"INGENIERIA ALTERNATIVA Y PROYECTOS, S.A. DE C.V.",SOBS-EJM-P-2026-447,S453,6/20/2025,8/18/2025,100.0,TERMINADO,SOBS-EJM-SUP-2026-447,SUPERVISION INTERNA,,,,2026-06-13 18:13:51.821,"AV. GUADALUPE I. RAMIREZ, AL CRUCE CON EJIDO",0101000020E6100000C3BCC79926C858C07A6CCB80B3443340,19.268364,-99.127356
775,PLATSOBSE_DGCOP_PUENTES_PEATONALES_AV_HEROICA_ESCUELA_NAVAL_MILITAR_ENTRE_TEPETLAPA_Y_MIRAMONTES_COAPA_26,6c784898-2cac-4506-95d1-36a6d3d527c4,AV. HEROICA ESCUELA NAVAL MILITAR ENTRE TEPETLAPA Y MIRAMONTES COAPA,COYOACAN,LOS CIPRESES,AV. HEROICA ESCUELA NAVAL MILITAR,ENTRE CDA. TEPETLAPA Y CANAL DE MIRAMONTES,https://maps.app.goo.gl/SibuwqKYcmiAFdHB9,ORIGINAL,JUAN HERNANDEZ,2/18/2026,2/17/2026,2025.0,"GRUPO CONSTRUCTOR ESPECIALIZADO G.G.M., S.A. DE C.V.",SOBS-EJM-P-2026-448,S454,4/23/2025,7/21/2025,100.0,TERMINADO,SOBS-EJM-SUP-2026-448,SUPERVISION INTERNA,,,,2026-06-13 18:13:51.821,AV. HEROICA ESCUELA NAVAL MILITAR ENTRE TEPETLAPA Y MIRAMONTES COAPA,0101000020E6100000F36E80BAF3C758C01507CBC00E513340,19.316631,-99.124251
776,PLATSOBSE_DGCOP_PUENTES_PEATONALES_AV_INSURGENTES_NORTE_CASI_ESQ_CALLE_PONIENTE_116_21,596cd247-439f-4d9e-93ed-48debfa8fe69,AV. INSURGENTES NORTE CASI ESQ. CALLE PONIENTE 116,GUSTAVO A MADERO,CAPULTITLAN,AV. INSURGENTES,PTE. 116 Y PTE. 112,https://maps.app.goo.gl/N9M5CGTu2mTARc3s7,ORIGINAL,JUAN HERNANDEZ,2/18/2026,2/17/2026,2025.0,RK DISE?O Y CONSTRUCCION S.A. DE C.V,SOBS-EJM-P-2026-449,S455,2025-11-06 00:00:00,2025-07-11 00:00:00,100.0,TERMINADO,SOBS-EJM-SUP-2026-449,SUPERVISION INTERNA,,,,2026-06-13 18:13:51.821,AV. INSURGENTES NORTE CASI ESQ. CALLE PONIENTE 116,0101000020E6100000E97E4E417EC858C0B345D26EF4793340,19.476386,-99.132706
777,PLATSOBSE_DGCOP_PUENTES_PEATONALES_AV_OCEANIA_ENTRE_CALLE_CHINA_Y_CALLE_MARRUECOS_ELEVADOR_IKEA_44,8a54a0f9-bc75-430b-8fa2-4d7ffd1ecf02,AV. OCEANIA ENTRE CALLE CHINA Y CALLE MARRUECOS (ELEVADOR IKEA),VENUSTIANO CARRANZA,PENSADOR MEXICANO II,AV. OCEANIA,ENTRE CALLE CHINA Y C. MARRUECOS,https://maps.app.goo.gl/AWAS4NzuNrkFRbG1A,ORIGINAL,JUAN HERNANDEZ,2/18/2026,2/17/2026,2025.0,"MSM - SOLUCIONES, S.A. DE C.V.",SOBS-EJM-P-2026-450,S456,2025-05-08 00:00:00,9/18/2025,100.0,TERMINADO,SOBS-EJM-SUP-2026-450,SUPERVISION INTERNA,,,,2026-06-13 18:13:51.821,AV. OCEANIA ENTRE CALLE CHINA Y CALLE MARRUECOS (ELEVADOR IKEA),0101000020E61000007995B54DF1C558C0C07B478D09713340,19.441552,-99.092853
778,PLATSOBSE_DGCOP_PUENTES_PEATONALES_AV_RIO_CHURUBUSCO_ENTRE_PRIV_CORINA_Y_PAZ_MONTES_DE_OCA_45,46bcd9eb-f129-4fc5-b107-b08f3977a62c,AV. RIO CHURUBUSCO ENTRE PRIV. CORINA Y PAZ MONTES DE OCA.,COYOACAN / BENITO JUAREZ,DEL CARMEN,AV. RIO CHURUBUSCO,ENTRE PRIV. CORINA Y PAZ MONTES DE OCA.,https://maps.app.goo.gl/RuWh9sq7fpniiB2Y8,ORIGINAL,JUAN HERNANDEZ,2/18/2026,2/17/2026,2025.0,"ICCESA, S.A DE C.V",SOBS-EJM-P-2026-451,S457,8/15/2025,9/28/2025,100.0,TERMINADO,SOBS-EJM-SUP-2026-451,SUPERVISION INTERNA,,,,2026-06-13 18:13:51.821,AV. RIO CHURUBUSCO ENTRE PRIV. CORINA Y PAZ MONTES DE OCA.,0101000020E61000000E677E3507CA58C09F2287889B5B3340,19.357842,-99.15669
779,PLATSOBSE_DGCOP_PUENTES_PEATONALES_AV_RIO_CHURUBUSCO_ESQUINA_CON_ORIENTE_106_52,0ed105bd-2bd7-4840-82e1-e6e3b911dd74,AV. RIO CHURUBUSCO ESQUINA CON ORIENTE 106,IZTACALCO,RAMOS MILLAN BRAMADERO I,AV. RIO CHURUBUSCO,ESQUINA CON ORIENTE 106,https://maps.app.goo.gl/cWxCaXKkakBtKiQ5A,ORIGINAL,JUAN HERNANDEZ,2/18/2026,2/17/2026,2025.0,"GRUPO CONSTRUCTOR ESPECIALIZADO G.G.M., S.A. DE C.V.",SOBS-EJM-P-2026-452,S458,8/27/2025,2025-10-10 00:00:00,100.0,TERMINADO,SOBS-EJM-SUP-2026-452,SUPERVISION INTERNA,,,,2026-06-13 18:13:51.821,AV. RIO CHURUBUSCO ESQUINA CON ORIENTE 106,0101000020E6100000E0EB1E525DC658C00EC1354083643340,19.392628,-99.099446
780,PLATSOBSE_DGCOP_PUENTES_PEATONALES_AV_RIO_CHURUBUSCO_Y_CALLE_6_8,585a6d00-3f72-405c-91cd-d9cc49bad9c4,AV. RIO CHURUBUSCO Y CALLE 6,IZTACALCO,CUCHILLA PANTITLAN,AV. RIO CHURUBUSCO,ENTRE CALLE 5 Y CALLE 6,https://maps.app.goo.gl/ahRM2sfgnpFPA8FA8,ORIGINAL,JUAN HERNANDEZ,2/18/2026,2/17/2026,2025.0,"GRUPO CONSTRUCTOR ESPECIALIZADO G.G.M., S.A. DE C.V.",SOBS-EJM-P-2026-453,S459,2025-08-04 00:00:00,2025-06-06 00:00:00,100.0,TERMINADO,SOBS-EJM-SUP-2026-453,SUPERVISION INTERNA,,,,2026-06-13 18:13:51.821,AV. RIO CHURUBUSCO Y CALLE 6,0101000020E61000005876014EB8C358C05AC5353DC26B3340,19.420933,-99.058124
781,PLATSOBSE_DGCOP_PUENTES_PEATONALES_AVE_100_METROS_Y_NORTE_1C_4829_57,25d06cdd-b6c0-4523-9b30-a55b22d36b8b,AVE 100 METROS Y NORTE 1C 4829,GUSTAVO A MADERO,TLACAMACA,AV. 100 METROS,AV. 100 METROS Y NORTE 1-C,https://maps.app.goo.gl/5JxPchfDzMJMZBLL7,ORIGINAL,JUAN HERNANDEZ,2/18/2026,2/17/2026,2025.0,MIGUEL ANGEL MEJIA VENEGAS,SOBS-EJM-P-2026-454,S460,8/15/2026,2025-12-11 00:00:00,100.0,TERMINADO,SOBS-EJM-SUP-2026-454,SUPERVISION INTERNA,,,,2026-06-13 18:13:51.821,AVE 100 METROS Y NORTE 1C 4829,0101000020E61000000D95B4ADE0C858C0F12A9DDA60793340,19.474134,-99.138713
782,PLATSOBSE_DGCOP_PUENTES_PEATONALES_BLVD_PUERTO_AEREO_Y_CALLE_NORTE_25_10,c92e8d1f-9625-4e71-a836-98f5a7f4abfa,BLVD. PUERTO AEREO Y CALLE NORTE 25,VENUSTIANO CARRANZA,MOCTEZUMA 2A SECCION II,BLVD. PUERTO AEREO,ENTRE NTE. 25 Y NTE. 29,https://maps.app.goo.gl/LKtXRJbbmiNLFWpz5,ORIGINAL,JUAN HERNANDEZ,2/18/2026,2/17/2026,2025.0,"GRUPO CONSTRUCTOR ESPECIALIZADO G.G.M., S.A. DE C.V.",SOBS-EJM-P-2026-455,S461,2025-08-04 00:00:00,2025-06-06 00:00:00,100.0,TERMINADO,SOBS-EJM-SUP-2026-455,SUPERVISION INTERNA,,,,2026-06-13 18:13:51.821,BLVD. PUERTO AEREO Y CALLE NORTE 25,0101000020E61000000BB8E7F9D3C558C0035B25581C6E3340,19.43012,-99.091063
783,PLATSOBSE_DGCOP_PUENTES_PEATONALES_CALLE_7_Y_ANILLO_PERIFERICO_62,538a4ed8-d6d6-407f-aff3-3824e875010f,CALLE 7 Y ANILLO PERIFERICO,VENUSTIANO CARRANZA,EL ARENAL 2A SECCION,"ANILLO PERIFERICO CANAL DE GARAY - CHIMALHUACAN, ARENAL 2DA SECC, 15680 CIUDAD DE MEXICO, CDMX",PERIFERICO Y CALLE 7,https://maps.app.goo.gl/H4NRLoXW97yuX6Li7,ORIGINAL,JUAN HERNANDEZ,2/18/2026,2/17/2026,2025.0,"ARQUITECTURA CINZAA, S.A DE C.V.",SOBS-EJM-P-2026-456,S462,10/15/2025,12/28/2025,100.0,TERMINADO,SOBS-EJM-SUP-2026-456,SUPERVISION INTERNA,,,,2026-06-13 18:13:51.821,CALLE 7 Y ANILLO PERIFERICO,0101000020E6100000A93121E692C358C0CB49287D216C3340,19.422386,-99.055841
784,PLATSOBSE_DGCOP_PUENTES_PEATONALES_CDA_RIO_SAN_BUENAVENTURA_Y_CALLE_CONSTITUCION_DE_1917_Y_QUETZAL_12,1e912b5e-ef79-4acc-8ab8-dad184d71aea,CDA. RIO SAN BUENAVENTURA Y CALLE CONSTITUCION DE 1917 Y QUETZAL,XOCHIMILCO,SAN LORENZO LA CEBADA I,CDA. RIO SAN BUENAVENTURA,FRENTE A CONSTITUACION DE 1917 ESQUINA RIO SAN BUENAVENTURA,https://maps.app.goo.gl/bYWGf4WVhsdgxXWq7,ORIGINAL,JUAN HERNANDEZ,2/18/2026,2/17/2026,2025.0,"GRUPO CONSTRUCTOR ESPECIALIZADO G.G.M., S.A. DE C.V.",SOBS-EJM-P-2026-457,S463,2025-08-04 00:00:00,2025-06-06 00:00:00,100.0,TERMINADO,SOBS-EJM-SUP-2026-457,SUPERVISION INTERNA,,,,2026-06-13 18:13:51.821,CDA. RIO SAN BUENAVENTURA Y CALLE CONSTITUCION DE 1917 Y QUETZAL,0101000020E6100000753980E8B8C758C0415175C841493340,19.28616,-99.120661
785,PLATSOBSE_DGCOP_PUENTES_PEATONALES_CDA_RIO_SAN_BUENAVENTURA_Y_CALLE_REFORMA_LABORAL_11,fb5c3e98-be3a-42a2-9866-d8e31f0a7745,CDA. RIO SAN BUENAVENTURA Y CALLE REFORMA LABORAL,XOCHIMILCO,SAN LORENZO LA CEBADA I,CDA. RIO SAN BUENAVENTURA,FRENTE A REFORMA LABORAL ESQ. RIO SAN BUENAVENTURA,https://maps.app.goo.gl/YDUbzeudjahoofPR7,ORIGINAL,JUAN HERNANDEZ,2/18/2026,2/17/2026,2025.0,"GRUPO CONSTRUCTOR ESPECIALIZADO G.G.M., S.A. DE C.V.",SOBS-EJM-P-2026-458,S464,2025-08-04 00:00:00,2025-06-06 00:00:00,100.0,TERMINADO,SOBS-EJM-SUP-2026-458,SUPERVISION INTERNA,,,,2026-06-13 18:13:51.821,CDA. RIO SAN BUENAVENTURA Y CALLE REFORMA LABORAL,0101000020E610000029D9FCB2EEC758C0E85A19C318493340,19.285534,-99.123944
786,PLATSOBSE_DGCOP_PUENTES_PEATONALES_CENTRO_DE_TRANSFERENCIA_MODAL_CETRAM_INDIOS_VERDES_1,bcba45af-bded-4acf-9718-b2d27caaf902,CENTRO DE TRANSFERENCIA MODAL (CETRAM) INDIOS VERDES,GUSTAVO A MADERO,RESIDENCIAL ZACATENCO,AV. INSURGENTES NORTE,ENTRE METRO INDIOS VERDES Y CABLEBUS INDIOS VERDES,https://maps.app.goo.gl/8d5UH4WCz3ZtNwPj8,ORIGINAL,JUAN HERNANDEZ,2/18/2026,2/17/2026,2025.0,"ASCH, S.A. DE C.V.",SOBS-EJM-P-2026-459,S465,2/28/2025,3/29/2025,100.0,TERMINADO,SOBS-EJM-SUP-2026-459,SUPERVISION INTERNA,,,,2026-06-13 18:13:51.821,CENTRO DE TRANSFERENCIA MODAL (CETRAM) INDIOS VERDES,0101000020E610000095B54DF1B8C758C0D3838252B47E3340,19.494939,-99.120663
787,PLATSOBSE_DGCOP_PUENTES_PEATONALES_CIRCUITO_INTERIOR_COL_VALLEJO_37,528866af-e4ec-4316-9a93-308a94b6456c,"CIRCUITO INTERIOR, COL. VALLEJO",GUSTAVO A MADERO,VALLEJO I,CTO. INTERIOR,ENTRE CALLE RICARDO BELL Y FRANCISCO TAMAGNO.,https://maps.app.goo.gl/T8Uefi445nGQ2n4h9,ORIGINAL,JUAN HERNANDEZ,2/18/2026,2/17/2026,2025.0,"INGENIERIA ALTERNATIVA Y PROYECTOS, S.A. DE C.V.",SOBS-EJM-P-2026-460,S466,6/20/2025,8/18/2025,100.0,TERMINADO,SOBS-EJM-SUP-2026-460,SUPERVISION INTERNA,,,,2026-06-13 18:13:51.821,"CIRCUITO INTERIOR, COL. VALLEJO",0101000020E61000001EA9BEF38BC858C0CD91955F06773340,19.464941,-99.133542
788,PLATSOBSE_DGCOP_PUENTES_PEATONALES_CTO_INTERIOR_AV_INSTITUTO_TECNICO_INDUSTRIAL_2A_CDA_DE_7A_DE_NOGAL_34,f6f9d3d7-6ec2-4734-8012-17ff1c6e9354,CTO. INTERIOR (AV. INSTITUTO TECNICO INDUSTRIAL) - 2A. CDA DE 7A. DE NOGAL,CUAUHTEMOC,SANTA MARIA LA RIBERA I,CTO. INTERIOR,ENTRE ELIGIO ANCONA Y MANUEL CARPIO,https://maps.app.goo.gl/LmRC8jrAKngZgc8R6,ORIGINAL,JUAN HERNANDEZ,2/18/2026,2/17/2026,2025.0,"GARILLA INGENIERIA SUSTENTABLE, S.A. DE C.V.",SOBS-EJM-P-2026-461,S467,4/24/2025,6/22/2025,100.0,TERMINADO,SOBS-EJM-SUP-2026-461,SUPERVISION INTERNA,,,,2026-06-13 18:13:51.821,CTO. INTERIOR (AV. INSTITUTO TECNICO INDUSTRIAL) - 2A. CDA DE 7A. DE NOGAL,0101000020E6100000A6AE2E3D82CA58C0D78C3550F3733340,19.452931,-99.164199
789,PLATSOBSE_DGCOP_PUENTES_PEATONALES_CTO_INTERIOR_AV_RIO_CHURUBUSCO_CONMUTADOR_AMP_SINATEL_24,c350cc99-f621-4718-9ac0-f236817b0b5f,CTO. INTERIOR (AV. RIO CHURUBUSCO) - CONMUTADOR / AMP SINATEL,IZTAPALAPA,MODELO (U),AV. RIO CHURUBUSCO,AV. RIO CHURUBUSCO Y RETORNO 206,https://maps.app.goo.gl/Z7tC8G5VVR275KuH6,ORIGINAL,JUAN HERNANDEZ,2/18/2026,2/17/2026,2025.0,"GRUPO CONSTRUCTOR ESPECIALIZADO G.G.M., S.A. DE C.V.",SOBS-EJM-P-2026-462,S468,4/23/2025,7/21/2025,100.0,TERMINADO,SOBS-EJM-SUP-2026-462,SUPERVISION INTERNA,,,,2026-06-13 18:13:51.821,CTO. INTERIOR (AV. RIO CHURUBUSCO) - CONMUTADOR / AMP SINATEL,0101000020E61000003C11C47938C858C06C79E57ADB5C3340,19.362724,-99.128447
790,PLATSOBSE_DGCOP_PUENTES_PEATONALES_CTO_INTERIOR_PASEO_DE_LAS_JACARANDAS_TILOS_O_GERANIO_30,ff667d09-27b1-495d-934f-9a3a45c5a2da,CTO. INTERIOR (PASEO DE LAS JACARANDAS) - TILOS O GERANIO,AZCAPOTZALCO,SANTA MARIA INSURGENTES,CTO. INTERIOR,ENTRE SANDALO Y TILOS,https://maps.app.goo.gl/c3mPjVJpLjksqej16,ORIGINAL,JUAN HERNANDEZ,2/18/2026,2/17/2026,2025.0,"GARILLA INGENIERIA SUSTENTABLE, S.A. DE C.V.",SOBS-EJM-P-2026-463,S469,4/24/2025,6/22/2025,100.0,TERMINADO,SOBS-EJM-SUP-2026-463,SUPERVISION INTERNA,,,,2026-06-13 18:13:51.821,CTO. INTERIOR (PASEO DE LAS JACARANDAS) - TILOS O GERANIO,0101000020E61000008BAA5FE97CC958C000CADFBDA3763340,19.463436,-99.148249
791,PLATSOBSE_DGCOP_PUENTES_PEATONALES_CTO_INTERIOR_RIO_CONSULADO_ENTRE_CHOPO_Y_OYAMEL_O_ALAMO_29,05e2d15e-28fc-4ec3-963f-1a8023cb8a73,CTO. INTERIOR (RIO CONSULADO) - ENTRE CHOPO Y OYAMEL O ALAMO,AZCAPOTZALCO,SANTA MARIA INSURGENTES,CTO. INTERIOR,ENTRE ALAMO Y OLIVO,https://maps.app.goo.gl/RHBHx71XSESdgFn17,ORIGINAL,JUAN HERNANDEZ,2/18/2026,2/17/2026,2025.0,"GARILLA INGENIERIA SUSTENTABLE, S.A. DE C.V.",SOBS-EJM-P-2026-464,S470,4/24/2025,6/22/2025,100.0,TERMINADO,SOBS-EJM-SUP-2026-464,SUPERVISION INTERNA,,,,2026-06-13 18:13:51.821,CTO. INTERIOR (RIO CONSULADO) - ENTRE CHOPO Y OYAMEL O ALAMO,0101000020E6100000AAF06778B3C958C0BA4BE2AC88763340,19.463023,-99.151579
792,PLATSOBSE_DGCOP_PUENTES_PEATONALES_EJE_1_ORIENTE_AV_DEL_TRABAJO_RIVERO_33,f081a161-87e1-4c3e-96b7-f4f1d4c3a28c,EJE 1 ORIENTE (AV. DEL TRABAJO) - RIVERO,CUAUHTEMOC,MORELOS II,EJE 1 ORIENTE,ENTRE RIVERO Y PENON,https://maps.app.goo.gl/ughRJEo7YuKjMGW1A,ORIGINAL,JUAN HERNANDEZ,2/18/2026,2/17/2026,2025.0,"GARILLA INGENIERIA SUSTENTABLE, S.A. DE C.V.",SOBS-EJM-P-2026-465,S471,4/24/2025,6/22/2025,100.0,TERMINADO,SOBS-EJM-SUP-2026-465,SUPERVISION INTERNA,,,,2026-06-13 18:13:51.821,EJE 1 ORIENTE (AV. DEL TRABAJO) - RIVERO,0101000020E61000009FAC18AE0EC858C0F22895F084723340,19.447341,-99.125896
793,PLATSOBSE_DGCOP_PUENTES_PEATONALES_EJE_1_PONIENTE_CALZ_VALLEJO_ESQUINA_BRAHMS_19,2c1e5d11-5549-4e73-a64a-8c73f96c40b3,EJE 1 PONIENTE (CALZ. VALLEJO) ESQUINA BRAHMS,GUSTAVO A MADERO,VALLEJO I,BRAHMS,BRAHAMS Y MEYERBEER,https://maps.app.goo.gl/wK1F3LLGX54mRANUA,ORIGINAL,JUAN HERNANDEZ,2/18/2026,2/17/2026,2025.0,RK DISE?O Y CONSTRUCCION S.A. DE C.V,SOBS-EJM-P-2026-466,S472,2025-11-06 00:00:00,2025-07-11 00:00:00,100.0,TERMINADO,SOBS-EJM-SUP-2026-466,SUPERVISION INTERNA,,,,2026-06-13 18:13:51.821,EJE 1 PONIENTE (CALZ. VALLEJO) ESQUINA BRAHMS,0101000020E6100000E54504CFECC858C0B7E66298E1773340,19.468286,-99.139454
794,PLATSOBSE_DGCOP_PUENTES_PEATONALES_EJE_2_NORTE_MANUEL_GONZALEZ_ADELINA_PATTI_61,519c4434-f5cb-4786-992b-f9ff0fea367e,"EJE 2 NORTE (MANUEL GONZALEZ)-ADELINA PATTI,",CUAUHTEMOC,EX HIPODROMO DE PERALVILLO,"EJE 2 NORTE (MANUEL GONZALEZ)-ADELINA PATTI,",ADELINA PATTI Y MANUEL GONZALEZ,https://maps.app.goo.gl/zdPKkmpw8vRAxeth9,ORIGINAL,JUAN HERNANDEZ,2/18/2026,2/17/2026,2025.0,"ARQUITECTURA CINZAA, S.A DE C.V.",SOBS-EJM-P-2026-467,S473,10/15/2025,12/28/2025,100.0,TERMINADO,SOBS-EJM-SUP-2026-467,SUPERVISION INTERNA,,,,2026-06-13 18:13:51.821,"EJE 2 NORTE (MANUEL GONZALEZ)-ADELINA PATTI,",0101000020E61000007084115D6FC858C020DD7F7D0E743340,19.453346,-99.131797
795,PLATSOBSE_DGCOP_PUENTES_PEATONALES_EJE_3_NTO_ESQ_TOCHTLI_16,8d690f8a-b5f2-4a42-8633-c620d45d2288,EJE 3 NTO.ESQ. TOCHTLI,AZCAPOTZALCO,SANTA APOLONIA (BARR),TOCHTLI,ENTRE SANTA CRUZ ACAYUCAN Y QUERETARO,https://maps.app.goo.gl/CtQbKDGGuBAbEnML6,ORIGINAL,JUAN HERNANDEZ,2/18/2026,2/17/2026,2025.0,RK DISE?O Y CONSTRUCCION S.A. DE C.V,SOBS-EJM-P-2026-468,S474,2025-11-06 00:00:00,2025-07-11 00:00:00,100.0,TERMINADO,SOBS-EJM-SUP-2026-468,SUPERVISION INTERNA,,,,2026-06-13 18:13:51.821,EJE 3 NTO.ESQ. TOCHTLI,0101000020E6100000C74B378941CC58C0B24AE9995E7A3340,19.478006,-99.1915
796,PLATSOBSE_DGCOP_PUENTES_PEATONALES_EJE_3_SUR_CALZ_CHABACANO_EJE_1_OTE_ANDRES_MOLINA_ENRIQUEZ_32,8950fe57-6d2d-4dc8-ae57-055e136c90af,EJE 3 SUR (CALZ. CHABACANO) - EJE 1 OTE. ANDRES MOLINA ENRIQUEZ,CUAUHTEMOC,ASTURIAS (AMPL),EJE 3 SUR,ENTRE JOSE T. CUELLAR Y CALZ. CHABACANO,https://maps.app.goo.gl/hh91bWgKSkX74Uk16,ORIGINAL,JUAN HERNANDEZ,2/18/2026,2/17/2026,2025.0,"GARILLA INGENIERIA SUSTENTABLE, S.A. DE C.V.",SOBS-EJM-P-2026-469,S475,4/24/2025,6/22/2025,100.0,TERMINADO,SOBS-EJM-SUP-2026-469,SUPERVISION INTERNA,,,,2026-06-13 18:13:51.821,EJE 3 SUR (CALZ. CHABACANO) - EJE 1 OTE. ANDRES MOLINA ENRIQUEZ,0101000020E6100000FFBCACFB2EC858C0834229F3A9683340,19.408843,-99.127868
797,PLATSOBSE_DGCOP_PUENTES_PEATONALES_EJE_6_SUR_TINTORETO_AUGUSTO_RODIN_PLAZA_DE_TOROS_18,5e72c131-4f59-4d34-8391-abf4b7ae6046,EJE 6 SUR (TINTORETO) - AUGUSTO RODIN ( PLAZA DE TOROS),BENITO JUAREZ,CIUDAD DE LOS DEPORTES,EJE 6 SUR,CDA. AUGUSTO RODIN Y ALBERTO BALDERAS,https://maps.app.goo.gl/TtvJihkhTr3ZSmTc7,ORIGINAL,JUAN HERNANDEZ,2/18/2026,2/17/2026,2025.0,RK DISENO Y CONSTRUCCION S.A. DE C.V,SOBS-EJM-P-2026-470,S476,2025-11-06 00:00:00,2025-07-11 00:00:00,100.0,TERMINADO,SOBS-EJM-SUP-2026-470,SUPERVISION INTERNA,,,,2026-06-13 18:13:51.821,EJE 6 SUR (TINTORETO) - AUGUSTO RODIN ( PLAZA DE TOROS),0101000020E61000004E64E60297CB58C0FB592C45F2613340,19.382603,-99.181092
798,PLATSOBSE_DGCOP_PUENTES_PEATONALES_HUIPULCO_ESTADIO_AZTECA_60,a20c170b-b1de-4bfa-9b03-48bef0989487,HUIPULCO ESTADIO AZTECA REFORZAMIENTO,,,,,,,JUAN HERNANDEZ,,,,"CONSORCIO DE INGENIEROS CONSTRUCTORES Y CONSULTORES, S.A. DE C.V.",SOBS-EJM-P-2026-471,S477,,,100.0,TERMINADO,SOBS-EJM-SUP-2026-471,"CONSTRUCTORA IZARK, S.A. DE C.V.",DGCOP-AD-L-5-226-25,,,2026-06-13 18:13:51.821,HUIPULCO ESTADIO AZTECA REFORZAMIENTO,0101000020E6100000E5D1AC396AC958C0C9AAE692044D3340,19.300851,-99.147108
799,PLATSOBSE_DGCOP_PUENTES_PEATONALES_HUIPULCO_ESTADIO_AZTECA_60,9263c70a-5df5-4482-a849-70755c8aef94,HUIPULCO ESTADIO AZTECA MANTENIMIENTO Y CAMBIO DE LA IMAGEN URBANA,,,,,,,JUAN HERNANDEZ,,,,"CONSORCIO DE INGENIEROS CONSTRUCTORES Y CONSULTORES, S.A. DE C.V.",SOBS-EJM-P-2026-472,S478,,,100.0,TERMINADO,SOBS-EJM-SUP-2026-472,"CONSTRUCTORA IZARK, S.A. DE C.V.",DGCOP-AD-L-5-226-25,,,2026-06-13 18:13:51.821,HUIPULCO ESTADIO AZTECA MANTENIMIENTO Y CAMBIO DE LA IMAGEN URBANA,0101000020E6100000E5D1AC396AC958C0C9AAE692044D3340,19.300851,-99.147108
800,PLATSOBSE_DGCOP_PUENTES_PEATONALES_INSURGENTES_NORTE_LINDAVISTA_AV_INSURGENTES_NTE_27,faa004db-1072-4751-970b-f73d2a21cf3d,INSURGENTES NORTE - LINDAVISTA / AV. INSURGENTES NTE,GUSTAVO A MADERO,VALLEJO I,INSURGENTES NORTE,ENTRE GODARD Y EJE LAZARO CARDENAS,https://maps.app.goo.gl/TLQKuPKpe91ZHUTRA,ORIGINAL,JUAN HERNANDEZ,2/18/2026,2/17/2026,2025.0,"GRUPO CONSTRUCTOR ESPECIALIZADO G.G.M., S.A. DE C.V.",SOBS-EJM-P-2026-473,S479,4/23/2025,7/21/2025,100.0,TERMINADO,SOBS-EJM-SUP-2026-473,SUPERVISION INTERNA,,,,2026-06-13 18:13:51.821,INSURGENTES NORTE - LINDAVISTA / AV. INSURGENTES NTE,0101000020E61000009A0B5AECCFC858C0642B5F5865783340,19.470296,-99.137691
801,PLATSOBSE_DGCOP_PUENTES_PEATONALES_METRO_AQUILES_SERDAN_17,003b71ad-682d-4ee7-b899-7183dd62a907,METRO AQUILES SERDAN,AZCAPOTZALCO,ANGEL ZIMBRON,AV. AQUILES SERDAN,ENTRE ESTIO Y PRIMAVERA,https://maps.app.goo.gl/woEQogCyoTJtaGEX9,ORIGINAL,JUAN HERNANDEZ,2/18/2026,2/17/2026,2025.0,RK DISE?O Y CONSTRUCCION S.A. DE C.V,SOBS-EJM-P-2026-474,S480,2025-11-06 00:00:00,2025-07-11 00:00:00,100.0,TERMINADO,SOBS-EJM-SUP-2026-474,SUPERVISION INTERNA,,,,2026-06-13 18:13:51.821,METRO AQUILES SERDAN,0101000020E6100000E878693D7BCC58C01DC63143807D3340,19.490238,-99.195022
802,PLATSOBSE_DGCOP_PUENTES_PEATONALES_MEXICO_TACUBA_MAR_OKHOTSK_CALZ_MEXICO_TACUBA_35,a287dc83-1781-4bba-8fe1-677bd2ec611e,MEXICO TACUBA - MAR OKHOTSK / CALZ. MEXICO-TACUBA,MIGUEL HIDALGO,TACUBA,MEXICO TACUBA,ENTRE MARINA NACIONAL Y GOLFO DE CAMPECHE,https://maps.app.goo.gl/USjSFpTUDYRdhEXV6,ORIGINAL,JUAN HERNANDEZ,2/18/2026,2/17/2026,2025.0,"GARILLA INGENIERIA SUSTENTABLE, S.A. DE C.V.",SOBS-EJM-P-2026-475,S481,4/24/2025,6/22/2025,100.0,TERMINADO,SOBS-EJM-SUP-2026-475,SUPERVISION INTERNA,,,,2026-06-13 18:13:51.821,MEXICO TACUBA - MAR OKHOTSK / CALZ. MEXICO-TACUBA,0101000020E61000001D15D850F8CB58C079C3EEBD8B753340,19.459164,-99.187031
803,PLATSOBSE_DGCOP_PUENTES_PEATONALES_NORTE_50_CTO_INTERIOR_1896_4,87c9fdfa-4e93-4b6d-a63a-54fd089c11fc,NORTE 50 / CTO. INTERIOR 1896,GUSTAVO A MADERO,VALLE GOMEZ,CTO. INTERIOR RIO CONSULADO,NORTE 50 Y CTO. INTERIOR,https://maps.app.goo.gl/s9c59qhGZea9nJ5MA,ORIGINAL,JUAN HERNANDEZ,2/18/2026,2/17/2026,2025.0,"PADHIESA, S.A. DE C.V.",SOBS-EJM-P-2026-476,S482,2025-10-04 00:00:00,2025-08-06 00:00:00,100.0,TERMINADO,SOBS-EJM-SUP-2026-476,SUPERVISION INTERNA,,,,2026-06-13 18:13:51.821,NORTE 50 / CTO. INTERIOR 1896,0101000020E610000010C2895C9CC758C057E5E02379753340,19.45888,-99.118919
804,PLATSOBSE_DGCOP_PUENTES_PEATONALES_NUEVA_CARRETERA_A_OAXTEPEC_40,a0da3be0-442b-45d5-916e-402a5f03d515,NUEVA CARRETERA A OAXTEPEC,MILPA ALTA,SANTA ANA TLACOTENCO (PBLO),NUEVA CARRETERA A OAXTEPEC,ENTRE MIGUEL HIDALGO Y DE PENETRACION,https://maps.app.goo.gl/p2eAtqDuQcU23ZXU8,ORIGINAL,JUAN HERNANDEZ,2/18/2026,2/17/2026,2025.0,"INGENIERIA ALTERNATIVA Y PROYECTOS, S.A. DE C.V.",SOBS-EJM-P-2026-477,S483,6/20/2025,8/18/2025,100.0,TERMINADO,SOBS-EJM-SUP-2026-477,SUPERVISION INTERNA,,,,2026-06-13 18:13:51.821,NUEVA CARRETERA A OAXTEPEC,0101000020E6100000B5E1B034F0BF58C087C1FC15322B3340,19.168733,-98.999036
805,PLATSOBSE_DGCOP_PUENTES_PEATONALES_PARQUE_ECOLOGICO_DE_XOCHIMILCO_41,553dd0d6-86b9-49b7-952e-3b50cd17a19b,PARQUE ECOLOGICO DE XOCHIMILCO,XOCHIMILCO,SAN MARCOS (AMPL),CANAL DE CHALCO,ENTRE CANAL DE CHALCO Y CANAL NACIONAL,https://maps.app.goo.gl/ePkMh5Fx7U4WrhkEA,ORIGINAL,JUAN HERNANDEZ,2/18/2026,2/17/2026,2025.0,"INGENIERIA ALTERNATIVA Y PROYECTOS, S.A. DE C.V.",SOBS-EJM-P-2026-478,S484,6/20/2025,8/18/2025,100.0,TERMINADO,SOBS-EJM-SUP-2026-478,SUPERVISION INTERNA,,,,2026-06-13 18:13:51.821,PARQUE ECOLOGICO DE XOCHIMILCO,0101000020E6100000BC40498105C658C037A8FDD64E4C3340,19.298078,-99.094086
806,PLATSOBSE_DGCOP_PUENTES_PEATONALES_PERIFERICO_CASI_ESQ_YOKOHAMA_Y_OSAKA_23,24e5a6c1-dcff-483a-b87e-db86d61b8985,PERIFERICO CASI ESQ YOKOHAMA Y OSAKA,TLALPAN,ARENAL PUERTA TEPEPAN,PERIFERICO,YOKOHAMA Y KUMAMOTO,https://maps.app.goo.gl/Rxn96nFxmAcBNAwd6,ORIGINAL,JUAN HERNANDEZ,2/18/2026,2/17/2026,2025.0,RK DISE?O Y CONSTRUCCION S.A. DE C.V,SOBS-EJM-P-2026-479,S485,2025-11-06 00:00:00,2025-07-11 00:00:00,100.0,TERMINADO,SOBS-EJM-SUP-2026-479,SUPERVISION INTERNA,,,,2026-06-13 18:13:51.821,PERIFERICO CASI ESQ YOKOHAMA Y OSAKA,0101000020E610000099D4D00660C958C08EE733A0DE483340,19.284647,-99.146486
807,PLATSOBSE_DGCOP_PUENTES_PEATONALES_PROL_DIVISION_DEL_NORTE_RICARDO_FLORES_MAGON_28,6bee4c14-6e17-4685-b3d7-0252ae661f0f,PROL. DIVISION DEL NORTE - RICARDO FLORES MAGON,XOCHIMILCO,LA CEBADA,PROLONGACION DIVISION DEL NORTE,ENTRE EMILIANO ZAPATA Y CONSTITUCION DE 1824,https://maps.app.goo.gl/N1PDZ58rs4wqiizp7,ORIGINAL,JUAN HERNANDEZ,2/18/2026,2/17/2026,2025.0,"GRUPO CONSTRUCTOR ESPECIALIZADO G.G.M., S.A. DE C.V.",SOBS-EJM-P-2026-480,S486,4/23/2025,7/21/2025,100.0,TERMINADO,SOBS-EJM-SUP-2026-480,SUPERVISION INTERNA,,,,2026-06-13 18:13:51.821,PROL. DIVISION DEL NORTE - RICARDO FLORES MAGON,0101000020E6100000CE88D2DEE0C758C0FB8C6D4284473340,19.279362,-99.1231
808,PLATSOBSE_DGCOP_PUENTES_PEATONALES_PROL_DIVISION_DEL_NORTE_Y_AV_GUADALUPE_I_RAMIREZ_13,fc2fd841-2228-406a-9ee9-bc25e5f0408b,PROL. DIVISION DEL NORTE Y AV. GUADALUPE I. RAMIREZ,XOCHIMILCO,TIERRA NUEVA,PROL. DIVISION DEL NORTE,ENTRE ARCES Y AV. GUADALUPE I. RAMIREZ,https://maps.app.goo.gl/LdYbwGDu2YKnYDNk8,ORIGINAL,JUAN HERNANDEZ,2/18/2026,2/17/2026,2025.0,"GRUPO CONSTRUCTOR ESPECIALIZADO G.G.M., S.A. DE C.V.",SOBS-EJM-P-2026-481,S487,2025-08-04 00:00:00,2025-06-06 00:00:00,100.0,TERMINADO,SOBS-EJM-SUP-2026-481,SUPERVISION INTERNA,,,,2026-06-13 18:13:51.821,PROL. DIVISION DEL NORTE Y AV. GUADALUPE I. RAMIREZ,0101000020E610000075025CED5EC758C08830C18601443340,19.265648,-99.115169
809,PLATSOBSE_DGCOP_PUENTES_PEATONALES_RIO_CONSULADO_ENTRE_CALLES_NORTE_180_Y_NORTE_182_9,093921c3-9433-4778-841e-b04c6b53296a,RIO CONSULADO ENTRE CALLES NORTE 180 Y NORTE 182,VENUSTIANO CARRANZA,PENSADOR MEXICANO II,RIO CONSULADO,ENTRE NTE. 180 Y NTE. 182,https://maps.app.goo.gl/QrcbNMNxzsEc6RBx9,ORIGINAL,JUAN HERNANDEZ,2/18/2026,2/17/2026,2025.0,"GRUPO CONSTRUCTOR ESPECIALIZADO G.G.M., S.A. DE C.V.",SOBS-EJM-P-2026-482,S488,2025-08-04 00:00:00,2025-06-06 00:00:00,100.0,TERMINADO,SOBS-EJM-SUP-2026-482,SUPERVISION INTERNA,,,,2026-06-13 18:13:51.821,RIO CONSULADO ENTRE CALLES NORTE 180 Y NORTE 182,0101000020E61000004F92AE997CC558C0575A46EA3D713340,19.442351,-99.08573
810,PLATSOBSE_DGCOP_PUENTES_PEATONALES_RIO_DE_LA_MAGDALENA_CASI_ESQUINA_CON_ACOPATITLA_5,282a22b4-4f97-4486-b5fe-34a26250b937,RIO DE LA MAGDALENA CASI ESQUINA CON ACOPATITLA,ALVARO OBREGON,TIZAPAN_TIZAPAN SAN ANGEL,RIO DE LA MAGDALENA,ENTRE CUAUHTEMOC Y RIO DE LA MAGDALENA,https://maps.app.goo.gl/4rwvEQwvMfpqWfEc9,ORIGINAL,JUAN HERNANDEZ,2/18/2026,2/17/2026,2025.0,"GRUPO CONSTRUCTOR ESPECIALIZADO G.G.M., S.A. DE C.V.",SOBS-EJM-P-2026-483,S489,2025-08-04 00:00:00,2025-06-06 00:00:00,100.0,TERMINADO,SOBS-EJM-SUP-2026-483,SUPERVISION INTERNA,,,,2026-06-13 18:13:51.821,RIO DE LA MAGDALENA CASI ESQUINA CON ACOPATITLA,0101000020E610000007EF39089ACC58C0DE9CC0585B563340,19.337331,-99.196901
811,PLATSOBSE_DGCOP_PUENTES_PEATONALES_VDTO_MIGUEL_ALEMAN_ENTRE_ASTRONOMOS_Y_AGRARISMO_31,e6b36ce9-6315-4753-9fe7-55ab10f88880,VDTO. MIGUEL ALEMAN ENTRE ASTRONOMOS Y AGRARISMO,BENITO JUAREZ,ESCANDON III,VIADUCTO MIGUEL ALEMAN,ENTRE AGRARISMO Y ASTRONOMOS,https://maps.app.goo.gl/M3rWcmkrsUVAJwmA7,ORIGINAL,JUAN HERNANDEZ,2/18/2026,2/17/2026,2025.0,"GARILLA INGENIERIA SUSTENTABLE, S.A. DE C.V.",SOBS-EJM-P-2026-484,S490,4/24/2025,6/22/2025,100.0,TERMINADO,SOBS-EJM-SUP-2026-484,SUPERVISION INTERNA,,,,2026-06-13 18:13:51.821,VDTO. MIGUEL ALEMAN ENTRE ASTRONOMOS Y AGRARISMO,0101000020E610000040A4DFBE0ECB58C067D5E76A2B663340,19.3991,-99.172775
812,PLATSOBSE_DGCOP_PUENTES_PEATONALES_VDTO_RIO_DE_LA_PIEDAD_ENTRE_FCO_DEL_PASO_Y_TRONCOSO_Y_ANIL_58,7e7ff959-3306-4e20-afae-c1363c475779,VDTO. RIO DE LA PIEDAD - ENTRE FCO. DEL PASO Y TRONCOSO Y ANIL 596,IZTACALCO,VIADUCTO - BALBUENA (CONJ HAB),VIADUCTO RIO DE LA PIEDAD,ENTRE FCO. DEL PASO Y TRONCOSO Y ANIL,https://maps.app.goo.gl/DbcZu4K5QgeZhFa16,ORIGINAL,JUAN HERNANDEZ,2/18/2026,2/17/2026,2025.0,MIGUEL ANGEL MEJIA VENEGAS,SOBS-EJM-P-2026-485,S491,8/15/2026,2025-12-11 00:00:00,100.0,TERMINADO,SOBS-EJM-SUP-2026-485,SUPERVISION INTERNA,,,,2026-06-13 18:13:51.821,VDTO. RIO DE LA PIEDAD - ENTRE FCO. DEL PASO Y TRONCOSO Y ANIL 596,0101000020E61000000BD5CDC5DFC658C066BE839F38683340,19.407114,-99.107408
813,PLATSOBSE_DGCOP_PUENTES_PEATONALES_VDTO_RIO_DE_LA_PIEDAD_ENTRE_1_DE_MAYO_Y_FCO_DEL_PASO_Y_TRONCOSO_O_10_DE_DICIEMBRE_54,31da1f4e-2607-4fe1-bf71-cdb1a568a071,VDTO. RIO DE LA PIEDAD ENTRE 1 DE MAYO Y FCO. DEL PASO Y TRONCOSO O 10 DE DICIEMBRE,IZTACALCO,LA CRUZ,VIADUCTO RIO DE LA PIEDAD,ENTRE 1 DE MAYO Y FCO. DEL PASO Y TRONCOSO,https://maps.app.goo.gl/GLHiQVUjkwDrSGJ7A,ORIGINAL,JUAN HERNANDEZ,2/18/2026,2/17/2026,2025.0,MIGUEL ANGEL MEJIA VENEGAS,SOBS-EJM-P-2026-486,S492,8/15/2026,2025-12-11 00:00:00,100.0,TERMINADO,SOBS-EJM-SUP-2026-486,SUPERVISION INTERNA,,,,2026-06-13 18:13:51.821,VDTO. RIO DE LA PIEDAD ENTRE 1 DE MAYO Y FCO. DEL PASO Y TRONCOSO O 10 DE DICIEMBRE,0101000020E6100000C85EEFFE78C758C0360186E5CF673340,19.405516,-99.11676
814,PLATSOBSE_DGCOP_PUENTES_PEATONALES_VDTO_RIO_DE_LA_PIEDAD_ENTRE_CALZADA_DE_LA_VIGA_Y_CONGRESO_DE_LA_UNION_O_SABINO_56,17dc6167-6e4e-417b-a617-bd2f45d67766,VDTO. RIO DE LA PIEDAD ENTRE CALZADA DE LA VIGA Y CONGRESO DE LA UNION O SABINO,IZTACALCO,JAMAICA,VIADUCTO RIO DE LA PIEDAD,ENTRE CALZADA DE LA VIGA Y CDA SABINOS,https://maps.app.goo.gl/A6yJSLjuz3voMYR79,ORIGINAL,JUAN HERNANDEZ,2/18/2026,2/17/2026,2025.0,MIGUEL ANGEL MEJIA VENEGAS,SOBS-EJM-P-2026-487,S493,8/15/2026,2025-12-11 00:00:00,100.0,TERMINADO,SOBS-EJM-SUP-2026-487,SUPERVISION INTERNA,,,,2026-06-13 18:13:51.821,VDTO. RIO DE LA PIEDAD ENTRE CALZADA DE LA VIGA Y CONGRESO DE LA UNION O SABINO,0101000020E6100000C780ECF5EEC758C002637D0393673340,19.404587,-99.12396
815,PLATSOBSE_DGCOP_PUENTES_PEATONALES_VDTO_RIO_DE_LA_PIEDAD_ENTRE_FCO_DEL_PASO_Y_TRONCOSO_Y_ANIL_53,6125037a-b7c9-4671-a495-c43176b51d32,VDTO. RIO DE LA PIEDAD ENTRE FCO. DEL PASO Y TRONCOSO Y ANIL 512,IZTACALCO,VIADUCTO - BALBUENA (CONJ HAB),VIADUCTO RIO DE LA PIEDAD,ENTRE FCO. DEL PASO Y TRONCOSO Y ANIL,https://maps.app.goo.gl/oxhUqFMCYwJLWKpF9,ORIGINAL,JUAN HERNANDEZ,2/18/2026,2/17/2026,2025.0,MIGUEL ANGEL MEJIA VENEGAS,SOBS-EJM-P-2026-488,S494,8/15/2026,2025-12-11 00:00:00,100.0,TERMINADO,SOBS-EJM-SUP-2026-488,SUPERVISION INTERNA,,,,2026-06-13 18:13:51.821,VDTO. RIO DE LA PIEDAD ENTRE FCO. DEL PASO Y TRONCOSO Y ANIL 512,0101000020E6100000F35487DC0CC758C0C11A67D311683340,19.406522,-99.11016
816,PLATSOBSE_DGCOP_PUENTES_PEATONALES_VDTO_RIO_DE_LA_PIEDAD_ENTRE_TERRAPLEN_RIO_FRIO_Y_1_DE_MAYO_55,8db562ed-fb60-4add-8761-5afb29245562,VDTO. RIO DE LA PIEDAD ENTRE TERRAPLEN RIO FRIO Y 1 DE MAYO,IZTACALCO,LA CRUZ,VIADUCTO RIO DE LA PIEDAD,ENTRE TERRAPLEN DE RIO FRIO Y 1 DE MAYO,https://maps.app.goo.gl/q3qegTd8ZrCW7yRh6,ORIGINAL,JUAN HERNANDEZ,2/18/2026,2/17/2026,2025.0,MIGUEL ANGEL MEJIA VENEGAS,SOBS-EJM-P-2026-489,S495,8/15/2026,2025-12-11 00:00:00,100.0,TERMINADO,SOBS-EJM-SUP-2026-489,SUPERVISION INTERNA,,,,2026-06-13 18:13:51.821,VDTO. RIO DE LA PIEDAD ENTRE TERRAPLEN RIO FRIO Y 1 DE MAYO,0101000020E61000004CC5C6BC8EC758C06C76A4FACE673340,19.405502,-99.118087
817,PLATSOBSE_DGCOP_PUENTES_PEATONALES_VDTO_TLALPAN_EJIDO_2,6829e560-c86b-4e4f-bf86-d576faeaf6c2,VDTO. TLALPAN - EJIDO,COYOACAN,VIEJO EJIDO SANTA URSULA COAPA,VIADUCTO TLALPAN,ENTRE FRANCISCO I. MADERO Y EJIDO,https://maps.app.goo.gl/QaL2CuYLt85j86HG9,ORIGINAL,JUAN HERNANDEZ,2/18/2026,2/17/2026,2025.0,"PADHIESA, S.A. DE C.V.",SOBS-EJM-P-2026-490,S496,2025-10-04 00:00:00,2025-08-06 00:00:00,100.0,TERMINADO,SOBS-EJM-SUP-2026-490,SUPERVISION INTERNA,,,,2026-06-13 18:13:51.821,VDTO. TLALPAN - EJIDO,0101000020E6100000E140481630C958C09FE74F1BD54D3340,19.304033,-99.14356
818,PLATSOBSE_DGCOP_CASA_3R_DIF_ADOLFO_RUIZ_CORTINES_6,5fba3a19-ba9b-41bb-81c1-c1e92d49fb99,DIF ADOLFO RUIZ CORTINES,COYOACAN,PEDREGAL DE STO DOMINGO VII,ZIHUATLAN,AMATL Y TEJAMANIL,https://maps.app.goo.gl/hjukbzDKxuxRYgEy8,ORIGINAL,JUAN HERNANDEZ,2/17/2026,2/17/2026,2025.0,"FABETY DISENO Y CONSTRUCCION, S. A. DE C. V.",SOBS-EJM-P-2026-491,S497,2025-09-19 00:00:00,2025-12-27 00:00:00,100.0,INAUGURADA,SOBS-EJM-SUP-2026-491,SARMIENTO Y ASOCIADOS INGENIERIA,,,,2026-06-13 18:13:51.821,DIF ADOLFO RUIZ CORTINES,0101000020E61000003BA759A0DDCA58C0A33CF372D8513340,19.319709,-99.169777
819,PLATSOBSE_DGCOP_CASA_3R_DIF_MUYUGUARDA_3,4d6fe5e0-6742-42c5-8802-bac1f006433c,DIF MUYUGUARDA,XOCHIMILCO,BARRIO 18,AV. MUYUGUARDA,CIR. CUEMANCO Y AV MUYUGUARDA,https://maps.app.goo.gl/Ru9KkWcbTtdCjbjk9,ORIGINAL,JUAN HERNANDEZ,2/17/2026,2/17/2026,2025.0,"SANDALU, SUPERVISION Y CONSTRUCCION S.A. DE C.V",SOBS-EJM-P-2026-492,S498,2025-09-19 00:00:00,2025-12-27 00:00:00,100.0,TERMINADO,SOBS-EJM-SUP-2026-492,DAKI ARQUITECTURA S.A. DE C.V.,,,,2026-06-13 18:13:51.821,DIF MUYUGUARDA,0101000020E6100000C47AA35698C758C0085740A19E463340,19.275858,-99.118673
820,PLATSOBSE_DGCOP_CASA_3R_MARGARITA_MAZA_DE_JUAREZ_4,a15b68ec-b368-4b36-bdbe-f2281461cb4a,MARGARITA MAZA DE JUAREZ,AZCAPOTZALCO,TEZOZOMOC,AMUZGOS,AMUZGOS Y TOTONACAS,https://maps.app.goo.gl/idyVTtFgqBJfsZvH7,ORIGINAL,JUAN HERNANDEZ,2/17/2026,2/17/2026,2025.0,"PROVEEDORA DE INGENIERIA, INSTALACION E INFRAESTRUCTURA, S.A. DE C.V.",SOBS-EJM-P-2026-493,S499,2025-09-12 00:00:00,2025-12-31 00:00:00,49.0,EN PROCESO,SOBS-EJM-SUP-2026-493,"BYBCO, S.A. DE C.V.",,,,2026-06-13 18:13:51.821,MARGARITA MAZA DE JUAREZ,0101000020E6100000DB1324B6BBCC58C0E27327D87F7D3340,19.490232,-99.198957
821,PLATSOBSE_DGCOP_CASA_3R_PILARES_ARBOL_DEL_CONOCIMIENTO_7,0242ec88-19c3-4e60-9eb5-be84d65bc651,PILARES ARBOL DEL CONOCIMIENTO,ALVARO OBREGON,LA CANADA,CHICAGO,C. CANADA VERDE Y LUIS G. URBINA,https://maps.app.goo.gl/3DaobC9knk1FKM7z6,ORIGINAL,JUAN HERNANDEZ,2/17/2026,2/17/2026,2025.0,"INGENIERIA Y CONSTRUCCIONES GRYSLE, S. A. DE C. V.",SOBS-EJM-P-2026-494,S500,2025-09-19 00:00:00,2025-12-27 00:00:00,74.55,EN PROCESO,SOBS-EJM-SUP-2026-494,INGENIERIA Y ARQUITECTURA HORUS,,,,2026-06-13 18:13:51.821,PILARES ARBOL DEL CONOCIMIENTO,0101000020E610000021AE9CBD33CE58C051DA1B7C61623340,19.3843,-99.221908
822,PLATSOBSE_DGCOP_CASA_3R_PILARES_BENITA_GALEANA_1,9ee64873-67a4-4991-a85e-28d42c7dac37,PILARES BENITA GALEANA,GUSTAVO A MADERO,NUEVA TENOCHTITLAN,NTE 94,NTE 94 Y AV. GRAN CANAL DEL DESAGUE,https://maps.app.goo.gl/3ja64Qrsv2z45X4N9,ORIGINAL,JUAN HERNANDEZ,2/17/2026,2/17/2026,2025.0,"MADIFRAMAX ARQUITECTOS Y DECORADORES, S.A. DE C.V.",SOBS-EJM-P-2026-495,S501,2025-09-19 00:00:00,2025-12-27 00:00:00,78.92,EN PROCESO,SOBS-EJM-SUP-2026-495,"CONSTRUCCIONES Y PROYECTOS RUZALDE, S.A. DE C.V.",,,,2026-06-13 18:13:51.821,PILARES BENITA GALEANA,0101000020E61000002D211FF46CC658C06ADE718A8E743340,19.4553,-99.1004
823,PLATSOBSE_DGCOP_CASA_3R_PILARES_PENSIL_2,12f2bad9-72ac-46e4-960a-db45f194a777,PILARES PENSIL,MIGUEL HIDALGO,REFORMA PENSIL,LAGO TRASIMENO,LAGO TRASIMENO Y C. LAGO ERNE,https://maps.app.goo.gl/eVgyx4HzWhVzNaV37,ORIGINAL,JUAN HERNANDEZ,2/17/2026,2/17/2026,2025.0,"IMPERMEABILIZANTES Y MANTENIMIENTO DE INMUEBLES, S.A. DE C.V.",SOBS-EJM-P-2026-496,S502,2025-09-19 00:00:00,2025-12-27 00:00:00,59.3,EN PROCESO,SOBS-EJM-SUP-2026-496,"GRUPO QUINVA, S.A. DE C.V.",,,,2026-06-13 18:13:51.821,PILARES PENSIL,0101000020E61000009CC420B072CC58C0FB5C6DC5FE723340,19.4492,-99.1945
824,PLATSOBSE_DGCOP_CASA_3R_PILARES_XIMENA_GUZMAN_CUEVAS_8,1dd136c9-e894-4a03-a5c0-633d55ac9703,PILARES XIMENA GUZMAN CUEVAS,CUAUHTEMOC,BUENOS AIRES,DR. ANDRADE,DR. ANDRADE Y DR. JOSE MARIA VERTIZ,https://maps.app.goo.gl/BCCosBpwcg4F4HiE7,ORIGINAL,JUAN HERNANDEZ,2/17/2026,2/17/2026,2025.0,"INGENIERIA Y CONSTRUCCIONES GRYSLE, S.A. DE C.V.",SOBS-EJM-P-2026-497,S503,2024-11-30 00:00:00,2024-12-29 00:00:00,100.0,INAUGURADA,SOBS-EJM-SUP-2026-497,,,,,2026-06-13 18:13:51.821,PILARES XIMENA GUZMAN CUEVAS,0101000020E610000066A3737E8AC958C043DE173CF1673340,19.406025,-99.149078
825,PLATSOBSE_DGCOP_CASA_3R_PILARES_Y_DIF_ADOLFO_LOPEZ_MATEOS_5,dacf2e72-db27-49c9-b269-aa8efc88fddd,PILARES Y DIF ADOLFO LOPEZ MATEOS,VENUSTIANO CARRANZA,ADOLFO LOPEZ MATEOS,EDUARDO BUSTAMANTE,C. EDUARDO BUSTAMANTE Y C. ERNESTO URUCHURTU,https://maps.app.goo.gl/1h2RVBVHran6AFRW9,ORIGINAL,JUAN HERNANDEZ,2/17/2026,2/17/2026,2025.0,"INMOBILIARIA CASABAN, CONSTRUCCION Y SUPERVISION, S.A. DE C.V.",SOBS-EJM-P-2026-498,S504,2025-09-19 00:00:00,2025-12-31 00:00:00,93.5,EN PROCESO,SOBS-EJM-SUP-2026-498,ARQ. AUREA SELENE ESPINOSA AVENDANO,,,,2026-06-13 18:13:51.821,PILARES Y DIF ADOLFO LOPEZ MATEOS,0101000020E6100000124C35B396C458C03CDBA337DC6B3340,19.421329,-99.071698
826,PLATSOBSE_DGOT_UNIV_ARTES_UNIVERSIDAD_DE_LAS_ARTES_1,b652c1fa-71fd-4602-b9e2-6e2cf55ab095,UNIVERSIDAD DE LAS ARTES,CUAUHTEMOC,CENTRO,CHIMALPOPOCA,,https://maps.app.goo.gl/gUxEnxRsmrSUF2Gv8,ORIGINAL,JUAN HERNANDEZ,9/24/2025,2/25/2026,2025.0,"IMPULSORA DE DESARROLLO INTEGRAL, S.A. DE C.V.",SOBS-EJM-P-2026-499,S505,11/15/2025,12/27/2026,1.2,EN PROCESO,SOBS-EJM-SUP-2026-499,,,,,2026-06-13 18:13:51.821,UNIVERSIDAD DE LAS ARTES,0101000020E6100000A4CA81519EC858C03BDBB714346C3340,19.42267,-99.134663
827,PLATSOBSE_DGOT_TREN_LIGERO_MODERNIZACION_DEL_TREN_LIGERO_1,738d9e12-84dd-4aa6-b4e0-9c7fe807a117,MODERNIZACION DEL TREN LIGERO,"COYOACAN, TLALPAN, XOCHIMILCO","AVANTE, SANTA URSULA - BOSQUES DE TETLAMEYA, CAMPESTRE CHURUBUSCO, CENTRO URBANO TLALPAN (U HAB), CIUDAD JARDIN, EL CENTINELA, EMILIANO ZAPATA, ESPARTACO, EX HACIENDA COAPA, PUEBLO SANTA URSULA COAPA, VIEJO EJIDO SANTA URSULA COAPA, PRADOS DE COYOACAN 2, ARENAL GUADALUPE TLALPAN, HACIENDA SAN JUAN-RINCON DE SAN JUAN, SAN LORENZO HUIPULCO, BOSQUE RESIDENCIAL DEL SUR (FRACC), HUICHAPAN, JARDINES DEL SUR, SAN BARTOLO EL CHICO, LAS PERITAS, SAN JUAN TEPEPAN, SAN MARCOS (BARR), SAN PEDRO (BARR), SANTA MARIA TEPEPAN (PBLO), TIERRA NUEVA, BOSQUE RESIDENCIAL DEL SUR (U HAB)",,,,ORIGINAL,JUAN HERNANDEZ,9/19/2025,2/25/2026,2025.0,"COMSA INFRAESTRUCTURAS, S.A. DE C.V.",SOBS-EJM-P-2026-500,S506,2025-05-09 00:00:00,5/31/2026,100.0,INAUGURADA,SOBS-EJM-SUP-2026-500,,,,,2026-06-13 18:13:51.821,MODERNIZACION DEL TREN LIGERO,,,
828,PLATSOBSE_SIN_DG_SIN_PROG_153_NUEVA_TENOCHTITLAN_153,18139bbb-de3c-49ce-8ebe-d6313220e415,153 NUEVA TENOCHTITLAN,GUSTAVO A. MADERO,GERTRUDIS SANCHEZ 2A SECCION,NTE 94,,https://maps.app.goo.gl/NrYd1zRrwDdvqSiF7,,JUAN HERNANDEZ,,,2026.0,,SOBS-EJM-P-2026-501,S507,,,100.0,TERMINADO,SOBS-EJM-SUP-2026-501,,,,,2026-06-13 18:13:51.821,153 NUEVA TENOCHTITLAN,0101000020E6100000B7C676712CC658C055CB9A3042773340,19.465854,-99.096463
829,PLATSOBSE_DGSUS_BALON_BARRIO_161_PARQUE_DE_LOS_VENADOS_161,0764e204-001a-4133-82a2-224d51dc54d6,161 PARQUE DE LOS VENADOS,BENITO JUÁREZ,PORTALES NORTE,,"Miguel Laurent, Letran Valle, Benito Juárez, 03303 Ciudad de México, CDMX",https://maps.app.goo.gl/pym8JFiAqCykstwc9,,JUAN HERNANDEZ,,,2026.0,,SOBS-EJM-P-2026-502,S508,,,100.0,INAUGURADA,SOBS-EJM-SUP-2026-502,,,,,2026-06-13 18:13:51.821,161 PARQUE DE LOS VENADOS,0101000020E61000001FD4EA50F2C958C042469B3E965F3340,19.373386,-99.155415
830,PLATSOBSE_DGSUS_BALON_BARRIO_505_KID_AZTECA_II_505,8f351598-684d-42aa-a88b-1335c437fb9b,505 KID AZTECA II,CUAUHTÉMOC,MORELOS II,,"Barras Tepito, Tepito, Morelos, Cuauhtémoc, 06200 Ciudad de México, CDMX",https://maps.app.goo.gl/sc3bZhoCkGpjxAJW7,,JUAN HERNANDEZ,,,2026.0,,SOBS-EJM-P-2026-503,S509,,,100.0,TERMINADO,SOBS-EJM-SUP-2026-503,,,,,2026-06-13 18:13:51.821,505 KID AZTECA II,0101000020E610000064C91CCB3BC858C07F129F3BC1723340,19.448261,-99.12865
831,PLATSOBSE_DGPEST_BALON_BARRIO_512_LAZARO_CARDENAS_512,bf30f3b2-a039-4c5c-a1f1-71caafbe69b6,512 LAZARO CARDENAS,XOCHIMILCO,SAN LUIS TLAXIALTEMALCO,,"Cda. Lázaro Cárdenas 36, San Luis Tlaxialtemalco, Xochimilco, 16610 Ciudad de México, CDMX",https://maps.app.goo.gl/H2eUwevRiNtrr5Be6,,JUAN HERNANDEZ,,,2026.0,,SOBS-EJM-P-2026-504,S510,,,100.0,TERMINADO,SOBS-EJM-SUP-2026-504,,,,,2026-06-13 18:13:51.821,512 LAZARO CARDENAS,0101000020E6100000EB2CC4349DC258C0C7B546A929423340,19.258448,-99.040845
832,PLATSOBSE_DGSUS_BALON_BARRIO_152_MODULO_DEPORTIVO_TECPALLO_152,9bfae688-b40b-421e-b1ed-f6c22f2d675c,"152 MODULO DEPORTIVO ""TECPALLO""",MILPA ALTA,SAN JUAN TEPENAHUAC,,"S/N, PROL. VICENTE GUERRERO SUR, SAN JUAN TEPENAHUAC, MILPA ALTA, 12800 SAN FRANCISCO TECOXPA, CDMX",https://maps.app.goo.gl/xBX5GaWij4UnZ6FQA,,JUAN HERNANDEZ,,,2026.0,,SOBS-EJM-P-2026-505,S511,,,100.0,TERMINADO,SOBS-EJM-SUP-2026-505,,,,,2026-06-13 18:13:51.821,"152 MODULO DEPORTIVO ""TECPALLO""",0101000020E6100000C173EFE192BF58C0B35C363AE72F3340,19.187122,-98.99334
833,PLATSOBSE_DGSUS_BALON_BARRIO_156_UTOPIA_LIBERTAD_156,e6aa24a0-a9e2-4b19-b8b6-b3c339e0af90,"156 UTOPIA ""LIBERTAD""",IZTAPALAPA,LOMAS DE SAN LORENZO,,"Río Nilo, Lomas de San Lorenzo, Iztapalapa, 09780 Ciudad de México, CDMX",https://maps.app.goo.gl/5xrQ8vZCD8jEq7aG8,,JUAN HERNANDEZ,,,2026.0,,SOBS-EJM-P-2026-506,S512,,,100.0,TERMINADO,SOBS-EJM-SUP-2026-506,,,,,2026-06-13 18:13:51.821,"156 UTOPIA ""LIBERTAD""",0101000020E61000005CACA8C134C458C07AFCDEA63F533340,19.32519,-99.06572
837,PLATSOBSE_DGSUS_BALON_BARRIO_160_PILARES_RICHARD_WAGNER_160,7d777fc7-5cc7-4c49-8fbc-9c148d45fbe6,160 PILARES RICHARD WAGNER,GUSTAVO A. MADERO,VALLEJO,,"CLAVE S/N, VALLEJO, GUSTAVO A. MADERO, 07870 CIUDAD DE MÉXICO, CDMX",https://maps.app.goo.gl/3yG5hrv5JfL7F8Em9,,JUAN HERNANDEZ,,,2026.0,,SOBS-EJM-P-2026-507,S513,,,100.0,TERMINADO,SOBS-EJM-SUP-2026-507,,,,,2026-06-13 18:13:51.821,160 PILARES RICHARD WAGNER,0101000020E6100000C009850838C858C09F008A9125773340,19.465417,-99.12842
838,PLATSOBSE_DGSUS_BALON_BARRIO_164_DEPORTIVO_MARACANA_EBANO_164,279a19df-6d57-4f63-9129-4f46c03cbdbf,164 DEPORTIVO MARACANA EBANO,CUAJIMALPA DE MORELOS,EBANO,,"RETAMA 37, EL ÉBANO, CUAJIMALPA DE MORELOS, 05200 CIUDAD DE MÉXICO, CDMX",https://maps.app.goo.gl/wxzQwUJQhD52QWS28,,JUAN HERNANDEZ,,,2026.0,,SOBS-EJM-P-2026-508,S514,,,100.0,TERMINADO,SOBS-EJM-SUP-2026-508,,,,,2026-06-13 18:13:51.821,164 DEPORTIVO MARACANA EBANO,0101000020E61000002D5BEB8B84D258C08A03E8F7FD5F3340,19.374969,-99.28934
839,PLATSOBSE_DGSUS_BALON_BARRIO_150_PILARES_TEQUISTLATECOS_150,f2dc5824-a083-4993-9e3e-97363a1c26cb,"150 PILARES ""TEQUISTLATECOS""",TLALPAN,SAN JUAN TEPEXIMILPA,,TEQUIXTLATECOS Y CHEYENES,https://maps.app.goo.gl/aPKXmh4gCDD2p63t5,,JUAN HERNANDEZ,,,2026.0,,SOBS-EJM-P-2026-509,S515,,,100.0,TERMINADO,SOBS-EJM-SUP-2026-509,,,,,2026-06-13 18:13:51.821,"150 PILARES ""TEQUISTLATECOS""",0101000020E6100000C30DF8FC30CC58C02FA86F99D3453340,19.27276,-99.19049
840,PLATSOBSE_DGCOP_BALON_BARRIO_210_UTOPIA_HERMANOS_GALEANA_210,1f144495-cb0b-4dbd-93be-f172b17e1f7f,210 UTOPIA HERMANOS GALEANA,GUSTAVO A. MADERO,SAN JUAN DE ARAGON,,"AV. JOSÉ LORETO FABELA 190, SAN JUAN DE ARAGÓN VII SECC, GUSTAVO A. MADERO, 07910 CIUDAD DE MÉXICO, CDMX",https://maps.app.goo.gl/yGaAYCS56MNMTCmX8,,JUAN HERNANDEZ,,,2026.0,,SOBS-EJM-P-2026-510,S516,,,100.0,TERMINADO,SOBS-EJM-SUP-2026-510,,,,,2026-06-13 18:13:51.821,210 UTOPIA HERMANOS GALEANA,0101000020E6100000D8F50B76C3C458C00DA9A27895793340,19.474937,-99.07443
841,PLATSOBSE_DGCOP_BALON_BARRIO_215_UTOPIA_TOPILEJO_215,3b5f1f7c-dbd2-41ae-b4cc-ea1f5d8dca2d,215 UTOPIA TOPILEJO,TLALPAN,TOPILEJO,,"STA. CRUZ 885, SAN MIGUEL TOPILEJO, TLALPAN, 14500 SAN MIGUEL TOPILEJO, CDMX",https://maps.app.goo.gl/E3Gxjoonf5W4NzDE6,,JUAN HERNANDEZ,,,2026.0,,SOBS-EJM-P-2026-511,S517,,,100.0,TERMINADO,SOBS-EJM-SUP-2026-511,,,,,2026-06-13 18:13:51.821,215 UTOPIA TOPILEJO,0101000020E6100000D00F238447C958C0187AC4E8B9313340,19.194243,-99.14499
842,PLATSOBSE_DGCOP_BALON_BARRIO_211_UTOPIA_MIXHUCA_211,4d5efb7e-8cff-4ae5-a76f-5fe5d93c5091,211 UTOPIA MIXHUCA,IZTACALCO,GRANJAS MEXICO,,"Viad. Río de la Piedad S/N-Puerta 6, Granjas México, Iztacalco, 08400 Ciudad de México, CDMX",https://maps.app.goo.gl/R1QQ3oogxBna26HFA,,PAULA LOPEZ,,,2026.0,,SOBS-EJM-P-2026-512,S518,,,100.0,INAUGURADA,SOBS-EJM-SUP-2026-512,,,,,2026-06-13 18:13:51.821,211 UTOPIA MIXHUCA,0101000020E6100000CB2DAD86C4C558C09B745B2217683340,19.406603,-99.09012
843,PLATSOBSE_DGCOP_BALON_BARRIO_212_UTOPIA_MIXHUCA_212,67e5027c-5e6f-4bab-9239-d2b2f1eed944,212 UTOPIA MIXHUCA,IZTACALCO,GRANJAS MEXICO,,"Viad. Río de la Piedad S/N-Puerta 6, Granjas México, Iztacalco, 08400 Ciudad de México, CDMX",https://maps.app.goo.gl/DJYUf4Vg7pL8WeRH6,,PAULA LOPEZ,,,2026.0,,SOBS-EJM-P-2026-513,S519,,,100.0,INAUGURADA,SOBS-EJM-SUP-2026-513,,,,,2026-06-13 18:13:51.821,212 UTOPIA MIXHUCA,0101000020E610000039D1AE42CAC558C025CFF57D38683340,19.407112,-99.09047
844,PLATSOBSE_DGCOP_BALON_BARRIO_208_UTOPIA_CEYLAN_208,82113595-86ca-4718-8ae4-445ef015d246,208 UTOPIA CEYLAN,AZCAPOTZALCO,EUZKADI,,"EUZKADI, AZCAPOTZALCO, 02660 CIUDAD DE MÉXICO, CDMX",https://maps.app.goo.gl/48YCcDmZNthGSrTW6,,PAULA LOPEZ,,,2026.0,,SOBS-EJM-P-2026-514,S520,,,100.0,INAUGURADA,SOBS-EJM-SUP-2026-514,,,,,2026-06-13 18:13:51.821,208 UTOPIA CEYLAN,0101000020E61000001FBAA0BE65CA58C0C4060B27697A3340,19.478167,-99.16246
845,PLATSOBSE_DGCOP_BALON_BARRIO_216_UTOPIA_TOPILEJO_216,896cf47c-029a-4b00-a816-b02e031fa4d9,216 UTOPIA TOPILEJO,TLALPAN,TOPILEJO,,"STA. CRUZ 885, SAN MIGUEL TOPILEJO, TLALPAN, 14500 SAN MIGUEL TOPILEJO, CDMX",https://maps.app.goo.gl/7Ps5ENpMmHvJeuiB9,,PAULA LOPEZ,,,2026.0,,SOBS-EJM-P-2026-515,S521,,,100.0,TERMINADO,SOBS-EJM-SUP-2026-515,,,,,2026-06-13 18:13:51.821,216 UTOPIA TOPILEJO,0101000020E61000008121AB5B3DC958C052616C21C8313340,19.19446,-99.14437
846,PLATSOBSE_DGCOP_BALON_BARRIO_213_UTOPIA_TECOMITL_213,a4425daf-4310-49e4-bb75-3c37eb6cc51f,213 UTOPIA TECOMITL,TLÁHUAC,POTRERO DEL LLANO,,"HIDALGO, TLALTEPA, SAN JUAN IXTAYOPAN, CDMX",https://maps.app.goo.gl/jkkb9YK9vUAf7yLaA,,PAULA LOPEZ,,,2026.0,,SOBS-EJM-P-2026-516,S522,,,10.0,EN PROCESO,SOBS-EJM-SUP-2026-516,,,,,2026-06-13 18:13:51.821,213 UTOPIA TECOMITL,0101000020E6100000DA03ADC090BF58C06AF5D555813A3340,19.228536,-98.99321
847,PLATSOBSE_DGCOP_BALON_BARRIO_214_UTOPIA_TECOMITL_214,34222918-f85b-4156-868a-3bed77d7a21c,214 UTOPIA TECOMITL,TLÁHUAC,POTRERO DEL LLANO,,"HIDALGO, TLALTEPA, SAN JUAN IXTAYOPAN, CDMX",https://maps.app.goo.gl/NoGKw32Da6XSyB2r9,,PAULA LOPEZ,,,2026.0,,SOBS-EJM-P-2026-517,S523,,,10.0,EN PROCESO,SOBS-EJM-SUP-2026-517,,,,,2026-06-13 18:13:51.821,214 UTOPIA TECOMITL,0101000020E610000004FF5BC98EBF58C058AD4CF8A53A3340,19.229095,-98.99309
848,PLATSOBSE_DGSUS_BALON_BARRIO_151_DEPORTIVO_JUAN_PALOMO_MARTINEZ_151,07d19ed8-a478-4b62-8abe-08ac81b2ed02,"151 DEPORTIVO ""JUAN PALOMO MARTINEZ""",TLÁHUAC,SAN JOSE,,"CUITLÁHUAC, CALZ. REFORMA AGRARIA ESQ, SAN JOSÉ, TLÁHUAC, 13050 CIUDAD DE MÉXICO, CDMX",https://maps.app.goo.gl/xeH4jMLg88v9yChh7,,PAULA LOPEZ,,,2026.0,,SOBS-EJM-P-2026-518,S524,,,100.0,TERMINADO,SOBS-EJM-SUP-2026-518,,,,,2026-06-13 18:13:51.821,"151 DEPORTIVO ""JUAN PALOMO MARTINEZ""",0101000020E6100000077C7E1821C058C00DE2033BFE433340,19.265598,-99.00202
849,PLATSOBSE_DGSUS_BALON_BARRIO_155_PILARES_LA_ARANA_155,fb586a96-35ed-4cb5-869f-2d14ad45e23f,"155 PILARES ""LA ARANA""",ÁLVARO OBREGÓN,PUNTA DE CEHUAYO / OLIVAR DEL CONDE 2A SECCION,,"RÍO MIXCOAC S/N, LA ARAÑA, ÁLVARO OBREGÓN, 01520 CIUDAD DE MÉXICO, CDMX",https://maps.app.goo.gl/CFsCMEAGCqguU1Q97,,PAULA LOPEZ,,,2026.0,,SOBS-EJM-P-2026-519,S525,,,100.0,TERMINADO,SOBS-EJM-SUP-2026-519,,,,,2026-06-13 18:13:51.821,"155 PILARES ""LA ARANA""",0101000020E6100000BEDEFDF15ECF58C021787C7BD75C3340,19.362663,-99.24017
850,PLATSOBSE_DGSUS_BALON_BARRIO_163_DEPORTIVO_MORELOS_163,de97e762-ccb1-43c7-9b3a-a803d0329f27,163 DEPORTIVO MORELOS,CUAJIMALPA DE MORELOS,ROSA TORRES,,"AV. JOSÉ MARÍA CASTORENA 84, ROSA TORRES, CUAJIMALPA DE MORELOS, 05200 CIUDAD DE MÉXICO, CDMX",https://maps.app.goo.gl/C8Av2igcENEbqY718,,PAULA LOPEZ,,,2026.0,,SOBS-EJM-P-2026-520,S526,,,100.0,TERMINADO,SOBS-EJM-SUP-2026-520,,,,,2026-06-13 18:13:51.821,163 DEPORTIVO MORELOS,0101000020E610000058C51B9947D258C0DA1B7C61325D3340,19.36405,-99.28562
851,PLATSOBSE_DGCOP_BALON_BARRIO_218_UTOPIA_EDUARDO_MOLINA_218,4654aba4-bcdd-487f-a8de-4d304634a10f,218 UTOPIA EDUARDO MOLINA,VENUSTIANO CARRANZA,AMPLIACION 20 DE NOVIEMBRE,,"24 DE ABRIL 67, 20 DE NOVIEMBRE, VENUSTIANO CARRANZA, 15260 CIUDAD DE MÉXICO, CDMX",https://maps.app.goo.gl/mxFQejNY24D8R7Nc7,,PAULA LOPEZ,,,2026.0,,SOBS-EJM-P-2026-521,S527,,,100.0,TERMINADO,SOBS-EJM-SUP-2026-521,,,,,2026-06-13 18:13:51.821,218 UTOPIA EDUARDO MOLINA,0101000020E6100000AC39403047C758C0C87A6AF5D5713340,19.444671,-99.11372
852,PLATSOBSE_DGCOP_BALON_BARRIO_219_UTOPIA_EDUARDO_MOLINA_219,a36bde07-8fc2-4684-9647-e05dc40f10d6,219 UTOPIA EDUARDO MOLINA,VENUSTIANO CARRANZA,AMPLIACION 20 DE NOVIEMBRE,,"24 DE ABRIL 67, 20 DE NOVIEMBRE, VENUSTIANO CARRANZA, 15260 CIUDAD DE MÉXICO, CDMX",https://maps.app.goo.gl/1m3ERzcQ6o98oo8W8,,PAULA LOPEZ,,,2026.0,,SOBS-EJM-P-2026-522,S528,,,100.0,TERMINADO,SOBS-EJM-SUP-2026-522,,,,,2026-06-13 18:13:51.821,219 UTOPIA EDUARDO MOLINA,0101000020E6100000E5D5390664C758C0BB29E5B512723340,19.445598,-99.11548
853,PLATSOBSE_DGCOP_BALON_BARRIO_220_UTOPIA_EDUARDO_MOLINA_220,368c6f9a-f5bb-4568-a26b-d145df4fc1a1,220 UTOPIA EDUARDO MOLINA,VENUSTIANO CARRANZA,AMPLIACION 20 DE NOVIEMBRE,,"24 DE ABRIL 67, 20 DE NOVIEMBRE, VENUSTIANO CARRANZA, 15260 CIUDAD DE MÉXICO, CDMX",https://maps.app.goo.gl/T751pDe1u9niyxZG6,,PAULA LOPEZ,,,2026.0,,SOBS-EJM-P-2026-523,S529,,,100.0,TERMINADO,SOBS-EJM-SUP-2026-523,,,,,2026-06-13 18:13:51.821,220 UTOPIA EDUARDO MOLINA,0101000020E6100000CC457C2766C758C036CD3B4ED1713340,19.4446,-99.11561
854,PLATSOBSE_DGCOP_BALON_BARRIO_217_UTOPIA_TOPILEJO_217,85522c37-72df-4d65-a888-aefff3c9e207,217 UTOPIA TOPILEJO,TLALPAN,TOPILEJO,,"STA. CRUZ 885, SAN MIGUEL TOPILEJO, TLALPAN, 14500 SAN MIGUEL TOPILEJO, CDMX",https://maps.app.goo.gl/Y2o6SfrWcvjzAPnR7,,PAULA LOPEZ,,,2026.0,,SOBS-EJM-P-2026-524,S530,,,100.0,TERMINADO,SOBS-EJM-SUP-2026-524,,,,,2026-06-13 18:13:51.821,217 UTOPIA TOPILEJO,0101000020E6100000C18BBE8234C958C018B49080D1313340,19.194603,-99.14383
855,PLATSOBSE_DGSUS_BALON_BARRIO_154_CANCHA_TIERRA_UNIDA_154,c729d45b-0387-499a-ad37-4cd40f37328f,"154 CANCHA ""TIERRA UNIDA""",LA MAGDALENA CONTRERAS,PUEBLO SAN BERNABE OCOTEPEC,,AND 14,https://maps.app.goo.gl/8RbUwHz93pETU7qE7,,PAULA LOPEZ,,,2026.0,,SOBS-EJM-P-2026-525,S531,,,100.0,TERMINADO,SOBS-EJM-SUP-2026-525,,,,,2026-06-13 18:13:51.821,"154 CANCHA ""TIERRA UNIDA""",0101000020E61000005A8121AB5BD158C02E9276A38F4D3340,19.302973,-99.27122
856,PLATSOBSE_DGSUS_BALON_BARRIO_165_PARQUE_CANTERA_165,b432e1b7-0dbe-4336-94c4-afd98205747f,165 PARQUE CANTERA,COYOACÁN,AJUSCO,,"AV. DEL IMÁN 263, AJUSCO, COYOACÁN, 04300 CIUDAD DE MÉXICO, CDMX",https://maps.app.goo.gl/FnW34JSRoL8Qeee39,,PAULA LOPEZ,,,2026.0,,SOBS-EJM-P-2026-526,S532,,,100.0,TERMINADO,SOBS-EJM-SUP-2026-526,,,,,2026-06-13 18:13:51.821,165 PARQUE CANTERA,0101000020E6100000F44F70B1A2CA58C0DA1F28B7ED4F3340,19.312221,-99.16618
857,PLATSOBSE_DGSUS_BALON_BARRIO_149_DEPORTIVO_TIBIO_MUNOZ_149,2b1e93ee-cd57-4f23-95ac-927df9203392,149 DEPORTIVO TIBIO MUNOZ,VENUSTIANO CARRANZA,ARENAL 3A SECCION,,"XOCHITLÁN SUR, ARENAL 4TA SECC, VENUSTIANO CARRANZA, 15620 CIUDAD DE MÉXICO, CDMX",https://maps.app.goo.gl/VZ4qgd95PNz8PTY8A,,PAULA LOPEZ,,,2026.0,,SOBS-EJM-P-2026-527,S533,,,100.0,TERMINADO,SOBS-EJM-SUP-2026-527,,,,,2026-06-13 18:13:51.821,149 DEPORTIVO TIBIO MUNOZ,0101000020E6100000CF31207BBDC358C0D6AC33BE2F6E3340,19.430416,-99.05844
858,PLATSOBSE_DGOT_BALON_BARRIO_304_CANCHA_GRAN_CANAL_5_304,b44746b0-6733-4798-b944-b57f62b19138,304. CANCHA GRAN CANAL 5,V. CARRANZA,SIMON BOLIVAR,,"5O TRAMO 20 DE NOVIEMBRE, VENUSTIANO CARRANZA, 15420 CIUDAD DE M�XICO, CDMX",https://maps.app.goo.gl/E973zwMTWgfcWeVp8,,PAULA LOPEZ,,,2026.0,,SOBS-EJM-P-2026-528,S534,,,100.0,INAUGURADA,SOBS-EJM-SUP-2026-528,,,,,2026-06-13 18:13:51.821,304. CANCHA GRAN CANAL 5,0101000020E6100000C9AF1F6283C658C072DEFFC709733340,19.449368,-99.101769
859,PLATSOBSE_DGOT_BALON_BARRIO_224_UH_CRISANTEMO_CUAUHTEMOC_224,54e3671c-ea46-4e60-869b-f1491962e9f8,224 UH CRISANTEMO / CUAUHTEMOC,CUAUHTÉMOC,ATLAMPA,,"Atlampa, Cuauhtémoc, 06450 Ciudad de México, CDMX",https://maps.app.goo.gl/8nhGhiBXPh3pUFUy5,,PAULA LOPEZ,,,2026.0,,SOBS-EJM-P-2026-529,S535,,,100.0,INAUGURADA,SOBS-EJM-SUP-2026-529,,,,,2026-06-13 18:13:51.821,224 UH CRISANTEMO / CUAUHTEMOC,0101000020E61000007233DC80CFC958C09CC420B072743340,19.454875,-99.15329
860,PLATSOBSE_DGOT_BALON_BARRIO_231_CANCHA_GRAN_CANAL_5_231,95d8232d-e82d-47b4-8d26-a03a22cab971,231 CANCHA GRAN CANAL 5,VENUSTIANO CARRANZA,SIMON BOLIVAR,,"5O TRAMO 20 DE NOVIEMBRE, VENUSTIANO CARRANZA, 15420 CIUDAD DE MÉXICO, CDMX",https://maps.app.goo.gl/E973zwMTWgfcWeVp8,,PAULA LOPEZ,,,2026.0,,SOBS-EJM-P-2026-530,S536,,,100.0,INAUGURADA,SOBS-EJM-SUP-2026-530,,,,,2026-06-13 18:13:51.821,231 CANCHA GRAN CANAL 5,0101000020E6100000B16D516683C658C047E350BF0B733340,19.449398,-99.10177
861,PLATSOBSE_DGOT_BALON_BARRIO_255_ATHLETIC_FIELD_255,77411446-3a08-4a66-86cb-2c2a58e7f51e,255 ATHLETIC FIELD,GUSTAVO A. MADERO,SAN JUAN DE ARAGON 2A SECCION (U HAB) I,,"SAN JUAN DE ARAGÓN II SECC, 07969 CIUDAD DE MÉXICO, CDMX",https://maps.app.goo.gl/84EPMqCGFTg85sht8,,PAULA LOPEZ,,,2026.0,,SOBS-EJM-P-2026-531,S537,,,100.0,INAUGURADA,SOBS-EJM-SUP-2026-531,,,,,2026-06-13 18:13:51.821,255 ATHLETIC FIELD,0101000020E6100000A835CD3B4EC558C0AF93FAB2B4733340,19.451976,-99.0829
862,PLATSOBSE_DGOT_BALON_BARRIO_233_CANCHA_GRAN_CANAL_2_233,50b51de9-eed0-48f8-a853-96721860f974,233 CANCHA GRAN CANAL 2,VENUSTIANO CARRANZA,PROGRESISTA,,"ESQ, CARRILLERA, HÉROE DE NACOZARI, MADERO, 15370 CIUDAD DE MÉXICO, CDMX",https://maps.app.goo.gl/jsftm9C853vGvbBJA,,PAULA LOPEZ,,,2026.0,,SOBS-EJM-P-2026-532,S538,,,100.0,INAUGURADA,SOBS-EJM-SUP-2026-532,,,,,2026-06-13 18:13:51.821,233 CANCHA GRAN CANAL 2,0101000020E6100000450DA661F8C658C0255D33F9666F3340,19.435165,-99.10891
863,PLATSOBSE_DGOT_BALON_BARRIO_256_LIGA_FUT_5_LA_RETA_256,c98e6826-54bd-4d13-985d-2966cd547b18,256 LIGA FUT-5 LA RETA,GUSTAVO A. MADERO,SAN JUAN DE ARAGON 2A SECCION (U HAB) I,,"AV 559, AV. 561 SN, GUSTAVO A. MADERO, 07969 CDMX",https://maps.app.goo.gl/fJoXhv3agLMAzcDw5,,PAULA LOPEZ,,,2026.0,,SOBS-EJM-P-2026-533,S539,,,100.0,INAUGURADA,SOBS-EJM-SUP-2026-533,,,,,2026-06-13 18:13:51.821,256 LIGA FUT-5 LA RETA,0101000020E61000003ACC971760C558C08CF7E3F6CB733340,19.452331,-99.08399
864,PLATSOBSE_DGSUS_BALON_BARRIO_135_CALPULLI_135,379a9a7d-88e3-4e85-bce9-0b3b9f32837d,135 CALPULLI,AZCAPOTZALCO,EL ROSARIO,,"C. ALBAÑILES, EL ROSARIO, AZCAPOTZALCO, 02100 CIUDAD DE MÉXICO, CDMX",https://maps.app.goo.gl/LnsbWmsntGTVHpKp8,,PAULA LOPEZ,,,2026.0,,SOBS-EJM-P-2026-534,S540,,,100.0,TERMINADO,SOBS-EJM-SUP-2026-534,,,,,2026-06-13 18:13:51.821,135 CALPULLI,0101000020E6100000B75D68AED3CC58C04D68925852823340,19.509069,-99.20042
865,PLATSOBSE_DGOIV_BALON_BARRIO_53_DEPORTIVO_BENITO_JUAREZ_53,e5ed0117-153f-4a46-9fe2-b50885ee9c50,53 DEPORTIVO BENITO JUAREZ,TLALPAN,AMPLIACION ISIDRO FABELA,,"ESQUINA VICENTE GUERRERO, LAS FUENTES, TORIELLO GUERRA, 14050 CIUDAD DE MÉXICO, CDMX",https://maps.app.goo.gl/CFGQ4mD69mFZJKmL7,,PAULA LOPEZ,,,2026.0,,SOBS-EJM-P-2026-535,S541,,,100.0,TERMINADO,SOBS-EJM-SUP-2026-535,,,,,2026-06-13 18:13:51.821,53 DEPORTIVO BENITO JUAREZ,0101000020E610000082FFAD64C7CA58C0E0A0BDFA784C3340,19.298721,-99.16842
866,PLATSOBSE_DGOIV_BALON_BARRIO_38_COMPOSITORES_MEXICANOS_38,b40df7a9-f638-4aa4-abb6-b6d58c3fc4ab,38 COMPOSITORES MEXICANOS,GUSTAVO A. MADERO,COMPOSITORES MEXICANOS,,"FOLKLÓRICOS MEXICANOS S/N, COMPOSITORES MEXICANOS, GUSTAVO A. MADERO, 07130 CIUDAD DE MÉXICO, CDMX",https://maps.app.goo.gl/ggBGKrfkcyHZpLZ6A,,PAULA LOPEZ,,,2026.0,,SOBS-EJM-P-2026-536,S542,,,100.0,INAUGURADA,SOBS-EJM-SUP-2026-536,,,,,2026-06-13 18:13:51.821,38 COMPOSITORES MEXICANOS,0101000020E6100000E292E34EE9C858C04E0E9F7422913340,19.566932,-99.13924
867,PLATSOBSE_DGOIV_BALON_BARRIO_33_PILARES_CONTADERO_33,24dd3362-704b-4f23-a216-d5fda81f9150,33 PILARES CONTADERO,CUAJIMALPA DE MORELOS,CONTADERO,,"PROL. 16 DE SEPTIEMBRE S/N, CONTADERO, CUAJIMALPA DE MORELOS, 05500 CIUDAD DE MÉXICO, CDMX",https://maps.app.goo.gl/QJ1TR3Myc8HR7Co58,,PAULA LOPEZ,,,2026.0,,SOBS-EJM-P-2026-537,S543,,,100.0,INAUGURADA,SOBS-EJM-SUP-2026-537,,,,,2026-06-13 18:13:51.821,33 PILARES CONTADERO,0101000020E6100000ECFA05BB61D358C08196AE601B593340,19.348074,-99.30284
868,PLATSOBSE_DGOIV_BALON_BARRIO_44_CANCHA_DE_FUTBOL_RAPIDO_MODULO_DEPORTIVO_OJO_DE_AGUA_44,dad97014-5ea7-4530-9625-a139c74ca49a,44 CANCHA DE FUTBOL RAPIDO MODULO DEPORTIVO: OJO DE AGUA,LA MAGDALENA CONTRERAS,AMPLIACION LOMAS DE SAN BERNABE,,"AV. OJO DE AGUA, AMPLIACIÓN LOMAS DE SAN BERNABÉ, LOMAS DE SAN BERNABÉ, LA MAGDALENA CONTRERAS, 10369 CIUDAD DE MÉXICO, CDMX",https://maps.app.goo.gl/weFVTDQH1vsz9UVPA,,PAULA LOPEZ,,,2026.0,,SOBS-EJM-P-2026-538,S544,,,100.0,INAUGURADA,SOBS-EJM-SUP-2026-538,,,,,2026-06-13 18:13:51.821,44 CANCHA DE FUTBOL RAPIDO MODULO DEPORTIVO: OJO DE AGUA,0101000020E6100000C217265305D158C0C8B260E28F4E3340,19.306883,-99.26595
869,PLATSOBSE_DGOIV_BALON_BARRIO_85_ESTADIO_SAN_PEDRO_MARTIR_85,3cf8f233-9f64-446b-a78d-fe81d46514f7,85 ESTADIO SAN PEDRO MARTIR,TLALPAN,SAN PEDRO MARTIR,,"El Mirador 59, Mirador 1ra Secc, Tlalpan, 14449 Ciudad de México, CDMX",https://maps.app.goo.gl/YSMnECXSQf4jB2DB6,,PAULA LOPEZ,,,2026.0,,SOBS-EJM-P-2026-539,S545,,,100.0,TERMINADO,SOBS-EJM-SUP-2026-539,,,,,2026-06-13 18:13:51.821,85 ESTADIO SAN PEDRO MARTIR,0101000020E6100000EBDF9AE040CB58C0F990A630A5443340,19.268146,-99.175835
870,PLATSOBSE_DGSUS_BALON_BARRIO_116_PILARES_CALMECAC_116,69a326d5-bde6-4689-b3fd-d10d5744e893,116 PILARES CALMECAC,IZTAPALAPA,MIRAVALLE,,AVENIDA VALLE DE MEXICO S/N,https://maps.app.goo.gl/5Qw73kdbDjwJPK2M6,,PAULA LOPEZ,,,2026.0,,SOBS-EJM-P-2026-540,S546,,,100.0,INAUGURADA,SOBS-EJM-SUP-2026-540,,,,,2026-06-13 18:13:51.821,116 PILARES CALMECAC,0101000020E6100000F241CF66D5BF58C068226C787A553340,19.3339,-98.9974
871,PLATSOBSE_DGSUS_BALON_BARRIO_106_PILARES_ERNESTO_CHE_GUEVARA_106,18f960e3-90d2-46c9-b65a-995b1df650ad,106 PILARES ERNESTO CHE GUEVARA,IZTAPALAPA,EJERCITO DE ORIENTE ZONA PENON,,CARLOS PACHECO S/N,https://maps.app.goo.gl/zSywNi6Souhe8HhF7,,PAULA LOPEZ,,,2026.0,,SOBS-EJM-P-2026-541,S547,,,100.0,INAUGURADA,SOBS-EJM-SUP-2026-541,,,,,2026-06-13 18:13:51.821,106 PILARES ERNESTO CHE GUEVARA,0101000020E610000052616C21C8C158C03BC43F6CE95D3340,19.366843,-99.02784
872,PLATSOBSE_DGCOP_BALON_BARRIO_166_CANCHA_TACUBA_166,7eee2a8b-ebdb-44cb-8dd5-b0a59d124947,166 CANCHA TACUBA,MIGUEL HIDALGO,TACUBA,,"AV. AQUILES SERDÁN 477, TACUBA, MIGUEL HIDALGO, 11410 CIUDAD DE MÉXICO, CDMX",https://maps.app.goo.gl/3DavDYQ4868bmLjZ7,,PAULA LOPEZ,,,2026.0,,SOBS-EJM-P-2026-542,S548,,,100.0,INAUGURADA,SOBS-EJM-SUP-2026-542,,,,,2026-06-13 18:13:51.821,166 CANCHA TACUBA,0101000020E6100000B98D06F016CC58C0D8614CFA7B753340,19.458923,-99.1889
873,PLATSOBSE_DGOT_BALON_BARRIO_235_CANCHA_PLAZA_CIVICA_Y_RECREATIVA_ARBOLES_235,1253c746-a126-4f19-90b5-93190a8ad74d,235 CANCHA PLAZA CIVICA Y RECREATIVA ARBOLES,VENUSTIANO CARRANZA,CUATRO ARBOLES,,"4 ARBOLES, VENUSTIANO CARRANZA, 15730 CIUDAD DE MÉXICO, CDMX",https://maps.app.goo.gl/D4mXExgEi3kRCxmL9,,PAULA LOPEZ,,,2026.0,,SOBS-EJM-P-2026-543,S549,,,100.0,INAUGURADA,SOBS-EJM-SUP-2026-543,,,,,2026-06-13 18:13:51.821,235 CANCHA PLAZA CIVICA Y RECREATIVA ARBOLES,0101000020E61000006F0D6C9560C558C053AF5B04C66A3340,19.417084,-99.08402
874,PLATSOBSE_DGCOP_BALON_BARRIO_192_CANCHAS_DEPORTIVAS_PARQUE_NUEVA_VALLEJO_192,3343b02b-a5e6-4a57-81d8-789e28149282,192 CANCHAS DEPORTIVAS PARQUE NUEVA VALLEJO,GUSTAVO A. MADERO,MAGDALENA DE LAS SALINAS,,"NUEVA VALLEJO I SECC, GUSTAVO A. MADERO, 07760 CIUDAD DE MÉXICO, CDMX",https://maps.app.goo.gl/BD8dzjrfbweoGoMm6,,PAULA LOPEZ,,,2026.0,,SOBS-EJM-P-2026-544,S550,,,100.0,TERMINADO,SOBS-EJM-SUP-2026-544,,,,,2026-06-13 18:13:51.821,192 CANCHAS DEPORTIVAS PARQUE NUEVA VALLEJO,0101000020E610000045BB0A293FC958C037177FDB137C3340,19.484678,-99.14448
875,PLATSOBSE_DGOT_BALON_BARRIO_226_PARQUE_INFANTIL_TLATELOLCO_226,f3364215-67f5-470f-abe2-a917f480e482,226 PARQUE INFANTIL TLATELOLCO,CUAUHTÉMOC,TLATELOLCO,,INSURGENTES NORTE Y RICARDO FLORES MAGON,https://maps.app.goo.gl/2hk8qkiyBpJrzaV18,,PAULA LOPEZ,,,2026.0,,SOBS-EJM-P-2026-545,S551,,,100.0,INAUGURADA,SOBS-EJM-SUP-2026-545,,,,,2026-06-13 18:13:51.821,226 PARQUE INFANTIL TLATELOLCO,0101000020E6100000210725CCB4C958C088A06AF46A743340,19.454757,-99.15166
876,PLATSOBSE_DGCOP_BALON_BARRIO_193_PILARES_PUERTO_DE_MAZATLAN_193,ae46ca21-e5b1-430f-ab68-cb8fd972dec9,193 PILARES PUERTO DE MAZATLAN,GUSTAVO A. MADERO,LA PASTORA,,"CANDELARIA TICOMAN, 07310 CIUDAD DE MÉXICO, CDMX",https://maps.app.goo.gl/1sCAhEFaBBoZ2xUdA,,PAULA LOPEZ,,,2026.0,,SOBS-EJM-P-2026-546,S552,,,100.0,TERMINADO,SOBS-EJM-SUP-2026-546,,,,,2026-06-13 18:13:51.821,193 PILARES PUERTO DE MAZATLAN,0101000020E610000037FDD98F14C958C03543AA285E853340,19.520968,-99.14188
877,PLATSOBSE_DGCOP_BALON_BARRIO_189_DEPORTIVO_100_METROS_189,4e1e9e86-66fb-4465-8b01-510d35d7acca,"189 DEPORTIVO ""100 METROS""",GUSTAVO A. MADERO,NUEVA INDUSTRIAL VALLEJO,,"NUEVA INDUSTRIAL VALLEJO, GUSTAVO A. MADERO, 07700 CIUDAD DE MÉXICO, CDMX",https://maps.app.goo.gl/FUQzBzYUNjfxiNh58,,PAULA LOPEZ,,,2026.0,,SOBS-EJM-P-2026-547,S553,,,100.0,TERMINADO,SOBS-EJM-SUP-2026-547,,,,,2026-06-13 18:13:51.821,"189 DEPORTIVO ""100 METROS""",0101000020E610000008944DB9C2C958C032022A1C41823340,19.508806,-99.15251
878,PLATSOBSE_DGPEST_BALON_BARRIO_290_CANCHA_CAO_DE_LOS_PUEBLOS_290,f2471fa4-5362-469a-9820-3607d88e1794,290 CANCHA CAO DE LOS PUEBLOS,TLALPAN,SAN MIGUEL XICALCO,,"AV. MÉXICO AJUSCO, SAN MIGUEL XICALCO, TLALPAN, 14490 CIUDAD DE MÉXICO, CDMX",https://maps.app.goo.gl/N9XpD1P61xeNWrnc7,,PAULA LOPEZ,,,2026.0,,SOBS-EJM-P-2026-548,S554,,,100.0,TERMINADO,SOBS-EJM-SUP-2026-548,,,,,2026-06-13 18:13:51.821,290 CANCHA CAO DE LOS PUEBLOS,0101000020E61000007C61325530CA58C0B9533A58FF3B3340,19.234365,-99.1592
879,PLATSOBSE_DGPEST_BALON_BARRIO_277_PILARES_PARAJE_SAN_JUAN_CERRO_CERRO_DE_LA_ESTRELLA_277,b376101a-205b-43ef-a12f-821462a3969e,277 PILARES PARAJE SAN JUAN CERRO (CERRO DE LA ESTRELLA),IZTAPALAPA,PARAJE SAN JUAN CERRO,,AVENIDA CHOCOLIN LT. 40,https://maps.app.goo.gl/2gViK8SQoseDVYQU7,,PAULA LOPEZ,,,2026.0,,SOBS-EJM-P-2026-549,S555,,,100.0,INAUGURADA,SOBS-EJM-SUP-2026-549,,,,,2026-06-13 18:13:51.821,277 PILARES PARAJE SAN JUAN CERRO (CERRO DE LA ESTRELLA),0101000020E61000000938842A35C558C043E1B37570583340,19.345466,-99.08137
880,PLATSOBSE_DGOIV_BALON_BARRIO_49_CANCHAS_LAGO_GINEBRA_49,fc7e1671-cac3-41da-990f-8700a907ec7a,49 CANCHAS LAGO GINEBRA,MIGUEL HIDALGO,CUAUHTEMOC PENSIL,,"C. LAGO GINEBRA 62, CUAUHTÉMOC PENSIL, MIGUEL HIDALGO, 11490 CIUDAD DE MÉXICO, CDMX",https://maps.app.goo.gl/wMJLngNHzqdPNimF9,,PAULA LOPEZ,,,2026.0,,SOBS-EJM-P-2026-550,S556,,,100.0,INAUGURADA,SOBS-EJM-SUP-2026-550,,,,,2026-06-13 18:13:51.821,49 CANCHAS LAGO GINEBRA,0101000020E610000098A3C7EF6DCC58C03811FDDAFA713340,19.445234,-99.19421
881,PLATSOBSE_DGOIV_BALON_BARRIO_46_PARQUE_LINEAL_RIO_SAN_JOAQUIN_46,8cd3762e-1dd8-496a-80a1-13b7f3da76c5,46 PARQUE LINEAL RIO SAN JOAQUIN,MIGUEL HIDALGO,DOS LAGOS,,"LAGUNA DE MAYRAN ESQ. LAGO LADOGA, LAGUNA DE MAYRAN, DOS LAGOS, 11450 CIUDAD DE MÉXICO, CDMX",https://maps.app.goo.gl/v55Lsn4KnbDHuHJT8,,PAULA LOPEZ,,,2026.0,,SOBS-EJM-P-2026-551,S557,,,100.0,INAUGURADA,SOBS-EJM-SUP-2026-551,,,,,2026-06-13 18:13:51.821,46 PARQUE LINEAL RIO SAN JOAQUIN,0101000020E6100000B5C35F9335CC58C097FE25A94C713340,19.442576,-99.19077
882,PLATSOBSE_DGOIV_BALON_BARRIO_54_CANCHA_2_TORRES_DE_PADIERNA_54,02f8b5b9-358d-4dbc-b4f9-0d8838f0611a,54 CANCHA 2 TORRES DE PADIERNA,TLALPAN,HEROES DE PADIERNA,,"TERRITORIO TORRES, HÉROES DE PADIERNA, CIUDAD DE MÉXICO, CDMX",https://maps.app.goo.gl/mQymzvGhpJfQMKMi7,,PAULA LOPEZ,,,2026.0,,SOBS-EJM-P-2026-552,S558,,,100.0,INAUGURADA,SOBS-EJM-SUP-2026-552,,,,,2026-06-13 18:13:51.821,54 CANCHA 2 TORRES DE PADIERNA,0101000020E61000000D897B2C7DCE58C00F43AB9333483340,19.282037,-99.22639
883,PLATSOBSE_DGCOP_BALON_BARRIO_194_PILARES_TLALPEXCO_194,bae7f331-0111-48b0-88db-8664bceeade0,194 PILARES TLALPEXCO,GUSTAVO A. MADERO,TLALPEXCO,,SAUCES LT. 5,https://maps.app.goo.gl/D7v5YoP5Ans2bzTBA,,PAULA LOPEZ,,,2026.0,,SOBS-EJM-P-2026-553,S559,,,100.0,INAUGURADA,SOBS-EJM-SUP-2026-553,,,,,2026-06-13 18:13:51.821,194 PILARES TLALPEXCO,0101000020E61000006B9F8EC70CC858C07A8D5DA27A8B3340,19.54484,-99.12578
884,PLATSOBSE_DGCOP_BALON_BARRIO_197_PILARES_CHALMA_DE_GUADALUPE_197,7c68906a-1fff-4e40-835d-ac09c3bdc3e2,197 PILARES CHALMA DE GUADALUPE,GUSTAVO A. MADERO,CHALMA DE GUADALUPE,,MORELOS S/N,https://maps.app.goo.gl/bHzNuhcdBsbBjHkt5,,PAULA LOPEZ,,,2026.0,,SOBS-EJM-P-2026-554,S560,,,100.0,INAUGURADA,SOBS-EJM-SUP-2026-554,,,,,2026-06-13 18:13:51.821,197 PILARES CHALMA DE GUADALUPE,0101000020E61000003D9B559FABC958C0D34A21904B8C3340,19.548028,-99.1511
885,PLATSOBSE_DGOT_BALON_BARRIO_221_CANCHAS_DE_LA_245_221,d61ebe4c-123b-4bf1-a238-1041b978eced,221 CANCHAS DE LA 245,IZTACALCO,AGRICOLA ORIENTAL,,"C. OTE. 245 97, AGRÍCOLA ORIENTAL, IZTACALCO, 08500 CIUDAD DE MÉXICO, CDMX",https://maps.app.goo.gl/xGjBGCFCUNpWCGWa9,,PAULA LOPEZ,,,2026.0,,SOBS-EJM-P-2026-555,S561,,,100.0,INAUGURADA,SOBS-EJM-SUP-2026-555,,,,,2026-06-13 18:13:51.821,221 CANCHAS DE LA 245,0101000020E61000007FF6234564C458C0F5BC1B0B0A673340,19.402497,-99.06862
886,PLATSOBSE_DGOT_BALON_BARRIO_257_CANCHA_NORTE_94_257,989c3139-7a32-4bb9-895b-2f2ba3fd65a8,257 CANCHA NORTE 94,GUSTAVO A. MADERO,EX ESCUELA DE TIRO,,"NTE 94 4218, LA MALINCHE, GUSTAVO A. MADERO, 07899 CIUDAD DE MÉXICO, CDMX",https://maps.app.goo.gl/MdtA3JSdKDz2PzQVA,,PAULA LOPEZ,,,2026.0,,SOBS-EJM-P-2026-556,S562,,,100.0,INAUGURADA,SOBS-EJM-SUP-2026-556,,,,,2026-06-13 18:13:51.821,257 CANCHA NORTE 94,0101000020E61000006DE2E47E87C658C0CB68E4F38A733340,19.451339,-99.10202
887,PLATSOBSE_DGPEST_BALON_BARRIO_271_PARQUE_HEROES_DE_CHURUBUSCO_IZT_271,f55d7461-bd09-482d-9dc0-dc48451f58fa,271 PARQUE HEROES DE CHURUBUSCO/IZT,IZTAPALAPA,HEROES DE CHURUBUSCO,,"Jorge Enciso 1656, Héroes de Churubusco, Iztapalapa, 09099 Ciudad de México, CDMX",https://maps.app.goo.gl/pxD238J5AR6G98Ei8,,PAULA LOPEZ,,,2026.0,,SOBS-EJM-P-2026-557,S563,,,100.0,INAUGURADA,SOBS-EJM-SUP-2026-557,,,,,2026-06-13 18:13:51.821,271 PARQUE HEROES DE CHURUBUSCO/IZT,0101000020E61000003EEDF0D764C758C036583849F35B3340,19.359181,-99.11553
888,PLATSOBSE_DGPEST_BALON_BARRIO_294_MODULO_DEPORTIVO_ZACAPA_294,14e96d99-b7db-4152-aa94-f8353c8b5b8e,"294 MODULO DEPORTIVO ""ZACAPA""",XOCHIMILCO,PUEBLO SANTA MARÍA NATIVITAS,,"ESQ. NUEVA CARRETERA XOCHIMILCO-TULYEHUALCO, ZACAPA, LOMAS DE TONALCO, 16410 CIUDAD DE MÉXICO, CDMX",https://maps.app.goo.gl/SK7tcKnLQ2VLV9NVA,,PAULA LOPEZ,,,2026.0,,SOBS-EJM-P-2026-558,S564,,,100.0,INAUGURADA,SOBS-EJM-SUP-2026-558,,,,,2026-06-13 18:13:51.821,"294 MODULO DEPORTIVO ""ZACAPA""",0101000020E6100000D942908312C658C0F8F9EFC16B3F3340,19.247738,-99.09488
889,PLATSOBSE_DGPEST_BALON_BARRIO_300_PARQUE_ING_ALBERTO_AARON_PEREZ_300,0f4893d3-a735-4f3e-84b0-c899ec63ae30,300 PARQUE ING. ALBERTO AARON PEREZ,IZTAPALAPA,SAN JUAN XALPA,,"Montes Cipreces 6, San Juan Xalpa, Iztapalapa, 09850 Ciudad de México, CDMX",https://maps.app.goo.gl/r4H1AwyK31o4Lgtb7,,PAULA LOPEZ,,,2026.0,,SOBS-EJM-P-2026-559,S565,,,100.0,INAUGURADA,SOBS-EJM-SUP-2026-559,,,,,2026-06-13 18:13:51.821,300 PARQUE ING. ALBERTO AARON PEREZ,0101000020E610000016A4198BA6C558C084F4143944543340,19.329166,-99.08829
890,PLATSOBSE_DGSUS_BALON_BARRIO_513_P_ALEGRIA_CAMELLON_EJE_4_ORIENTE_513,719f1418-b43a-44be-a983-3dd6ffe48da1,513 P. ALEGRIA CAMELLON EJE 4 ORIENTE,IZTACALCO,AGRICOLA PANTITLAN,,"TODOS SOMOS Vóleibol, Priv. de Río Churubusco, Agrícola Pantitlán, Iztacalco, 08100 Ciudad de México, CDMX",https://maps.app.goo.gl/HkiRu3Chu9oC5ThL7,,PAULA LOPEZ,,,2026.0,,SOBS-EJM-P-2026-560,S566,,,100.0,INAUGURADA,SOBS-EJM-SUP-2026-560,,,,,2026-06-13 18:13:51.821,513 P. ALEGRIA CAMELLON EJE 4 ORIENTE,0101000020E6100000BF901F3BB9C458C0D74BF84AC5693340,19.413167,-99.073806
891,PLATSOBSE_DGPEST_BALON_BARRIO_269_CANCHA_PARQUE_CHINAMPAS_269,ac8b3ca5-15af-483e-91d4-48e02747ddba,269 CANCHA PARQUE CHINAMPAS,IZTAPALAPA,MIXCOATL,,"MANUEL CAÑAS S/N, MIXCOATL, IZTAPALAPA, 09708 CIUDAD DE MÉXICO, CDMX",https://maps.app.goo.gl/xkB5KWFVvTFVVvsFA,,PAULA LOPEZ,,,2026.0,,SOBS-EJM-P-2026-561,S567,,,100.0,INAUGURADA,SOBS-EJM-SUP-2026-561,,,,,2026-06-13 18:13:51.821,269 CANCHA PARQUE CHINAMPAS,0101000020E610000097FF907EFBC258C00DDFC2BAF1523340,19.324001,-99.0466
892,PLATSOBSE_DGPEST_BALON_BARRIO_268_CANCHA_QUETZALCOATL_268,01969611-e6cd-43ba-ad4f-4683cb528b27,268 CANCHA QUETZALCOATL,IZTAPALAPA,MIXCOTAL,,"Esq. Aztecas, C. Villa Franqueza, Mixcoatl, Iztapalapa, 09708 Ciudad de México, CDMX",https://maps.app.goo.gl/oHeocV6r7RajCTAKA,,PAULA LOPEZ,,,2026.0,,SOBS-EJM-P-2026-562,S568,,,100.0,INAUGURADA,SOBS-EJM-SUP-2026-562,,,,,2026-06-13 18:13:51.821,268 CANCHA QUETZALCOATL,0101000020E6100000145E82531FC358C019219793AB533340,19.326837,-99.048787
893,PLATSOBSE_DGSUS_BALON_BARRIO_93_CENTRO_SOCIAL_Y_DEPORTIVO_SUR_20_93,a6ba544c-6a87-43ae-b4ab-fbd1b70e8ac6,93 CENTRO SOCIAL Y DEPORTIVO SUR 20,IZTACALCO,AGRICOLA ORIENTAL,,"OTE. 257, AGRÍCOLA ORIENTAL, IZTACALCO, 08500 CIUDAD DE MÉXICO, CDMX",https://maps.app.goo.gl/edzfU7rhTZB2rJnF7,,PAULA LOPEZ,,,2026.0,,SOBS-EJM-P-2026-563,S569,,,100.0,INAUGURADA,SOBS-EJM-SUP-2026-563,,,,,2026-06-13 18:13:51.821,93 CENTRO SOCIAL Y DEPORTIVO SUR 20,0101000020E6100000645DDC4603C458C03FA7203F1B653340,19.394947,-99.0627
894,PLATSOBSE_DGSUS_BALON_BARRIO_94_CENTRO_SOCIAL_Y_DEPORTIVO_SUR_20_94,1f605df4-02b2-45fd-98cc-52626c4eeeca,94 CENTRO SOCIAL Y DEPORTIVO SUR 20,IZTACALCO,AGRICOLA ORIENTAL,,"OTE. 257, AGRÍCOLA ORIENTAL, IZTACALCO, 08500 CIUDAD DE MÉXICO, CDMX",https://maps.app.goo.gl/sz53RVmnvE82KXE98,,PAULA LOPEZ,,,2026.0,,SOBS-EJM-P-2026-564,S570,,,100.0,INAUGURADA,SOBS-EJM-SUP-2026-564,,,,,2026-06-13 18:13:51.821,94 CENTRO SOCIAL Y DEPORTIVO SUR 20,0101000020E61000000B46257502C458C060CAC0012D653340,19.395218,-99.06265
895,PLATSOBSE_DGOIV_BALON_BARRIO_47_CANCHA_ALC_MIGUEL_HIDALGO_47,6ccda2e3-84c9-4a19-99b6-a9de8190d7a1,47 CANCHA ALC MIGUEL HIDALGO,MIGUEL HIDALGO,AMP DANIEL GARZA,,"GRAL. SÓSTENES ROCHA 51, AMPLIACIÓN DANIEL GARZA, OBSERVATORIO, MIGUEL HIDALGO, 11840 CIUDAD DE MÉXICO, CDMX",https://maps.app.goo.gl/h9UtGX1qUunm5eoP8,,PAULA LOPEZ,,,2026.0,,SOBS-EJM-P-2026-565,S571,,,100.0,INAUGURADA,SOBS-EJM-SUP-2026-565,,,,,2026-06-13 18:13:51.821,47 CANCHA ALC MIGUEL HIDALGO,0101000020E61000000E15E3FC4DCC58C0A181583673683340,19.408008,-99.19226
896,PLATSOBSE_DGCOP_BALON_BARRIO_305_PILARES_EL_VIVERO_305,eeb8a706-24ed-404f-96d4-8c17909709ff,305 PILARES EL VIVERO,GUSTAVO A. MADERO,CUAUTEPEC,,BLANCA ESTELA PAVON S/N,https://maps.app.goo.gl/ZeRGxBJa7jVjWfj66,,PAULA LOPEZ,,,2026.0,,SOBS-EJM-P-2026-566,S572,,,100.0,INAUGURADA,SOBS-EJM-SUP-2026-566,,,,,2026-06-13 18:13:51.821,305 PILARES EL VIVERO,0101000020E61000004B3E761728C858C0441669E21D903340,19.562956,-99.127447
897,PLATSOBSE_DGPEST_BALON_BARRIO_301_PARQUE_HEROES_DE_CHURUBUSCO_301,d5a9abe2-b892-4bda-96a7-1f3c4d571988,301 PARQUE HEROES DE CHURUBUSCO,IZTAPALAPA,HEROES DE CHURUBUSCO,,"JORGE ENCISO 1656, HÉROES DE CHURUBUSCO, IZTAPALAPA, 09099 CIUDAD DE MÉXICO, CDMX",https://maps.app.goo.gl/MpS8aZ73sdKY6jhe6,,PAULA LOPEZ,,,2026.0,,SOBS-EJM-P-2026-567,S573,,,100.0,INAUGURADA,SOBS-EJM-SUP-2026-567,,,,,2026-06-13 18:13:51.821,301 PARQUE HEROES DE CHURUBUSCO,0101000020E61000001A170E8464C758C079AF5A99F05B3340,19.35914,-99.11551
898,PLATSOBSE_DGSUS_BALON_BARRIO_139_CAMPAMENTO_2_DE_OCTUBRE_139,cbd33ae1-4897-4f43-9b5b-6935b8f39d32,139 CAMPAMENTO 2 DE OCTUBRE,IZTACALCO,CAMPAMENTO 2 DE OCTUBRE,,"AV. JUAN N. ÁLVAREZ CAMPAMENTO 2 DE OCTUBRE, IZTACALCO",https://maps.app.goo.gl/fTyvcE51JaWbbZUX6,,PAULA LOPEZ,,,2026.0,,SOBS-EJM-P-2026-568,S574,,,100.0,TERMINADO,SOBS-EJM-SUP-2026-568,,,,,2026-06-13 18:13:51.821,139 CAMPAMENTO 2 DE OCTUBRE,0101000020E61000003ACC971760C758C09F5912A0A6623340,19.385355,-99.11524
899,PLATSOBSE_DGSUS_BALON_BARRIO_138_CAMPAMENTO_2_DE_OCTUBRE_138,034d3eae-89c0-4528-82f8-a04c18ef2715,138 CAMPAMENTO 2 DE OCTUBRE,IZTACALCO,CAMPAMENTO 2 DE OCTUBRE,,"AV. JUAN N. ÁLVAREZ CAMPAMENTO 2 DE OCTUBRE, IZTACALCO",https://maps.app.goo.gl/veLNzgSDeTN6umrg6,,PAULA LOPEZ,,,2026.0,,SOBS-EJM-P-2026-569,S575,,,100.0,TERMINADO,SOBS-EJM-SUP-2026-569,,,,,2026-06-13 18:13:51.821,138 CAMPAMENTO 2 DE OCTUBRE,0101000020E6100000088F368E58C758C03082C64CA2623340,19.385289,-99.11478
900,PLATSOBSE_DGSUS_BALON_BARRIO_142_EJE_3_OTE_E_MOLINA_142,499a4a6c-af8b-4508-9e58-9c7234a919f3,142 EJE 3 OTE / E. MOLINA,GUSTAVO A. MADERO,VASCO DE QUIROGA NUEVA ATZACOALCO,,"Eduardo Molina 1866, Vasco de Quiroga, Gustavo A. Madero, 07440 Ciudad de México, CDMX",https://maps.app.goo.gl/GoUAJFPoyfBU24hq7,,PAULA LOPEZ,,,2026.0,,SOBS-EJM-P-2026-570,S576,,,100.0,TERMINADO,SOBS-EJM-SUP-2026-570,,,,,2026-06-13 18:13:51.821,142 EJE 3 OTE / E. MOLINA,0101000020E610000007CE1951DAC558C0EA20AF07937E3340,19.494431,-99.09145
901,PLATSOBSE_DGOIV_BALON_BARRIO_60_CAMPO_DEPORTIVO_SAN_MIGUEL_AJUSCO_60,79f787b2-86d7-409a-ab5d-18ea32a54390,60 CAMPO DEPORTIVO SAN MIGUEL AJUSCO,TLALPAN,SAN MIGUEL AJUSCO (PBLO),,"TLALPAN, 14700 SAN MIGUEL AJUSCO, CDMX",https://maps.app.goo.gl/pBTrDYwe96uzAhxj7,,PAULA LOPEZ,,,2026.0,,SOBS-EJM-P-2026-571,S577,,,100.0,TERMINADO,SOBS-EJM-SUP-2026-571,,,,,2026-06-13 18:13:51.821,60 CAMPO DEPORTIVO SAN MIGUEL AJUSCO,0101000020E6100000A94D9CDCEFCC58C0C34483143C393340,19.223573,-99.20214
902,PLATSOBSE_DGSUS_BALON_BARRIO_133_CAMELLON_LAS_TORRES_133,5a75b01b-d36b-4218-96a1-76aeaa625eec,133 CAMELLON LAS TORRES,LA MAGDALENA CONTRERAS,LOS PADRES,,"AV. DE LAS TORRES 33, LOS PADRES, LA MAGDALENA CONTRERAS, 10340 CIUDAD DE MÉXICO, CDMX",https://maps.app.goo.gl/NGsJ9XzEQSjTTbQw9,,PAULA LOPEZ,,,2026.0,,SOBS-EJM-P-2026-572,S578,,,100.0,TERMINADO,SOBS-EJM-SUP-2026-572,,,,,2026-06-13 18:13:51.821,133 CAMELLON LAS TORRES,0101000020E610000087BF266BD4CF58C0971E4DF564523340,19.321853,-99.24734
903,PLATSOBSE_DGSUS_BALON_BARRIO_104_PARQUE_FELIPE_ANGELES_104,b4743492-4d08-4f75-8998-5d131f296898,104 PARQUE FELIPE ANGELES,IZTAPALAPA,APATLACO,,"FELIPE ÁNGELES 2, APATLACO, IZTAPALAPA, 09430 CIUDAD DE MÉXICO, CDMX",https://maps.app.goo.gl/KpXrvbYevL6VCHAk9,,PAULA LOPEZ,,,2026.0,,SOBS-EJM-P-2026-573,S579,,,100.0,TERMINADO,SOBS-EJM-SUP-2026-573,,,,,2026-06-13 18:13:51.821,104 PARQUE FELIPE ANGELES,0101000020E6100000E1B4E0455FC758C0C97553CA6B613340,19.380551,-99.11519
904,PLATSOBSE_DGSUS_BALON_BARRIO_110_PILARES_IXTLAHUACAN_110,1573b4e0-b988-4764-8eae-634512e6614b,110 PILARES IXTLAHUACAN,IZTAPALAPA,IZTLAHUACAN,,AVENIDA LAZARO CARDENAS S/N,https://maps.app.goo.gl/2jMeJ3WrmhcL12AK8,,PAULA LOPEZ,,,2026.0,,SOBS-EJM-P-2026-574,S580,,,100.0,INAUGURADA,SOBS-EJM-SUP-2026-574,,,,,2026-06-13 18:13:51.821,110 PILARES IXTLAHUACAN,0101000020E61000002F6EA301BCBF58C02843554CA5573340,19.342366,-98.99585
905,PLATSOBSE_DGSUS_BALON_BARRIO_148_PARQUE_TECUICHE_CHESPIRITO_148,4dc14e39-9946-4b22-b7d9-4e2cafbbfbb8,148 PARQUE TECUICHE/CHESPIRITO,COYOACÁN,PEDREGAL DE SANTA URSULA,,"SAN ALEJANDRO S/N, PEDREGAL DE STA ÚRSULA, COYOACÁN, 04600 CIUDAD DE MÉXICO, CDMX",https://maps.app.goo.gl/Ym25A5duUiVWhpQP9,,PAULA LOPEZ,,,2026.0,,SOBS-EJM-P-2026-575,S581,,,100.0,INAUGURADA,SOBS-EJM-SUP-2026-575,,,,,2026-06-13 18:13:51.821,148 PARQUE TECUICHE/CHESPIRITO,0101000020E6100000FDF675E09CC958C0FF058200194E3340,19.305069,-99.1502
906,PLATSOBSE_DGSUS_BALON_BARRIO_136_CALPULLI_136,a9da0e63-81b9-4154-9b8f-0d6ee8552eb3,136 CALPULLI,AZCAPOTZALCO,EL ROSARIO,,"C. ALBAÑILES, EL ROSARIO, AZCAPOTZALCO, 02100 CIUDAD DE MÉXICO, CDMX",https://maps.app.goo.gl/CGzd1w7QurGt7tSS9,,PAULA LOPEZ,,,2026.0,,SOBS-EJM-P-2026-576,S582,,,100.0,TERMINADO,SOBS-EJM-SUP-2026-576,,,,,2026-06-13 18:13:51.821,136 CALPULLI,0101000020E61000002905DD5ED2CC58C045A165DD3F823340,19.508787,-99.20034
907,PLATSOBSE_DGCOP_BALON_BARRIO_203_PILARES_ATLAMPA_203,85d83ab1-e813-4e9c-ab34-57fbfe930681,203 PILARES ATLAMPA,CUAUHTÉMOC,ATLAMPA,,CERRADA DE CEDRO 561,https://maps.app.goo.gl/dqB7Z6w2wi4Rc5eM9,,PAULA LOPEZ,,,2026.0,,SOBS-EJM-P-2026-577,S583,,,100.0,INAUGURADA,SOBS-EJM-SUP-2026-577,,,,,2026-06-13 18:13:51.821,203 PILARES ATLAMPA,0101000020E6100000CE70033E3FCA58C03BA759A0DD753340,19.460413,-99.16011
908,PLATSOBSE_DGPEST_BALON_BARRIO_274_PILARES_ANAHUAC_274,03cfdadd-5623-4b44-a754-bc0e2e3ee2fd,274 PILARES ANAHUAC,IZTAPALAPA,GRANJAS ESTRELLA,,MONZON S/N ESQ. CERRADA ANAHUAC,https://maps.app.goo.gl/Ac5whiH451gQHUPTA,,PAULA LOPEZ,,,2026.0,,SOBS-EJM-P-2026-578,S584,,,100.0,INAUGURADA,SOBS-EJM-SUP-2026-578,,,,,2026-06-13 18:13:51.821,274 PILARES ANAHUAC,0101000020E6100000132C0E677EC558C045D4449F8F523340,19.322504,-99.08584
909,PLATSOBSE_DGCOP_BALON_BARRIO_178_MULTICANCHA_E_MOLINA_Y_OTE_87_178,02d097b0-52fc-4e1a-8cfc-0d5c18a0ddd5,178 MULTICANCHA E. MOLINA Y OTE 87,GUSTAVO A. MADERO,LA JOYA,,"Eduardo Molina, La Joya, Gustavo A. Madero, 07890 Ciudad de México, CDMX",https://maps.app.goo.gl/xkFYs2JJ7LLW7hRw9,,PAULA LOPEZ,,,2026.0,,SOBS-EJM-P-2026-579,S585,,,100.0,TERMINADO,SOBS-EJM-SUP-2026-579,,,,,2026-06-13 18:13:51.821,178 MULTICANCHA E. MOLINA Y OTE 87,0101000020E6100000B381CF6ADCC658C0E6797077D6743340,19.456398,-99.107203
910,PLATSOBSE_DGCOP_BALON_BARRIO_185_DEPORTIVO_MANUEL_M_PONCE_185,a630512e-86d3-46ed-abdd-41fab54b1714,"185 DEPORTIVO ""MANUEL M. PONCE""",GUSTAVO A. MADERO,SAN PEDRO ZACATENCO,,"ESQUINA VIÑA DEL MAR, SANTIAGO DE CHILE 9, SAN PEDRO ZACATENCO, GUSTAVO A. MADERO, 07360 CIUDAD DE MÉXICO, CDMX",https://maps.app.goo.gl/yd7AA67QrG1Yo27K6,,PAULA LOPEZ,,,2026.0,,SOBS-EJM-P-2026-580,S586,,,100.0,INAUGURADA,SOBS-EJM-SUP-2026-580,,,,,2026-06-13 18:13:51.821,"185 DEPORTIVO ""MANUEL M. PONCE""",0101000020E6100000AED3484BE5C758C0B3EE1F0BD1813340,19.507096,-99.12337
911,PLATSOBSE_DGOIV_BALON_BARRIO_84_MULTICANCHA_GLORIETA_QUIROGA_84,9b98a31c-a407-4091-b061-cec57413a015,84 MULTICANCHA GLORIETA QUIROGA,ÁLVARO OBREGÓN,SANTA FE,,"Simon Bolívar, Santa Fe, Carlos A. Madrazo, Álvaro Obregón, 01320 Ciudad de México, CDMX",https://maps.app.goo.gl/hPAKZtYKvNUYW8CE9,,PAULA LOPEZ,,,2026.0,,SOBS-EJM-P-2026-581,S587,,,100.0,INAUGURADA,SOBS-EJM-SUP-2026-581,,,,,2026-06-13 18:13:51.821,84 MULTICANCHA GLORIETA QUIROGA,0101000020E610000020B58993FBCF58C00458E4D70F613340,19.379148,-99.24973
912,PLATSOBSE_DGCOP_BALON_BARRIO_191_PILARES_MAGDALENA_DE_LAS_SALINAS_191,c4c5963e-f94a-4c34-ab3b-a5933ebf02a5,191 PILARES MAGDALENA DE LAS SALINAS,GUSTAVO A. MADERO,MAGDALENA DE LAS SALINAS,,PONIENTE 114 S/N,https://maps.app.goo.gl/8AnKaTU8C8846W1c6,,PAULA LOPEZ,,,2026.0,,SOBS-EJM-P-2026-582,S588,,,100.0,INAUGURADA,SOBS-EJM-SUP-2026-582,,,,,2026-06-13 18:13:51.821,191 PILARES MAGDALENA DE LAS SALINAS,0101000020E6100000A12DE7525CC958C08410902FA17A3340,19.479022,-99.14626
913,PLATSOBSE_DGPEST_BALON_BARRIO_267_CANCHAS_MANUEL_GONZALEZ_267,404c6178-9263-470f-b85e-653b0499478d,267 CANCHAS MANUEL GONZALEZ,IZTAPALAPA,PRESIDENTES DE MEXICO,,"Manuel González 17, Presidentes de México, Iztapalapa, 09740 Ciudad de México, CDMX",https://maps.app.goo.gl/nGCMSPrVKnXJhiZq8,,PAULA LOPEZ,,,2026.0,,SOBS-EJM-P-2026-583,S589,,,100.0,INAUGURADA,SOBS-EJM-SUP-2026-583,,,,,2026-06-13 18:13:51.821,267 CANCHAS MANUEL GONZALEZ,0101000020E61000006BB75D68AEC358C05A2A6F4738553340,19.33289,-99.05752
914,PLATSOBSE_DGSUS_BALON_BARRIO_509_CAMPAMENTO_2_DE_OCTUBRE_509,262eac71-e40b-4c74-b9f4-19df101a61d5,509 CAMPAMENTO 2 DE OCTUBRE,IZTACALCO,CAMPAMENTO DOS DE OCTUBRE,,"Campamento 2 de Octubre, Iztacalco, 08930 Ciudad de México, CDMX",https://maps.app.goo.gl/t5QLww8dTZCnhknA9,,PAULA LOPEZ,,,2026.0,,SOBS-EJM-P-2026-584,S590,,,100.0,TERMINADO,SOBS-EJM-SUP-2026-584,,,,,2026-06-13 18:13:51.821,509 CAMPAMENTO 2 DE OCTUBRE,0101000020E6100000D446753A90C758C0664E97C5C4623340,19.385815,-99.118178
915,PLATSOBSE_DGPEST_BALON_BARRIO_306_DEPORTIVO_SAN_LUCAS_XOCHIMANCA_306,a971f0eb-4c4b-489c-b072-ea993e8eba87,306 DEPORTIVO SAN LUCAS XOCHIMANCA,XOCHIMILCO,SAN LUCAS XOCHIMANCA,,"AV ACUEDUCTO &, CAMINO ANTIGUO A SAN LUCAS ESQUINA, SAN LUCAS XOCHIMANCA, XOCHIMILCO, 16300 CIUDAD DE MÉXICO, CDMX",https://maps.app.goo.gl/5pDBSmkjLDdXYL4T7,,PAULA LOPEZ,,,2026.0,,SOBS-EJM-P-2026-585,S591,,,100.0,INAUGURADA,SOBS-EJM-SUP-2026-585,,,,,2026-06-13 18:13:51.821,306 DEPORTIVO SAN LUCAS XOCHIMANCA,0101000020E6100000AEF204C24EC758C0923D42CD903E3340,19.244397,-99.114182
916,PLATSOBSE_DGPEST_BALON_BARRIO_307_DEPORTIVO_SAN_LUCAS_XOCHIMANCA_307,94cacf67-3fb5-4cd7-9296-a4fcc4ffd8aa,307 DEPORTIVO SAN LUCAS XOCHIMANCA,XOCHIMILCO,SAN LUCAS XOCHIMANCA,,"AV ACUEDUCTO &, CAMINO ANTIGUO A SAN LUCAS ESQUINA, SAN LUCAS XOCHIMANCA, XOCHIMILCO, 16300 CIUDAD DE MÉXICO, CDMX",https://maps.app.goo.gl/3Ec6TDK4mXN5kt977,,PAULA LOPEZ,,,2026.0,,SOBS-EJM-P-2026-586,S592,,,100.0,INAUGURADA,SOBS-EJM-SUP-2026-586,,,,,2026-06-13 18:13:51.821,307 DEPORTIVO SAN LUCAS XOCHIMANCA,0101000020E610000041D47D0052C758C081069B3A8F3E3340,19.244373,-99.11438
917,PLATSOBSE_DGPEST_BALON_BARRIO_284_SANTA_ANA_TLACOTENCO_284,4f8db4f6-4f0a-4d48-9ce6-96b79db57c43,284 SANTA ANA TLACOTENCO,MILPA ALTA,SANTA ANA TLACOTENCO,,"Niños Heroes, Santa Ana Tlacotenco, San Miguel, Milpa Alta, 12930 Ciudad de México, CDMX",https://maps.app.goo.gl/XwtpfX589PAvcVQJ9,,PAULA LOPEZ,,,2026.0,,SOBS-EJM-P-2026-587,S593,,,100.0,TERMINADO,SOBS-EJM-SUP-2026-587,,,,,2026-06-13 18:13:51.821,284 SANTA ANA TLACOTENCO,0101000020E6100000392861A6EDBF58C016DC0F78602C3340,19.173347,-98.99888
918,PLATSOBSE_DGSUS_BALON_BARRIO_511_CHICOASEN_511,69063357-3146-41ef-ae2a-597b99edc9c5,511 CHICOASEN,TLALPAN,PEDREGAL DE SN NICOLAS 2A SECC,,"Parque Canino Chicoasen, Av. Chicoasen 202, Lomas de Padierna, Tlalpan, 14240 Ciudad de México, CDMX",https://maps.app.goo.gl/49DovJ8tdoBagov4A,,PAULA LOPEZ,,,2026.0,,SOBS-EJM-P-2026-588,S594,,,100.0,INAUGURADA,SOBS-EJM-SUP-2026-588,,,,,2026-06-13 18:13:51.821,511 CHICOASEN,0101000020E61000004DBB9866BACE58C03D64CA87A04A3340,19.291512,-99.230127
919,PLATSOBSE_DGSUS_BALON_BARRIO_508_PARQUE_CERRITO_TEZONTLE_508,39e8e044-0444-4532-8dd5-0ac524511e97,508 PARQUE CERRITO TEZONTLE,IZTAPALAPA,XALPA,,"Piscis S/N, Xalpa, Iztapalapa, 09640 Ciudad de México, CDMX",https://maps.app.goo.gl/kmSUn5MSMdd25hvU9,,PAULA LOPEZ,,,2026.0,,SOBS-EJM-P-2026-589,S595,,,100.0,INAUGURADA,SOBS-EJM-SUP-2026-589,,,,,2026-06-13 18:13:51.821,508 PARQUE CERRITO TEZONTLE,0101000020E6100000B9C1508715C158C074081C0934583340,19.344544,-99.016939
920,PLATSOBSE_DGSUS_BALON_BARRIO_510_CHICOASEN_510,7417e015-7be6-450d-9e86-9ed007e1d634,510 CHICOASEN,TLALPAN,PEDREGAL DE SN NICOLAS 2A SECC,,"Tizimín 311, Pedregal de San Nicolás 2da Secc, Tlalpan, 14240 Ciudad de México, CDMX",https://maps.app.goo.gl/FbMPbogmCoxpuiB39,,PAULA LOPEZ,,,2026.0,,SOBS-EJM-P-2026-590,S596,,,100.0,INAUGURADA,SOBS-EJM-SUP-2026-590,,,,,2026-06-13 18:13:51.821,510 CHICOASEN,0101000020E6100000D34F38BBB5CE58C0CB845FEAE7493340,19.288695,-99.229842
921,PLATSOBSE_DGSUS_BALON_BARRIO_238_P_ALEGRIA_CAMELLON_EJE_4_ORIENTE_238,841d2e45-19b0-49ef-9839-c4def2db7f32,238 P. ALEGRIA CAMELLON EJE 4 ORIENTE,IZTACALCO,AGRICOLA PANTITLAN,,"PROLONGACION CANAL RIO CHURUBUSCO Agrícola Pantitlán, Iztacalco, 08100 Ciudad de México, CDMX",https://maps.app.goo.gl/Kfpau4KKuvniFj7c7,,PAULA LOPEZ,,,2026.0,,SOBS-EJM-P-2026-591,S597,,,100.0,INAUGURADA,SOBS-EJM-SUP-2026-591,,,,,2026-06-13 18:13:51.821,238 P. ALEGRIA CAMELLON EJE 4 ORIENTE,0101000020E61000000D54C6BFCFC458C0B14E95EF19693340,19.410552,-99.07518
922,PLATSOBSE_DGOIV_BALON_BARRIO_62_MULTICANCHA_TIXKOKOB_Y_YAXCABA_62,09931ed6-2124-47a5-803b-863c9c3d935f,62 MULTICANCHA TIXKOKOB Y YAXCABA,TLALPAN,PEDREGAL DE SAN NICOLAS 2DA SECCION,,TIXKOKOB Y YAXCABA,https://maps.app.goo.gl/TugHwBTWMhPUdbQj8,,PAULA LOPEZ,,,2026.0,,SOBS-EJM-P-2026-592,S598,,,100.0,TERMINADO,SOBS-EJM-SUP-2026-592,,,,,2026-06-13 18:13:51.821,62 MULTICANCHA TIXKOKOB Y YAXCABA,0101000020E6100000AF777FBC57CF58C0DBA50D87A5493340,19.287682,-99.23973
923,PLATSOBSE_DGSUS_BALON_BARRIO_137_CAMPAMENTO_2_DE_OCTUBRE_137,0d89882c-7af2-4faa-9ea6-e51fdca34d9a,137 CAMPAMENTO 2 DE OCTUBRE,IZTACALCO,CAMPAMENTO 2 DE OCTUBRE,,"AV. JUAN N. ÁLVAREZ CAMPAMENTO 2 DE OCTUBRE, IZTACALCO",https://maps.app.goo.gl/eaDW9Kh5UmAcA3kd6,,PAULA LOPEZ,,,2026.0,,SOBS-EJM-P-2026-593,S599,,,99.68,EN PROCESO,SOBS-EJM-SUP-2026-593,,,,,2026-06-13 18:13:51.821,137 CAMPAMENTO 2 DE OCTUBRE,0101000020E6100000FDF675E09CC758C0C11E1329CD623340,19.385943,-99.11895
924,PLATSOBSE_DGOIV_BALON_BARRIO_25_MULTICANCHA_PARQUE_ARBOLEDAS_25,b8dbca93-8bfb-4740-9e7b-9a30d2c8f24f,25 MULTICANCHA PARQUE ARBOLEDAS,BENITO JUÁREZ,DEL VALLE CENTRO,,"HERIBERTO FRÍAS 921, COL DEL VALLE CENTRO, BENITO JUÁREZ, 03100 CIUDAD DE MÉXICO, CDMX",https://maps.app.goo.gl/6RpDLuRGzsTsGCHB7,,PAULA LOPEZ,,,2026.0,,SOBS-EJM-P-2026-594,S600,,,100.0,TERMINADO,SOBS-EJM-SUP-2026-594,,,,,2026-06-13 18:13:51.821,25 MULTICANCHA PARQUE ARBOLEDAS,0101000020E6100000E657738060CA58C03D29931ADA603340,19.378328,-99.16214
925,PLATSOBSE_DGSUS_BALON_BARRIO_90_CANCHA_CAMELLON_ZACAHITZCO_90,8ee107f9-21bc-4f0a-a6ac-132c9bd94740,90 CANCHA CAMELLON ZACAHITZCO,IZTAPALAPA,CARMEN,,"AV. PDTE. PLUTARCO ELÍAS CALLES 1463, CARMEN, BENITO JUÁREZ, 03540 CIUDAD DE MÉXICO, CDMX",https://maps.app.goo.gl/ykp5EpBuUamMsZ6a6,,PAULA LOPEZ,,,2026.0,,SOBS-EJM-P-2026-595,S601,,,100.0,INAUGURADA,SOBS-EJM-SUP-2026-595,,,,,2026-06-13 18:13:51.821,90 CANCHA CAMELLON ZACAHITZCO,0101000020E61000002DCF83BBB3C858C0C365153603603340,19.375049,-99.13597
926,PLATSOBSE_DGOT_BALON_BARRIO_228_PILARES_BUENOS_AIRES_RATON_MACA_AS_228,088f865c-8ad4-4185-aa44-e0ef3dc32707,228 PILARES BUENOS AIRES (RATON MACAÑAS),CUAUHTÉMOC,BUENOS AIRES,,DR. ANDRADE 401,https://maps.app.goo.gl/Cjkk5fw8nWgNmQqRA,,PAULA LOPEZ,,,2026.0,,SOBS-EJM-P-2026-596,S602,,,100.0,INAUGURADA,SOBS-EJM-SUP-2026-596,,,,,2026-06-13 18:13:51.821,228 PILARES BUENOS AIRES (RATON MACAÑAS),0101000020E6100000E10B93A982C958C006A051BAF4673340,19.406078,-99.1486
927,PLATSOBSE_DGOIV_BALON_BARRIO_63_CANCHA_PARQUE_GUADALUPE_VICTORIA_63,74c6eeb7-b2cc-4293-a9cf-a986ba7cb56d,63 CANCHA PARQUE GUADALUPE VICTORIA,VENUSTIANO CARRANZA,ZONA CENTRO,,"ZONA CENTRO, VENUSTIANO CARRANZA, 15100 CIUDAD DE MÉXICO, CDMX",https://maps.app.goo.gl/ZZz6zoLekBozNCgi6,,PAULA LOPEZ,,,2026.0,,SOBS-EJM-P-2026-597,S603,,,100.0,INAUGURADA,SOBS-EJM-SUP-2026-597,,,,,2026-06-13 18:13:51.821,63 CANCHA PARQUE GUADALUPE VICTORIA,0101000020E6100000D76D50FBADC758C0355EBA490C6E3340,19.429875,-99.119994
928,PLATSOBSE_DGOIV_BALON_BARRIO_17_PILARES_LA_COMUNA_17,93bb0cd2-9bbb-48f1-b3c3-22ed2bda3457,17 PILARES LA COMUNA,ÁLVARO OBREGÓN,OLIVAR DEL CONDE 2A SECCION,,RICARDO FLORES MAGON S/N,https://maps.app.goo.gl/7WMs2bb5WzyZ9wwi6,,PAULA LOPEZ,,,2026.0,,SOBS-EJM-P-2026-598,S604,,,100.0,TERMINADO,SOBS-EJM-SUP-2026-598,,,,,2026-06-13 18:13:51.821,17 PILARES LA COMUNA,0101000020E6100000FD135CACA8CD58C00EF3E505D85F3340,19.37439,-99.21342
929,PLATSOBSE_DGOT_BALON_BARRIO_239_PILARES_COPIL_239,57b925e2-6ace-4d4f-8a97-934468d07d1d,239 PILARES COPIL,VENUSTIANO CARRANZA,PENON DE LOS BANOS,,"Chimalhuacán s/n, Peñón de los Baños, Venustiano Carranza, 15520 Ciudad de México, CDMX",https://maps.app.goo.gl/zjpm695BFY1NbxxD6,,PAULA LOPEZ,,,2026.0,,SOBS-EJM-P-2026-599,S605,,,100.0,INAUGURADA,SOBS-EJM-SUP-2026-599,,,,,2026-06-13 18:13:51.821,239 PILARES COPIL,0101000020E6100000280EA0DF77C558C0ACA7FBA5EA6F3340,19.437174,-99.085442
930,PLATSOBSE_DGOIV_BALON_BARRIO_21_PILARES_JALALPA_TEPITO_21,09602dfa-fc95-49ef-b92e-7e8623e1fe7e,21 PILARES JALALPA TEPITO,ÁLVARO OBREGÓN,JALALPA TEPITO,,ENCINAL S/N,https://maps.app.goo.gl/6PMkcETKqgjnjSBn7,,PAULA LOPEZ,,,2026.0,,SOBS-EJM-P-2026-600,S606,,,100.0,INAUGURADA,SOBS-EJM-SUP-2026-600,,,,,2026-06-13 18:13:51.821,21 PILARES JALALPA TEPITO,0101000020E610000017821C9430CF58C06B0E10CCD15F3340,19.374295,-99.23734
931,PLATSOBSE_DGOIV_BALON_BARRIO_76_DEPORTIVO_PIRA_A_76,cf690623-255e-4eb1-87a5-8b3c7e81de8f,76 DEPORTIVO PIRAÑA,TLÁHUAC,DEL MAR,,"Col del Mar, Tláhuac, 13270 Ciudad de México, CDMX",https://maps.app.goo.gl/rb7kBLVL49BCaPm57,,PAULA LOPEZ,,,2026.0,,SOBS-EJM-P-2026-601,S607,,,100.0,TERMINADO,SOBS-EJM-SUP-2026-601,,,,,2026-06-13 18:13:51.821,76 DEPORTIVO PIRAÑA,0101000020E6100000C345EEE9EAC358C009168733BF4A3340,19.29198,-99.061213
932,PLATSOBSE_DGOT_BALON_BARRIO_98_CANCHA_PLAZA_CIVICA_DEL_CARMEN_98,992b4222-f9d9-47f1-b2e7-2668fa567900,98 CANCHA PLAZA CIVICA DEL CARMEN,VENUSTIANO CARRANZA,PUEBLO PENON DE LOS BANOS,,"DURANGO 135-149, PEÑÓN DE LOS BAÑOS, VENUSTIANO CARRANZA, 15520 CIUDAD DE MÉXICO, CDMX",https://maps.app.goo.gl/tw8br4PJ5QSYUJD98,,PAULA LOPEZ,,,2026.0,,SOBS-EJM-P-2026-602,S608,,,100.0,INAUGURADA,SOBS-EJM-SUP-2026-602,,,,,2026-06-13 18:13:51.821,98 CANCHA PLAZA CIVICA DEL CARMEN,0101000020E61000001A868F8829C558C090847D3B89703340,19.439594,-99.08066
934,PLATSOBSE_DGCOP_BALON_BARRIO_179_ACADEMIA_TORTUGAS_EDUARDO_MOLINA_Y_ESTA_O_179,94f0b169-5a37-4b0c-a3a2-bbc0cc15a7eb,179 ACADEMIA TORTUGAS / EDUARDO MOLINA Y ESTAÑO,VENUSTIANO CARRANZA,20 DE NOVIEMBRE,,"EDUARDO MOLINA ESQUINA ESTAÑO 20 de Noviembre, Venustiano Carranza, Ciudad de México, CDMX",https://maps.app.goo.gl/pDHiXdTmMdW4Tgbs6,,PAULA LOPEZ,,,2026.0,,SOBS-EJM-P-2026-603,S609,,,100.0,TERMINADO,SOBS-EJM-SUP-2026-603,,,,,2026-06-13 18:13:51.821,179 ACADEMIA TORTUGAS / EDUARDO MOLINA Y ESTAÑO,0101000020E6100000CC4065FCFBC658C0F165A208A9733340,19.451798,-99.10913
935,PLATSOBSE_DGOT_BALON_BARRIO_227_PARQUE_EX_HIPODROMO_227,3e31b526-929b-48ac-afb6-640da3905e93,227 PARQUE EX HIPODROMO,CUAUHTÉMOC,EX HIPODROMO DE PERALVILLO,,VALLEJO Y SAN SIMON,https://maps.app.goo.gl/sukdL3wcdakTxxiNA,,PAULA LOPEZ,,,2026.0,,SOBS-EJM-P-2026-604,S610,,,100.0,TERMINADO,SOBS-EJM-SUP-2026-604,,,,,2026-06-13 18:13:51.821,227 PARQUE EX HIPODROMO,0101000020E61000003ECBF3E0EEC858C0CAC0012D5D753340,19.458453,-99.13958
936,PLATSOBSE_DGCOP_BALON_BARRIO_205_PILARES_BUENAVISTA_PARQUE_ABASOLO_2_205,5461238e-ac86-4880-85f3-90d976138d98,205 PILARES BUENAVISTA (PARQUE ABASOLO) 2,CUAUHTÉMOC,BUENAVISTA,,EJE 1 PONIENTE GUERRERO S/N,https://maps.app.goo.gl/VRTStgnif3U2UEH6A,,PAULA LOPEZ,,,2026.0,,SOBS-EJM-P-2026-605,S611,,,100.0,INAUGURADA,SOBS-EJM-SUP-2026-605,,,,,2026-06-13 18:13:51.821,205 PILARES BUENAVISTA (PARQUE ABASOLO) 2,0101000020E61000003EEDF0D764C958C0EB8D5A61FA723340,19.449133,-99.14678
937,PLATSOBSE_DGOT_BALON_BARRIO_232_CANCHA_PARQUE_JOSE_CASTILLO_FARRERAS_232,efe9295f-b64e-4431-b8ec-10eb223d475c,232 CANCHA PARQUE JOSE CASTILLO FARRERAS,VENUSTIANO CARRANZA,MOCTEZUMA 2A SECCION,,"AV. DE LA INDUSTRIA 260, MOCTEZUMA 2DA SECC, VENUSTIANO CARRANZA, 15530 CIUDAD DE MÉXICO, CDMX",https://maps.app.goo.gl/5eA3YnEMUwmLh4xG7,,PAULA LOPEZ,,,2026.0,,SOBS-EJM-P-2026-606,S612,,,100.0,INAUGURADA,SOBS-EJM-SUP-2026-606,,,,,2026-06-13 18:13:51.821,232 CANCHA PARQUE JOSE CASTILLO FARRERAS,0101000020E61000002E73BA2C26C658C0DF6DDE3829703340,19.438129,-99.09608
938,PLATSOBSE_DGPEST_BALON_BARRIO_266_XOTEPINGO_COY_266,6a27ede1-5c0d-4e3e-a777-3465687e34a3,266 XOTEPINGO/COY,COYOACÁN,XOTEPINGO,,"Av. Xotepingo s/n, Cd Jardín, Coyoacán, 04370 Ciudad de México, CDMX",https://maps.app.goo.gl/LjTQD1xjjhoyGLb89,,PAULA LOPEZ,,,2026.0,,SOBS-EJM-P-2026-607,S613,,,100.0,INAUGURADA,SOBS-EJM-SUP-2026-607,,,,,2026-06-13 18:13:51.821,266 XOTEPINGO/COY,0101000020E6100000FAB31F2922C958C09BC761307F553340,19.333972,-99.14271
939,PLATSOBSE_DGSUS_BALON_BARRIO_146_CAMPAMENTO_2_DE_OCTUBRE_146,00aa4e4a-7f2e-41cc-a527-fbb2ab55f6c1,146 CAMPAMENTO 2 DE OCTUBRE,IZTACALCO,CAMPAMENTO 2 DE OCTUBRE,,"AV. JUAN N. ÁLVAREZ CAMPAMENTO 2 DE OCTUBRE, IZTACALCO",https://maps.app.goo.gl/CfFcZ7vJEbNdthuy8,,PAULA LOPEZ,,,2026.0,,SOBS-EJM-P-2026-608,S614,,,100.0,TERMINADO,SOBS-EJM-SUP-2026-608,,,,,2026-06-13 18:13:51.821,146 CAMPAMENTO 2 DE OCTUBRE,0101000020E6100000B62DCA6C90C758C0A73D25E7C4623340,19.385817,-99.11819
940,PLATSOBSE_DGCOP_BALON_BARRIO_204_PILARES_ATLAMPA_204,51471277-7c00-4ba6-8d84-38b92032765b,204. PILARES ATLAMPA,CUAUHTEMOC,ATLAMPA,,CERRADA DE CEDRO 561,https://maps.app.goo.gl/dqB7Z6w2wi4Rc5eM9,,PAULA LOPEZ,,,2026.0,,SOBS-EJM-P-2026-609,S615,,,100.0,INAUGURADA,SOBS-EJM-SUP-2026-609,,,,,2026-06-13 18:13:51.821,204. PILARES ATLAMPA,0101000020E6100000BC0512143FCA58C004CAA65CE1753340,19.46047,-99.1601
941,PLATSOBSE_DGOIV_BALON_BARRIO_75_CANCHA_CASA_DE_LA_MUJER_75,39601c15-e6d0-422a-9236-665d1c5736e4,75. CANCHA CASA DE LA MUJER,MAGDALENA CONTRERAS,SAN BERNABE OCOTEPEC,,"Cda soledad, San Bernab� Ocotepec, La Magdalena Contreras, 10300 Ciudad de M�xico, CDMX",https://maps.app.goo.gl/LSPVPAp75znTVHfD7,,PAULA LOPEZ,,,2026.0,,SOBS-EJM-P-2026-610,S616,,,100.0,TERMINADO,SOBS-EJM-SUP-2026-610,,,,,2026-06-13 18:13:51.821,75. CANCHA CASA DE LA MUJER,0101000020E6100000581CCEFC6AD058C057B26323104F3340,19.30884,-99.25653
942,PLATSOBSE_DGSUS_BALON_BARRIO_507_PILARES_ERNESTO_CHE_GUEVARA_507,3d73196e-c4a1-4dd4-918f-6f2a257d143b,507 PILARES ERNESTO CHE GUEVARA,IZTAPALAPA,EJÉRCITO DE ORIENTE ZONA PEÑÓN,,"Carlos Pacheco, Ejército de Oriente Zona Peñón, Iztapalapa, 09239 Ciudad de México, CDMX",https://maps.app.goo.gl/kpRaGNkvQY3opajj8,,PAULA LOPEZ,,,2026.0,,SOBS-EJM-P-2026-611,S617,,,100.0,INAUGURADA,SOBS-EJM-SUP-2026-611,,,,,2026-06-13 18:13:51.821,507 PILARES ERNESTO CHE GUEVARA,0101000020E6100000C7F2AE7AC0C158C0180B43E4F45D3340,19.367018,-99.027373
943,PLATSOBSE_DGCOP_BALON_BARRIO_190_DEPORTIVO_100_METROS_190,931dbbcb-7597-4430-ab7f-60ea7eaa4922,"190 DEPORTIVO ""100 METROS""",GUSTAVO A. MADERO,NUEVA INDUSTRIAL VALLEJO,,"NUEVA INDUSTRIAL VALLEJO, GUSTAVO A. MADERO, 07700 CIUDAD DE MÉXICO, CDMX",https://maps.app.goo.gl/tTn2gRo8fX9Um5NE8,,PAULA LOPEZ,,,2026.0,,SOBS-EJM-P-2026-612,S618,,,100.0,TERMINADO,SOBS-EJM-SUP-2026-612,,,,,2026-06-13 18:13:51.821,"190 DEPORTIVO ""100 METROS""",0101000020E6100000CB2DAD86C4C958C0C364AA6054823340,19.5091,-99.15262
944,PLATSOBSE_DGSUS_BALON_BARRIO_126_PARQUE_DEPORTIVO_HUITZICO_126,626dcf13-333e-46a0-81f1-d85f509ae32e,126 PARQUE DEPORTIVO HUITZICO,IZTAPALAPA,HUITZICO,,"EMILIANO ZAPATA, IZTAPALAPA, 13119 CIUDAD DE MÉXICO, CDMX",https://maps.app.goo.gl/cH47XQi9CTgrTN2U8,,PAULA LOPEZ,,,2026.0,,SOBS-EJM-P-2026-613,S619,,,100.0,INAUGURADA,SOBS-EJM-SUP-2026-613,,,,,2026-06-13 18:13:51.821,126 PARQUE DEPORTIVO HUITZICO,0101000020E6100000ED0DBE3099BE58C00C01C0B167533340,19.325801,-98.9781
945,PLATSOBSE_DGCOP_BALON_BARRIO_174_HIDROGENO_Y_URANO_174,0aa59b25-9653-46e5-a1a1-af625f90aa4d,174 HIDROGENO Y URANO,AZCAPOTZALCO,EL ROSARIO,,"Uranio 22, El Rosario, Azcapotzalco, 02100 Ciudad de México, CDMX",https://maps.app.goo.gl/D2Qnsw3AmppZwB7KA,,PAULA LOPEZ,,,2026.0,,SOBS-EJM-P-2026-614,S620,,,90.0,EN PROCESO,SOBS-EJM-SUP-2026-614,,,,,2026-06-13 18:13:51.821,174 HIDROGENO Y URANO,0101000020E61000004F2734A4E5CC58C09A492FC5B0823340,19.51051,-99.201516
946,PLATSOBSE_DGSUS_BALON_BARRIO_506_KID_AZTECA_III_506,a029d2f0-6ede-47d6-8974-8778f8f67d60,506 KID AZTECA III,CUAUHTÉMOC,MORELOS II,,"Tenochtitlan, Tepito, Morelos, Cuauhtémoc, 06200 Ciudad de México, CDMX",https://maps.app.goo.gl/W8xGHApwTThAyaoo6,,PAULA LOPEZ,,,2026.0,,SOBS-EJM-P-2026-615,S621,,,100.0,TERMINADO,SOBS-EJM-SUP-2026-615,,,,,2026-06-13 18:13:51.821,506 KID AZTECA III,0101000020E6100000BB9A3C6535C858C0FFE6C589AF723340,19.447991,-99.128259
947,PLATSOBSE_DGOIV_BALON_BARRIO_28_PILARES_AJUSCO_COYOACAN_CANTERA_28,5989524e-60a5-46b0-8f38-3ce743597e45,28 PILARES AJUSCO COYOACAN (CANTERA),COYOACÁN,AJUSCO,,"AV. DEL IMÁN 263, AJUSCO, COYOACÁN, 04300 CIUDAD DE MÉXICO, CDMX",https://maps.app.goo.gl/aHghja1rUfdpXJRS9,,PAULA LOPEZ,,,2026.0,,SOBS-EJM-P-2026-616,S622,,,100.0,TERMINADO,SOBS-EJM-SUP-2026-616,,,,,2026-06-13 18:13:51.821,28 PILARES AJUSCO COYOACAN (CANTERA),0101000020E61000007B832F4CA6CA58C0D74FFF59F34F3340,19.312307,-99.1664
948,PLATSOBSE_DGPEST_BALON_BARRIO_265_VILLAS_PANAMERICANA_SECC_7_COY_265,3f24579c-2d4a-48f6-8d23-1ee637efd042,265 VILLAS PANAMERICANA SECC 7/COY,COYOACÁN,VILLA PANAMERICANA,,"Av. de la Libertad s/n, Pedregal de Carrasco, Coyoacán, 04700 Ciudad de México, CDMX",https://maps.app.goo.gl/tKLqqKYnWwtfYqJ57,,PAULA LOPEZ,,,2026.0,,SOBS-EJM-P-2026-617,S623,,,100.0,INAUGURADA,SOBS-EJM-SUP-2026-617,,,,,2026-06-13 18:13:51.821,265 VILLAS PANAMERICANA SECC 7/COY,0101000020E610000069520ABABDCA58C059349D9D0C4E3340,19.30488,-99.16783
949,PLATSOBSE_DGOT_BALON_BARRIO_236_MULTICANCHA_PARQUE_ZARAGOZA_236,46184e91-0855-4bfd-afc0-944c494f2158,236 MULTICANCHA PARQUE ZARAGOZA,VENUSTIANO CARRANZA,PUEBLA,,"CALZ. IGNACIO ZARAGOZA 505, PUEBLA, VENUSTIANO CARRANZA, 09220 CIUDAD DE MÉXICO, CDMX",https://maps.app.goo.gl/ct3SKSZXQHmg72949,,PAULA LOPEZ,,,2026.0,,SOBS-EJM-P-2026-618,S624,,,100.0,INAUGURADA,SOBS-EJM-SUP-2026-618,,,,,2026-06-13 18:13:51.821,236 MULTICANCHA PARQUE ZARAGOZA,0101000020E6100000A583F57F0EC558C09833DB15FA683340,19.410066,-99.07901
950,PLATSOBSE_DGOT_BALON_BARRIO_241_PILARES_FELIPE_ANGELES_241,994a1f68-de5e-4953-a500-4c1f4d7563bb,241 PILARES FELIPE ANGELES,VENUSTIANO CARRANZA,FELIPE ANGELES,,ESTAÑO S/N,https://maps.app.goo.gl/Lx7KKdvofGj7jF8BA,,PAULA LOPEZ,,,2026.0,,SOBS-EJM-P-2026-619,S625,,,100.0,INAUGURADA,SOBS-EJM-SUP-2026-619,,,,,2026-06-13 18:13:51.821,241 PILARES FELIPE ANGELES,0101000020E6100000139B8F6B43C758C0C7293A92CB733340,19.452325,-99.11349
951,PLATSOBSE_DGPEST_BALON_BARRIO_515_LAZARO_CARDENAS_515,fecccfdc-3c82-41c5-a268-e0ec1f0fab88,515. LAZARO CARDENAS,XOCHIMILCO,SAN LUIS TLAXIALTEMALCO,,"Cda. L�zaro C�rdenas 36, San Luis Tlaxialtemalco, Xochimilco, 16610 Ciudad de M�xico, CDMX",https://maps.app.goo.gl/jCWy4r572hXB9sY47,,PAULA LOPEZ,,,2026.0,,SOBS-EJM-P-2026-620,S626,,,100.0,TERMINADO,SOBS-EJM-SUP-2026-620,,,,,2026-06-13 18:13:51.821,515. LAZARO CARDENAS,0101000020E610000024D1CB2896C258C02503401537423340,19.258653,-99.040415
952,PLATSOBSE_DGOT_BALON_BARRIO_234_CANCHA_PLAZA_ORIENTE_30_234,9cb52206-566d-49b8-a5d8-a0bc2cf3d702,234 CANCHA PLAZA ORIENTE 30,VENUSTIANO CARRANZA,MERCED BALBUENA,,"MERCED BALBUENA, 15810 CIUDAD DE MÉXICO, CDMX",https://maps.app.goo.gl/UgETXPrriTfA1DJh7,,PAULA LOPEZ,,,2026.0,,SOBS-EJM-P-2026-621,S627,,,100.0,INAUGURADA,SOBS-EJM-SUP-2026-621,,,,,2026-06-13 18:13:51.821,234 CANCHA PLAZA ORIENTE 30,0101000020E6100000529B38B9DFC758C01D8F19A88C6B3340,19.420115,-99.12303
953,PLATSOBSE_DGOT_BALON_BARRIO_230_CANCHA_GRAN_CANAL_3_230,e6397b65-c467-4ff5-b4de-0cc99db113a1,230 CANCHA GRAN CANAL 3,VENUSTIANO CARRANZA,DAMIAN CARMONA,,"AV. GRAN CANAL DEL DESAG├╝E 390B, AMPLIACIÓN VENUSTIANO CARRANZA, VENUSTIANO CARRANZA, 15340 CIUDAD DE MÉXICO, CDMX",https://maps.app.goo.gl/Yd87rm54SoLTF9Q17,,PAULA LOPEZ,,,2026.0,,SOBS-EJM-P-2026-622,S628,,,100.0,INAUGURADA,SOBS-EJM-SUP-2026-622,,,,,2026-06-13 18:13:51.821,230 CANCHA GRAN CANAL 3,0101000020E6100000DFFDF15EB5C658C048179B560A713340,19.441564,-99.10482
954,PLATSOBSE_DGCOP_BALON_BARRIO_176_TORRE_14_FUTBOL_CALLE_2A_CDA_AV_605_176,4dc50da6-9e03-427c-923e-dd03104fb9ab,176. TORRE 14 FUTBOL CALLE 2A CDA AV 605,GUSTAVO A. MADERO,SAN JUAN DE ARAGON,,"2a. 605, San Juan de Arag�n III Secc, Gustavo A. Madero, 07970 Ciudad de M�xico, CDMX",https://maps.app.goo.gl/UXqqnpcg9dyLWKps8,,PAULA LOPEZ,,,2026.0,,SOBS-EJM-P-2026-623,S629,,,100.0,INAUGURADA,SOBS-EJM-SUP-2026-623,,,,,2026-06-13 18:13:51.821,176. TORRE 14 FUTBOL CALLE 2A CDA AV 605,0101000020E6100000164D672783C458C02A91442FA3743340,19.455615,-99.070505
955,PLATSOBSE_DGOT_BALON_BARRIO_242_PILARES_VIADUCTO_242,0268ebe8-7eca-4ccc-9170-9b09f6faa228,242 PILARES VIADUCTO,VENUSTIANO CARRANZA,JARDIN BALBUENA,,VIADUCTO RIO DE LA PIEDAD S/N,https://maps.app.goo.gl/PeLJCffQkzf87y9X6,,PAULA LOPEZ,,,2026.0,,SOBS-EJM-P-2026-624,S630,,,100.0,INAUGURADA,SOBS-EJM-SUP-2026-624,,,,,2026-06-13 18:13:51.821,242 PILARES VIADUCTO,0101000020E61000001AA3755435C758C0B97020240B683340,19.40642,-99.11263
956,PLATSOBSE_DGCOP_BALON_BARRIO_183_SAN_JUAN_DE_ARAGON_183,47cc9d83-8385-4dcf-905b-8347062c8b41,183. SAN JUAN DE ARAGON,GUSTAVO A. MADERO,SAN JUAN DE ARAGON VII SECC,,"Av 493 32, San Juan de Arag�n VII Secc, Gustavo A. Madero, 07910 Ciudad de M�xico, CDMX",https://maps.app.goo.gl/NunSdpynNFGpwWpQ8,,PAULA LOPEZ,,,2026.0,,SOBS-EJM-P-2026-625,S631,,,100.0,TERMINADO,SOBS-EJM-SUP-2026-625,,,,,2026-06-13 18:13:51.821,183. SAN JUAN DE ARAGON,0101000020E6100000AF93FAB2B4C458C0890AD5CDC5773340,19.467862,-99.073529
957,PLATSOBSE_DGOT_BALON_BARRIO_240_PILARES_FRAY_SERVANDO_240,a3930980-8d81-46b7-aede-030c3314ae6f,240 PILARES FRAY SERVANDO,VENUSTIANO CARRANZA,JARDIN BALBUENA,,FRAY SERVANDO TERESA DE MIER & FRANCISCO DEL PASO Y TRONCOSO,https://maps.app.goo.gl/xq6ERbqFJvmn7zoy9,,PAULA LOPEZ,,,2026.0,,SOBS-EJM-P-2026-626,S632,,,100.0,INAUGURADA,SOBS-EJM-SUP-2026-626,,,,,2026-06-13 18:13:51.821,240 PILARES FRAY SERVANDO,0101000020E610000077A1B94E23C758C0317903CC7C6B3340,19.419873,-99.11153
958,PLATSOBSE_DGOT_BALON_BARRIO_237_CANCHA_PARQUE_DEL_TRIANGULITO_237,650933c2-488c-4c65-b901-3f321dc96fa9,237 CANCHA PARQUE DEL TRIANGULITO,VENUSTIANO CARRANZA,ADOLFO LOPEZ MATEOS,,"AV. CANAL DE RÍO CHURUBUSCO, ADOLFO LÓPEZ MATEOS, VENUSTIANO CARRANZA, 15610 CIUDAD DE MÉXICO, CDMX",https://maps.app.goo.gl/Vroqwm3cFJ9XCn4J9,,PAULA LOPEZ,,,2026.0,,SOBS-EJM-P-2026-627,S633,,,100.0,INAUGURADA,SOBS-EJM-SUP-2026-627,,,,,2026-06-13 18:13:51.821,237 CANCHA PARQUE DEL TRIANGULITO,0101000020E61000005F5E807D74C458C0451152B7B36B3340,19.420711,-99.06961
959,PLATSOBSE_DGOT_BALON_BARRIO_248_DEPORTIVO_MOCTEZUMA_248,455d9ba6-6c2b-44c2-b9fa-7e7076f882be,248 DEPORTIVO MOCTEZUMA,VENUSTIANO CARRANZA,MOCTEZUMA 2A SECCION,,"C. OTE. 158 225, MOCTEZUMA 2DA SECC, VENUSTIANO CARRANZA, 15530 CIUDAD DE MÉXICO, CDMX",https://maps.app.goo.gl/BhAVh2pZn6YZnZ2V9,,PAULA LOPEZ,,,2026.0,,SOBS-EJM-P-2026-628,S634,,,100.0,INAUGURADA,SOBS-EJM-SUP-2026-628,,,,,2026-06-13 18:13:51.821,248 DEPORTIVO MOCTEZUMA,0101000020E6100000473D44A33BC658C0F226BF45276F3340,19.434193,-99.09739
960,PLATSOBSE_DGOT_BALON_BARRIO_254_MODULO_DEPORTIVO_C_607_254,a2ba055a-40f2-4821-86bb-94510703799e,254 MODULO DEPORTIVO C. 607,GUSTAVO A. MADERO,SAN JUAN DE ARAGON 3A SECCION (U HAB) II,,"SAN JUAN DE ARAGÓN III SECC, 07970 CIUDAD DE MÉXICO, CDMX",https://maps.app.goo.gl/AY9HVafcVkY5GDrE8,,PAULA LOPEZ,,,2026.0,,SOBS-EJM-P-2026-629,S635,,,100.0,INAUGURADA,SOBS-EJM-SUP-2026-629,,,,,2026-06-13 18:13:51.821,254 MODULO DEPORTIVO C. 607,0101000020E61000002A00C63368C458C06C76A4FACE733340,19.452377,-99.06886
961,PLATSOBSE_DGOT_BALON_BARRIO_259_AV_LEON_DE_LOS_ALMADA_Y_OTUMBA_259,3d8ea32e-5452-4827-9264-b0ce097388d5,259 AV LEON DE LOS ALMADA Y OTUMBA,GUSTAVO A. MADERO,SAN FELIPE DE JESUS,,AV. LEÓN DE LOS ALDAMA Y OTUMBA,https://maps.app.goo.gl/YJQ5gC88PUUJtTmU8,,RODOLFO GONZALES,,,2026.0,,SOBS-EJM-P-2026-630,S636,,,100.0,TERMINADO,SOBS-EJM-SUP-2026-630,,,,,2026-06-13 18:13:51.821,259 AV LEON DE LOS ALMADA Y OTUMBA,0101000020E6100000BF654E97C5C458C0AA436E861B803340,19.50042,-99.07456
962,PLATSOBSE_DGCOP_BALON_BARRIO_171_PARQUE_ARGENTINA_171,2be19e3c-e5ea-494d-a69d-dc1dee48c163,171. PARQUE ARGENTINA,MIGUEL HIDALGO,ARGENTINA ANTIGUA,,"ESQ. CON PRIV.ANGEL SILVA, C. LAGO CANEGU�N S/N, ARGENTINA ANTIGUA, MIGUEL HIDALGO, 11270 CIUDAD DE M�XICO, CDMX",https://maps.app.goo.gl/skYzEN291sCxRebv6,,RODOLFO GONZALES,,,2026.0,,SOBS-EJM-P-2026-631,S637,,,100.0,INAUGURADA,SOBS-EJM-SUP-2026-631,,,,,2026-06-13 18:13:51.821,171. PARQUE ARGENTINA,0101000020E61000000D8D278238CD58C0F6083543AA743340,19.455723,-99.206574
963,PLATSOBSE_DGCOP_BALON_BARRIO_198_CALZ_VALLEJO_198,9166bc5d-7e8e-416e-9bce-954f51addbc0,198 CALZ. VALLEJO,GUSTAVO A. MADERO,SAN JOSE DE LA ESCALERA,,"ATHLETIC FIELD, SANTA ROSA, 07630 CIUDAD DE MÉXICO, CDMX",https://maps.app.goo.gl/yJRZsDvD9xhudWhPA,,RODOLFO GONZALES,,,2026.0,,SOBS-EJM-P-2026-632,S638,,,100.0,TERMINADO,SOBS-EJM-SUP-2026-632,,,,,2026-06-13 18:13:51.821,198 CALZ. VALLEJO,0101000020E6100000CD58349D9DCA58C0C3B645990D863340,19.523645,-99.16587
964,PLATSOBSE_DGOIV_BALON_BARRIO_8_PARQUE_PLAYA_CUYUTLAN_8,411c6a6a-c74f-4e1e-bdf1-3feceaf0e1fb,8 PARQUE PLAYA CUYUTLAN,IZTACALCO,SANTIAGO SUR,,"Playa Erizo 112, Santiago Sur, Iztacalco, 08800 Ciudad de México, CDMX",https://maps.app.goo.gl/gR2D9GVzZN3hCqyo8,,RODOLFO GONZALES,,,2026.0,,SOBS-EJM-P-2026-633,S639,,,100.0,TERMINADO,SOBS-EJM-SUP-2026-633,,,,,2026-06-13 18:13:51.821,8 PARQUE PLAYA CUYUTLAN,0101000020E6100000FC523F6F2AC858C0315EF3AACE623340,19.385966,-99.12759
965,PLATSOBSE_DGCOP_BALON_BARRIO_180_EJE_3_OTE_E_MOLINA_180,9c065a4c-d54f-4deb-922e-1d29e7d6fed1,180 EJE 3 OTE / E. MOLINA,GUSTAVO A. MADERO,DM NACIONAL/NUEVA ATZACOALCO,,EDUARDO MOLINA ENTRE GABINO Y ANCHA,https://maps.app.goo.gl/ijyEufdAK78nksY1A,,RODOLFO GONZALES,,,2026.0,,SOBS-EJM-P-2026-634,S640,,,100.0,INAUGURADA,SOBS-EJM-SUP-2026-634,,,,,2026-06-13 18:13:51.821,180 EJE 3 OTE / E. MOLINA,0101000020E6100000C30DF8FC30C658C0983270404B7B3340,19.481617,-99.09674
966,PLATSOBSE_DGOIV_BALON_BARRIO_20_CANCHA_AVENIDA_JARDIN_20,7afea8c0-fd95-4643-9f6f-f397ce893bd0,20 CANCHA AVENIDA JARDIN,ÁLVARO OBREGÓN,REAL DEL MONTE / PINO SUAREZ,,"Minas Zoyopan M 4 L 11, Real del Monte, Álvaro Obregón, 01130 Ciudad de México, CDMX",https://maps.app.goo.gl/wkTBzsarVGz1dYxg8,,RODOLFO GONZALES,,,2026.0,,SOBS-EJM-P-2026-635,S641,,,100.0,INAUGURADA,SOBS-EJM-SUP-2026-635,,,,,2026-06-13 18:13:51.821,20 CANCHA AVENIDA JARDIN,0101000020E610000025581CCEFCCC58C0664D2CF015653340,19.394866,-99.20293
967,PLATSOBSE_DGSUS_BALON_BARRIO_118_CANCHA_APATLACO_118,54b3d193-4fb7-44d5-a6a4-81aa1bc48fdb,118 CANCHA APATLACO,IZTAPALAPA,PURISIMA ATLAZOLPA,,"PURÍSIMA ATLAZOLPA, IZTAPALAPA, 09429 CIUDAD DE MÉXICO, CDMX",https://maps.app.goo.gl/D985AMqT7x9hhzxm8,,RODOLFO GONZALES,,,2026.0,,SOBS-EJM-P-2026-636,S642,,,100.0,TERMINADO,SOBS-EJM-SUP-2026-636,,,,,2026-06-13 18:13:51.821,118 CANCHA APATLACO,0101000020E61000009B030473F4C658C067B5C01E13613340,19.379198,-99.10867
968,PLATSOBSE_DGOIV_BALON_BARRIO_10_CANCHA_CALLE_DALIA_10,97c9b07c-992b-4f4e-891d-b7c425a61bb3,10 CANCHA CALLE DALIA,TLÁHUAC,SAN FRANCISCO TLAHUAC,,"Zinnia 10, Francisco, Tláhuac, 13500 Ciudad de México, CDMX",https://maps.app.goo.gl/AtUGUNAoQwjyAMjN9,,RODOLFO GONZALES,,,2026.0,,SOBS-EJM-P-2026-637,S643,,,100.0,TERMINADO,SOBS-EJM-SUP-2026-637,,,,,2026-06-13 18:13:51.821,10 CANCHA CALLE DALIA,0101000020E61000009D685721E5BF58C0FD6B79E57A3F3340,19.247969,-98.99836
969,PLATSOBSE_DGOIV_BALON_BARRIO_42_A_AMACUZAC_42,e9888a67-f4dd-40ee-bc13-9390c76b5291,42 A. AMACUZAC,IZTAPALAPA,EL RETOÑO,,"Av. Amacuzac 832, El Retoño, Iztapalapa, 09440 Ciudad de México, CDMX",https://maps.app.goo.gl/JMg39MHGMayR4WVNA,,RODOLFO GONZALES,,,2026.0,,SOBS-EJM-P-2026-638,S644,,,100.0,INAUGURADA,SOBS-EJM-SUP-2026-638,,,,,2026-06-13 18:13:51.821,42 A. AMACUZAC,0101000020E610000040DEAB5626C858C09E98F562285F3340,19.37171,-99.12734
970,PLATSOBSE_DGOIV_BALON_BARRIO_48_CONSTITUYENTES_48,19df7b2c-f31a-4543-9a61-6ee061ad7fa6,48 CONSTITUYENTES,MIGUEL HIDALGO,DANIEL GARZA,,"GOBERNADOR JOSÉCEBALLOS 41, DANIEL GARZA AL PONIENTE, MIGUEL HIDALGO, 11840 CIUDAD DE MÉXICO, CDMX",https://maps.app.goo.gl/Sbd6bGRhrMGsDD536,,RODOLFO GONZALES,,,2026.0,,SOBS-EJM-P-2026-639,S645,,,100.0,TERMINADO,SOBS-EJM-SUP-2026-639,,,,,2026-06-13 18:13:51.821,48 CONSTITUYENTES,0101000020E61000003BC269C18BCC58C0CDCCCCCCCC683340,19.409375,-99.19603
971,PLATSOBSE_DGOIV_BALON_BARRIO_58_PILARES_FRAMBOYANES_58,f6b86834-96aa-40d5-9c55-07c3a4d80efd,58 PILARES FRAMBOYANES,TLALPAN,LOS FRAMBOYANES,,BALANCAN S/N,https://maps.app.goo.gl/1g11HVLH1Je8MiAw8,,RODOLFO GONZALES,,,2026.0,,SOBS-EJM-P-2026-640,S646,,,98.0,EN PROCESO,SOBS-EJM-SUP-2026-640,,,,,2026-06-13 18:13:51.821,58 PILARES FRAMBOYANES,0101000020E61000002332ACE28DCE58C0F566D47C954C3340,19.299156,-99.22741
972,PLATSOBSE_DGOIV_BALON_BARRIO_61_CANCHA_CERRO_SAN_PEDRO_61,620aff32-211e-416b-bc3a-dee5a5108d0a,61 CANCHA CERRO SAN PEDRO,TLALPAN,TLALMILLE,,"CERRO DE LAS BATALLAS S/N, TLALMILLE, TLALPAN, 14657 CIUDAD DE MÉXICO, CDMX",https://maps.app.goo.gl/gynoQuUaUjiFP8ZY7,,RODOLFO GONZALES,,,2026.0,,SOBS-EJM-P-2026-641,S647,,,100.0,TERMINADO,SOBS-EJM-SUP-2026-641,,,,,2026-06-13 18:13:51.821,61 CANCHA CERRO SAN PEDRO,0101000020E6100000AEB6627FD9CB58C01C2444F982423340,19.259811,-99.18515
973,PLATSOBSE_DGOIV_BALON_BARRIO_57_CANCHA_AVENIDA_DE_LAS_TORRES_57,7de0e2d7-8e94-4cbf-b398-b8206b493be7,57 CANCHA AVENIDA DE LAS TORRES,TLALPAN,MIGUEL HIDALGO 1A SECC,,"MIGUEL HIDALGO 2DA SECC, TLALPAN, 14260 CIUDAD DE MÉXICO, CDMX",https://maps.app.goo.gl/KpUnDphrFGCY1Y9M9,,RODOLFO GONZALES,,,2026.0,,SOBS-EJM-P-2026-642,S648,,,100.0,INAUGURADA,SOBS-EJM-SUP-2026-642,,,,,2026-06-13 18:13:51.821,57 CANCHA AVENIDA DE LAS TORRES,0101000020E61000008655BC9179CC58C00057B26323483340,19.28179,-99.19492
974,PLATSOBSE_DGSUS_BALON_BARRIO_128_PARQUE_CERRITO_TEZONTLE_128,e6461ccc-be49-460d-aefa-6d54f495c899,128 PARQUE CERRITO TEZONTLE,IZTAPALAPA,XALPA,,"XALPA, IZTAPALAPA, 09640 CIUDAD DE MÉXICO, CDMX",https://maps.app.goo.gl/LdPp3aEe3RV8j9Wr8,,RODOLFO GONZALES,,,2026.0,,SOBS-EJM-P-2026-643,S649,,,100.0,INAUGURADA,SOBS-EJM-SUP-2026-643,,,,,2026-06-13 18:13:51.821,128 PARQUE CERRITO TEZONTLE,0101000020E610000057B2632310C158C0FE0B040132583340,19.344513,-99.01661
975,PLATSOBSE_DGSUS_BALON_BARRIO_129_CANCHA_PARQUE_HIGUERA_129,b65bb217-33a0-4be5-9d08-0c313c1ba075,129 CANCHA PARQUE HIGUERA,IZTAPALAPA,LOMAS DE LA ESTANCIA,,"Piscis S/N, Xalpa, Iztapalapa, 09640 Ciudad de México, CDMX",https://maps.app.goo.gl/9UVBgydKtevgeVw68,,RODOLFO GONZALES,,,2026.0,,SOBS-EJM-P-2026-644,S650,,,100.0,INAUGURADA,SOBS-EJM-SUP-2026-644,,,,,2026-06-13 18:13:51.821,129 CANCHA PARQUE HIGUERA,0101000020E61000007E350708E6C058C0371C96067E543340,19.330048,-99.01404
976,PLATSOBSE_DGSUS_BALON_BARRIO_113_PARQUE_PERIFERICO_ORIENTE_TENOCHTITLAN_113,ee8a19c5-0cfe-47ee-8ad1-c4ba964b541f,113 PARQUE PERIFERICO ORIENTE TENOCHTITLAN,IZTAPALAPA,CHINAM PAC DE JUÁREZ,,"CHINAM PAC DE JUÁREZ, IZTAPALAPA, 09208 CIUDAD DE MÉXICO, CDMX",https://maps.app.goo.gl/wFJ681qfgF3aEovt7,,RODOLFO GONZALES,,,2026.0,,SOBS-EJM-P-2026-645,S651,,,92.0,EN PROCESO,SOBS-EJM-SUP-2026-645,,,,,2026-06-13 18:13:51.821,113 PARQUE PERIFERICO ORIENTE TENOCHTITLAN,0101000020E61000002041F163CCC358C041295AB917603340,19.375362,-99.05935
977,PLATSOBSE_DGPEST_BALON_BARRIO_299_CANCHA_CEHUANTEPEC_299,5df4b3bc-aa3e-427d-9b7b-31dffb40055b,299 CANCHA CEHUANTEPEC,TLALPAN,MESA DE LOS HORNOS,,"C. 2 CEHUANTEPEC 139, MESA LOS HORNOS, TLALPAN, 14420 CIUDAD DE MÉXICO, CDMX",https://maps.app.goo.gl/Wu9kxK632F3E4EP38,,RODOLFO GONZALES,,,2026.0,,SOBS-EJM-P-2026-646,S652,,,100.0,INAUGURADA,SOBS-EJM-SUP-2026-646,,,,,2026-06-13 18:13:51.821,299 CANCHA CEHUANTEPEC,0101000020E61000001D2098A3C7CB58C06F4A79AD84463340,19.275462,-99.18406
978,PLATSOBSE_DGSUS_BALON_BARRIO_127_PILARES_VALLE_DE_LUCES_127,f4beb780-bf29-4eef-b600-3dcfd6346065,127 PILARES VALLE DE LUCES,IZTAPALAPA,VALLE DE LUCES,,VALLE DEL PARAISO LT. 18,https://maps.app.goo.gl/JT3SoLvzbhowH1mT7,,RODOLFO GONZALES,,,2026.0,,SOBS-EJM-P-2026-647,S653,,,90.0,EN PROCESO,SOBS-EJM-SUP-2026-647,,,,,2026-06-13 18:13:51.821,127 PILARES VALLE DE LUCES,0101000020E61000005CE674594CC658C055698B6B7C563340,19.337836,-99.09841
979,PLATSOBSE_DGCOP_BALON_BARRIO_175_PARQUE_DEPORTIVO_EL_DURITO_175,60808dce-f806-4638-a371-1d6771f301a5,175 PARQUE DEPORTIVO EL DURITO,IZTAPALAPA,PREDIO EL MOLINO,,"PREDIO EL MOLINO, IZTAPALAPA, 09960 CIUDAD DE MÉXICO, CDMX",https://maps.app.goo.gl/WDmBpN3LiucXjTgB6,,RODOLFO GONZALES,,,2026.0,,SOBS-EJM-P-2026-648,S654,,,100.0,INAUGURADA,SOBS-EJM-SUP-2026-648,,,,,2026-06-13 18:13:51.821,175 PARQUE DEPORTIVO EL DURITO,0101000020E6100000B48EAA2688C458C08DEF8B4B554A3340,19.290364,-99.07081
980,PLATSOBSE_DGOIV_BALON_BARRIO_22_PILARES_LA_AGUILAS_22,7a43623c-a877-4ca1-ad2c-45bf56b78683,22 PILARES LA AGUILAS,ÁLVARO OBREGÓN,LAS AGUILAS SECCION HORNOS,,"CALLE PROL. BARRANCA DEL MUERTO S/N, ÁGUILAS SECC HORNOS, ÁLVARO OBREGÓN, 01710 CIUDAD DE MÉXICO, CDMX",https://maps.app.goo.gl/YDC4gnDQYoqGSEVXA,,RODOLFO GONZALES,,,2026.0,,SOBS-EJM-P-2026-649,S655,,,100.0,INAUGURADA,SOBS-EJM-SUP-2026-649,,,,,2026-06-13 18:13:51.821,22 PILARES LA AGUILAS,0101000020E6100000B324404D2DCD58C05796E82CB35C3340,19.362109,-99.20589
981,PLATSOBSE_DGSUS_BALON_BARRIO_119_CANCHAS_SALOMON_119,24504e99-a5c6-4dc2-be64-d762948923a2,119 CANCHAS SALOMON,IZTAPALAPA,SAN MIGUEL TEOTONGO SECC GUADALUPE,,"CDA. NOGALES, SAN MIGUEL TEOTONGO, IZTAPALAPA, 09630 CIUDAD DE MÉXICO, CDMX",https://maps.app.goo.gl/hzkzMVEA4QBMcp5h6,,RODOLFO GONZALES,,,2026.0,,SOBS-EJM-P-2026-650,S656,,,100.0,INAUGURADA,SOBS-EJM-SUP-2026-650,,,,,2026-06-13 18:13:51.821,119 CANCHAS SALOMON,0101000020E610000049D74CBED9BE58C0AEBCE47FF2573340,19.343544,-98.98204
982,PLATSOBSE_DGCOP_BALON_BARRIO_184_SANTA_ISABEL_TOLA_184,d516c2f1-b542-4128-8949-336bfbb86405,184 SANTA ISABEL TOLA,GUSTAVO A. MADERO,SANTA ISABEL TOLA,,AV. HUITZILITL,https://maps.app.goo.gl/zw6ibb82SgYUeyDM7,,RODOLFO GONZALES,,,2026.0,,SOBS-EJM-P-2026-651,S657,,,100.0,TERMINADO,SOBS-EJM-SUP-2026-651,,,,,2026-06-13 18:13:51.821,184 SANTA ISABEL TOLA,0101000020E6100000FD9FC37C79C758C051F52B9D0F7F3340,19.496332,-99.11679
983,PLATSOBSE_DGCOP_BALON_BARRIO_182_PILARES_GABRIEL_HERNANDEZ_TIXTLA_182,f6263b8e-6fcd-4721-9409-27f621daae9b,182 PILARES GABRIEL HERNANDEZ (TIXTLA),GUSTAVO A. MADERO,GABRIEL HERNANDEZ,,CABO SAN LUCAS MZ 14 B,https://maps.app.goo.gl/8feYBgt5sejEMoWn6,,RODOLFO GONZALES,,,2026.0,,SOBS-EJM-P-2026-652,S658,,,100.0,INAUGURADA,SOBS-EJM-SUP-2026-652,,,,,2026-06-13 18:13:51.821,182 PILARES GABRIEL HERNANDEZ (TIXTLA),0101000020E6100000E674594C6CC658C0446D1B4641803340,19.500996,-99.10036
984,PLATSOBSE_DGCOP_BALON_BARRIO_187_PILARES_PROGRESO_NACIONAL_187,4866f22f-86fd-44ed-831b-350b2ce8e6ec,187 PILARES PROGRESO NACIONAL,GUSTAVO A. MADERO,PROGRESO NACIONAL,,AVENIDA RIO DE LOS REMEDIOS,https://maps.app.goo.gl/cTYZcmjtNYRWj2Jc9,,RODOLFO GONZALES,,,2026.0,,SOBS-EJM-P-2026-653,S659,,,100.0,TERMINADO,SOBS-EJM-SUP-2026-653,,,,,2026-06-13 18:13:51.821,187 PILARES PROGRESO NACIONAL,0101000020E610000020240B98C0C958C03D2B69C537843340,19.516476,-99.15238
985,PLATSOBSE_DGOT_BALON_BARRIO_225_PARQUE_INFANTIL_TLATELOLCO_CUAUHTEMOC_225,83efb5af-f017-4ee4-b06b-65155831c101,225 PARQUE INFANTIL TLATELOLCO / CUAUHTEMOC,CUAUHTÉMOC,TLATELOLCO,,"Geranio 458, Atlampa, Cuauhtémoc, 06450 Ciudad de México, CDMX",https://maps.app.goo.gl/1pVvFxFJDf2aE71v8,,RODOLFO GONZALES,,,2026.0,,SOBS-EJM-P-2026-654,S660,,,100.0,INAUGURADA,SOBS-EJM-SUP-2026-654,,,,,2026-06-13 18:13:51.821,225 PARQUE INFANTIL TLATELOLCO / CUAUHTEMOC,0101000020E610000076FD82DDB0C958C09354A69883743340,19.455133,-99.15142
986,PLATSOBSE_DGCOP_BALON_BARRIO_202_IZTACCIHUATL_202,39d94871-315c-4e31-a6b6-59de37a9196c,202 IZTACCIHUATL,GUSTAVO A. MADERO,LOMAS DE CUAUTEPEC,,"IZTACCIHUATL 73, LOMAS DE CUAUTEPEC, GUSTAVO A. MADERO, 07110 CIUDAD DE MÉXICO, CDMX",https://maps.app.goo.gl/gA9iNEFGcUowXwTt7,,RODOLFO GONZALES,,,2026.0,,SOBS-EJM-P-2026-655,S661,,,100.0,INAUGURADA,SOBS-EJM-SUP-2026-655,,,,,2026-06-13 18:13:51.821,202 IZTACCIHUATL,0101000020E6100000F4328AE596C858C09FCA694FC9913340,19.569478,-99.13421
987,PLATSOBSE_DGOT_BALON_BARRIO_261_PILARES_CENTENARIO_261,bd49c753-c333-4671-a4e4-5dd4baadc7f3,261 PILARES CENTENARIO,GUSTAVO A. MADERO,JUAN GONZALEZ ROMERO,,"BAJO PUENTE AV. CENTENARIO, AV. RÍO DE LOS REMEDIOS ESQ, JUAN GONZÁLEZ ROMERO, GUSTAVO A. MADERO, 07410 CIUDAD DE MÉXICO, CDMX",https://maps.app.goo.gl/JEDRaQQD74BeXPxX7,,RODOLFO GONZALES,,,2026.0,,SOBS-EJM-P-2026-656,S662,,,100.0,INAUGURADA,SOBS-EJM-SUP-2026-656,,,,,2026-06-13 18:13:51.821,261 PILARES CENTENARIO,0101000020E6100000849ECDAACFC558C05F07CE1951823340,19.50905,-99.0908
988,PLATSOBSE_DGPEST_BALON_BARRIO_273_CANCHA_DE_FUTBOL_RAPIDO_ORIENTE_273,91e681b9-c91e-4ec3-a5cb-e0c69418683c,273 CANCHA DE FUTBOL RAPIDO ORIENTE,IZTAPALAPA,LOMAS DE SAN LORENZO,,"LOTE 9 MAZANA 40, C. LAS TORRES, LOMAS DE SAN LORENZO, IZTAPALAPA, 09780 CIUDAD DE MÉXICO, CDMX",https://maps.app.goo.gl/j5vFiCguDNpywnar8,,RODOLFO GONZALES,,,2026.0,,SOBS-EJM-P-2026-657,S663,,,100.0,INAUGURADA,SOBS-EJM-SUP-2026-657,,,,,2026-06-13 18:13:51.821,273 CANCHA DE FUTBOL RAPIDO ORIENTE,0101000020E6100000CE8DE9094BC458C0B1DD3D40F7513340,19.320179,-99.06708
989,PLATSOBSE_DGPEST_BALON_BARRIO_278_CENTRO_COMUNITARIO_SEMBRANDO_LIBERTAD_278,ff06d493-75d3-4cdc-84c1-b3bf954ddf23,278 CENTRO COMUNITARIO SEMBRANDO LIBERTAD,IZTAPALAPA,PLAN DE IGUALA,,"FRANCISCO SARABIA 56, PLAN DE IGUALA, IZTAPALAPA, 09838 CIUDAD DE MÉXICO, CDMX",https://maps.app.goo.gl/qSLdCgsmU35C9mcS6,,RODOLFO GONZALES,,,2026.0,,SOBS-EJM-P-2026-658,S664,,,100.0,TERMINADO,SOBS-EJM-SUP-2026-658,,,,,2026-06-13 18:13:51.821,278 CENTRO COMUNITARIO SEMBRANDO LIBERTAD,0101000020E61000004BAB21718FC558C01DE38A8BA35A3340,19.354058,-99.08688
990,PLATSOBSE_DGCOP_BALON_BARRIO_167_DEPORTIVO_JOSE_MARIA_MORELOS_Y_PAVON_167,fcd05eb1-ac89-47bb-88dd-e2c7eb721a13,167 DEPORTIVO JOSE MARIA MORELOS Y PAVON,MIGUEL HIDALGO,REFORMA PENSIL,,"LAGO TRASIMENO S/N, PENSIL NTE., MIGUEL HIDALGO, 11430 CIUDAD DE MÉXICO, CDMX",https://maps.app.goo.gl/N8kmPzhLsMWxg9ye6,,RODOLFO GONZALES,,,2026.0,,SOBS-EJM-P-2026-659,S665,,,100.0,TERMINADO,SOBS-EJM-SUP-2026-659,,,,,2026-06-13 18:13:51.821,167 DEPORTIVO JOSE MARIA MORELOS Y PAVON,0101000020E61000001F9DBAF259CC58C066D828EB37733340,19.450072,-99.19299
991,PLATSOBSE_DGPEST_BALON_BARRIO_296_MODULO_DEPORTIVO_SANTIAGO_TEPALCATLALPAN_296,db24b5be-ffe1-4b51-a54d-b71dbb1c7e2e,"296 MODULO DEPORTIVO ""SANTIAGO TEPALCATLALPAN""",XOCHIMILCO,SANTIAGO TEPALCATLALPAN,,"CDA. LAS CANTERAS 13, SANTIAGO TEPALCATLALPAN, XOCHIMILCO, 16106 CIUDAD DE MÉXICO, CDMX",https://maps.app.goo.gl/QN6TGPoik1FXsgBh6,,RODOLFO GONZALES,,,2026.0,,SOBS-EJM-P-2026-660,S666,,,100.0,INAUGURADA,SOBS-EJM-SUP-2026-660,,,,,2026-06-13 18:13:51.821,"296 MODULO DEPORTIVO ""SANTIAGO TEPALCATLALPAN""",0101000020E61000008EAF3DB324C858C04F92AE997C3F3340,19.247995,-99.12724
992,PLATSOBSE_DGPEST_BALON_BARRIO_297_PILARES_SAN_MARCOS_297,8a2e21c3-ea03-4838-a476-802bf551a972,"297 PILARES ""SAN MARCOS""",XOCHIMILCO,AMPLIACIÓN SAN MARCOS NORTE,,CALLE OLMOS 135,https://maps.app.goo.gl/SNdCoMsv5uXYR2ar7,,RODOLFO GONZALES,,,2026.0,,SOBS-EJM-P-2026-661,S667,,,100.0,INAUGURADA,SOBS-EJM-SUP-2026-661,,,,,2026-06-13 18:13:51.821,"297 PILARES ""SAN MARCOS""",0101000020E6100000613255302AC758C0EB353D2828453340,19.270144,-99.11195
993,PLATSOBSE_DGPEST_BALON_BARRIO_285_CANCHAS_ATLIXCO_285,c02abc52-24ff-459a-a7a3-7b0d8a200c0e,285 CANCHAS ATLIXCO,TLÁHUAC,SANTA CECILIA,,"SAN RAFAEL ATLIXCO 3150, SANTA CECILIA, TLÁHUAC, 13010 CIUDAD DE MÉXICO, CDMX",https://maps.app.goo.gl/YZabNXUQgchdc7598,,RODOLFO GONZALES,,,2026.0,,SOBS-EJM-P-2026-662,S668,,,100.0,TERMINADO,SOBS-EJM-SUP-2026-662,,,,,2026-06-13 18:13:51.821,285 CANCHAS ATLIXCO,0101000020E61000009B1BD31396C058C068757286E2463340,19.276894,-99.00916
994,PLATSOBSE_DGPEST_BALON_BARRIO_288_PILARES_SELENE_288,3117ba41-9a2d-426a-8f15-2a7daeb3db39,288 PILARES SELENE,TLÁHUAC,SELENE,,AV. ESTANISLAO RAMIREZ RUIZ 1,https://maps.app.goo.gl/yvCvFgViZtsmemUEA,,RODOLFO GONZALES,,,2026.0,,SOBS-EJM-P-2026-663,S669,,,100.0,TERMINADO,SOBS-EJM-SUP-2026-663,,,,,2026-06-13 18:13:51.821,288 PILARES SELENE,0101000020E6100000ABB2EF8AE0BF58C0C097C283664B3340,19.294533,-98.99808
995,PLATSOBSE_DGOIV_BALON_BARRIO_55_PARQUE_CHAKTEMAL_55,eead1521-1715-4163-a7a5-78e25f1b1b2b,55 PARQUE CHAKTEMAL,TLALPAN,MIGUEL HIDALGO 4TA SECC,,CALLE LAS TORRES ESQ C. 7,https://maps.app.goo.gl/fpqTBTpJq3UpKDEG8,,RODOLFO GONZALES,,,2026.0,,SOBS-EJM-P-2026-664,S670,,,100.0,INAUGURADA,SOBS-EJM-SUP-2026-664,,,,,2026-06-13 18:13:51.821,55 PARQUE CHAKTEMAL,0101000020E6100000BD35B05582CD58C0A8ACA6EB89463340,19.275542,-99.21108
996,PLATSOBSE_DGSUS_BALON_BARRIO_131_CHICOASEN_131,094a7c88-d061-4f7f-a3e0-21f62098b88b,131 CHICOASEN,TLALPAN,PEDREGAL DE SN NICOLAS 2A SECC,,"Calle chicoasen y ACANCEH, Pedregal de San Nicolás 2da Secc, Tlalpan, 14240 Ciudad de México, CDMX",https://maps.app.goo.gl/cs4UkwYYB5FpTKHo8,,RODOLFO GONZALES,,,2026.0,,SOBS-EJM-P-2026-665,S671,,,100.0,INAUGURADA,SOBS-EJM-SUP-2026-665,,,,,2026-06-13 18:13:51.821,131 CHICOASEN,0101000020E6100000D8D825AAB7CE58C053CE177B2F4A3340,19.289787,-99.22996
997,PLATSOBSE_DGOIV_BALON_BARRIO_39_CANCHA_CALLE_QUETZAL_39,5c530f27-f134-466f-ab11-1f078def0cfd,39 CANCHA CALLE QUETZAL,IZTAPALAPA,ALVARO OBREGON,,"ESQUINA QUETZAL, DOMÍNGUEZ COTA, EL PARAÍSO, ÁLVARO OBREGÓN, IZTAPALAPA, 09230 CIUDAD DE MÉXICO, CDMX",https://maps.app.goo.gl/ojo3PMZhgngmrvxCA,,RODOLFO GONZALES,,,2026.0,,SOBS-EJM-P-2026-666,S672,,,100.0,INAUGURADA,SOBS-EJM-SUP-2026-666,,,,,2026-06-13 18:13:51.821,39 CANCHA CALLE QUETZAL,0101000020E6100000F94ECC7A31C258C021753BFBCA5F3340,19.374191,-99.03427
998,PLATSOBSE_DGOIV_BALON_BARRIO_40_PILARES_VILLA_CID_40,74dfd95e-78ac-4057-9cd0-b1ca0443e5fc,40 PILARES VILLA CID,IZTAPALAPA,DESARROLLO URBANO QUETZALCOATL,,"Villa Iris 112, Desarrollo Urbano Quetzalcóatl, Iztapalapa, 09700 Ciudad de México, CDMX",https://maps.app.goo.gl/4DZF6HfmiFjG36AQ8,,RODOLFO GONZALES,,,2026.0,,SOBS-EJM-P-2026-667,S673,,,100.0,INAUGURADA,SOBS-EJM-SUP-2026-667,,,,,2026-06-13 18:13:51.821,40 PILARES VILLA CID,0101000020E6100000E94317D4B7C258C040A374E95F523340,19.321776,-99.04247
999,PLATSOBSE_DGPEST_BALON_BARRIO_276_DEPORTIVO_LOS_ANGELES_276,6031e299-5162-468b-8c09-191f286e6fd5,276 DEPORTIVO LOS ANGELES,IZTAPALAPA,LOS ANGELES,,"ESPUELA, AV. DEL ROSAL 183, LOS ANGELES, IZTAPALAPA, 09830 CIUDAD DE MÉXICO, CDMX",https://maps.app.goo.gl/tWJVnkQWy9rKFaKD6,,LUIS PEREZ,,,2026.0,,SOBS-EJM-P-2026-668,S674,,,100.0,INAUGURADA,SOBS-EJM-SUP-2026-668,,,,,2026-06-13 18:13:51.821,276 DEPORTIVO LOS ANGELES,0101000020E6100000B8AF03E78CC458C0F296AB1F9B583340,19.346117,-99.0711
1000,PLATSOBSE_DGSUS_BALON_BARRIO_97_CAMPAMENTO_2_DE_OCTUBRE_97,f36e2181-7030-4687-8867-e3386287dc6f,97 CAMPAMENTO 2 DE OCTUBRE,IZTACALCO,CAMPAMENTO 2 DE OCTUBRE,,"AV. JUAN N. ÁLVAREZ CAMPAMENTO 2 DE OCTUBRE, IZTACALCO",https://maps.app.goo.gl/DKxM7KDsmfn3aSst6,,LUIS PEREZ,,,2026.0,,SOBS-EJM-P-2026-669,S675,,,100.0,INAUGURADA,SOBS-EJM-SUP-2026-669,,,,,2026-06-13 18:13:51.821,97 CAMPAMENTO 2 DE OCTUBRE,0101000020E610000053D0ED258DC758C013286211C3623340,19.385789,-99.11799
1001,PLATSOBSE_DGSUS_BALON_BARRIO_99_CAMPAMENTO_2_DE_OCTUBRE_99,72822c2f-81ee-47c3-9752-f0257d2fb57e,99 CAMPAMENTO 2 DE OCTUBRE,IZTACALCO,CAMPAMENTO 2 DE OCTUBRE,,"AV. JUAN N. ÁLVAREZ CAMPAMENTO 2 DE OCTUBRE, IZTACALCO",https://maps.app.goo.gl/EiYVRZo7jQxEFYD58,,LUIS PEREZ,,,2026.0,,SOBS-EJM-P-2026-670,S676,,,100.0,INAUGURADA,SOBS-EJM-SUP-2026-670,,,,,2026-06-13 18:13:51.821,99 CAMPAMENTO 2 DE OCTUBRE,0101000020E6100000EC17EC866DC758C04EB857E6AD623340,19.385466,-99.11606
1002,PLATSOBSE_DGSUS_BALON_BARRIO_103_CANCHA_BATALLA_DE_CULIACAN_103,1b972e35-e825-4f9d-ab2a-d6b7bd9381ba,103 CANCHA BATALLA DE CULIACAN,IZTAPALAPA,ALVARO OBREGON,,"BATALLA DE CULIACAN 16, ÁLVARO OBREGÓN, IZTAPALAPA, 09230 CIUDAD DE MÉXICO, CDMX",https://maps.app.goo.gl/WqbV9u1zLZ6WRSUt8,,LUIS PEREZ,,,2026.0,,SOBS-EJM-P-2026-671,S677,,,100.0,INAUGURADA,SOBS-EJM-SUP-2026-671,,,,,2026-06-13 18:13:51.821,103 CANCHA BATALLA DE CULIACAN,0101000020E61000007C7E18213CC258C0BB0D6ABFB55F3340,19.373867,-99.03492
1003,PLATSOBSE_DGSUS_BALON_BARRIO_107_CANCHA_CIRCUNVALACION_1_107,8ad1f169-4803-4cdc-9fb2-d5a01b489e17,107 CANCHA CIRCUNVALACION 1,IZTAPALAPA,SANTA MARIA AZTAHUACAN,,"EJE 5 SUR S/N, ZONA URBANA EJIDAL SANTA MARÍA AZTAHUACAN, IZTAPALAPA, 09570 CIUDAD DE MÉXICO, CDMX",https://maps.app.goo.gl/kct3dR8XuQ7wKaMZ6,,LUIS PEREZ,,,2026.0,,SOBS-EJM-P-2026-672,S678,,,100.0,INAUGURADA,SOBS-EJM-SUP-2026-672,,,,,2026-06-13 18:13:51.821,107 CANCHA CIRCUNVALACION 1,0101000020E610000035D252793BC258C0618907944D5D3340,19.364465,-99.03488
1004,PLATSOBSE_DGSUS_BALON_BARRIO_108_CANCHA_CIRCUNVALACION_2_108,272f7f0b-fb53-4766-979d-5944670bd778,108 CANCHA CIRCUNVALACION 2,IZTAPALAPA,SANTA MARIA AZTAHUACAN,,"EJE 5 SUR S/N, ZONA URBANA EJIDAL SANTA MARÍA AZTAHUACAN, IZTAPALAPA, 09570 CIUDAD DE MÉXICO, CDMX",https://maps.app.goo.gl/9EvfsqdkD842djma7,,LUIS PEREZ,,,2026.0,,SOBS-EJM-P-2026-673,S679,,,100.0,INAUGURADA,SOBS-EJM-SUP-2026-673,,,,,2026-06-13 18:13:51.821,108 CANCHA CIRCUNVALACION 2,0101000020E6100000632827DA55C258C0A5BC5642775D3340,19.365101,-99.03649
1005,PLATSOBSE_DGSUS_BALON_BARRIO_111_CANCHA_AV_JALISCO_111,5ff82bdc-b09e-44f3-9ea2-de1f67ca0621,111 CANCHA AV. JALISCO,IZTAPALAPA,LEYES DE REFORMA 2DA SECCION,,"LEYES DE REFORMA 2DA SECC, IZTAPALAPA, 09310 CIUDAD DE MÉXICO, CDMX",https://maps.app.goo.gl/ugpRdkpNt6powNU67,,LUIS PEREZ,,,2026.0,,SOBS-EJM-P-2026-674,S680,,,100.0,INAUGURADA,SOBS-EJM-SUP-2026-674,,,,,2026-06-13 18:13:51.821,111 CANCHA AV. JALISCO,0101000020E61000003FC6DCB584C458C0BDC62E51BD5D3340,19.36617,-99.0706
1006,PLATSOBSE_DGSUS_BALON_BARRIO_122_PILARES_SANTA_MARIA_AZTAHUACAN_122,18820e42-3cb9-4413-8e8b-d1097326045d,122 PILARES SANTA MARIA AZTAHUACAN,IZTAPALAPA,SANTA MARIA AZTAHUACAN,,"C. AQUILES SERDÁN, ZONA URBANA EJIDAL SANTA MARÍA AZTAHUACAN, IZTAPALAPA, 09570 CIUDAD DE MÉXICO, CDMX",https://maps.app.goo.gl/vxbXKq8TP94a6y187,,LUIS PEREZ,,,2026.0,,SOBS-EJM-P-2026-675,S681,,,100.0,INAUGURADA,SOBS-EJM-SUP-2026-675,,,,,2026-06-13 18:13:51.821,122 PILARES SANTA MARIA AZTAHUACAN,0101000020E61000003C1405FA44C258C09B046F48A35A3340,19.354054,-99.03546
1007,PLATSOBSE_DGCOP_BALON_BARRIO_181_PILARES_MARTIN_CARRERA_181,538b1475-9f8e-4366-b27c-1feb406f508f,181 PILARES MARTIN CARRERA,GUSTAVO A. MADERO,MARTIN CARRERA,,FRANCISCO ECHEVERRIA 315,https://maps.app.goo.gl/1E9tLgzXb1BCpRP57,,LUIS PEREZ,,,2026.0,,SOBS-EJM-P-2026-676,S682,,,100.0,INAUGURADA,SOBS-EJM-SUP-2026-676,,,,,2026-06-13 18:13:51.821,181 PILARES MARTIN CARRERA,0101000020E6100000ECA353573EC758C0D63730B9517C3340,19.485622,-99.11318
1008,PLATSOBSE_DGOT_BALON_BARRIO_222_PILARES_AGRICOLA_PANTITLAN_TLALOC_222,aff13c48-49a1-4e4e-a8da-a9eef180f5a8,222 PILARES AGRICOLA PANTITLAN (TLALOC),IZTACALCO,AGRICOLA PANTITLAN,,"CALLE 5 NO. 425, ENTRE CALLE PROSPERIDAD Y EJE 4 ORIENTE CANAL",https://maps.app.goo.gl/YUEbYNWNLSSNA85g7,,LUIS PEREZ,,,2026.0,,SOBS-EJM-P-2026-677,S683,,,100.0,INAUGURADA,SOBS-EJM-SUP-2026-677,,,,,2026-06-13 18:13:51.821,222 PILARES AGRICOLA PANTITLAN (TLALOC),0101000020E610000032C9C859D8C358C0B03C484F916B3340,19.420186,-99.06008
1009,PLATSOBSE_DGPEST_BALON_BARRIO_293_DEPORTIVO_COMUNITARIO_AHUALPA_293,59d6be83-201b-4bc3-ade3-47607e42c06e,293 DEPORTIVO COMUNITARIO AHUALPA,XOCHIMILCO,BARRIO AHUALAPA,,"C. AHUALAPA 41, SANTA CRUZ ACALPIXCA, XOCHIMILCO, 16533 CIUDAD DE MÉXICO, CDMX",https://maps.app.goo.gl/Q2ocjsYsksLv99PT9,,LUIS PEREZ,,,2026.0,,SOBS-EJM-P-2026-678,S684,,,100.0,INAUGURADA,SOBS-EJM-SUP-2026-678,,,,,2026-06-13 18:13:51.821,293 DEPORTIVO COMUNITARIO AHUALPA,0101000020E61000000D897B2C7DC458C0A185048C2E3F3340,19.246804,-99.07014
1010,PLATSOBSE_DGPEST_BALON_BARRIO_291_DEPORTIVO_SAN_LUCAS_XOCHIMANCA_291,ec426d90-ea5c-4797-8854-526269fbc172,291 DEPORTIVO SAN LUCAS XOCHIMANCA,XOCHIMILCO,SAN LUCAS XOCHIMANCA,,"AV. ACUEDUCTO 882, SAN LUCAS XOCHIMANCA, XOCHIMILCO, 16300 CIUDAD DE MÉXICO, CDMX",https://maps.app.goo.gl/HwjNRFMJTZVs9m7p9,,LUIS PEREZ,,,2026.0,,SOBS-EJM-P-2026-679,S685,,,100.0,INAUGURADA,SOBS-EJM-SUP-2026-679,,,,,2026-06-13 18:13:51.821,291 DEPORTIVO SAN LUCAS XOCHIMANCA,0101000020E6100000E59B6D6E4CC758C0C18D942D923E3340,19.244418,-99.11404
1011,PLATSOBSE_DGPEST_BALON_BARRIO_272_CANCHA_AV_AMACUZAC_743_272,d24ab8e8-379e-4122-949d-0e19793b4349,272 CANCHA AV. AMACUZAC 743,IZTAPALAPA,EL RETONO,,"CALLE AMACUZAC, EMILIANO CARRANZA Y MUNICIPIO LIBRE",https://maps.app.goo.gl/pGcThXVf6QK8d3AM8,,LUIS PEREZ,,,2026.0,,SOBS-EJM-P-2026-680,S686,,,100.0,INAUGURADA,SOBS-EJM-SUP-2026-680,,,,,2026-06-13 18:13:51.821,272 CANCHA AV. AMACUZAC 743,0101000020E6100000CE3637A627C858C02FE065868D5E3340,19.369347,-99.12742
1012,PLATSOBSE_DGSUS_BALON_BARRIO_95_CENTRO_SOCIAL_Y_DEPORTIVO_SUR_20_95,c45695df-b6b2-43e3-b75b-4ed4eb27b9e2,95 CENTRO SOCIAL Y DEPORTIVO SUR 20,IZTACALCO,AGRICOLA ORIENTAL,,"OTE. 257, AGRÍCOLA ORIENTAL, IZTACALCO, 08500 CIUDAD DE MÉXICO, CDMX",https://maps.app.goo.gl/jA5CtoJ8SqT5Lfx4A,,LUIS PEREZ,,,2026.0,,SOBS-EJM-P-2026-681,S687,,,100.0,INAUGURADA,SOBS-EJM-SUP-2026-681,,,,,2026-06-13 18:13:51.821,95 CENTRO SOCIAL Y DEPORTIVO SUR 20,0101000020E6100000042159C004C458C0605628D2FD643340,19.394498,-99.06279
1013,PLATSOBSE_DGPEST_BALON_BARRIO_298_CJON_LOS_PATOS_ZACAPA_298,2bc1d82d-430d-47d7-9010-c453ef01b77a,298 CJON LOS PATOS (ZACAPA),XOCHIMILCO,SANTA MARIA NATIVITAS,,"Santa María Nativitas, Xochimilco, 16450 Ciudad de México, CDMX",https://maps.app.goo.gl/BrNUqHoKLbDduW5u5,,LUIS PEREZ,,,2026.0,,SOBS-EJM-P-2026-682,S688,,,100.0,INAUGURADA,SOBS-EJM-SUP-2026-682,,,,,2026-06-13 18:13:51.821,298 CJON LOS PATOS (ZACAPA),0101000020E6100000AB09A2EE03C658C02FC1A90F243F3340,19.246644,-99.09399
1014,PLATSOBSE_DGOIV_BALON_BARRIO_16_PILARES_LA_COMUNA_16,a5d27a52-3010-4514-aafd-c858e96a61a6,16 PILARES LA COMUNA,ÁLVARO OBREGÓN,OLIVAR DEL CONDE 2A SECCION,,RICARDO FLORES MAGON S/N,https://maps.app.goo.gl/5iHBk895sn2Pfon78,,LUIS PEREZ,,,2026.0,,SOBS-EJM-P-2026-683,S689,,,100.0,TERMINADO,SOBS-EJM-SUP-2026-683,,,,,2026-06-13 18:13:51.821,16 PILARES LA COMUNA,0101000020E610000096B20C71ACCD58C08657923CD75F3340,19.374378,-99.21365
1015,PLATSOBSE_DGSUS_BALON_BARRIO_96_CAMPAMENTO_2_DE_OCTUBRE_96,80e80806-2fd9-4471-aafc-94c16684627f,96 CAMPAMENTO 2 DE OCTUBRE,IZTACALCO,CAMPAMENTO 2 DE OCTUBRE,,"AV. JUAN N. ÁLVAREZ CAMPAMENTO 2 DE OCTUBRE, IZTACALCO",https://maps.app.goo.gl/7JHfqygd3b8wKNsp7,,LUIS PEREZ,,,2026.0,,SOBS-EJM-P-2026-684,S690,,,100.0,INAUGURADA,SOBS-EJM-SUP-2026-684,,,,,2026-06-13 18:13:51.821,96 CAMPAMENTO 2 DE OCTUBRE,0101000020E6100000331B649291C758C07EAA0A0DC4623340,19.385804,-99.11826
1016,PLATSOBSE_DGPEST_BALON_BARRIO_302_PARQUE_GUADALUPE_302,725cc542-3e26-4118-8811-ceb822098882,302 PARQUE GUADALUPE,IZTAPALAPA,UNIDAD MODELO,,"406 DE EX HDA DE GUADALUPE, MODELO, IZTAPALAPA, 09089 CIUDAD DE MÉXICO, CDMX",https://maps.app.goo.gl/ewdiGDSAHuA1zR9v9,,LUIS PEREZ,,,2026.0,,SOBS-EJM-P-2026-685,S691,,,100.0,INAUGURADA,SOBS-EJM-SUP-2026-685,,,,,2026-06-13 18:13:51.821,302 PARQUE GUADALUPE,0101000020E6100000556AF6402BC858C099805F23495C3340,19.360491,-99.12764
1017,PLATSOBSE_DGSUS_BALON_BARRIO_117_PILARES_PALMITAS_117,ca1d01f1-ccf2-4074-ba78-6a2c4170ffe5,117 PILARES PALMITAS,IZTAPALAPA,PALMITAS,,"MARGARITAS 23, ESQ. NATIVITAS, PALMITAS, IZTAPALAPA, 09670 CIUDAD DE MÉXICO, CDMX",https://maps.app.goo.gl/y1Vu2Cb8oqUan175A,,LUIS PEREZ,,,2026.0,,SOBS-EJM-P-2026-686,S692,,,100.0,INAUGURADA,SOBS-EJM-SUP-2026-686,,,,,2026-06-13 18:13:51.821,117 PILARES PALMITAS,0101000020E6100000562B137EA9C158C09FB0C403CA563340,19.33902,-99.02597
1018,PLATSOBSE_DGSUS_BALON_BARRIO_121_PILARES_COOPEREMOS_PUEBLO_SANTA_CRUZ_MEYEHUALCO_121,3fd7b172-a980-4d17-a572-062520310f1d,121 PILARES COOPEREMOS PUEBLO (SANTA CRUZ MEYEHUALCO),IZTAPALAPA,SANTA CRUZ MEYEHUALCO (PUEBLO),,"CUITLAHUAC 5, STA CRUZ MEYEHUALCO, IZTAPALAPA, 09700 CIUDAD DE MÉXICO, CDMX",https://maps.app.goo.gl/cknxTSR65rxB8sCo6,,LUIS PEREZ,,,2026.0,,SOBS-EJM-P-2026-687,S693,,,100.0,INAUGURADA,SOBS-EJM-SUP-2026-687,,,,,2026-06-13 18:13:51.821,121 PILARES COOPEREMOS PUEBLO (SANTA CRUZ MEYEHUALCO),0101000020E61000007B6649809AC258C07BBB253960573340,19.341312,-99.04068
1019,PLATSOBSE_DGSUS_BALON_BARRIO_143_EJE_3_OTE_E_MOLINA_143,4bebbca7-ca81-4c14-83db-a335415d3faf,143 EJE 3 OTE / E. MOLINA,GUSTAVO A. MADERO,VASCO DE QUIROGA NUEVA ATZACOALCO,,"Eduardo Molina 1871, Nueva Atzacoalco, Gustavo A. Madero, 07420 Ciudad de México, CDMX",https://maps.app.goo.gl/C23vo8a8DtoDqKL38,,LUIS PEREZ,,,2026.0,,SOBS-EJM-P-2026-688,S694,,,80.0,EN PROCESO,SOBS-EJM-SUP-2026-688,,,,,2026-06-13 18:13:51.821,143 EJE 3 OTE / E. MOLINA,0101000020E610000039EE940ED6C558C0B2BE81C98D7E3340,19.494351,-99.09119
1020,PLATSOBSE_DGSUS_BALON_BARRIO_140_CAMPAMENTO_2_DE_OCTUBRE_140,3e010289-1a5b-44e0-a3d0-18e5f98440ec,140 CAMPAMENTO 2 DE OCTUBRE,IZTACALCO,CAMPAMENTO 2 DE OCTUBRE,,"AV. JUAN N. ÁLVAREZ CAMPAMENTO 2 DE OCTUBRE, IZTACALCO",https://maps.app.goo.gl/nqzGN4DxfFH8rkjp6,,LUIS PEREZ,,,2026.0,,SOBS-EJM-P-2026-689,S695,,,100.0,TERMINADO,SOBS-EJM-SUP-2026-689,,,,,2026-06-13 18:13:51.821,140 CAMPAMENTO 2 DE OCTUBRE,0101000020E610000050E449D235C758C06F675F7990623340,19.385017,-99.11266
1021,PLATSOBSE_DGPEST_BALON_BARRIO_295_PILARES_DOLORES_OLMEDO_295,84e68431-13b9-4a9c-9f0e-a28bc85c7ebf,"295 PILARES ""DOLORES OLMEDO""",XOCHIMILCO,SAN JUAN TEPEPAN,,FRANCISCO VILLA NO. 6,https://maps.app.goo.gl/CAcnuUongei3v57LA,,LUIS PEREZ,,,2026.0,,SOBS-EJM-P-2026-690,S696,,,100.0,INAUGURADA,SOBS-EJM-SUP-2026-690,,,,,2026-06-13 18:13:51.821,"295 PILARES ""DOLORES OLMEDO""",0101000020E6100000234A7B832FC858C0E57D1CCD91453340,19.271756,-99.1279
1022,PLATSOBSE_DGSUS_BALON_BARRIO_144_EJE_3_OTE_E_MOLINA_144,826ad649-999c-4359-a921-ce824ba40ab4,144 EJE 3 OTE / E. MOLINA,GUSTAVO A. MADERO,VASCO DE QUIROGA NUEVA ATZACOALCO,,"Fray Sebastián de Aparicio, Vasco de Quiroga, Gustavo A. Madero, 07440 Ciudad de México, CDMX",https://maps.app.goo.gl/t4DEQ7QFCZXWEwgt7,,LUIS PEREZ,,,2026.0,,SOBS-EJM-P-2026-691,S697,,,100.0,TERMINADO,SOBS-EJM-SUP-2026-691,,,,,2026-06-13 18:13:51.821,144 EJE 3 OTE / E. MOLINA,0101000020E61000004451A04FE4C558C06E179AEB347E3340,19.492995,-99.09206
1023,PLATSOBSE_DGOIV_BALON_BARRIO_87_CANCHA_PINO_ENCINO_87,3b7b38c8-0739-497e-b6f2-7a1effa7e396,87 CANCHA PINO / ENCINO,XOCHIMILCO,SAN MATEO XALPA / GUADALUPE,,"Encino, San Francisco Tlalnepantla, Xochimilco, 16860 Ciudad de México, CDMX",https://maps.app.goo.gl/Rriy9qoeL4qqbjfdA,,LUIS PEREZ,,,2026.0,,SOBS-EJM-P-2026-692,S698,,,67.5,EN PROCESO,SOBS-EJM-SUP-2026-692,,,,,2026-06-13 18:13:51.821,87 CANCHA PINO / ENCINO,0101000020E61000008520AC6BD9C758C07E816ACDA0373340,19.217297,-99.122645
1024,PLATSOBSE_DGSUS_BALON_BARRIO_102_CANCHA_UCI_GUELATAO_102,a00117a0-b13f-46db-993c-aaa0209ba55f,102 CANCHA UCI GUELATAO,IZTAPALAPA,ALVARO OBREGON,,"BATALLA ANGOSTURA, ÁLVARO OBREGÓN, IZTAPALAPA, 09230 CIUDAD DE MÉXICO, CDMX",https://maps.app.goo.gl/CvrYR8xfwvZSmjKW8,,LUIS PEREZ,,,2026.0,,SOBS-EJM-P-2026-693,S699,,,100.0,INAUGURADA,SOBS-EJM-SUP-2026-693,,,,,2026-06-13 18:13:51.821,102 CANCHA UCI GUELATAO,0101000020E610000058A835CD3BC258C044BFB67EFA5F3340,19.374916,-99.0349
1025,PLATSOBSE_DGSUS_BALON_BARRIO_105_CANCHA_PLAZA_BUENAVISTA_Y_PLAZA_GUARDIOLA_105,2c881c1a-1a62-4c9c-9a54-3a6722b9c18d,105 CANCHA PLAZA BUENAVISTA Y PLAZA GUARDIOLA,IZTAPALAPA,DR. ALFONSO ORTIZ TIRADO,,"PL. GUARDIOLA Y PL BUENAVISTA S/N 09020 DR. ALFONSO ORTIZ TIRADO, IZTAPALAPA",https://maps.app.goo.gl/Cv98ZWW98E8DCgM8A,,LUIS PEREZ,,,2026.0,,SOBS-EJM-P-2026-694,S700,,,100.0,INAUGURADA,SOBS-EJM-SUP-2026-694,,,,,2026-06-13 18:13:51.821,105 CANCHA PLAZA BUENAVISTA Y PLAZA GUARDIOLA,0101000020E6100000F0DC7BB8E4C458C059FD118601633340,19.386742,-99.07646
1026,PLATSOBSE_DGCOP_BALON_BARRIO_169_CANCHA_CASA_DE_LA_MONEDA_169,a1e0721f-117b-4913-80ae-3f63751a9538,169 CANCHA CASA DE LA MONEDA,MIGUEL HIDALGO,DIEZ DE ABRIL/LOMAS DE SOTELO,,"Av. Casa de La Moneda 364, 10 de Abril, Miguel Hidalgo, 11250 Ciudad de México, CDMX",https://maps.app.goo.gl/ZkVrmFHKKvotxHQJ7,,LUIS PEREZ,,,2026.0,,SOBS-EJM-P-2026-695,S701,,,100.0,INAUGURADA,SOBS-EJM-SUP-2026-695,,,,,2026-06-13 18:13:51.821,169 CANCHA CASA DE LA MONEDA,0101000020E6100000058BC3995FCD58C013286211C3723340,19.448289,-99.20896
1027,PLATSOBSE_DGCOP_BALON_BARRIO_170_PARQUE_ARGENTINA_170,35f12647-c62f-4dda-8b51-5ca0f11b5339,170 PARQUE ARGENTINA,MIGUEL HIDALGO,ARGENTINA ANTIGUA,,"ESQ. CON PRIV.ANGEL SILVA, C. LAGO CANEGUÍN S/N, ARGENTINA ANTIGUA, MIGUEL HIDALGO, 11270 CIUDAD DE MÉXICO, CDMX",https://maps.app.goo.gl/skYzEN291sCxRebv6,,LUIS PEREZ,,,2026.0,,SOBS-EJM-P-2026-696,S702,,,100.0,INAUGURADA,SOBS-EJM-SUP-2026-696,,,,,2026-06-13 18:13:51.821,170 PARQUE ARGENTINA,0101000020E61000006C95607138CD58C0F6083543AA743340,19.455723,-99.20657
1028,PLATSOBSE_DGCOP_BALON_BARRIO_168_DEPORTIVO_JOSE_MARIA_MORELOS_Y_PAVON_168,b15b4f03-4ff3-4bae-ace4-1e81a2419f9b,168 DEPORTIVO JOSE MARIA MORELOS Y PAVON,MIGUEL HIDALGO,REFORMA PENSIL,,"LAGO TRASIMENO S/N, PENSIL NTE., MIGUEL HIDALGO, 11430 CIUDAD DE MÉXICO, CDMX",https://maps.app.goo.gl/smkETiBWNVaViXhm7,,LUIS PEREZ,,,2026.0,,SOBS-EJM-P-2026-697,S703,,,100.0,TERMINADO,SOBS-EJM-SUP-2026-697,,,,,2026-06-13 18:13:51.821,168 DEPORTIVO JOSE MARIA MORELOS Y PAVON,0101000020E6100000D1CB28965BCC58C057CF49EF1B733340,19.449645,-99.19309
1030,PLATSOBSE_DGOT_BALON_BARRIO_253_NARCISO_BASSOLS_2_253,3bb542dd-acf8-49e8-a17d-8dc9fab99d1b,253 NARCISO BASSOLS 2,GUSTAVO A. MADERO,NARCISO BASSOLS,,"NARCISO BASSOLS, CIUDAD DE MÉXICO, CDMX",https://maps.app.goo.gl/9Stx7MpdmfQ746jT9,,LUIS PEREZ,,,2026.0,,SOBS-EJM-P-2026-698,S704,,,100.0,INAUGURADA,SOBS-EJM-SUP-2026-698,,,,,2026-06-13 18:13:51.821,253 NARCISO BASSOLS 2,0101000020E6100000D61C2098A3C358C05AA0DD21C5743340,19.456133,-99.05686
1031,PLATSOBSE_DGPEST_BALON_BARRIO_289_CANCHA_C_CAPULIN_289,5f18d156-a608-4a15-b378-95a11ab9f3da,289 CANCHA C. CAPULIN,TLALPAN,PLAN DE AYALA,,"PLAN DE AYALA, 14470 CIUDAD DE MÉXICO, CDMX",https://maps.app.goo.gl/y1hBC1VNR151v8ww8,,LUIS PEREZ,,,2026.0,,SOBS-EJM-P-2026-699,S705,,,100.0,TERMINADO,SOBS-EJM-SUP-2026-699,,,,,2026-06-13 18:13:51.821,289 CANCHA C. CAPULIN,0101000020E610000076FD82DDB0C958C047C7D5C8AE3C3340,19.237042,-99.15142
1032,PLATSOBSE_DGOIV_BALON_BARRIO_67_CANCHA_AXALOTL_SPORT_CAMELLON_AV_MEXICO_67,b9450965-1ee4-4ea5-90bd-f529ec28c56f,67 CANCHA AXALOTL SPORT / CAMELLON AV MEXICO,XOCHIMILCO,SAN GREGORIO ATLAPULCO (PBLO),,"7W3M+R58 CIUDAD DE MÉXICO, CD. DE MÉXICO",https://maps.app.goo.gl/Apn4yZwV3Qrgfyqt7,,LUIS PEREZ,,,2026.0,,SOBS-EJM-P-2026-700,S706,,,100.0,INAUGURADA,SOBS-EJM-SUP-2026-700,,,,,2026-06-13 18:13:51.821,67 CANCHA AXALOTL SPORT / CAMELLON AV MEXICO,0101000020E6100000AAB706B64AC458C050FBAD9D28413340,19.254526,-99.06706
1033,PLATSOBSE_DGOT_BALON_BARRIO_258_PILARES_CUCHILLA_DEL_TESORO_258,374b49b6-1db5-48e1-aa37-617ad1334f97,258 PILARES CUCHILLA DEL TESORO,GUSTAVO A. MADERO,CUCHILLA DEL TESORO,,AVENIDA NORTE 1 S/N,https://maps.app.goo.gl/xSWPVBbiTkUwKjwf9,,LUIS PEREZ,,,2026.0,,SOBS-EJM-P-2026-701,S707,,,100.0,INAUGURADA,SOBS-EJM-SUP-2026-701,,,,,2026-06-13 18:13:51.821,258 PILARES CUCHILLA DEL TESORO,0101000020E61000006F2A52616CC358C0E7A7380EBC723340,19.448182,-99.05349
1034,PLATSOBSE_DGOT_BALON_BARRIO_260_PILARES_BENITA_GALEANA_260,916ceed6-b7b5-469c-a7f3-af07c04cf974,260 PILARES BENITA GALEANA,GUSTAVO A. MADERO,NUEVA TENOCHTITLAN,,"NTE 94, NUEVA TENOCHTITLAN, GUSTAVO A. MADERO, 07890 CIUDAD DE MÉXICO, CDMX",https://maps.app.goo.gl/NZgrVa685kxGXX6p8,,LUIS PEREZ,,,2026.0,,SOBS-EJM-P-2026-702,S708,,,100.0,INAUGURADA,SOBS-EJM-SUP-2026-702,,,,,2026-06-13 18:13:51.821,260 PILARES BENITA GALEANA,0101000020E61000002A00C63368C658C0DE03745FCE743340,19.456274,-99.10011
1035,PLATSOBSE_DGPEST_BALON_BARRIO_280_CANCHAS_BUENAVISTA_280,632e6ec9-44ef-41f8-a96b-b98eeba5dfe7,280 CANCHAS BUENAVISTA,IZTAPALAPA,BUENAVISTA,,"LOMA LINDA MZ58CLT1, BUENAVISTA, IZTAPALAPA, 09700 CIUDAD DE MÉXICO, CDMX",https://maps.app.goo.gl/e7x5K8e1agQZqRDX6,,LUIS PEREZ,,,2026.0,,SOBS-EJM-P-2026-703,S709,,,100.0,INAUGURADA,SOBS-EJM-SUP-2026-703,,,,,2026-06-13 18:13:51.821,280 CANCHAS BUENAVISTA,0101000020E61000008481E7DEC3C158C0FAD2DB9F8B523340,19.322443,-99.02758
1036,PLATSOBSE_DGPEST_BALON_BARRIO_281_CANCHA_FUTBOL_RAPIDO_COL_PREDIO_DEGOLLADO_281,f0daa4b3-ba71-42cc-9e94-36f1e6983c22,281 CANCHA FUTBOL RAPIDO COL. PREDIO DEGOLLADO,IZTAPALAPA,PREDIO DEGOLLADO,,"YAYOTL, DESARROLLO URBANO QUETZALCÓATL, IZTAPALAPA, 09700 CIUDAD DE MÉXICO, CDMX",https://maps.app.goo.gl/cKo69XDh9q8CkXJk8,,LUIS PEREZ,,,2026.0,,SOBS-EJM-P-2026-704,S710,,,100.0,INAUGURADA,SOBS-EJM-SUP-2026-704,,,,,2026-06-13 18:13:51.821,281 CANCHA FUTBOL RAPIDO COL. PREDIO DEGOLLADO,0101000020E61000001F2E39EE94C258C002284696CC513340,19.319528,-99.04034
1037,PLATSOBSE_DGOT_BALON_BARRIO_250_NTE_84_250,64ce9bbc-9969-48c5-a4c4-77658c725d3f,250 NTE 84,GUSTAVO A. MADERO,NUEVA TENOCHTITLAN,,"CALLE NTE 84 4940, NUEVA TENOCHTITLAN, GUSTAVO A. MADERO, 07839 CIUDAD DE MÉXICO, CDMX",https://maps.app.goo.gl/auvMEvNCw3ARQ8ur9,,LUIS PEREZ,,,2026.0,,SOBS-EJM-P-2026-705,S711,,,100.0,INAUGURADA,SOBS-EJM-SUP-2026-705,,,,,2026-06-13 18:13:51.821,250 NTE 84,0101000020E61000001F4B1FBAA0C658C0DCF0BBE996753340,19.459334,-99.10356
1038,PLATSOBSE_DGSUS_BALON_BARRIO_100_CAMPO_DEPORTIVO_IZTACALCO_100,ed5a832e-b815-4eab-bb01-f4cd29201ff3,100 CAMPO DEPORTIVO IZTACALCO,IZTACALCO,INFONAVIT IZTACALCO,,"ESQ PEÑÓN, AVENIDA GIRASOL 20, INFONAVIT IZTACALCO, IZTACALCO, 08900 CIUDAD DE MÉXICO, CDMX",https://maps.app.goo.gl/xvz1Ns1V7mg1LVmm9,,LUIS PEREZ,,,2026.0,,SOBS-EJM-P-2026-706,S712,,,100.0,TERMINADO,SOBS-EJM-SUP-2026-706,,,,,2026-06-13 18:13:51.821,100 CAMPO DEPORTIVO IZTACALCO,0101000020E6100000F73B1405FAC658C0C0B167CF65623340,19.384366,-99.10901
1039,PLATSOBSE_DGPEST_BALON_BARRIO_286_CANCHAS_ATLIXCO_286,47ccc812-b5ae-4524-bef7-54408cc9ceba,286 CANCHAS ATLIXCO,TLÁHUAC,SANTA CECILIA,,"FRANCISCO SANTIAGO BORRAZ, SANTA CECILIA, TLÁHUAC, 13010 CIUDAD DE MÉXICO, CDMX",https://maps.app.goo.gl/gNBHrtMYfKEgHpqm7,,LUIS PEREZ,,,2026.0,,SOBS-EJM-P-2026-707,S713,,,100.0,TERMINADO,SOBS-EJM-SUP-2026-707,,,,,2026-06-13 18:13:51.821,286 CANCHAS ATLIXCO,0101000020E61000008D28ED0DBEC058C0200DA7CCCD473340,19.280484,-99.0116
1040,PLATSOBSE_DGOIV_BALON_BARRIO_59_PILARES_FRAMBOYANES_59,72eb30fc-3d16-4cec-9164-0dbf32052c91,59 PILARES FRAMBOYANES,TLALPAN,LOS FRAMBOYANES,,BALANCAN S/N,https://maps.app.goo.gl/WsF22WLGK5YjRHFM8,,LUIS PEREZ,,,2026.0,,SOBS-EJM-P-2026-708,S714,,,98.0,EN PROCESO,SOBS-EJM-SUP-2026-708,,,,,2026-06-13 18:13:51.821,59 PILARES FRAMBOYANES,0101000020E6100000EACF7EA488CE58C051BCCADAA64C3340,19.299421,-99.22709
1041,PLATSOBSE_DGOIV_BALON_BARRIO_12_PILARES_GOMEZ_FARIAS_SANTA_FE_12,cbdb36bf-50f4-446c-9f17-63207dbbf92f,"12 PILARES GOMEZ FARIAS, SANTA FE",ÁLVARO OBREGÓN,CARLOS A. MADRAZO,,PROLONGACION GOMEZ FARIAS Y PROLONGACION REFORMA PUERTA SANT,https://maps.app.goo.gl/6pYr8GwQpZr7XaSG6,,LUIS PEREZ,,,2026.0,,SOBS-EJM-P-2026-709,S715,,,100.0,TERMINADO,SOBS-EJM-SUP-2026-709,,,,,2026-06-13 18:13:51.821,"12 PILARES GOMEZ FARIAS, SANTA FE",0101000020E610000080F10C1AFACF58C02B31CF4A5A613340,19.380284,-99.24964
1042,PLATSOBSE_DGOIV_BALON_BARRIO_13_CANCHA_ESTADO_DE_HIDALGO_13,a94cee2c-4a5e-4f43-b6fa-d8649ed8b7e5,13 CANCHA ESTADO DE HIDALGO,ÁLVARO OBREGÓN,ESTADO DE HIDALGO,,AV. TAMAULIPAS Y PEDRERA,https://maps.app.goo.gl/9syAT72Pw7hgc3BLA,,LUIS PEREZ,,,2026.0,,SOBS-EJM-P-2026-710,S716,,,100.0,TERMINADO,SOBS-EJM-SUP-2026-710,,,,,2026-06-13 18:13:51.821,13 CANCHA ESTADO DE HIDALGO,0101000020E6100000842A357BA0CF58C055A01683875D3340,19.365349,-99.24417
1043,PLATSOBSE_DGOIV_BALON_BARRIO_14_PILARES_ISIDRO_FABELA_14,95480448-1677-4418-8463-158de6eb8a3f,14 PILARES ISIDRO FABELA,ÁLVARO OBREGÓN,ISIDRO FABELA,,"NICARAGÜENSES SN, ISIDRO FABELA, ÁLVARO OBREGÓN, 01160 CIUDAD DE MÉXICO, CDMX",https://maps.app.goo.gl/UFTYkuvt1r5T8QTD6,,LUIS PEREZ,,,2026.0,,SOBS-EJM-P-2026-711,S717,,,100.0,TERMINADO,SOBS-EJM-SUP-2026-711,,,,,2026-06-13 18:13:51.821,14 PILARES ISIDRO FABELA,0101000020E61000007311DF8959CD58C04167D2A6EA623340,19.386393,-99.20859
1044,PLATSOBSE_DGPEST_BALON_BARRIO_270_CANCHA_FUTBOL_RAPIDO_CALLE_VILLA_FELICHE_270,51bae62c-41c2-4eb9-9a0c-47661189ac53,270 CANCHA FUTBOL RAPIDO CALLE VILLA FELICHE,IZTAPALAPA,HANK GONZALES,,"CALLE VILLA FELICHE & CONSTITUCIÓN, HANK GONZÁLEZ, IZTAPALAPA, 09700 CIUDAD DE MÉXICO, CDMX",https://maps.app.goo.gl/Gq4ikQZbfEXP5wGj9,,LUIS PEREZ,,,2026.0,,SOBS-EJM-P-2026-712,S718,,,100.0,INAUGURADA,SOBS-EJM-SUP-2026-712,,,,,2026-06-13 18:13:51.821,270 CANCHA FUTBOL RAPIDO CALLE VILLA FELICHE,0101000020E6100000FE9AAC510FC358C0F0181EFB59543340,19.329498,-99.04781
1045,PLATSOBSE_DGOIV_BALON_BARRIO_35_CASTILLO_LEDON_0_CANCHA_TECHADA_35,f6bd3f87-980b-43a6-b66f-b87730b4719a,35 CASTILLO LEDON 0 (CANCHA TECHADA),CUAJIMALPA DE MORELOS,CUAJIMALPA,,"C. Guillermo Prieto 116, Cuajimalpa, Cuajimalpa de Morelos, 05000 Ciudad de México, CDMX",https://maps.app.goo.gl/J9ewGrqsaKuZKKfu7,,LUIS PEREZ,,,2026.0,,SOBS-EJM-P-2026-713,S719,,,100.0,TERMINADO,SOBS-EJM-SUP-2026-713,,,,,2026-06-13 18:13:51.821,35 CASTILLO LEDON 0 (CANCHA TECHADA),0101000020E6100000118B187618D358C090F5D4EAAB5B3340,19.358092,-99.298368
1046,PLATSOBSE_DGOIV_BALON_BARRIO_64_DEPORTIVO_TIBIO_MUNOZ_64,c9bf5723-ecef-472a-a8c1-8182f7082052,64 DEPORTIVO TIBIO MUNOZ,VENUSTIANO CARRANZA,EL ARENAL 4A SECCION,,"XOCHITLÁN SUR, ARENAL 4TA SECC, VENUSTIANO CARRANZA, 15640 CIUDAD DE MÉXICO, CDMX",https://maps.app.goo.gl/uu1w9tgJRStJNj1y5,,LUIS PEREZ,,,2026.0,,SOBS-EJM-P-2026-714,S720,,,100.0,INAUGURADA,SOBS-EJM-SUP-2026-714,,,,,2026-06-13 18:13:51.821,64 DEPORTIVO TIBIO MUNOZ,0101000020E6100000C4EBFA05BBC358C06A882AFC196E3340,19.430084,-99.05829
1047,PLATSOBSE_DGSUS_BALON_BARRIO_145_PARCIALIDAD_145,b35b6b3f-81ff-49b9-b4b3-9f1f15a924aa,145 PARCIALIDAD,CUAUHTÉMOC,MORELOS,,"PERALVILLO 7-C, MORELOS, CUAUHTÉMOC, 06200 CIUDAD DE MÉXICO, CDMX",https://maps.app.goo.gl/kpdgpppFRzeVqdvG6,,JUAN HERNANDEZ,,,2026.0,,SOBS-EJM-P-2026-715,S721,,,100.0,INAUGURADA,SOBS-EJM-SUP-2026-715,,,,,2026-06-13 18:13:51.821,145 PARCIALIDAD,0101000020E6100000D4601A868FC858C0C4D155BABB723340,19.448177,-99.13376
1048,PLATSOBSE_DGOIV_BALON_BARRIO_36_DEPORTIVO_CHIMALPA_36,fca34917-ba2d-4b12-a213-8780bd6adde4,36 DEPORTIVO CHIMALPA,CUAJIMALPA DE MORELOS,SAN PABLO CHIMALPA,,"DEL TECNOLÓGICO S/N, SAN PABLO CHIMALPA, CUAJIMALPA DE MORELOS, 05050 CIUDAD DE MÉXICO, CDMX",https://maps.app.goo.gl/QjoMLFyrunu1F6Qw7,,JUAN HERNANDEZ,,,2026.0,,SOBS-EJM-P-2026-716,S722,,,100.0,INAUGURADA,SOBS-EJM-SUP-2026-716,,,,,2026-06-13 18:13:51.821,36 DEPORTIVO CHIMALPA,0101000020E61000005280289831D458C036DF2D35E7593340,19.351184,-99.315527
1049,PLATSOBSE_DGOIV_BALON_BARRIO_66_CANCHA_PARQUE_MADERO_66,122059a1-a6eb-47d5-8325-ee788bacd234,66 CANCHA PARQUE MADERO,VENUSTIANO CARRANZA,MORELOS,,"MORELOS, VENUSTIANO CARRANZA, 15270 CIUDAD DE MÉXICO, CDMX",https://maps.app.goo.gl/5q8kJQSAUeDcbQnb9,,JUAN HERNANDEZ,,,2026.0,,SOBS-EJM-P-2026-717,S723,,,100.0,INAUGURADA,SOBS-EJM-SUP-2026-717,,,,,2026-06-13 18:13:51.821,66 CANCHA PARQUE MADERO,0101000020E6100000931D1B8178C758C05CCCCF0D4D713340,19.442582,-99.11673
1050,PLATSOBSE_DGOT_BALON_BARRIO_244_CIRCUITO_INTERIOR_1_244,560a45a8-f8ab-4f24-a5b7-ea62623608a0,244 CIRCUITO INTERIOR 1,VENUSTIANO CARRANZA,JARDIN BALBUENA,,CAMELLON CTO INTERIOR Y SENDERO,https://maps.app.goo.gl/XecVWTBNzg5b5ct38,,JUAN HERNANDEZ,,,2026.0,,SOBS-EJM-P-2026-718,S724,,,100.0,INAUGURADA,SOBS-EJM-SUP-2026-718,,,,,2026-06-13 18:13:51.821,244 CIRCUITO INTERIOR 1,0101000020E61000004A5E9D6340C658C0B686527B11693340,19.410423,-99.09768
1051,PLATSOBSE_DGPEST_BALON_BARRIO_279_PILARES_SANTA_CATARINA_279,041a77ad-328b-4d94-9cb9-d094bbf62df1,279 PILARES SANTA CATARINA,TLÁHUAC,AMPLIACIÓN SANTA CATARINA,,"TOLTECAS 161, STA CATARINA, TLÁHUAC, 13120 SANTA CATARINA YECAHUITZOTL, CDMX",https://maps.app.goo.gl/TEH4UBodFMThn8bg8,,JUAN HERNANDEZ,,,2026.0,,SOBS-EJM-P-2026-719,S725,,,100.0,INAUGURADA,SOBS-EJM-SUP-2026-719,,,,,2026-06-13 18:13:51.821,279 PILARES SANTA CATARINA,0101000020E610000048A7AE7C96BD58C0268A90BA9D513340,19.318813,-98.96231
1052,PLATSOBSE_DGSUS_BALON_BARRIO_91_CANCHA_CAMELLON_PLUTARCO_91,2e78df1a-4297-433d-a9f1-06daec20a5fe,91 CANCHA CAMELLON PLUTARCO,IZTACALCO,NATIVITAS,,"AV. PDTE. PLUTARCO ELÍAS CALLES, NATIVITAS, BENITO JUÁREZ, 03500 CIUDAD DE MÉXICO, CDMX",https://maps.app.goo.gl/yrhqbRqFqwtNhxvn7,,JUAN HERNANDEZ,,,2026.0,,SOBS-EJM-P-2026-720,S726,,,100.0,TERMINADO,SOBS-EJM-SUP-2026-720,,,,,2026-06-13 18:13:51.821,91 CANCHA CAMELLON PLUTARCO,0101000020E6100000B8E9CF7EA4C858C00FD253E410613340,19.379164,-99.13504
1053,PLATSOBSE_DGOIV_BALON_BARRIO_23_PILARES_MIGUEL_GAONA_ARMENTA_23,146268e7-0ea5-4494-baa2-44a22bee9751,23 PILARES MIGUEL GAONA ARMENTA,ÁLVARO OBREGÓN,MIGUEL GAONA,,"14 DE MARZO 13, SANTA LUCÍA, ÁLVARO OBREGÓN, 01509 CIUDAD DE MÉXICO, CDMX",https://maps.app.goo.gl/hDxG8RCR9wNAaP7w7,,JUAN HERNANDEZ,,,2026.0,,SOBS-EJM-P-2026-721,S727,,,100.0,TERMINADO,SOBS-EJM-SUP-2026-721,,,,,2026-06-13 18:13:51.821,23 PILARES MIGUEL GAONA ARMENTA,0101000020E6100000AE64C74620D058C08D614ED0265B3340,19.356061,-99.25197
1054,PLATSOBSE_DGSUS_BALON_BARRIO_147_PALO_ALTO_147,994ed4ca-e685-493d-a81a-43463704b7ad,147 PALO ALTO,CUAJIMALPA DE MORELOS,COOPERATIVA PALO ALTO,,"COOPERATIVA PALO ALTO, 05110 CIUDAD DE MÉXICO, CDMX",https://maps.app.goo.gl/c7D5V9Pib8JyT4Jz5,,JUAN HERNANDEZ,,,2026.0,,SOBS-EJM-P-2026-722,S728,,,100.0,TERMINADO,SOBS-EJM-SUP-2026-722,,,,,2026-06-13 18:13:51.821,147 PALO ALTO,0101000020E61000000A80F10C1AD058C048C153C895623340,19.385098,-99.25159
1055,PLATSOBSE_DGSUS_BALON_BARRIO_141_CAMPAMENTO_2_DE_OCTUBRE_141,c55f5437-c9c1-4692-a2d3-6971ad6c33cb,141 CAMPAMENTO 2 DE OCTUBRE,IZTACALCO,CAMPAMENTO 2 DE OCTUBRE,,"AV. JUAN N. ÁLVAREZ CAMPAMENTO 2 DE OCTUBRE, IZTACALCO",https://maps.app.goo.gl/esvanHKon3KwSjJV6,,JUAN HERNANDEZ,,,2026.0,,SOBS-EJM-P-2026-723,S729,,,100.0,TERMINADO,SOBS-EJM-SUP-2026-723,,,,,2026-06-13 18:13:51.821,141 CAMPAMENTO 2 DE OCTUBRE,0101000020E610000085251E5036C758C0B03907CF84623340,19.384839,-99.11269
1056,PLATSOBSE_DGOIV_BALON_BARRIO_32_DEPORTIVO_ZENTLAPATL_32,20dc94f7-a13e-49e0-93bd-51d39fc0862b,32 DEPORTIVO ZENTLAPATL,CUAJIMALPA DE MORELOS,AGUA BENDITA,,"ZENTLAPATL, CUAJIMALPA DE MORELOS, 05010 CIUDAD DE MÉXICO, CDMX",https://maps.app.goo.gl/zL631rd9JqhAdGSW7,,JUAN HERNANDEZ,,,2026.0,,SOBS-EJM-P-2026-724,S730,,,100.0,INAUGURADA,SOBS-EJM-SUP-2026-724,,,,,2026-06-13 18:13:51.821,32 DEPORTIVO ZENTLAPATL,0101000020E61000003DF20703CFD358C082AD122C0E5B3340,19.355685,-99.30951
1057,PLATSOBSE_DGOIV_BALON_BARRIO_52_INSURGENTES_Y_MARTINELLI_52,36c70aa4-91dc-4729-a0df-87ecfa95be32,52 INSURGENTES Y MARTINELLI,CUAUHTÉMOC,SAN SIMON TOLNAHUAC,,"Eje 1 Pte, San Simón Tolnahuac, Cuauhtémoc, 06920 Ciudad de México, CDMX",https://maps.app.goo.gl/eGPxocXE7FaWbbzn8,,JUAN HERNANDEZ,,,2026.0,,SOBS-EJM-P-2026-725,S731,,,100.0,INAUGURADA,SOBS-EJM-SUP-2026-725,,,,,2026-06-13 18:13:51.821,52 INSURGENTES Y MARTINELLI,0101000020E61000003E7958A835C958C0B8B06EBC3B763340,19.461849,-99.1439
1058,PLATSOBSE_DGCOP_BALON_BARRIO_207_CANCHAS_SANDALO_207,50e196a5-194f-476f-a7b3-998a2a43bd40,207 CANCHAS SANDALO,CUAUHTÉMOC,SANTA MARIA INSURGENTES,,"SANTA MARÍA INSURGENTES, CUAUHTÉMOC, 06430 CIUDAD DE MÉXICO, CDMX",https://maps.app.goo.gl/7NsnjGmNpt5oTAHC7,,JUAN HERNANDEZ,,,2026.0,,SOBS-EJM-P-2026-726,S732,,,100.0,INAUGURADA,SOBS-EJM-SUP-2026-726,,,,,2026-06-13 18:13:51.821,207 CANCHAS SANDALO,0101000020E61000005396218E75C958C095490D6D00763340,19.460944,-99.1478
1059,PLATSOBSE_DGOT_BALON_BARRIO_229_JARDIN_ARTES_GRAFICAS_CUAUHTEMOC_229,b265f664-1557-41fe-955e-166ba5cb6dcd,229 JARDIN ARTES GRAFICAS/CUAUHTEMOC,CUAUHTÉMOC,DOCTORES,,"Dr. Andrade 173, Doctores, Cuauhtémoc, 06720 Ciudad de México, CDMX",https://maps.app.goo.gl/wZrTBi3ERZFwQ32E6,,JUAN HERNANDEZ,,,2026.0,,SOBS-EJM-P-2026-727,S733,,,100.0,TERMINADO,SOBS-EJM-SUP-2026-727,,,,,2026-06-13 18:13:51.821,229 JARDIN ARTES GRAFICAS/CUAUHTEMOC,0101000020E61000004F75C8CD70C958C091D26C1E87693340,19.412218,-99.14751
1060,PLATSOBSE_DGCOP_BALON_BARRIO_177_TORRE_14_FUTBOL_CALLE_2A_CDA_AV_605_177,7a69e8c8-7f62-49ba-8891-30c519f820db,177 TORRE 14 FUTBOL CALLE 2A CDA AV 605,GUSTAVO A. MADERO,SAN JUAN DE ARAGON,,"2a. 605, San Juan de Aragón III Secc, Gustavo A. Madero, 07970 Ciudad de México, CDMX",https://maps.app.goo.gl/y1nEqjhHtYHobKP16,,JUAN HERNANDEZ,,,2026.0,,SOBS-EJM-P-2026-728,S734,,,100.0,TERMINADO,SOBS-EJM-SUP-2026-728,,,,,2026-06-13 18:13:51.821,177 TORRE 14 FUTBOL CALLE 2A CDA AV 605,0101000020E61000008D976E1283C458C027A435069D743340,19.455521,-99.0705
1061,PLATSOBSE_DGSUS_BALON_BARRIO_112_CANCHA_CALLE_25_DE_SEPTIEMBRE_Y_EJE_5_SUR_112,f11f290a-9077-4a13-98c3-18669efed890,112 CANCHA CALLE 25 DE SEPTIEMBRE Y EJE 5 SUR,IZTAPALAPA,LEYES DE REFORMA 3ERA SECCION,,"CALLE 25 DE SEPTIEMBRE ESQUINA EJE 5 SUR, COL. LEYES DE REFORMA",https://maps.app.goo.gl/SYss6mkYgRyUPNRi6,,JUAN HERNANDEZ,,,2026.0,,SOBS-EJM-P-2026-729,S735,,,100.0,INAUGURADA,SOBS-EJM-SUP-2026-729,,,,,2026-06-13 18:13:51.821,112 CANCHA CALLE 25 DE SEPTIEMBRE Y EJE 5 SUR,0101000020E6100000B936548CF3C358C023DBF97E6A603340,19.376625,-99.06174
1062,PLATSOBSE_DGCOP_BALON_BARRIO_201_PARQUE_SOLIDARIDAD_201,4f9d9c9d-76a9-47a4-812b-e0164c8503a9,201 PARQUE SOLIDARIDAD,GUSTAVO A. MADERO,SOLIDARIDAD NACIONAL,,"07264, AUTOMATAZACION MZ19LT12, SOLIDARIDAD NACIONAL, GUSTAVO A. MADERO, CIUDAD DE MÉXICO, CDMX",https://maps.app.goo.gl/PGPZU8vM5ZGrNydn7,,JUAN HERNANDEZ,,,2026.0,,SOBS-EJM-P-2026-730,S736,,,100.0,INAUGURADA,SOBS-EJM-SUP-2026-730,,,,,2026-06-13 18:13:51.821,201 PARQUE SOLIDARIDAD,0101000020E610000064E94317D4C958C02DB308C556883340,19.532574,-99.15357
1063,PLATSOBSE_DGSUS_BALON_BARRIO_134_EJERCITO_DE_ORIENTE_134,4a11469a-0368-428c-bddc-32062531413f,134 EJERCITO DE ORIENTE,IZTAPALAPA,EJERCITO DE ORIENTE,,"Calz. Ignacio Zaragoza, Ejército de Oriente Indeco II Issste, Iztapalapa, 09230 Ciudad de México, CDMX",https://maps.app.goo.gl/c9JivRZGkeSiCWSz9,,JUAN HERNANDEZ,,,2026.0,,SOBS-EJM-P-2026-731,S737,,,100.0,TERMINADO,SOBS-EJM-SUP-2026-731,,,,,2026-06-13 18:13:51.821,134 EJERCITO DE ORIENTE,0101000020E610000047E6913F18C258C06A4E5E6402623340,19.382849,-99.03273
1064,PLATSOBSE_DGOT_BALON_BARRIO_251_AV_414_A_251,35c739bd-b1db-49b9-ad10-a35a33f922e0,251 AV. 414-A,GUSTAVO A. MADERO,SAN JUAN DE ARAGON 6A SECCION (U HAB) II,,"AV 414-A 14, SAN JUAN DE ARAGÓN VI SECC, GUSTAVO A. MADERO, 07918 CIUDAD DE MÉXICO, CDMX",https://maps.app.goo.gl/Vp4njngWJ1WuLzjw5,,JUAN HERNANDEZ,,,2026.0,,SOBS-EJM-P-2026-732,S738,,,100.0,TERMINADO,SOBS-EJM-SUP-2026-732,,,,,2026-06-13 18:13:51.821,251 AV. 414-A,0101000020E61000009279E40F06C458C0942F682101773340,19.464861,-99.06287
1065,PLATSOBSE_DGOIV_BALON_BARRIO_19_MODULO_DEPORTIVO_JARDIN_PINO_SUAREZ_19,ffada4d9-5826-41f8-b81e-a938ff5271d4,"19 MODULO DEPORTIVO ""JARDIN PINO SUAREZ""",ÁLVARO OBREGÓN,JOSE MARIA PINO SUAREZ,,"CALLE JDN 54, JOSÉMARÍA PINO SUÁREZ, ÁLVARO OBREGÓN, 01140 CIUDAD DE MÉXICO, CDMX",https://maps.app.goo.gl/2jSmEuBPGBfoKP3E6,,JUAN HERNANDEZ,,,2026.0,,SOBS-EJM-P-2026-733,S739,,,100.0,INAUGURADA,SOBS-EJM-SUP-2026-733,,,,,2026-06-13 18:13:51.821,"19 MODULO DEPORTIVO ""JARDIN PINO SUAREZ""",0101000020E610000086E63A8DB4CC58C0E1D39CBCC8643340,19.393688,-99.19852
1066,PLATSOBSE_DGOIV_BALON_BARRIO_80_DEPORTIVO_CASA_POPULAR_80,a36591f7-34e2-425f-be44-a2f33b189e8e,80 DEPORTIVO CASA POPULAR,LA MAGDALENA CONTRERAS,SAN JERONIMO LIDICE,,"Av. Luis Cabrera, San Jerónimo Lídice, La Magdalena Contreras, 10200 Ciudad de México, CDMX",https://maps.app.goo.gl/6aQ6vYvi1U42kqVe7,,JUAN HERNANDEZ,,,2026.0,,SOBS-EJM-P-2026-734,S740,,,100.0,INAUGURADA,SOBS-EJM-SUP-2026-734,,,,,2026-06-13 18:13:51.821,80 DEPORTIVO CASA POPULAR,0101000020E6100000C7116BF129CE58C04D49D6E1E8523340,19.323866,-99.22131
1067,PLATSOBSE_DGSUS_BALON_BARRIO_109_PARQUE_DEPORTIVO_HUITZICO_109,0e9413b8-9a91-4c5d-962c-d10208740310,109 PARQUE DEPORTIVO HUITZICO,IZTAPALAPA,HUITZICO,,"EMILIANO ZAPATA, IZTAPALAPA, 13119 CIUDAD DE MÉXICO, CDMX",https://maps.app.goo.gl/jtiJvS62oxvVHDqH8,,JUAN HERNANDEZ,,,2026.0,,SOBS-EJM-P-2026-735,S741,,,100.0,INAUGURADA,SOBS-EJM-SUP-2026-735,,,,,2026-06-13 18:13:51.821,109 PARQUE DEPORTIVO HUITZICO,0101000020E6100000D3D050ED9DBE58C0A5F21BCB60533340,19.325696,-98.978389
1068,PLATSOBSE_DGOIV_BALON_BARRIO_15_BIBLIOTECA_LOMAS_DE_LA_ERA_15,42c9e9de-22d0-435f-a62c-f99b471b9df5,15 BIBLIOTECA LOMAS DE LA ERA,ÁLVARO OBREGÓN,LOMAS DE LA ERA,,"AND. 29 DE OCTUBRE, LOMAS DE LA ERA, ÁLVARO OBREGÓN, 01860 CIUDAD DE MÉXICO, CDMX",https://maps.app.goo.gl/uY9ch6mVz6FNfJyo6,,JUAN HERNANDEZ,,,2026.0,,SOBS-EJM-P-2026-736,S742,,,100.0,TERMINADO,SOBS-EJM-SUP-2026-736,,,,,2026-06-13 18:13:51.821,15 BIBLIOTECA LOMAS DE LA ERA,0101000020E610000031992A1895D058C08AE8D7D64F533340,19.325437,-99.2591
1069,PLATSOBSE_DGSUS_BALON_BARRIO_132_CAMELLON_LAS_TORRES_132,91932530-a881-4faa-908c-dffa2ece6dd9,132 CAMELLON LAS TORRES,LA MAGDALENA CONTRERAS,LOS PADRES,,"AV. DE LAS TORRES 33, LOS PADRES, LA MAGDALENA CONTRERAS, 10340 CIUDAD DE MÉXICO, CDMX",https://maps.app.goo.gl/YWnTLMe6RPA3Q76b7,,JUAN HERNANDEZ,,,2026.0,,SOBS-EJM-P-2026-737,S743,,,100.0,TERMINADO,SOBS-EJM-SUP-2026-737,,,,,2026-06-13 18:13:51.821,132 CAMELLON LAS TORRES,0101000020E610000076543541D4CF58C086E7A56263523340,19.321829,-99.24733
1070,PLATSOBSE_DGCOP_BALON_BARRIO_206_CANCHAS_SANDALO_206,6c055acc-c519-4cd2-944c-c0f0c4cafdd6,206 CANCHAS SANDALO,CUAUHTÉMOC,SANTA MARIA INSURGENTES,,"SANTA MARÍA INSURGENTES, CUAUHTÉMOC, 06430 CIUDAD DE MÉXICO, CDMX",https://maps.app.goo.gl/xCkT5F5eaVM93v4Z8,,JUAN HERNANDEZ,,,2026.0,,SOBS-EJM-P-2026-738,S744,,,100.0,TERMINADO,SOBS-EJM-SUP-2026-738,,,,,2026-06-13 18:13:51.821,206 CANCHAS SANDALO,0101000020E6100000F3599E0777C958C0363AE7A738763340,19.461802,-99.14789
1071,PLATSOBSE_DGPEST_BALON_BARRIO_287_PILARES_TIERRA_BLANCA_287,538d0ab0-8e64-4af3-962a-b944a602cb15,287 PILARES TIERRA BLANCA,TLÁHUAC,TIERRA BLANCA,,C. PINO S/N ESQ. LA BARRANCA,https://maps.app.goo.gl/5hkL1RKbDfjnpZzi9,,JUAN HERNANDEZ,,,2026.0,,SOBS-EJM-P-2026-739,S745,,,100.0,TERMINADO,SOBS-EJM-SUP-2026-739,,,,,2026-06-13 18:13:51.821,287 PILARES TIERRA BLANCA,0101000020E6100000D5CF9B8A54C058C042EBE1CB443D3340,19.239331,-99.00516
1072,PLATSOBSE_DGSUS_BALON_BARRIO_114_CANCHA_CALLE_MANTO_PANTERAS_114,d6541cff-149c-4002-a07f-7b53079d91c0,114 CANCHA CALLE MANTO (PANTERAS),IZTAPALAPA,LOMAS DE LA ESTANCIA,,"MANTO, LOMAS DE LA ESTANCIA, IZTAPALAPA, 09640 CIUDAD DE MÉXICO, CDMX",https://maps.app.goo.gl/uJE1vvymGq6iUB2P8,,JUAN HERNANDEZ,,,2026.0,,SOBS-EJM-P-2026-740,S746,,,100.0,INAUGURADA,SOBS-EJM-SUP-2026-740,,,,,2026-06-13 18:13:51.821,114 CANCHA CALLE MANTO (PANTERAS),0101000020E6100000944DB9C2BBC058C01B82E3326E563340,19.337619,-99.01146
1073,PLATSOBSE_DGCOP_BALON_BARRIO_209_UTOPIA_CEYLAN_209,ce2e07f1-50f7-46c4-9855-5f002385afd6,209. UTOPIA CEYLAN,AZCAPOTZALCO,EUZKADI,,"EUZKADI, AZCAPOTZALCO, 02660 CIUDAD DE M�XICO, CDMX",https://maps.app.goo.gl/48YCcDmZNthGSrTW6,,JUAN HERNANDEZ,,,2026.0,,SOBS-EJM-P-2026-741,S747,,,100.0,INAUGURADA,SOBS-EJM-SUP-2026-741,,,,,2026-06-13 18:13:51.821,209. UTOPIA CEYLAN,0101000020E6100000003961C268CA58C0FCE3BD6A657A3340,19.47811,-99.162644
1074,PLATSOBSE_DGCOP_BALON_BARRIO_173_CANCHA_DEL_PARQUE_LA_TORRE_173,7e79aeb3-90af-49aa-8dfe-93283dd41cb1,173. CANCHA DEL PARQUE LA TORRE,AZCAPOTZALCO,EL PRESIDENTE,,"Athletic Field, Pdte Madero, 02420 Ciudad de M�xico, CDMX",https://maps.app.goo.gl/svipTiVRT5CcRJ2N8,,JUAN HERNANDEZ,,,2026.0,,SOBS-EJM-P-2026-742,S748,,,100.0,INAUGURADA,SOBS-EJM-SUP-2026-742,,,,,2026-06-13 18:13:51.821,173. CANCHA DEL PARQUE LA TORRE,0101000020E610000066BFEE74E7CC58C05340DAFF007F3340,19.496109,-99.201627
1075,PLATSOBSE_DGOT_BALON_BARRIO_247_DEPORTIVO_MOCTEZUMA_247,e5470170-5cf5-449b-95d5-337c1fa3faa6,247 DEPORTIVO MOCTEZUMA,VENUSTIANO CARRANZA,MOCTEZUMA 2A SECCION,,"C. OTE. 158 225, MOCTEZUMA 2DA SECC, VENUSTIANO CARRANZA, 15530 CIUDAD DE MÉXICO, CDMX",https://maps.app.goo.gl/MRDoWkik46jho8aY8,,JUAN HERNANDEZ,,,2026.0,,SOBS-EJM-P-2026-743,S749,,,100.0,INAUGURADA,SOBS-EJM-SUP-2026-743,,,,,2026-06-13 18:13:51.821,247 DEPORTIVO MOCTEZUMA,0101000020E61000008AABCABE2BC658C061A75835086F3340,19.433719,-99.09642
1076,PLATSOBSE_DGOT_BALON_BARRIO_249_PARQUE_MIME_FAISAL_249,08e8d24b-8222-4845-a914-9a49a468f803,249 PARQUE MIME FAISAL,GUSTAVO A. MADERO,SAN JUAN DE ARAGON,,"1a. 585 3, San Juan de Aragón III Secc, Gustavo A. Madero, 07970 Ciudad de México, CDMX",https://maps.app.goo.gl/rSU44PbRjoQAV94z7,,JUAN HERNANDEZ,,,2026.0,,SOBS-EJM-P-2026-744,S750,,,100.0,INAUGURADA,SOBS-EJM-SUP-2026-744,,,,,2026-06-13 18:13:51.821,249 PARQUE MIME FAISAL,0101000020E6100000622D3E05C0C458C09F2287889B733340,19.451592,-99.07422
1077,PLATSOBSE_DGSUS_BALON_BARRIO_123_EL_COLISEO_123,9b975582-0d51-4bb5-ac13-2c279a18af94,123 EL COLISEO,IZTAPALAPA,SANTA MARTHA ACATITLA NORTE,,"AV. TEXCOCO MZ 192-LT 1, ZONA URBANA EJIDAL SANTA MARTHA ACATITLA NTE., IZTAPALAPA, 09140 CIUDAD DE MÉXICO, CDMX",https://maps.app.goo.gl/TTBSAHriCB9E6PzF7,,JUAN HERNANDEZ,,,2026.0,,SOBS-EJM-P-2026-745,S751,,,100.0,INAUGURADA,SOBS-EJM-SUP-2026-745,,,,,2026-06-13 18:13:51.821,123 EL COLISEO,0101000020E6100000C971A774B0C058C0D2E0B6B6F0603340,19.378673,-99.01077
1078,PLATSOBSE_DGOIV_BALON_BARRIO_86_DEPORTIVO_NICOLAS_BRAVO_86,533f6460-9812-41eb-b52c-bd6e5b0168d1,86 DEPORTIVO NICOLAS BRAVO,GUSTAVO A. MADERO,TRIUNFO DE LA REPUBLICA,,"Triunfo de la República, Gustavo A. Madero, 07069 Ciudad de México, CDMX",https://maps.app.goo.gl/idcFqmEhicX2mBZv9,,JUAN HERNANDEZ,,,2026.0,,SOBS-EJM-P-2026-746,S752,,,100.0,TERMINADO,SOBS-EJM-SUP-2026-746,,,,,2026-06-13 18:13:51.821,86 DEPORTIVO NICOLAS BRAVO,0101000020E6100000B0389CF9D5C658C0558847E2E57D3340,19.491789,-99.10681
1079,PLATSOBSE_DGOIV_BALON_BARRIO_26_CANCHA_CELLINI_26,4e610670-d48d-4dc5-9060-e63110c1af2d,26 CANCHA CELLINI,BENITO JUÁREZ,MIXCOAC,,"BENVENUTO CELLINI 21, MIXCOAC, BENITO JUÁREZ, 03910 CIUDAD DE MÉXICO, CDMX, MÉXICO",https://maps.app.goo.gl/qiFu2fnEN72uu8vc6,,JUAN HERNANDEZ,,,2026.0,,SOBS-EJM-P-2026-747,S753,,,100.0,INAUGURADA,SOBS-EJM-SUP-2026-747,,,,,2026-06-13 18:13:51.821,26 CANCHA CELLINI,0101000020E61000008EE9094B3CCC58C09A05DA1D52603340,19.376253,-99.19118
1080,PLATSOBSE_DGOIV_BALON_BARRIO_83_CANCHA_DEPORTIVO_EDUARDO_MOLINA_83,6caf7636-4a6e-4427-a2ea-67f701e9ed6b,83 CANCHA DEPORTIVO EDUARDO MOLINA,VENUSTIANO CARRANZA,20 DE NOVIEMBRE,,"Eduardo Molina 189-local 2, 20 de Noviembre, Venustiano Carranza, 15300 Ciudad de México, CDMX",https://maps.app.goo.gl/tx9vaZL1HhLK8Wg9A,,JUAN HERNANDEZ,,,2026.0,,SOBS-EJM-P-2026-748,S754,,,100.0,TERMINADO,SOBS-EJM-SUP-2026-748,,,,,2026-06-13 18:13:51.821,83 CANCHA DEPORTIVO EDUARDO MOLINA,0101000020E6100000327216F6B4C758C020D26F5F076A3340,19.414175,-99.12042
1081,PLATSOBSE_DGCOP_BALON_BARRIO_196_PILARES_100_METROS_196,d4d20a84-cfc3-42a6-9cd9-58135a1a3ae0,196 PILARES 100 METROS,GUSTAVO A. MADERO,SAN JOSE DE LA ESCALERA,,"VENTISCA 328, SANTIAGO ATEPETLAC, GUSTAVO A. MADERO, 07640 CIUDAD DE MÉXICO, CDMX",https://maps.app.goo.gl/HJrQz93Yp61tjMAN9,,JUAN HERNANDEZ,,,2026.0,,SOBS-EJM-P-2026-749,S755,,,100.0,INAUGURADA,SOBS-EJM-SUP-2026-749,,,,,2026-06-13 18:13:51.821,196 PILARES 100 METROS,0101000020E6100000A01A2FDD24CA58C087E0B88C9B863340,19.525811,-99.1585
1082,PLATSOBSE_DGPEST_BALON_BARRIO_275_PILARES_PARQUE_NACIONAL_275,546fa279-d4e8-4a4c-aeaa-c66c4c86b055,275 PILARES PARQUE NACIONAL,IZTAPALAPA,PARQUE NACIONAL CERRO DE LA ESTRELLA,,HERMANOS LUMIERE S/N,https://maps.app.goo.gl/vLApWT21xq5SabhN9,,JUAN HERNANDEZ,,,2026.0,,SOBS-EJM-P-2026-750,S756,,,77.0,EN PROCESO,SOBS-EJM-SUP-2026-750,,,,,2026-06-13 18:13:51.821,275 PILARES PARQUE NACIONAL,0101000020E6100000EE940ED6FFC558C021904B1C79543340,19.329973,-99.09374
1083,PLATSOBSE_DGSUS_BALON_BARRIO_124_EL_COLISEO_124,fec7d692-4d36-464d-bb46-12742fc59b2f,124 EL COLISEO,IZTAPALAPA,SANTA MARTHA ACATITLA NORTE,,"AV. TEXCOCO MZ 192-LT 1, ZONA URBANA EJIDAL SANTA MARTHA ACATITLA NTE., IZTAPALAPA, 09140 CIUDAD DE MÉXICO, CDMX",https://maps.app.goo.gl/15wyEziKVyTYp9oQ9,,JUAN HERNANDEZ,,,2026.0,,SOBS-EJM-P-2026-751,S757,,,100.0,INAUGURADA,SOBS-EJM-SUP-2026-751,,,,,2026-06-13 18:13:51.821,124 EL COLISEO,0101000020E61000006D567DAEB6C058C0F0164850FC603340,19.37885,-99.01115
1084,PLATSOBSE_DGSUS_BALON_BARRIO_92_PARQUE_DE_LOS_VENADOS_92,de2ba4f8-5312-49cf-b955-3be14b482cae,92 PARQUE DE LOS VENADOS,BENITO JUÁREZ,PORTALES NORTE,,"C. DR. JOSÉMARÍA VÉRTIZ 1336, PORTALES NTE, BENITO JUÁREZ, 03300 CIUDAD DE MÉXICO, CDMX",https://maps.app.goo.gl/K4QtQk1LVMMDftnn9,,JUAN HERNANDEZ,,,2026.0,,SOBS-EJM-P-2026-752,S758,,,100.0,INAUGURADA,SOBS-EJM-SUP-2026-752,,,,,2026-06-13 18:13:51.821,92 PARQUE DE LOS VENADOS,0101000020E61000003D2CD49AE6C958C0600322C4955F3340,19.373379,-99.1547
1085,PLATSOBSE_DGCOP_BALON_BARRIO_195_PILARES_LA_MUELA_195,f849b89b-e4a9-4c02-bc76-2ef79d591715,195 PILARES LA MUELA,GUSTAVO A. MADERO,ARBOLILLO II,,"VIRGINIA FÁBREGAS, ARBOLILLO II, GUSTAVO A. MADERO, 07420 CIUDAD DE MÉXICO, CDMX",https://maps.app.goo.gl/pPKQSyCn79k5FxoZA,,JUAN HERNANDEZ,,,2026.0,,SOBS-EJM-P-2026-753,S759,,,100.0,INAUGURADA,SOBS-EJM-SUP-2026-753,,,,,2026-06-13 18:13:51.821,195 PILARES LA MUELA,0101000020E610000073BA2C2636C958C0888384285F883340,19.532702,-99.14393
1086,PLATSOBSE_DGCOP_BALON_BARRIO_200_PILARES_TOKIO_200,fa95d4c8-2ca5-4242-91d8-5e0ee3846cee,200 PILARES TOKIO,GUSTAVO A. MADERO,MALACATES,,AV. TOKIO S/N,https://maps.app.goo.gl/vReZ4nydvUsaAXoMA,,JUAN HERNANDEZ,,,2026.0,,SOBS-EJM-P-2026-754,S760,,,100.0,INAUGURADA,SOBS-EJM-SUP-2026-754,,,,,2026-06-13 18:13:51.821,200 PILARES TOKIO,0101000020E610000046425BCEA5C858C07E39B35DA1933340,19.576681,-99.13512
1087,PLATSOBSE_DGCOP_BALON_BARRIO_172_CANCHA_DEL_PARQUE_LA_TORRE_172,b60c71f5-e8d5-45e4-b365-5580984091c8,172 CANCHA DEL PARQUE LA TORRE,AZCAPOTZALCO,EL PRESIDENTE,,"Athletic Field, Pdte Madero, 02420 Ciudad de México, CDMX",https://maps.app.goo.gl/svipTiVRT5CcRJ2N8,,JUAN HERNANDEZ,,,2026.0,,SOBS-EJM-P-2026-755,S761,,,100.0,INAUGURADA,SOBS-EJM-SUP-2026-755,,,,,2026-06-13 18:13:51.821,172 CANCHA DEL PARQUE LA TORRE,0101000020E6100000083BDFFBE8CC58C0BBCE9A53027F3340,19.496129,-99.20172
1088,PLATSOBSE_DGPEST_BALON_BARRIO_264_PILARES_SANTA_MARIA_AZTAHUACAN_GUELATAO_264,d5a97c74-72df-44dd-8a82-f3906846c933,264 PILARES SANTA MARIA AZTAHUACAN (GUELATAO),IZTAPALAPA,SANTA MARIA AZTAHUACAN,,XICOTENCATL 5-26,https://maps.app.goo.gl/tXWG4m6hev2EnhgN8,,JUAN HERNANDEZ,,,2026.0,,SOBS-EJM-P-2026-756,S762,,,100.0,INAUGURADA,SOBS-EJM-SUP-2026-756,,,,,2026-06-13 18:13:51.821,264 PILARES SANTA MARIA AZTAHUACAN (GUELATAO),0101000020E6100000BFD4CF9B8AC258C0DC645419C65D3340,19.366304,-99.03971
1089,PLATSOBSE_DGPEST_BALON_BARRIO_263_PILARES_SANTA_MARIA_AZTAHUACAN_GUELATAO_263,eb23f860-d8c5-48ae-9e01-0bcf9d0e4dd4,263 PILARES SANTA MARIA AZTAHUACAN (GUELATAO),IZTAPALAPA,SANTA MARIA AZTAHUACAN,,XICOTENCATL 5-26,https://maps.app.goo.gl/TRWGMVHvD9AcGWuUA,,JUAN HERNANDEZ,,,2026.0,,SOBS-EJM-P-2026-757,S763,,,100.0,INAUGURADA,SOBS-EJM-SUP-2026-757,,,,,2026-06-13 18:13:51.821,263 PILARES SANTA MARIA AZTAHUACAN (GUELATAO),0101000020E61000008351499D80C258C03C33C170AE5D3340,19.365943,-99.0391
1090,PLATSOBSE_DGPEST_BALON_BARRIO_262_PILARES_SANTA_MARIA_AZTAHUACAN_GUELATAO_262,5a66c6e3-fb5f-4e40-87cd-818634a70177,262 PILARES SANTA MARIA AZTAHUACAN (GUELATAO),IZTAPALAPA,SANTA MARIA AZTAHUACAN,,XICOTENCATL 5-26,https://maps.app.goo.gl/wPRidqa7kzmRiHpX6,,JUAN HERNANDEZ,,,2026.0,,SOBS-EJM-P-2026-758,S764,,,100.0,INAUGURADA,SOBS-EJM-SUP-2026-758,,,,,2026-06-13 18:13:51.821,262 PILARES SANTA MARIA AZTAHUACAN (GUELATAO),0101000020E6100000B1506B9A77C258C0C3499A3FA65D3340,19.365818,-99.03855
1091,PLATSOBSE_DGSUS_BALON_BARRIO_125_EL_COLISEO_125,c050b2b6-018d-4462-a7ca-92bef4744d19,125 EL COLISEO,IZTAPALAPA,SANTA MARTHA ACATITLA NORTE,,"AV. TEXCOCO MZ 192-LT 1, ZONA URBANA EJIDAL SANTA MARTHA ACATITLA NTE., IZTAPALAPA, 09140 CIUDAD DE MÉXICO, CDMX",https://maps.app.goo.gl/1Ls8yB3QkEWpbv5p8,,JUAN HERNANDEZ,,,2026.0,,SOBS-EJM-P-2026-759,S765,,,100.0,INAUGURADA,SOBS-EJM-SUP-2026-759,,,,,2026-06-13 18:13:51.821,125 EL COLISEO,0101000020E61000008D28ED0DBEC058C0C07B478D09613340,19.379052,-99.0116
1092,PLATSOBSE_DGCOP_BALON_BARRIO_188_DEPORTIVO_MARGARITA_MAZA_DE_JUAREZ_188,d260217f-552b-42de-9718-9f298a126f81,"188 DEPORTIVO ""MARGARITA MAZA DE JUAREZ""",GUSTAVO A. MADERO,NUEVA INDUSTRIAL VALLEJO,,"EJE CENTRAL LÁZARO CÁRDENAS 492, LAZARO CARDENAS 1RA SECC, GUSTAVO A. MADERO, 07700 CIUDAD DE MÉXICO, CDMX",https://maps.app.goo.gl/ZqEL39kWYnRecRU17,,JUAN HERNANDEZ,,,2026.0,,SOBS-EJM-P-2026-760,S766,,,100.0,INAUGURADA,SOBS-EJM-SUP-2026-760,,,,,2026-06-13 18:13:51.821,"188 DEPORTIVO ""MARGARITA MAZA DE JUAREZ""",0101000020E610000047551344DDC958C0AA61BF27D6813340,19.507174,-99.15413
1093,PLATSOBSE_DGOIV_BALON_BARRIO_24_CANCHAS_P_BLICAS_SANTO_DOMINGO_24,ebf91773-7410-4360-bada-48285993f5b3,24. CANCHAS PÚBLICAS SANTO DOMINGO,COYOACAN,PEDREGAL DE SANTO DOMINGO,,"Gimnasios Urbanos 58, Av. Antonio Delfin Madrigal entre Jecuite y, Jilotzingo, Pedregal de Santo Domingo, 04369 Ciudad de M�xico, CDMX",https://maps.app.goo.gl/F8HL6EXLPJJ8NE4y8,,JUAN HERNANDEZ,,,2026.0,,SOBS-EJM-P-2026-761,S767,,,95.0,EN PROCESO,SOBS-EJM-SUP-2026-761,,,,,2026-06-13 18:13:51.821,24. CANCHAS PÚBLICAS SANTO DOMINGO,0101000020E6100000371AC05B20CB58C016A4198BA6533340,19.32676,-99.17385
1094,PLATSOBSE_DGOIV_BALON_BARRIO_31_PLAZA_LOS_ANGELES_31,73ef97da-8475-4e1d-928f-7246c7e845e4,31 PLAZA LOS ANGELES,CUAUHTÉMOC,GUERRERO,,"LOS ANGELES 45, GUERRERO, CUAUHTÉMOC, 06300 CIUDAD DE MÉXICO, CDMX",https://maps.app.goo.gl/LWyjdcbjaWdmLz5p8,,JUAN HERNANDEZ,,,2026.0,,SOBS-EJM-P-2026-762,S768,,,100.0,TERMINADO,SOBS-EJM-SUP-2026-762,,,,,2026-06-13 18:13:51.821,31 PLAZA LOS ANGELES,0101000020E61000002575029A08C958C0AF5B04C6FA723340,19.449139,-99.14115
1095,PLATSOBSE_DGOIV_BALON_BARRIO_34_CASTILLO_LEDON_1_34,13c16689-3787-475c-9a2a-130033136ad3,34 CASTILLO LEDON 1,CUAJIMALPA DE MORELOS,CUAJIMALPA,,"C. Guillermo Prieto 116, Cuajimalpa, Cuajimalpa de Morelos, 05000 Ciudad de México, CDMX",https://maps.app.goo.gl/yuC1qUQr7Ly7UnCD7,,JUAN HERNANDEZ,,,2026.0,,SOBS-EJM-P-2026-763,S769,,,100.0,INAUGURADA,SOBS-EJM-SUP-2026-763,,,,,2026-06-13 18:13:51.821,34 CASTILLO LEDON 1,0101000020E6100000454772F90FD358C06F0C01C0B15B3340,19.358181,-99.29785
1096,PLATSOBSE_DGOIV_BALON_BARRIO_88_DEPORTIVO_CUAUHTEMOC_88,49cb03fd-bb13-459f-8203-5cd4fc0eda07,88 DEPORTIVO CUAUHTEMOC,CUAUHTÉMOC,BUENAVISTA,,"Luis D. Colosio 269, Buenavista, Cuauhtémoc, 06350 Ciudad de México, CDMX",https://maps.app.goo.gl/ruyY4Bkd9j85715X9,,JUAN HERNANDEZ,,,2026.0,,SOBS-EJM-P-2026-764,S770,,,100.0,INAUGURADA,SOBS-EJM-SUP-2026-764,,,,,2026-06-13 18:13:51.821,88 DEPORTIVO CUAUHTEMOC,0101000020E610000041BCAE5FB0C958C0390CE6AF90713340,19.443614,-99.15139
1097,PLATSOBSE_DGOIV_BALON_BARRIO_82_PARQUE_SAN_FRANCISCO_DE_ASIS_82,157e8fdf-f2bf-4963-8015-f3b4b98f0c22,82 PARQUE SAN FRANCISCO DE ASIS,CUAJIMALPA DE MORELOS,LOMAS DE VISTA HERMOSA,,"Loma del Parque 166, Lomas de Vista Hermosa, Cuajimalpa de Morelos, 05100 Ciudad de México, CDMX",https://maps.app.goo.gl/xX8sw1qKCoBtfQ3v6,,JUAN HERNANDEZ,,,2026.0,,SOBS-EJM-P-2026-765,S771,,,100.0,INAUGURADA,SOBS-EJM-SUP-2026-765,,,,,2026-06-13 18:13:51.821,82 PARQUE SAN FRANCISCO DE ASIS,0101000020E61000002B306475ABD158C0392861A6ED5F3340,19.37472,-99.27609
1098,PLATSOBSE_DGOIV_BALON_BARRIO_37_CANCHA_ANDRES_MOLINA_Y_CHABACANO_37,4c4990b8-a99c-45aa-aa7f-7ccb46ed9b9b,37 CANCHA ANDRES MOLINA Y CHABACANO,CUAUHTÉMOC,ASTURIAS,,"Av. Andrés Molina Enríquez, Asturias, Cuauhtémoc, 06890 Ciudad de México, CDMX",https://maps.app.goo.gl/jzoB9kTnkyTvkNSy7,,JUAN HERNANDEZ,,,2026.0,,SOBS-EJM-P-2026-766,S772,,,100.0,INAUGURADA,SOBS-EJM-SUP-2026-766,,,,,2026-06-13 18:13:51.821,37 CANCHA ANDRES MOLINA Y CHABACANO,0101000020E61000004356B77A4EC858C01920D1048A683340,19.408356,-99.12979
1099,PLATSOBSE_DGOT_BALON_BARRIO_245_CIRCUITO_INTERIOR_2_245,6934afc1-5417-4c42-95ed-2a543666f134,245 CIRCUITO INTERIOR 2,VENUSTIANO CARRANZA,JARDIN BALBUENA,,CIRCUITO INTERIOR Y AV JESUS G VILLA,https://maps.app.goo.gl/wkzUXP1biF9hYoMVA,,JUAN HERNANDEZ,,,2026.0,,SOBS-EJM-P-2026-767,S773,,,100.0,INAUGURADA,SOBS-EJM-SUP-2026-767,,,,,2026-06-13 18:13:51.821,245 CIRCUITO INTERIOR 2,0101000020E6100000757632384AC658C0F0C2D66CE5693340,19.413657,-99.09828
1100,PLATSOBSE_DGOIV_BALON_BARRIO_30_CANCHAS_SANTO_TOMAS_30,fb556080-657c-499c-9834-9e93f60b953f,30 CANCHAS SANTO TOMAS,CUAUHTÉMOC,CENTRO,,"C. PUENTE SANTO TOMAS 20, LA MERCED, CENTRO, CUAUHTÉMOC, 06000 CIUDAD DE MÉXICO, CDMX",https://maps.app.goo.gl/XB2FSsGRyPUC1MCK9,,JUAN HERNANDEZ,,,2026.0,,SOBS-EJM-P-2026-768,S774,,,100.0,TERMINADO,SOBS-EJM-SUP-2026-768,,,,,2026-06-13 18:13:51.821,30 CANCHAS SANTO TOMAS,0101000020E610000099F5622827C858C09B38B9DFA16C3340,19.424345,-99.12739
1101,PLATSOBSE_DGOIV_BALON_BARRIO_27_PILARES_ANTONIO_HELGUERA_27,9f8813de-1984-48ff-9166-947a80d76c62,27 PILARES ANTONIO HELGUERA,BENITO JUÁREZ,SANTA MARIA NONOALCO,,"C. ANDREA DEL CASTAGNO S/N, ENTRE AV. REVOLUCIÓN Y CALLE MIGUEL ÁNGEL, NONOALCO, BENITO JUÁREZ, 03700 CIUDAD DE MÉXICO, CDMX",https://maps.app.goo.gl/26kzjSLttj8NPFWL8,,JUAN HERNANDEZ,,,2026.0,,SOBS-EJM-P-2026-769,S775,,,100.0,INAUGURADA,SOBS-EJM-SUP-2026-769,,,,,2026-06-13 18:13:51.821,27 PILARES ANTONIO HELGUERA,0101000020E6100000925CFE43FACB58C0799109F835623340,19.383636,-99.18715
1102,PLATSOBSE_DGSUS_BALON_BARRIO_89_JARDIN_SANTIAGO_XICOTENCATL_CANCHA_2_89,43998d62-b8ab-4691-8cc0-ca2d69581510,"89 JARDIN ""SANTIAGO XICOTENCATL"" CANCHA 2",BENITO JUÁREZ,ALAMOS,,"ISABEL LA CATÓLICA 684, ÁLAMOS, BENITO JUÁREZ, 03400 CIUDAD DE MÉXICO, CDMX",https://maps.app.goo.gl/auzvp4swe6K4XKvv8,,JUAN HERNANDEZ,,,2026.0,,SOBS-EJM-P-2026-770,S776,,,100.0,INAUGURADA,SOBS-EJM-SUP-2026-770,,,,,2026-06-13 18:13:51.821,"89 JARDIN ""SANTIAGO XICOTENCATL"" CANCHA 2",0101000020E6100000494BE5ED08C958C0B515FBCBEE653340,19.398175,-99.14117
1103,PLATSOBSE_DGOT_BALON_BARRIO_243_PARQUE_CALLES_243,50ec3844-b304-4099-9456-faee84f19fa6,243 PARQUE CALLES,VENUSTIANO CARRANZA,POPULAR RASTRO,,"Juegos Infantiles ""Parque Calles 2""', Popular Rastro, Venustiano Carranza, 15220 Ciudad de México, CDMX",https://maps.app.goo.gl/uZ7er7P4NY7UdnUT9,,JUAN HERNANDEZ,,,2026.0,,SOBS-EJM-P-2026-771,S777,,,100.0,INAUGURADA,SOBS-EJM-SUP-2026-771,,,,,2026-06-13 18:13:51.821,243 PARQUE CALLES,0101000020E61000008BBA206CC2C758C0FF1DF6E747743340,19.454222,-99.121242
1104,PLATSOBSE_DGOIV_BALON_BARRIO_70_DEPORTIVO_SAN_LUIS_TLAXIALTEMALCO_70,56090744-bd48-4890-9951-cc777e2a3dfc,70 DEPORTIVO SAN LUIS TLAXIALTEMALCO,XOCHIMILCO,SAN LUIS TLAXIALTEMALCO (PBLO),,"AV. 5 DE MAYO, SAN LUIS TLAXIALTEMALCO, XOCHIMILCO, 16610 CIUDAD DE MÉXICO, CDMX",https://maps.app.goo.gl/MRnAN48UjcUc18nv9,,JUAN HERNANDEZ,,,2026.0,,SOBS-EJM-P-2026-772,S778,,,93.0,EN PROCESO,SOBS-EJM-SUP-2026-772,,,,,2026-06-13 18:13:51.821,70 DEPORTIVO SAN LUIS TLAXIALTEMALCO,0101000020E6100000EA04341136C258C0BB7B80EECB413340,19.257018,-99.03455
1105,PLATSOBSE_DGOIV_BALON_BARRIO_2_CANCHA_2_LAGO_ARTIFICIAL_2,0d95a63a-1497-481a-9f40-9870d60b41f7,2 CANCHA 2 LAGO ARTIFICIAL,IZTACALCO,GRANJAS MEXICO,,"PIT LN, GRANJAS MÉXICO, IZTACALCO, 08400 CIUDAD DE MÉXICO, CDMX",https://maps.app.goo.gl/nuEvzRGotbXWEwf66,,JUAN HERNANDEZ,,,2026.0,,SOBS-EJM-P-2026-773,S779,,,100.0,INAUGURADA,SOBS-EJM-SUP-2026-773,,,,,2026-06-13 18:13:51.821,2 CANCHA 2 LAGO ARTIFICIAL,0101000020E610000099D36531B1C558C006D50627A2673340,19.404818,-99.08894
1106,PLATSOBSE_DGOIV_BALON_BARRIO_3_CANCHA_3_LAGO_ARTIFICIAL_3,eea2626a-417d-49ec-8db8-5ccb32174ce6,3 CANCHA 3 LAGO ARTIFICIAL,IZTACALCO,GRANJAS MEXICO,,"PIT LN, GRANJAS MÉXICO, IZTACALCO, 08400 CIUDAD DE MÉXICO, CDMX",https://maps.app.goo.gl/xpzwH9yn5cn7AXXa8,,JUAN HERNANDEZ,,,2026.0,,SOBS-EJM-P-2026-774,S780,,,100.0,INAUGURADA,SOBS-EJM-SUP-2026-774,,,,,2026-06-13 18:13:51.821,3 CANCHA 3 LAGO ARTIFICIAL,0101000020E61000000F9C33A2B4C558C04A9BAA7B64673340,19.403877,-99.08915
1107,PLATSOBSE_DGOIV_BALON_BARRIO_4_CANCHA_4_LAGO_ARTIFICIAL_4,e0b12424-4739-40e7-9e1b-5c00ee8c5798,4 CANCHA 4 LAGO ARTIFICIAL,IZTACALCO,GRANJAS MEXICO,,"PIT LN, GRANJAS MÉXICO, IZTACALCO, 08400 CIUDAD DE MÉXICO, CDMX",https://maps.app.goo.gl/SLhY92gYgNXbHfBL7,,JUAN HERNANDEZ,,,2026.0,,SOBS-EJM-P-2026-775,S781,,,100.0,INAUGURADA,SOBS-EJM-SUP-2026-775,,,,,2026-06-13 18:13:51.821,4 CANCHA 4 LAGO ARTIFICIAL,0101000020E6100000C80C54C6BFC558C06AA164726A673340,19.403968,-99.08983
1108,PLATSOBSE_DGSUS_BALON_BARRIO_101_ANTIGUO_PARQUE_GIRASOL_101,2c0d55d1-c2b5-47bd-bc0d-f3309d51c4db,101 ANTIGUO PARQUE GIRASOL,IZTACALCO,INFONAVIT IZTACALCO,,AV. GIRASOL Y CORTEZA ENTRE VEREDAS,https://maps.app.goo.gl/3jitPvYn7GBsr98cA,,JUAN HERNANDEZ,,,2026.0,,SOBS-EJM-P-2026-776,S782,,,100.0,INAUGURADA,SOBS-EJM-SUP-2026-776,,,,,2026-06-13 18:13:51.821,101 ANTIGUO PARQUE GIRASOL,0101000020E610000017F19D98F5C658C03716140665623340,19.384354,-99.10874
1109,PLATSOBSE_DGOIV_BALON_BARRIO_65_CANCHA_PINO_ENCINO_65,d8fb1ed6-988c-4dd1-b277-a119e3b3c932,65 CANCHA PINO / ENCINO,XOCHIMILCO,SAN MATEO XALPA / GUADALUPE,,"C. PINO 401, GUADALUPE, XOCHIMILCO, 16860 GUADALUPE, CDMX, MÉXICO",https://maps.app.goo.gl/nGaSqctiH2VQ83pG6,,JUAN HERNANDEZ,,,2026.0,,SOBS-EJM-P-2026-777,S783,,,69.0,EN PROCESO,SOBS-EJM-SUP-2026-777,,,,,2026-06-13 18:13:51.821,65 CANCHA PINO / ENCINO,0101000020E6100000E23E726BD2C758C0BC92E4B9BE373340,19.217754,-99.122218
1110,PLATSOBSE_DGOIV_BALON_BARRIO_50_SAN_BARTOLO_XICOMULCO_50,3ff4e6b4-e2ef-49e4-bffd-cc4e3b711484,50 SAN BARTOLO XICOMULCO,MILPA ALTA,SAN BARTOLO XICOMULCO,,"Venustiano Carranza 46, San Bartolomé Xicomulco, Milpa Alta, 12250 San Bartolomé Xicomulco, CDMX",https://maps.app.goo.gl/hiKEZMxjUsDFXpeB6,,JUAN HERNANDEZ,,,2026.0,,SOBS-EJM-P-2026-778,S784,,,100.0,TERMINADO,SOBS-EJM-SUP-2026-778,,,,,2026-06-13 18:13:51.821,50 SAN BARTOLO XICOMULCO,0101000020E6100000068195438BC458C083F6EAE3A1333340,19.201689,-99.071
1111,PLATSOBSE_DGOIV_BALON_BARRIO_43_PILARES_SAN_ANDRES_TETEPILCO_43,fb8036f1-2efe-4ffe-9b5e-39ef507b65a8,43 PILARES SAN ANDRES TETEPILCO,IZTAPALAPA,SAN ANDRES TETEPILCO,,"Av. Andrés Molina Enríquez S/N, San Andrés Tetepilco, Iztapalapa, 09440 Ciudad de México, CDMX",https://maps.app.goo.gl/PNmu9VQNbbzyPfgA7,,JUAN HERNANDEZ,,,2026.0,,SOBS-EJM-P-2026-779,S785,,,100.0,INAUGURADA,SOBS-EJM-SUP-2026-779,,,,,2026-06-13 18:13:51.821,43 PILARES SAN ANDRES TETEPILCO,0101000020E6100000C39E76F86BC858C0DC9C4A06805E3340,19.369141,-99.13159
1112,PLATSOBSE_DGOIV_BALON_BARRIO_502_CENTRO_DE_DESARROLLO_COMUNITARIO_DIF_MIGUEL_HIDALGO_502,6ea2cc58-7622-4358-bbd1-327a2e8f084d,502 CENTRO DE DESARROLLO COMUNITARIO DIF MIGUEL HIDALGO,TLALPAN,MIGUEL HIDALGO 2A SECC,,"Miguel Hidalgo 2da Secc, Tlalpan, 14250 Ciudad de México, CDMX",https://maps.app.goo.gl/pdCrSpyBPkxZ1vg97,,JUAN HERNANDEZ,,,2026.0,,SOBS-EJM-P-2026-780,S786,,,100.0,TERMINADO,SOBS-EJM-SUP-2026-780,,,,,2026-06-13 18:13:51.821,502 CENTRO DE DESARROLLO COMUNITARIO DIF MIGUEL HIDALGO,0101000020E610000069BE94CB90CC58C007CCE8EC09493340,19.285308,-99.196338
1113,PLATSOBSE_DGOIV_BALON_BARRIO_72_DEPORTIVO_TEPEPAN_72,b83ca0dc-232e-4259-aa86-c35c3a77d1f9,72 DEPORTIVO TEPEPAN,XOCHIMILCO,SANTA MARIA TEPEPAN,,"Priv. Cuauhtémoc 196, Santa María Tepepan, Xochimilco, 16020 Ciudad de México, CDMX",https://maps.app.goo.gl/wkMVerhvMLhVbx2RA,,JUAN HERNANDEZ,,,2026.0,,SOBS-EJM-P-2026-781,S787,,,100.0,INAUGURADA,SOBS-EJM-SUP-2026-781,,,,,2026-06-13 18:13:51.821,72 DEPORTIVO TEPEPAN,0101000020E610000069A9BC1DE1C858C0AA7CCF4884463340,19.275456,-99.13874
1114,PLATSOBSE_DGOIV_BALON_BARRIO_71_CANCHA_LAZARO_CARDENAS_71,2910bc1b-d073-4103-b9ea-644b23323dc3,71 CANCHA LAZARO CARDENAS,XOCHIMILCO,SANTA CRUZ ACALPIXCA (PBLO),,"ALCANFOR 377, SANTA CRUZ ACALPIXCA, XOCHIMILCO, 16520 CIUDAD DE MÉXICO, CDMX",https://maps.app.goo.gl/zH1wxJRKPtgQhHrM7,,JUAN HERNANDEZ,,,2026.0,,SOBS-EJM-P-2026-782,S788,,,89.0,EN PROCESO,SOBS-EJM-SUP-2026-782,,,,,2026-06-13 18:13:51.821,71 CANCHA LAZARO CARDENAS,0101000020E610000034A2B437F8C458C0D1CB28965B3E3340,19.243585,-99.07765
1115,PLATSOBSE_DGOIV_BALON_BARRIO_68_DEPORTIVO_SAN_ANDRES_AHUAYUCAN_68,7c6566e0-164a-4982-a2c7-ffd64bfb5c63,68 DEPORTIVO SAN ANDRES AHUAYUCAN,XOCHIMILCO,SAN ANDRES AHUAYUCAN (PBLO),,"CAM. REAL SAN ANDRÉS A SAN LUCAS, SAN ANDRÉS AHUAYUCAN, XOCHIMILCO, 16810 CIUDAD DE MÉXICO, CDMX",https://maps.app.goo.gl/Dhosn4YD7x4e5CSJ8,,JUAN HERNANDEZ,,,2026.0,,SOBS-EJM-P-2026-783,S789,,,100.0,TERMINADO,SOBS-EJM-SUP-2026-783,,,,,2026-06-13 18:13:51.821,68 DEPORTIVO SAN ANDRES AHUAYUCAN,0101000020E6100000CD069964E4C658C0029A081B9E3A3340,19.228975,-99.10769
1116,PLATSOBSE_DGSUS_BALON_BARRIO_120_DEPORTIVO_LA_JOYA_IZTAPALAPA_120,5640060f-1cc5-4eeb-8fe1-9d84091cc0c1,120 DEPORTIVO LA JOYA IZTAPALAPA,IZTAPALAPA,SAN MIGUEL TEOTONGO SECC PUENTE,,"SAN MIGUEL TEOTONGO, IZTAPALAPA, 09630 CIUDAD DE MÉXICO, CDMX",https://maps.app.goo.gl/ybL6rAVrvPJAejhz9,,JUAN HERNANDEZ,,,2026.0,,SOBS-EJM-P-2026-784,S790,,,98.5,EN PROCESO,SOBS-EJM-SUP-2026-784,,,,,2026-06-13 18:13:51.821,120 DEPORTIVO LA JOYA IZTAPALAPA,0101000020E6100000DE59BBED42BF58C0F73E5585065A3340,19.351662,-98.98846
1117,PLATSOBSE_DGSUS_BALON_BARRIO_115_PILARES_FACUNDO_CABRAL_115,d3fa22d7-60f7-4686-bfa7-be4ec9d6f5eb,115 PILARES FACUNDO CABRAL,IZTAPALAPA,LOS REYES,,MOCTEZUMA S/N,https://maps.app.goo.gl/kBEgpFPuYG8yF58i8,,JUAN HERNANDEZ,,,2026.0,,SOBS-EJM-P-2026-785,S791,,,100.0,TERMINADO,SOBS-EJM-SUP-2026-785,,,,,2026-06-13 18:13:51.821,115 PILARES FACUNDO CABRAL,0101000020E61000008A93FB1D8AC658C0AB2688BA0F583340,19.34399,-99.10218
1118,PLATSOBSE_DGOIV_BALON_BARRIO_74_CAMPO_XOCHITL_74,2852e857-b773-4fd9-92be-e28957484d5a,74 CAMPO XOCHITL,TLALPAN,MIGUEL HIDALGO,,"MIGUEL HIDALGO 1RA SECC, 14250 CIUDAD DE MÉXICO, CDMX",https://maps.app.goo.gl/wKjhvqPq65eYmecJ6,,JUAN HERNANDEZ,,,2026.0,,SOBS-EJM-P-2026-786,S792,,,100.0,TERMINADO,SOBS-EJM-SUP-2026-786,,,,,2026-06-13 18:13:51.821,74 CAMPO XOCHITL,0101000020E6100000969526A5A0CB58C08AE59656434A3340,19.29009,-99.18168
1119,PLATSOBSE_DGOIV_BALON_BARRIO_69_CANCHA_LAZARO_CARDENAS_2_69,dc09206d-6464-402a-b146-d32382cd748f,69 CANCHA LAZARO CARDENAS 2,XOCHIMILCO,SANTA CRUZ ACALPIXCA (PBLO),,"ALCANFOR 377, SANTA CRUZ ACALPIXCA, XOCHIMILCO, 16520 CIUDAD DE MÉXICO, CDMX",https://maps.app.goo.gl/ynGwRqxJDTFhTTg3A,,JUAN HERNANDEZ,,,2026.0,,SOBS-EJM-P-2026-787,S793,,,100.0,TERMINADO,SOBS-EJM-SUP-2026-787,,,,,2026-06-13 18:13:51.821,69 CANCHA LAZARO CARDENAS 2,0101000020E6100000FB7953910AC558C02C45F295403E3340,19.243173,-99.07877
1120,PLATSOBSE_DGOIV_BALON_BARRIO_56_CAMPO_DEPORTIVO_SAN_MIGUEL_AJUSCO_56,229a7581-82d9-4ed5-a0d7-f28194ff01ed,56 CAMPO DEPORTIVO SAN MIGUEL AJUSCO,TLALPAN,SAN MIGUEL AJUSCO (PBLO),,"TLALPAN, 14700 SAN MIGUEL AJUSCO, CDMX",https://maps.app.goo.gl/pLPBHQwyv259cnQA8,,JUAN HERNANDEZ,,,2026.0,,SOBS-EJM-P-2026-788,S794,,,100.0,TERMINADO,SOBS-EJM-SUP-2026-788,,,,,2026-06-13 18:13:51.821,56 CAMPO DEPORTIVO SAN MIGUEL AJUSCO,0101000020E6100000F4FDD478E9CC58C059A5F44C2F393340,19.223378,-99.20175
1121,PLATSOBSE_DGPEST_BALON_BARRIO_282_SANTA_ANA_TLACOTENCO_282,68ea67c5-2594-4f46-9f33-10cb75b9b7d8,282 SANTA ANA TLACOTENCO,MILPA ALTA,SANTA ANA TLACOTENCO,,"Niños Heroes, Santa Ana Tlacotenco, San Miguel, Milpa Alta, 12930 Ciudad de México, CDMX",https://maps.app.goo.gl/1vBWdHLgWCvfjixJA,,JUAN HERNANDEZ,,,2026.0,,SOBS-EJM-P-2026-789,S795,,,100.0,TERMINADO,SOBS-EJM-SUP-2026-789,,,,,2026-06-13 18:13:51.821,282 SANTA ANA TLACOTENCO,0101000020E61000001D9430D3F6BF58C0A3AF20CD582C3340,19.17323,-98.99944
1122,PLATSOBSE_DGOIV_BALON_BARRIO_41_CAMPO_TIERRA_Y_LIBERTAD_41,9eff86ea-a030-4b39-924d-f7e0396f7edf,41 CAMPO TIERRA Y LIBERTAD,IZTAPALAPA,EMILIANO ZAPATA (AMPL),,"AMP EMILIANO ZAPATA, IZTAPALAPA, 09638 CIUDAD DE MÉXICO, CDMX",https://maps.app.goo.gl/Hmgp3vKiGc8qU6BTA,,JUAN HERNANDEZ,,,2026.0,,SOBS-EJM-P-2026-790,S796,,,100.0,INAUGURADA,SOBS-EJM-SUP-2026-790,,,,,2026-06-13 18:13:51.821,41 CAMPO TIERRA Y LIBERTAD,0101000020E61000007862D68BA1BE58C00F5F268A90563340,19.338143,-98.97861
1123,PLATSOBSE_DGCOP_BALON_BARRIO_199_PILARES_EL_VIVERO_199,ea88e6c6-a29b-49f0-8240-685074d0fbd2,199 PILARES EL VIVERO,GUSTAVO A. MADERO,CUAUTEPEC,,BLANCA ESTELA PAVON S/N,https://maps.app.goo.gl/upMnJ3uit8mofzVw5,,JUAN HERNANDEZ,,,2026.0,,SOBS-EJM-P-2026-791,S797,,,100.0,INAUGURADA,SOBS-EJM-SUP-2026-791,,,,,2026-06-13 18:13:51.821,199 PILARES EL VIVERO,0101000020E61000000EBE30992AC858C0957D5704FF8F3340,19.562485,-99.1276
1124,PLATSOBSE_DGPEST_BALON_BARRIO_292_DEPORTIVO_SAN_LUCAS_XOCHIMANCA_292,f866fd5e-0888-4eba-acd8-fcaa4a59b2c9,292 DEPORTIVO SAN LUCAS XOCHIMANCA,XOCHIMILCO,SAN LUCAS XOCHIMANCA,,"AV ACUEDUCTO &, CAMINO ANTIGUO A SAN LUCAS ESQUINA, SAN LUCAS XOCHIMANCA, XOCHIMILCO, 16300 CIUDAD DE MÉXICO, CDMX",https://maps.app.goo.gl/aUgUNKzV1MMRBNt8A,,JUAN HERNANDEZ,,,2026.0,,SOBS-EJM-P-2026-792,S798,,,100.0,INAUGURADA,SOBS-EJM-SUP-2026-792,,,,,2026-06-13 18:13:51.821,292 DEPORTIVO SAN LUCAS XOCHIMANCA,0101000020E6100000E197FA7953C758C067994528B63E3340,19.244967,-99.11447
1125,PLATSOBSE_DGOIV_BALON_BARRIO_51_DEPORTIVO_VILLA_MILPA_ALTA_51,6439ce22-f372-485f-8eb4-dae90bb7678a,51 DEPORTIVO VILLA MILPA ALTA,MILPA ALTA,VILLA MILPA ALTA (PBLO),,"Av. Tlaxaca s/n Barrio, Santa Martha, 12000 Villa Milpa Alta, CDMX",https://maps.app.goo.gl/MQio64j3tXSLjJTT9,,JUAN HERNANDEZ,,,2026.0,,SOBS-EJM-P-2026-793,S799,,,100.0,TERMINADO,SOBS-EJM-SUP-2026-793,,,,,2026-06-13 18:13:51.821,51 DEPORTIVO VILLA MILPA ALTA,0101000020E61000005DC47762D6C158C0007157AF22333340,19.199748,-99.02871
1126,PLATSOBSE_DGOIV_BALON_BARRIO_81_PALO_ALTO_81,fd2c6e3f-6e4e-44de-9c86-8860e04a6190,81 PALO ALTO,CUAJIMALPA DE MORELOS,COOPERATIVA PALO ALTO,,"COOPERATIVA PALO ALTO, 05110 CIUDAD DE MÉXICO, CDMX",https://maps.app.goo.gl/epL5LBn3WTfwnyKx5,,JUAN HERNANDEZ,,,2026.0,,SOBS-EJM-P-2026-794,S800,,,100.0,TERMINADO,SOBS-EJM-SUP-2026-794,,,,,2026-06-13 18:13:51.821,81 PALO ALTO,0101000020E6100000F2D24D6210D058C0C042E6CAA0623340,19.385266,-99.251
1127,PLATSOBSE_DGCOP_BALON_BARRIO_303_CANCHA_CINTURON_VERDE_303,93ddab70-4718-4646-91e2-8358c326ac00,303 CANCHA CINTURON VERDE,IZTAPALAPA,PREDIO EL MOLINO,,"Predio el Molino, Iztapalapa, 13270 Ciudad de México, CDMX",https://maps.app.goo.gl/9WsSaagofbMHnvHi7,,JUAN HERNANDEZ,,,2026.0,,SOBS-EJM-P-2026-795,S801,,,100.0,TERMINADO,SOBS-EJM-SUP-2026-795,,,,,2026-06-13 18:13:51.821,303 CANCHA CINTURON VERDE,0101000020E61000005C72DC291DC458C0BAA29410AC4A3340,19.291688,-99.06428
1128,PLATSOBSE_DGOIV_BALON_BARRIO_1_CANCHA_1_LAGO_ARTIFICIAL_1,b5aae0ab-9bb5-42da-af36-5b029a9731b8,1 CANCHA 1 LAGO ARTIFICIAL,IZTACALCO,GRANJAS MEXICO,,"PIT LN, GRANJAS MÉXICO, IZTACALCO, 08400 CIUDAD DE MÉXICO, CDMX",https://maps.app.goo.gl/kGtQJBFRDFgaXQ6K7,,JUAN HERNANDEZ,,,2026.0,,SOBS-EJM-P-2026-796,S802,,,100.0,INAUGURADA,SOBS-EJM-SUP-2026-796,,,,,2026-06-13 18:13:51.821,1 CANCHA 1 LAGO ARTIFICIAL,0101000020E610000021A00C9FBEC558C0AE484C50C3673340,19.405324,-99.08976
1129,PLATSOBSE_DGOIV_BALON_BARRIO_9_CAMPAMENTO_2_DE_OCTUBRE_9,748001f2-1d8e-4fc5-9000-4d499d77920a,9 CAMPAMENTO 2 DE OCTUBRE,IZTACALCO,CAMPAMENTO 2 DE OCTUBRE,,"AV. JUAN N. ÁLVAREZ CAMPAMENTO 2 DE OCTUBRE, IZTACALCO",https://maps.app.goo.gl/RmjpdUfAH3mxGUNW9,,JUAN HERNANDEZ,,,2026.0,,SOBS-EJM-P-2026-797,S803,,,100.0,INAUGURADA,SOBS-EJM-SUP-2026-797,,,,,2026-06-13 18:13:51.821,9 CAMPAMENTO 2 DE OCTUBRE,0101000020E6100000014D840D4FC758C0C2120F289B623340,19.38518,-99.1142
1130,PLATSOBSE_DGOIV_BALON_BARRIO_11_CANCHA_DEPORTIVO_SANTA_CATARINA_2_11,357dfeea-90e2-4ec9-980e-1ebafad8b776,11 CANCHA DEPORTIVO SANTA CATARINA 2,TLÁHUAC,SANTA CATARINA YECAHUIZOTL (PBLO),,"LA CONCEPCIÓN, 13150 SANTA CATARINA YECAHUITZOTL, CDMX",https://maps.app.goo.gl/zmsn19qsz8T2SgHi9,,JUAN HERNANDEZ,,,2026.0,,SOBS-EJM-P-2026-798,S804,,,100.0,TERMINADO,SOBS-EJM-SUP-2026-798,,,,,2026-06-13 18:13:51.821,11 CANCHA DEPORTIVO SANTA CATARINA 2,0101000020E6100000990D32C9C8BD58C0AB21718FA54F3340,19.31112,-98.96538
1131,PLATSOBSE_DGOIV_BALON_BARRIO_78_CAMPOS_OYAMEL_78,8db53016-3bcb-41cc-9a31-a6132da02a1b,78 CAMPOS OYAMEL,LA MAGDALENA CONTRERAS,LOMAS DE SAN BERNABE,,AV OJO DE AGUA,https://maps.app.goo.gl/hdaEG4vPg1CeSZ7WA,,JUAN HERNANDEZ,,,2026.0,,SOBS-EJM-P-2026-799,S805,,,100.0,TERMINADO,SOBS-EJM-SUP-2026-799,,,,,2026-06-13 18:13:51.821,78 CAMPOS OYAMEL,0101000020E61000009352D0ED25D158C0D5B14AE9994E3340,19.307036,-99.26794
1132,PLATSOBSE_DGOIV_BALON_BARRIO_73_CANCHA_CENTRO_DEPORTIVO_ZAPOTITLAN_73,5df27065-ad62-4bd5-8551-ae6ddcf647c3,73 CANCHA CENTRO DEPORTIVO ZAPOTITLAN,TLÁHUAC,BARRIO SANTIAGO SUR,,"SEBASTIÁN TREJO, SANTIAGO SUR, TLÁHUAC, 13300 CIUDAD DE MÉXICO, CDMX",https://maps.app.goo.gl/D5D3kFZesLvJv2xy8,,JUAN HERNANDEZ,,,2026.0,,SOBS-EJM-P-2026-800,S806,,,100.0,TERMINADO,SOBS-EJM-SUP-2026-800,,,,,2026-06-13 18:13:51.821,73 CANCHA CENTRO DEPORTIVO ZAPOTITLAN,0101000020E61000006A1327F73BC258C0717495EEAE4B3340,19.295638,-99.03491
1133,PLATSOBSE_DGOIV_BALON_BARRIO_29_CANCHA_MARIQUITA_SANCHEZ_SOCCER_2_29,84abd950-ff99-4048-8695-75a5aa7f1916,29 CANCHA MARIQUITA SANCHEZ (SOCCER 2),COYOACÁN,CULHUACAN CTM SECCION 6,,"MARIQUITA SÁNCHEZ, COAPA, CULHUACAN III, COYOACÁN, 04480 CIUDAD DE MÉXICO, CDMX",https://maps.app.goo.gl/uKWvJgsUbZo91j5N7,,JUAN HERNANDEZ,,,2026.0,,SOBS-EJM-P-2026-801,S807,,,100.0,INAUGURADA,SOBS-EJM-SUP-2026-801,,,,,2026-06-13 18:13:51.821,29 CANCHA MARIQUITA SANCHEZ (SOCCER 2),0101000020E61000001D8F19A88CC758C07216F6B4C3533340,19.327205,-99.11796
1134,PLATSOBSE_DGOIV_BALON_BARRIO_45_DEPORTIVO_CONTRERAS_45,7d98d603-0539-4c56-8e16-f872b4cfc12c,45 DEPORTIVO CONTRERAS,LA MAGDALENA CONTRERAS,LA GUADALUPE,,"Castrejón 56, La Guadalupe, La Concepción, La Magdalena Contreras, 10820 Ciudad de México, CDMX",https://maps.app.goo.gl/R2ocvdPLoniouuxF8,,JUAN HERNANDEZ,,,2026.0,,SOBS-EJM-P-2026-802,S808,,,100.0,INAUGURADA,SOBS-EJM-SUP-2026-802,,,,,2026-06-13 18:13:51.821,45 DEPORTIVO CONTRERAS,0101000020E61000009E077767EDCE58C0A01A2FDD244E3340,19.30525,-99.23324
1135,PLATSOBSE_DGOIV_BALON_BARRIO_79_CAMPOS_OYAMEL_79,9e155441-5683-465c-bb32-dfdf1152bac0,79 CAMPOS OYAMEL,LA MAGDALENA CONTRERAS,LOMAS DE SAN BERNABE,,AV OJO DE AGUA,https://maps.app.goo.gl/HtcFYAi8W81tXCz59,,JUAN HERNANDEZ,,,2026.0,,SOBS-EJM-P-2026-803,S809,,,100.0,TERMINADO,SOBS-EJM-SUP-2026-803,,,,,2026-06-13 18:13:51.821,79 CAMPOS OYAMEL,0101000020E61000001344DD0720D158C04432E4D87A4E3340,19.306562,-99.26758
1136,PLATSOBSE_DGOIV_BALON_BARRIO_18_CANCHA_CALLE_PEDRO_AGUIRRE_18,988f115a-5c6d-4ac0-994d-e7cebea47a1f,18 CANCHA CALLE PEDRO AGUIRRE,ÁLVARO OBREGÓN,PRESIDENTES,,PEDRO AGUIRRE SIN NUMERO,https://maps.app.goo.gl/VGMqkhgfyHVB18NB9,,JUAN HERNANDEZ,,,2026.0,,SOBS-EJM-P-2026-804,S810,,,100.0,INAUGURADA,SOBS-EJM-SUP-2026-804,,,,,2026-06-13 18:13:51.821,18 CANCHA CALLE PEDRO AGUIRRE,0101000020E6100000545227A089CE58C040C1C58A1A603340,19.375405,-99.22715
1137,PLATSOBSE_DGOIV_BALON_BARRIO_6_CETRAM_TLAHUAC_6,77e20a39-af31-4b10-835b-8e4620ca358b,6 CETRAM TLAHUAC,TLÁHUAC,EL TRIANGULO,,"ANTONIO BÉJAR 20, EL TRIÁNGULO, TLÁHUAC, 13460 CIUDAD DE MÉXICO, CDMX",https://maps.app.goo.gl/UAddaKV2TZjEYDPg8,,JUAN HERNANDEZ,,,2026.0,,SOBS-EJM-P-2026-805,S811,,,100.0,INAUGURADA,SOBS-EJM-SUP-2026-805,,,,,2026-06-13 18:13:51.821,6 CETRAM TLAHUAC,0101000020E610000030D80DDB16C158C0D49D279EB3493340,19.287897,-99.01702
1138,PLATSOBSE_DGOIV_BALON_BARRIO_7_CETRAM_TLAHUAC_7,ccde780f-2eb9-40e6-8695-fd9162c470d3,7 CETRAM TLAHUAC,TLÁHUAC,EL TRIANGULO,,"ANTONIO BÉJAR 20, EL TRIÁNGULO, TLÁHUAC, 13460 CIUDAD DE MÉXICO, CDMX",https://maps.app.goo.gl/Xdbj6ha6SWb8XHyN7,,JUAN HERNANDEZ,,,2026.0,,SOBS-EJM-P-2026-806,S812,,,100.0,INAUGURADA,SOBS-EJM-SUP-2026-806,,,,,2026-06-13 18:13:51.821,7 CETRAM TLAHUAC,0101000020E610000030BB270F0BC158C06D7022FAB5493340,19.287933,-99.0163
1139,PLATSOBSE_DGOIV_BALON_BARRIO_77_DEPORTIVO_CASA_POPULAR_77,e6c8ce06-73d8-428e-925d-f297b49608f6,77 DEPORTIVO CASA POPULAR,LA MAGDALENA CONTRERAS,SAN JERONIMO LIDICE,,"Av. Luis Cabrera, San Jerónimo Lídice, La Magdalena Contreras, 10200 Ciudad de México, CDMX",https://maps.app.goo.gl/N6eDehTXjACoyGoc6,,JUAN HERNANDEZ,,,2026.0,,SOBS-EJM-P-2026-807,S813,,,100.0,INAUGURADA,SOBS-EJM-SUP-2026-807,,,,,2026-06-13 18:13:51.821,77 DEPORTIVO CASA POPULAR,0101000020E6100000CA15DEE522CE58C03411363CBD523340,19.3232,-99.22088
1140,PLATSOBSE_DGPEST_BALON_BARRIO_283_DEPORTIVO_SAN_LORENZO_TLACOYUCAN_283,61aa34ce-e596-4b75-8359-5c4d517e9ecc,283 DEPORTIVO SAN LORENZO TLACOYUCAN,MILPA ALTA,PUEBLO SAN LORENZO TLACOYUCAN,,"CONSULADO 2, VILLA MILPA ALTA, SAN LORENZO TLACOYUCAN, MILPA ALTA, 12500 SAN LORENZO TLACOYUCAN, CDMX",https://maps.app.goo.gl/tN6eHUQ1ZX1C6fkR9,,JUAN HERNANDEZ,,,2026.0,,SOBS-EJM-P-2026-808,S814,,,100.0,TERMINADO,SOBS-EJM-SUP-2026-808,,,,,2026-06-13 18:13:51.821,283 DEPORTIVO SAN LORENZO TLACOYUCAN,0101000020E61000004B9352D0EDC158C03B3AAE46762D3340,19.177586,-99.03014
1141,PLATSOBSE_DGCOP_BALON_BARRIO_186_DEPORTIVO_MANUEL_M_PONCE_186,ac20ac5d-2323-43ca-ae6f-9e8325c5f717,"186 DEPORTIVO ""MANUEL M. PONCE""",GUSTAVO A. MADERO,SAN PEDRO ZACATENCO,,"ESQUINA VIÑA DEL MAR, SANTIAGO DE CHILE 9, SAN PEDRO ZACATENCO, GUSTAVO A. MADERO, 07360 CIUDAD DE MÉXICO, CDMX",https://maps.app.goo.gl/SPDZifRcpFb9YEy17,,JUAN HERNANDEZ,,,2026.0,,SOBS-EJM-P-2026-809,S815,,,100.0,TERMINADO,SOBS-EJM-SUP-2026-809,,,,,2026-06-13 18:13:51.821,"186 DEPORTIVO ""MANUEL M. PONCE""",0101000020E6100000ABCFD556ECC758C04F745DF8C1813340,19.506866,-99.1238
1142,PLATSOBSE_DGOIV_BALON_BARRIO_5_CETRAM_TLAHUAC_5,9f463809-e02f-4a62-9868-15ccfe3d8dfc,5 CETRAM TLAHUAC,TLÁHUAC,EL TRIANGULO,,"ANTONIO BÉJAR 20, EL TRIÁNGULO, TLÁHUAC, 13460 CIUDAD DE MÉXICO, CDMX",https://maps.app.goo.gl/w6B6hEBG46vyrAa39,,JUAN HERNANDEZ,,,2026.0,,SOBS-EJM-P-2026-810,S816,,,100.0,INAUGURADA,SOBS-EJM-SUP-2026-810,,,,,2026-06-13 18:13:51.821,5 CETRAM TLAHUAC,0101000020E6100000ACE28DCC23C158C03ACB2C42B1493340,19.287861,-99.01781
1143,PLATSOBSE_DGOT_BALON_BARRIO_246_PARQUE_CALLES_246,2d150db5-8164-4e9e-9ac7-e69ae0d5a775,246. PARQUE CALLES,V. CARRANZA,POPULAR RASTRO,,"Congreso de la Uni�n y Cobre, Popular Rastro, 15220 Ciudad de M�xico, CDMX",https://maps.app.goo.gl/oVfS5NGZv7bDjbsY9,,JUAN HERNANDEZ,,,2026.0,,SOBS-EJM-P-2026-811,S817,,,100.0,TERMINADO,SOBS-EJM-SUP-2026-811,,,,,2026-06-13 18:13:51.821,246. PARQUE CALLES,0101000020E61000009CA73AE466C758C0BCCCB051D6733340,19.452489,-99.115655
1144,PLATSOBSE_DGOT_BALON_BARRIO_223_CENTRO_DEPORTIVO_TEPITO_MARACANA_223,a14b1256-91e3-49e5-8bfd-a60db0a15a46,223 CENTRO DEPORTIVO TEPITO-MARACANA,CUAUHTÉMOC,MORELOS,,"CARIDAD 1, TEPITO, MORELOS, CUAUHTÉMOC, 06200 CIUDAD DE MÉXICO, CDMX",https://maps.app.goo.gl/JbdKS3WBmQrJYTZMA,,JUAN HERNANDEZ,,,2026.0,,SOBS-EJM-P-2026-812,S818,,,100.0,TERMINADO,SOBS-EJM-SUP-2026-812,,,,,2026-06-13 18:13:51.821,223 CENTRO DEPORTIVO TEPITO-MARACANA,0101000020E6100000232D95B723C858C07BA2EBC20F723340,19.445553,-99.12718
1145,PLATSOBSE_DGOT_TROLE_R14_TROLEBUS_RUTA_14_1,5bd7b67d-03e1-4294-a57d-ab515c15bf19,TROLEBUS RUTA 14,"COYOACAN, TLALPAN","IMAN 580 (U HAB), SANTA URSULA - BOSQUES DE TETLAMEYA, CIUDAD UNIVERSITARIA, COPILCO EL ALTO, PUEBLO SANTA URSULA COAPA, VIEJO EJIDO SANTA URSULA COAPA, AJUSCO III, PEDREGAL DE SANTA URSULA II, PEDREGAL DE SANTA URSULA III, PEDREGAL DE SANTA URSULA IV, PEDREGAL DE STO DOMINGO VIII, PEDREGAL DE STO DOMINGO IX, SAN LORENZO HUIPULCO, VERGEL DE COYOACAN-VERGEL DEL SUR, VILLA LAZARO CARDENAS",,,,MODIFICADO,JUAN HERNANDEZ,2026-02-01 00:00:00,2/25/2026,2025.0,"ELITE INGENIERIA CIVIL, S.A. DE C.V.",SOBS-EJM-P-2026-813,S819,12/15/2025,3/31/2026,100.0,INAUGURADA,SOBS-EJM-SUP-2026-813,,,,,2026-06-13 18:13:51.821,TROLEBUS RUTA 14,,,
1146,PLATSOBSE-DGSUS-PARQUES_ALEGRIA-CALPULLI-80,658836ae-40e6-480d-ac8c-f201af6a2da7,CALPULLI,AZCAPOTZALCO,EL ROSARIO C (U HAB),CULTURA NORTE,ALBAÑILES,https://share.google/11KlkPxlLP2pBkoOL,,JUAN HERNANDEZ,,3/25/2026,2025.0,"CASETAS METÁLICAS, S.A. DE C.V.",SOBS-EJM-P-2026-814,S820,6/23/2025,10/20/2025,90.0,EN PROCESO,SOBS-EJM-SUP-2026-814,C. VICTORIA NANNI OLIVERA,ING. DEYANIRA LANDIN ARRIAGA,6/23/2025,10/20/2025,2026-06-13 18:13:51.821,CALPULLI,,,
1147,PLATSOBSE-DGSUS-PARQUES_ALEGRIA-CAMELLON_DE_LAS_TORRES-75,9e948126-579d-4987-a809-15257827bd5e,CAMELLON DE LAS TORRES,LA MAGDALENA CONTRERAS,EL TANQUE,LAS TORRES,LUIS ECHEVERRIA ALVAREZ,https://share.google/Lj8WqqoAokogqmCEX,,JUAN HERNANDEZ,,3/25/2026,2025.0,"COMERCIALIZADORA Y CONSTRUCTORA FERNÁNDEZ, S.A. DE C.V.",SOBS-EJM-P-2026-815,S821,6/23/2025,10/20/2025,100.0,TERMINADO,SOBS-EJM-SUP-2026-815,"PROCARD CONSTRUCCIONES, S.A. DE C.V.",ING. DEYANIRA LANDIN ARRIAGA,6/23/2025,10/20/2025,2026-06-13 18:13:51.821,CAMELLON DE LAS TORRES,,,
1148,PLATSOBSE-DGSUS-PARQUES_ALEGRIA-CAMELLON_EJE_4_ORIENTE-83,8f3bf9db-240b-4cc7-b848-5100293a051a,CAMELLON EJE 4 ORIENTE,IZTACALCO,PANTITLAN III,EJE 4 ORIENTE,EJE 1 NORTE,https://share.google/CjDf8PezJF43O9mhs,,JUAN HERNANDEZ,,3/25/2026,2025.0,"VISIÓN ECOLÓGICA, S.A. DE C.V.",SOBS-EJM-P-2026-816,S822,6/23/2025,10/20/2025,100.0,INAUGURADA,SOBS-EJM-SUP-2026-816,"KXA REAL INGENIERÍA Y SERVICIOS, S.A. DE C.V.",ING. DEYANIRA LANDIN ARRIAGA,6/23/2025,10/20/2025,2026-06-13 18:13:51.821,CAMELLON EJE 4 ORIENTE,,,
1149,PLATSOBSE-DGSUS-PARQUES_ALEGRIA-CAMPAMENTO_2_DE_OCTUBRE_JUAN_N_ALVAREZ-64,29410852-fffd-491c-bf3c-2703e16be9d8,CAMPAMENTO 2 DE OCTUBRE JUAN N ALVAREZ,IZTACALCO,CAMPAMENTO 2 DE OCTUBRE I,JUAN ALVAREZ,EJE 3 ORIENTE,https://share.google/RnQzLtO4Ro45ubSlj,,JUAN HERNANDEZ,,3/25/2026,2025.0,SOLUCIONES AMBIETALES YAAX S.A. DE C.V.,SOBS-EJM-P-2026-817,S823,6/23/2025,10/20/2025,99.0,EN PROCESO,SOBS-EJM-SUP-2026-817,DISENO Y CONSTRUCCIONES ALVEG S.A. DE C.V.,ING. DEYANIRA LANDIN ARRIAGA,6/23/2025,10/20/2025,2026-06-13 18:13:51.821,CAMPAMENTO 2 DE OCTUBRE JUAN N ALVAREZ,,,
1150,PLATSOBSE-DGSUS-PARQUES_ALEGRIA-CHICOASEN-81,14a97acf-7115-4560-a630-feae43342c8c,CHICOASEN,TLALPAN,"PEDREGAL DE SAN NICOLAS 1A SECC, PEDREGAL DE SAN NICOLAS 2A SECC",CHICOASEN,TIZIMIN Y POPOLNA,https://share.google/YrszfzV69r4U2NhmX,,JUAN HERNANDEZ,,3/25/2026,2025.0,"INMOBILIARIA CASABAN CONSTRUCCIÓN Y SUPERVISIÓN, S.A. DE C.V.",SOBS-EJM-P-2026-818,S824,6/23/2025,10/20/2025,100.0,TERMINADO,SOBS-EJM-SUP-2026-818,C. ANA LAURA PÉREZ SANTOS,ING. DEYANIRA LANDIN ARRIAGA,6/23/2025,10/20/2025,2026-06-13 18:13:51.821,CHICOASEN,,,
1151,PLATSOBSE-DGSUS-PARQUES_ALEGRIA-COOPERATIVA_PALO_ALTO-73,0ccf8436-b4e7-4aa6-9383-3ee7289ad6c2,COOPERATIVA PALO ALTO,CUAJIMALPA DE MORELOS,PALO ALTO (GRANJAS),OCTAVIO SENTIES GOMEZ,RODOLFO ESCAMILLA,https://share.google/d4MqRaoEnVkgP6Qd1,,JUAN HERNANDEZ,,3/25/2026,2025.0,"CONSLUM, S.A. DE C.V.",SOBS-EJM-P-2026-819,S825,6/23/2025,10/20/2025,92.27,EN PROCESO,SOBS-EJM-SUP-2026-819,C. SAÚL OLGUÍN GÓMEZ / C OVIDO VLADIMIR SANCHEZ VILLAMAR,ING. DEYANIRA LANDIN ARRIAGA,6/23/2025,10/20/2025,2026-06-13 18:13:51.821,COOPERATIVA PALO ALTO,,,
1152,PLATSOBSE-DGSUS-PARQUES_ALEGRIA-CRI_CRI-76,819889cc-138b-4d73-a4f3-bbbb73e00245,CRI CRI,LA MAGDALENA CONTRERAS,SAN JERONIMO ACULCO-LIDICE (PBLO),FERROCARRIL DE CUERNAVACA,VERACRUZ,https://share.google/Ns3njKuragMrtWfeh,,JUAN HERNANDEZ,,3/25/2026,2025.0,COMERCIALIZADORA Y CONSTRUCTURA FERNANDEZ S.A. DE C.V,SOBS-EJM-P-2026-820,S826,6/23/2025,10/20/2025,100.0,INAUGURADA,SOBS-EJM-SUP-2026-820,PROCARD CONSTRUCCIONES S.A. DE C.V,ING. DEYANIRA LANDIN ARRIAGA,6/23/2025,10/20/2025,2026-06-13 18:13:51.821,CRI CRI,,,
1153,PLATSOBSE-DGSUS-PARQUES_ALEGRIA-DEL_ESTUDIANTE-82,74e114a2-c189-426c-9678-d685dca6fe9f,DEL ESTUDIANTE,AZCAPOTZALCO,SANTA BARBARA (PBLO),MIGUEL HIDALGO,ROSARIO,https://share.google/zgK9FdE5weBkd0KER,,JUAN HERNANDEZ,,3/25/2026,2025.0,"ALEXIS ARQUITECTOS, S.A. DE C.V.",SOBS-EJM-P-2026-821,S827,6/23/2025,10/20/2025,100.0,INAUGURADA,SOBS-EJM-SUP-2026-821,"HAZ CONSTRUCCIONES, S.A. DE C.V.",ING. DEYANIRA LANDIN ARRIAGA,6/23/2025,10/20/2025,2026-06-13 18:13:51.821,DEL ESTUDIANTE,,,
1154,PLATSOBSE-DGSUS-PARQUES_ALEGRIA-EJERCITO_DE_ORIENTE-79,a6939124-280a-4151-8794-5201236eb0f8,EJERCITO DE ORIENTE,IZTAPALAPA,EJTO DE OTE II (U HAB),CALZ IGNACIO ZARAGOZA,ALEJANDRO ESPINOZA,https://share.google/jgxXgKM3616HpCVSZ,,JUAN HERNANDEZ,,3/25/2026,2025.0,"CORSA CONSTRUCCIONES Y MANTENIMIENTO, S.A. DE C.V.",SOBS-EJM-P-2026-822,S828,6/23/2025,10/20/2025,100.0,TERMINADO,SOBS-EJM-SUP-2026-822,"CONSTRUCCIONES ARQUITECTONICAS Y DE INGENIERÍA, S.A. DE C.V.",ING. DEYANIRA LANDIN ARRIAGA,6/23/2025,10/20/2025,2026-06-13 18:13:51.821,EJERCITO DE ORIENTE,,,
1155,PLATSOBSE-DGSUS-PARQUES_ALEGRIA-EL_EDEN-70,176d1463-d857-4b55-8f03-1ae755211cde,EL EDEN,GUSTAVO A MADERO,"25 DE JULIO, SAN FELIPE DE JESUS III",AV GRAN CANAL DE DESAGUE,OTUMBA Y 1 DE MAYO,https://maps.app.goo.gl/qjLGpALwKYvd2MvFA,,JUAN HERNANDEZ,,4/28/2025,2024.0,"GA AMBIENTAL INMOBILIARIA, S.A. DE C.V.",SOBS-EJM-P-2026-823,S829,4/28/2025,5/27/2025,100.0,INAUGURADA,SOBS-EJM-SUP-2026-823,,ING. DEYANIRA LANDIN ARRIAGA,4/28/2025,5/27/2025,2026-06-13 18:13:51.821,EL EDEN,,,
1156,PLATSOBSE-DGSUS-PARQUES_ALEGRIA-GLORIETA_VIADUCTO-_CONGRESO-68,6a9dd2f7-d252-4e36-91d7-483e887d05e3,GLORIETA VIADUCTO- CONGRESO,"IZTACALCO, VENUSTIANO CARRANZA","PUEBLO SANTA ANITA ZACATLAMANCO HUEHUETL, MAGDALENA MIXHUCA",EJE 2 ORIENTE,VIADUCTO,https://share.google/afYahXJVhEM9m6cSg,,JUAN HERNANDEZ,,3/25/2026,2025.0,CONCOAR,SOBS-EJM-P-2026-824,S830,6/23/2025,10/20/2025,100.0,TERMINADO,SOBS-EJM-SUP-2026-824,"GRUPO CONSTRUCTOR JOJA, S.A. DE C.V.",ING. DEYANIRA LANDIN ARRIAGA,6/23/2025,10/20/2025,2026-06-13 18:13:51.821,GLORIETA VIADUCTO- CONGRESO,,,
1157,PLATSOBSE-DGSUS-PARQUES_ALEGRIA-KID_AZTECA-69,ae9a7fb0-d9c7-44aa-a9f9-d3d88095762a,KID AZTECA,CUAUHTEMOC,MORELOS II,RIVERO Y PEÑON,TENOCHTITLAN Y TOLTECAS,https://share.google/X0ZiDkJyzMwanLy2V,,JUAN HERNANDEZ,,3/25/2026,2025.0,"DESARROLLADORA DE IDEAS Y ESPACIOS, S.A. DE C.V.",SOBS-EJM-P-2026-825,S831,6/23/2025,10/20/2025,84.0,EN PROCESO,SOBS-EJM-SUP-2026-825,"LEMAVA CONSTRUCCIÓN Y CONSULTORÍA, S.A.S. DE C.V.",ING. DEYANIRA LANDIN ARRIAGA,6/23/2025,10/20/2025,2026-06-13 18:13:51.821,KID AZTECA,,,
1158,PLATSOBSE-DGSUS-PARQUES_ALEGRIA-LA_TURBA-66,2d6fc554-6743-47ef-8b5a-2e03af73930f,LA TURBA,IZTAPALAPA,EL ROSARIO,AV LA TURBA,TULIPANES,https://share.google/URjfr1umPyDhHcCwM,,JUAN HERNANDEZ,,3/25/2026,2025.0,"CONSLUM, S.A. DE C.V.",SOBS-EJM-P-2026-826,S832,6/23/2025,10/20/2025,100.0,TERMINADO,SOBS-EJM-SUP-2026-826,C. SAÚL OLGUÍN GÓMEZ,ING. DEYANIRA LANDIN ARRIAGA,6/23/2025,10/20/2025,2026-06-13 18:13:51.821,LA TURBA,,,
1159,PLATSOBSE-DGSUS-PARQUES_ALEGRIA-LINEAL_LOMAS_DE_BECERRA-72,2b073d73-4454-4cf5-9593-c9163bd2ae97,LINEAL LOMAS DE BECERRA,ALVARO OBREGON,"LA PRESA SECCION HORNOS, LOMAS DE BECERRA",AV CHICAGO,RIO Y CERRADA HIDALGO,https://share.google/bbMGfZfMstXeq9MdF,,JUAN HERNANDEZ,,3/25/2026,2025.0,"GRUPO CONSTRUCTOR CABRERA Y RÁMIREZ ASOCIADOS, S.A. DE C.V.",SOBS-EJM-P-2026-827,S833,6/23/2025,10/20/2025,100.0,TERMINADO,SOBS-EJM-SUP-2026-827,"TALLER DE CIUDAD Y DISEÑO, S.A. DE C.V.",ING. DEYANIRA LANDIN ARRIAGA,6/23/2025,10/20/2025,2026-06-13 18:13:51.821,LINEAL LOMAS DE BECERRA,,,
1160,PLATSOBSE-DGSUS-PARQUES_ALEGRIA-MEMORIAL_ESME_Y_SOFI-78,6530d0a2-8814-4769-831f-2dd510124f53,MEMORIAL ESME Y SOFI,IZTACALCO,GRANJAS MEXICO I,EJE 3 SUR,VIADUCTO Y ATLETAS,https://share.google/DVAWN3dPv0OX94o86,,JUAN HERNANDEZ,,3/25/2026,2025.0,CONCOAR,SOBS-EJM-P-2026-828,S834,6/23/2025,10/20/2025,100.0,INAUGURADA,SOBS-EJM-SUP-2026-828,"GRUPO CONSTRUCTOR JOJA, S.A. DE C.V.",ING. DEYANIRA LANDIN ARRIAGA,6/23/2025,10/20/2025,2026-06-13 18:13:51.821,MEMORIAL ESME Y SOFI,,,
1161,PLATSOBSE-DGSUS-PARQUES_ALEGRIA-PARCIALIDAD-74,c0dac03a-e014-404b-9125-8de4e4290f97,PARCIALIDAD,CUAUHTEMOC,MORELOS I,PARCIALIDAD,MATAMOROS Y PASEO DE LA REFORMA,https://share.google/Jlg5WiBtpuZekGaqI,,JUAN HERNANDEZ,,3/25/2026,2025.0,"DESARROLLADORA DE IDEAS Y ESPACIOS, S.A. DE C.V.",SOBS-EJM-P-2026-829,S835,6/23/2025,10/20/2025,91.0,EN PROCESO,SOBS-EJM-SUP-2026-829,"LEMAVA CONSTRUCCIÓN Y CONSULTORÍA, S.A.S. DE C.V.",ING. DEYANIRA LANDIN ARRIAGA,6/23/2025,10/20/2025,2026-06-13 18:13:51.821,PARCIALIDAD,,,
1162,PLATSOBSE-DGSUS-PARQUES_ALEGRIA-PARQUE_DEL_NIÑO_QUEMADO-65,642f240a-f04a-4658-91e9-235893e649ed,PARQUE DEL NIÑO QUEMADO,VENUSTIANO CARRANZA,PUEBLO PEÑON DE LOS BAÑOS,CIRCUITO INTERIOR Y CHIMALHUACAN,IRAPUATO Y QUETZALCOATL,https://share.google/PA6SxR2eQ5Qmjyqww,,JUAN HERNANDEZ,,3/25/2026,2025.0,"ALEXIS ARQUITECTOS, S.A. DE C.V.",SOBS-EJM-P-2026-830,S836,6/23/2025,10/20/2025,99.0,EN PROCESO,SOBS-EJM-SUP-2026-830,"HAZ CONSTRUCCIONES, S.A. DE C.V.",ING. DEYANIRA LANDIN ARRIAGA,6/23/2025,10/20/2025,2026-06-13 18:13:51.821,PARQUE DEL NIÑO QUEMADO,,,
1163,PLATSOBSE-DGSUS-PARQUES_ALEGRIA-PARQUE_NUEVA_ATZACOALCO-84,1372bef7-e05b-4ea2-bf6e-85c3f26a9fe9,PARQUE NUEVA ATZACOALCO,GUSTAVO A MADERO,NUEVA ATZACOALCO III,EJE 3 ORIENTE,EJE 6 NORTE Y 5 DE MAYO,https://share.google/3hxciVjTe961MHpKz,,JUAN HERNANDEZ,,3/25/2026,2025.0,INGENIERIA EN TELECOMUNICAIONES S.A. DE C.V.,SOBS-EJM-P-2026-831,S837,6/23/2025,10/20/2025,96.0,EN PROCESO,SOBS-EJM-SUP-2026-831,CIRCULO DE ARQUITECTURA INTEGRAL S.A. DE C.V.,ING. DEYANIRA LANDIN ARRIAGA,6/23/2025,10/20/2025,2026-06-13 18:13:51.821,PARQUE NUEVA ATZACOALCO,,,
1164,PLATSOBSE-DGSUS-PARQUES_ALEGRIA-SABALO-67,86ac486f-7576-448b-85da-68bce2916608,SABALO,TLAHUAC,DEL MAR NORTE,SABALO,CORVINA,https://share.google/D0XnuonRI15jEqljQ,,JUAN HERNANDEZ,,3/25/2026,2025.0,"CONSLUM, S.A. DE C.V.",SOBS-EJM-P-2026-832,S838,6/23/2025,10/20/2025,100.0,TERMINADO,SOBS-EJM-SUP-2026-832,C. SAÚL OLGUÍN GÓMEZ,ING. DEYANIRA LANDIN ARRIAGA,6/23/2025,10/20/2025,2026-06-13 18:13:51.821,SABALO,,,
1165,PLATSOBSE-DGSUS-PARQUES_ALEGRIA-TECUICHE_(ANTES_CHESPIRITO)-77,5f1a7014-f3c5-43e9-a04b-2ce86f5cfc67,TECUICHE (ANTES CHESPIRITO),COYOACAN,PEDREGAL DE SANTA URSULA II,ESTADIO AZTECA Y SAN ALEJANDRO,SAN JULIO,https://share.google/zCIu2X2gntXMqE4sm,,JUAN HERNANDEZ,,3/25/2026,2025.0,"CONSTRUCCIONES Y EDIFICACIONES TAPALPA, S.A. DE C.V.",SOBS-EJM-P-2026-833,S839,7/16/2025,2025-12-11 00:00:00,100.0,INAUGURADA,SOBS-EJM-SUP-2026-833,C. OVIDIO VLADIMIR SÁNCHEZ VILLAMAR,ING. DEYANIRA LANDIN ARRIAGA,7/16/2025,2025-12-11 00:00:00,2026-06-13 18:13:51.821,TECUICHE (ANTES CHESPIRITO),,,
1166,PLATSOBSE-DGSUS-PARQUES_ALEGRIA-TORRES_JARDIN_GOROZTIZA-71,4c1006be-c42d-4205-98f7-ed8b0cafdf27,TORRES JARDIN GOROZTIZA,CUAUHTEMOC,MORELOS I,GOROSTIZA,JESUS CARRANZA Y PASEO DE LA REFORMA,https://share.google/2He0qFe8pe7u84dz5,,JUAN HERNANDEZ,,3/25/2026,2025.0,"DESARROLLADORA DE IDEAS Y ESPACIOS, S.A. DE C.V.",SOBS-EJM-P-2026-834,S840,6/23/2025,10/20/2025,95.0,EN PROCESO,SOBS-EJM-SUP-2026-834,"LEMAVA CONSTRUCCIÓN Y CONSULTORÍA, S.A.S. DE C.V.",ING. DEYANIRA LANDIN ARRIAGA,6/23/2025,10/20/2025,2026-06-13 18:13:51.821,TORRES JARDIN GOROZTIZA,,,
1167,PLATSOBSE-DGSUS-YOLOTL-PEDREGAL_DE_SANTA_URSULA_I-IV-60,cd1002f5-3a5c-4ceb-a567-d5b5327047c8,PEDREGAL DE SANTA URSULA I-IV,COYOACAN,"PEDREGAL DE SANTA URSULA I, PEDREGAL DE SANTA URSULA II, PEDREGAL DE SANTA URSULA III, PEDREGAL DE SANTA URSULA IV",,,"https://www.google.com/maps/place/Pedregal+de+Sta+%C3%9Arsula,+04600+Ciudad+de+M%C3%A9xico,+CDMX/@19.3107952,-99.1617386,2325m/data=!3m1!1e3!4m6!3m5!1s0x85ce0048fbfe5a35:0x5f651d5cbe31f0d4!8m2!3d19.3115869!4d-99.1539178!16s%2Fg%2F11bvtfrdv4?entry=ttu&g_e",ORIGINAL,JUAN HERNANDEZ,,2/25/2026,2025.0,3RELEMENTO,SOBS-EJM-P-2026-835,S841,2025-03-09 00:00:00,9/30/2025,100.0,TERMINADO,SOBS-EJM-SUP-2026-835,GRUPO CONSULTOR DE ARQUITECTURA E INGENIERA S. A. DE C. V.,,2025-07-01 00:00:00,2025-12-31 00:00:00,2026-06-13 18:13:51.821,PEDREGAL DE SANTA URSULA I-IV,,,
1168,PLATSOBSE-DGSUS-YOLOTL-SAN_ANDRES_MIXQUIC_(PBLO)-61,bd7264ac-f3c3-420c-b33d-dc47f29d7e0b,SAN ANDRES MIXQUIC (PBLO),TLAHUAC,SAN ANDRES MIXQUIC (PBLO),,,"https://www.google.com/maps/place/San+Andr%C3%A9s+Mixquic,+CDMX/@19.2264289,-98.9688918,3289m/data=!3m2!1e3!4b1!4m6!3m5!1s0x85ce1ba322f4d20b:0x6f851275f9f03826!8m2!3d19.2266531!4d-98.9659399!16zL20vMDhuNGZx?entry=ttu&g_ep=EgoyMDI2MDEyMS4wIKXMDSoASAFQAw%3",ORIGINAL,JUAN HERNANDEZ,,2/25/2026,2025.0,,SOBS-EJM-P-2026-836,S842,,,100.0,INAUGURADA,SOBS-EJM-SUP-2026-836,,,,,2026-06-13 18:13:51.821,SAN ANDRES MIXQUIC (PBLO),,,
1169,PLATSOBSE-DGSUS-YOLOTL-SAN_FRANCISCO_CULHUACAN_(PBLO)-56,702fa663-9fa0-4bfe-b0b0-0e125a8ca29f,SAN FRANCISCO CULHUACAN (PBLO),COYOACAN,PUEBLO SAN FRANCISCO CULHUACAN,,,"https://www.google.com/maps/place/San+Francisco+Culhuacan,+Culhuacan+CTM+V,+Ciudad+de+M%C3%A9xico,+CDMX/@19.3336628,-99.1211427,16z/data=!3m1!4b1!4m6!3m5!1s0x85ce01e470b5ec4b:0x47920616f0eed7b4!8m2!3d19.3354179!4d-99.1193297!16s%2Fg%2F1tjdgjm_?authuser=0",ORIGINAL,JUAN HERNANDEZ,2025-08-10 00:00:00,2/25/2026,2025.0,URBANIKCONSTRUCTORES GRAYCOLORS S.A. DE C.V.,SOBS-EJM-P-2026-837,S843,2025-10-08 00:00:00,2025-12-31 00:00:00,100.0,TERMINADO,SOBS-EJM-SUP-2026-837,,,,,2026-06-13 18:13:51.821,SAN FRANCISCO CULHUACAN (PBLO),,,
1170,PLATSOBSE-DGSUS-YOLOTL-SAN_GREGORIO_ATLAPULCO_(PBLO)-62,72481669-1479-448b-824c-36c776080dcc,SAN GREGORIO ATLAPULCO (PBLO),XOCHIMILCO,SAN GREGORIO ATLAPULCO (PBLO),,,"https://www.google.com.mx/maps/place/San+Gregorio+Atlapulco,+Ciudad+de+M%C3%A9xico,+CDMX/@19.2583044,-99.0604431,3273m/data=!3m1!1e3!4m6!3m5!1s0x85ce03672ae3919d:0xd1263fbdc5b1e493!8m2!3d19.2531573!4d-99.0557268!16s%2Fg%2F1hb_gs5m5?entry=tts&g_ep=EgoyMDI",ORIGINAL,JUAN HERNANDEZ,2025-08-10 00:00:00,2/25/2026,2025.0,URBANIKCONSTRUCTORES GRAYCOLORS S.A. DE C.V.,SOBS-EJM-P-2026-838,S844,2025-10-08 00:00:00,2025-12-31 00:00:00,100.0,INAUGURADA,SOBS-EJM-SUP-2026-838,,,,,2026-06-13 18:13:51.821,SAN GREGORIO ATLAPULCO (PBLO),,,
1171,PLATSOBSE-DGSUS-YOLOTL-SAN_JUAN_TLIHUACA_(PBLO)-58,ca561a6d-c52c-4775-9e69-28286420b86e,SAN JUAN TLIHUACA (PBLO),AZCAPOTZALCO,PUEBLO SAN JUAN TLIHUACA,,,"https://www.google.com/maps/place/San+Juan+Tlihuaca,+02400+Ciudad+de+M%C3%A9xico,+CDMX/@19.4908664,-99.2093399,1642m/data=!3m2!1e3!4b1!4m6!3m5!1s0x85d20291d007e9c9:0x10803de4331d6184!8m2!3d19.4901781!4d-99.2051355!16s%2Fg%2F1thf8xjr?entry=ttu&g_ep=EgoyMD",ORIGINAL,JUAN HERNANDEZ,,2/25/2026,2024.0,,SOBS-EJM-P-2026-839,S845,,,100.0,INAUGURADA,SOBS-EJM-SUP-2026-839,,,,,2026-06-13 18:13:51.821,SAN JUAN TLIHUACA (PBLO),,,
1172,PLATSOBSE-DGSUS-YOLOTL-SAN_LORENZO_HUIPULCO_(PBLO)-59,ab2e8ad5-a2fd-4492-ac3b-457db4139754,SAN LORENZO HUIPULCO (PBLO),TLALPAN,SAN LORENZO HUIPULCO,,,"https://www.google.com/maps/place/Huipulco,+Ciudad+de+M%C3%A9xico,+CDMX/@19.2948078,-99.1546502,1644m/data=!3m2!1e3!4b1!4m6!3m5!1s0x85ce00544913cf2f:0x107f35dac1083b04!8m2!3d19.2955945!4d-99.1497664!16s%2Fg%2F11f6gj65t3?entry=ttu&g_ep=EgoyMDI2MDEwNC4wIKX",ORIGINAL,JUAN HERNANDEZ,,2/25/2026,2025.0,ALIABAU ESPACIO S.A DE C.V,SOBS-EJM-P-2026-840,S846,2025-03-09 00:00:00,9/30/2025,100.0,TERMINADO,SOBS-EJM-SUP-2026-840,CONSTRUSERVICIO SIRI S.A. DE C.V.,,2025-11-28 00:00:00,2026-04-30 00:00:00,2026-06-13 18:13:51.821,SAN LORENZO HUIPULCO (PBLO),,,
1173,PLATSOBSE-DGSUS-YOLOTL-SAN_MIGUEL_TOPILEJO_(PBLO)-63,3e1e8f23-b0ca-4e97-8115-853b0c06f8d5,SAN MIGUEL TOPILEJO (PBLO),TLALPAN,"LA GUADALUPANA, LOS PASTORES, AYOCATITLA, ASUNCION, XAXALIPAC, LA LIBERTAD-IXTLAHUACA, XAXALCO, SAN MIGUEL TOPILEJO (PBLO), EL ARENAL",,,"https://www.google.com/maps/place/San+Miguel+Topilejo,+CDMX/@19.2010047,-99.1690066,6580m/data=!3m2!1e3!4b1!4m6!3m5!1s0x85ce070184813ba7:0xa6de9800c894b7b1!8m2!3d19.2000695!4d-99.1463621!16s%2Fm%2F0100nx8j?entry=ttu&g_ep=EgoyMDI2MDEyMS4wIKXMDSoASAFQAw%3D",ORIGINAL,JUAN HERNANDEZ,2025-01-07 00:00:00,2/25/2026,2025.0,URBANIKCONSTRUCTORES GRAYCOLORS S.A. DE C.V.,SOBS-EJM-P-2026-841,S847,,,51.0,EN PROCESO,SOBS-EJM-SUP-2026-841,,,,,2026-06-13 18:13:51.821,SAN MIGUEL TOPILEJO (PBLO),,,
1174,PLATSOBSE-DGSUS-YOLOTL-SANTA_URSULA_COAPA_(PBLO)-57,91338851-3620-4865-894f-d401b6dba824,SANTA URSULA COAPA (PBLO),COYOACAN,PUEBLO SANTA URSULA COAPA,,,"https://www.google.com/maps/place/Sta.+%C3%9Arsula+Coapa,+Ciudad+de+M%C3%A9xico,+CDMX/@19.3096307,-99.1494312,1644m/data=!3m2!1e3!4b1!4m6!3m5!1s0x85ce01b4ee5f8f3b:0x29a74b0c42af54ad!8m2!3d19.3098992!4d-99.1435398!16s%2Fg%2F11b5m18crt?entry=ttu&g_ep=EgoyM",ORIGINAL,JUAN HERNANDEZ,,2/25/2026,2025.0,3RELEMENTO,SOBS-EJM-P-2026-842,S848,2025-03-09 00:00:00,9/30/2025,100.0,TERMINADO,SOBS-EJM-SUP-2026-842,GRUPO CONSULTOR DE ARQUITECTURA E INGENIERA S. A. DE C. V.,,2025-11-28 00:00:00,2026-04-30 00:00:00,2026-06-13 18:13:51.821,SANTA URSULA COAPA (PBLO),,,
