id,clave_unica,nombre_obra,programa,area,dg,indicador,valor,valor_texto,unidad_medida,usuario_actualizacion,fecha_captura,usuario_edicion,fecha_edicion
25,PLATSOBSE_ILIFE_1_2_3_ESCUELAS_LEOPOLDO_RIO_DE_LA_LOZA_09DPR2391G_09DPR2391G,LEOPOLDO RIO DE LA LOZA,"1,2,3 POR MI ESCUELA RENOVAR PARA TRANSFORMAR",,ILIFE,ALUMNOS BENEFICIADOS,97,,ALUMNOS,actualizacion_ilife,2026-06-02 22:00:20,,
27,PLATSOBSE_ILIFE_1_2_3_ESCUELAS_MATILDE_ACOSTA_09DPR2220N_09DPR2220N,MATILDE ACOSTA,"1,2,3 POR MI ESCUELA RENOVAR PARA TRANSFORMAR",,ILIFE,ALUMNOS BENEFICIADOS,598,,ALUMNOS,actualizacion_ilife,2026-06-02 22:01:31,,
29,PLATSOBSE_ILIFE_1_2_3_ESCUELAS_MARTIN_LUIS_GUZMAN_09DPR3109Z_09DPR3109Z,MARTIN LUIS GUZMAN,"1,2,3 POR MI ESCUELA RENOVAR PARA TRANSFORMAR",,ILIFE,ALUMNOS BENEFICIADOS,679,,ALUMNOS,actualizacion_ilife,2026-06-02 22:02:59,,
19,PLATSOBSE_ILIFE_1_2_3_ESCUELAS_LUIS_G_LEON_09DPR2378M_09DPR2378M,LUIS G LEON,"1,2,3 POR MI ESCUELA RENOVAR PARA TRANSFORMAR",,ILIFE,ALUMNOS BENEFICIADOS,141,,ALUMNOS,actualizacion_ilife,2026-06-02 21:51:12,actualizacion_ilife,2026-06-03 1:24:28
31,PLATSOBSE_ILIFE_1_2_3_ESCUELAS_CALNAHUAC_09DJN0983O_09DJN0983O,CALNAHUAC,"1,2,3 POR MI ESCUELA RENOVAR PARA TRANSFORMAR",,ILIFE,ALUMNOS BENEFICIADOS,206,,ALUMNOS,actualizacion_ilife,2026-06-02 22:07:11,actualizacion_ilife,2026-06-03 1:26:30
21,PLATSOBSE_ILIFE_1_2_3_ESCUELAS_BERTHA_DOMINGUEZ_09DJN0705M_09DJN0705M,BERTHA DOMINGUEZ,"1,2,3 POR MI ESCUELA RENOVAR PARA TRANSFORMAR",,ILIFE,ALUMNOS BENEFICIADOS,194,,ALUMNOS,actualizacion_ilife,2026-06-02 21:53:36,actualizacion_ilife,2026-06-03 16:15:11
35,PLATSOBSE_ILIFE_1_2_3_ESCUELAS_MAESTROS_MEXICANOS_09DPR2227G_09DPR2227G,MAESTROS MEXICANOS,"1,2,3 POR MI ESCUELA RENOVAR PARA TRANSFORMAR",,ILIFE,ALUMNOS BENEFICIADOS,320,,ALUMNOS,actualizacion_ilife,2026-06-02 22:11:38,actualizacion_ilife,2026-06-03 20:41:15
37,PLATSOBSE_ILIFE_1_2_3_ESCUELAS_ALFONSO_REYES_09DES0166P_09DES0166P,ALFONSO REYES,"1,2,3 POR MI ESCUELA RENOVAR PARA TRANSFORMAR",,ILIFE,ALUMNOS BENEFICIADOS,555,,ALUMNOS,actualizacion_ilife,2026-06-02 22:12:44,actualizacion_ilife,2026-06-03 20:45:25
39,PLATSOBSE_ILIFE_1_2_3_ESCUELAS_CAI_SEP_NO_08_LUIS_G_URBINA_09DDI0008U_09DDI0008U,CAI SEP NO 08 LUIS G URBINA,"1,2,3 POR MI ESCUELA RENOVAR PARA TRANSFORMAR",,ILIFE,ALUMNOS BENEFICIADOS,27,,ALUMNOS,actualizacion_ilife,2026-06-02 22:14:12,actualizacion_ilife,2026-06-03 20:45:54
41,PLATSOBSE_ILIFE_1_2_3_ESCUELAS_DR_EDUARDO_LICEAGA_09DPR5125D_09DPR5125D,DR EDUARDO LICEAGA,"1,2,3 POR MI ESCUELA RENOVAR PARA TRANSFORMAR",,ILIFE,ALUMNOS BENEFICIADOS,158,,ALUMNOS,actualizacion_ilife,2026-06-02 22:16:43,actualizacion_ilife,2026-06-03 20:46:57
43,PLATSOBSE_ILIFE_1_2_3_ESCUELAS_MEDICO_BERNARDO_SEPULVEDA_GUTIERREZ_09DPR5127B_09DPR5127B,MEDICO BERNARDO SEPULVEDA GUTIERREZ,"1,2,3 POR MI ESCUELA RENOVAR PARA TRANSFORMAR",,ILIFE,ALUMNOS BENEFICIADOS,253,,ALUMNOS,actualizacion_ilife,2026-06-02 22:20:38,actualizacion_ilife,2026-06-03 20:47:28
45,PLATSOBSE_ILIFE_1_2_3_ESCUELAS_PROFRA_LEONOR_LEA_OS_NAVARRO_09DPR0021A_09DPR0021A,PROFRA LEONOR LEAÑOS NAVARRO,"1,2,3 POR MI ESCUELA RENOVAR PARA TRANSFORMAR",,ILIFE,ALUMNOS BENEFICIADOS,237,,ALUMNOS,actualizacion_ilife,2026-06-02 22:22:59,actualizacion_ilife,2026-06-03 20:47:56
33,PLATSOBSE_ILIFE_1_2_3_ESCUELAS_REPUBLICA_DE_BOLIVIA_09DES0054L_09DES0054L,REPUBLICA DE BOLIVIA,"1,2,3 POR MI ESCUELA RENOVAR PARA TRANSFORMAR",,ILIFE,ALUMNOS BENEFICIADOS,1222,,ALUMNOS,actualizacion_ilife,2026-06-02 22:08:18,actualizacion_ilife,2026-06-05 1:06:10
47,PLATSOBSE_ILIFE_1_2_3_ESCUELAS_XITLE_09DPR2769A_09DPR2769A,XITLE,"1,2,3 POR MI ESCUELA RENOVAR PARA TRANSFORMAR",,ILIFE,ALUMNOS BENEFICIADOS,374,,ALUMNOS,actualizacion_ilife,2026-06-02 22:24:00,,
1363,PLATSOBSE_DGCOP_MTTO_MERCADOS_34_VILLA_ZONA_29,# 34 VILLA ZONA,MANTENIMIENTO A MERCADOS PUBLICOS,,DGCOP,LOCALES BENEFICIADOS,938,,LOCALES,actualizacion_dgcop,2026-06-08 19:21:33,,
73,PLATSOBSE_ILIFE_1_2_3_ESCUELAS_ADOLFO_RUIZ_CORTINES_09DPR1842M_09DPR1842M,ADOLFO RUIZ CORTINES,"1,2,3 POR MI ESCUELA RENOVAR PARA TRANSFORMAR",,ILIFE,ALUMNOS BENEFICIADOS,312,,ALUMNOS,actualizacion_ilife,2026-06-02 23:07:11,,
75,PLATSOBSE_ILIFE_1_2_3_ESCUELAS_PATRIA_09DJN0360J_09DJN0360J,PATRIA,"1,2,3 POR MI ESCUELA RENOVAR PARA TRANSFORMAR",,ILIFE,ALUMNOS BENEFICIADOS,108,,ALUMNOS,actualizacion_ilife,2026-06-02 23:08:15,,
51,PLATSOBSE_ILIFE_1_2_3_ESCUELAS_ALFONSO_TEJA_ZABRE_09DPR1892U_09DPR1892U,ALFONSO TEJA ZABRE,"1,2,3 POR MI ESCUELA RENOVAR PARA TRANSFORMAR",,ILIFE,ALUMNOS BENEFICIADOS,455,,ALUMNOS,actualizacion_ilife,2026-06-02 22:26:31,actualizacion_ilife,2026-06-03 20:49:03
53,PLATSOBSE_ILIFE_1_2_3_ESCUELAS_ALVARO_OBREGON_09DPR1887I_09DPR1887I,ALVARO OBREGON,"1,2,3 POR MI ESCUELA RENOVAR PARA TRANSFORMAR",,ILIFE,ALUMNOS BENEFICIADOS,400,,ALUMNOS,actualizacion_ilife,2026-06-02 22:27:49,actualizacion_ilife,2026-06-03 20:49:26
55,PLATSOBSE_ILIFE_1_2_3_ESCUELAS_CULTURA_AZTECA_09DPR3127O_09DPR3127O,CULTURA AZTECA,"1,2,3 POR MI ESCUELA RENOVAR PARA TRANSFORMAR",,ILIFE,ALUMNOS BENEFICIADOS,592,,ALUMNOS,actualizacion_ilife,2026-06-02 22:28:41,actualizacion_ilife,2026-06-03 20:49:54
57,PLATSOBSE_ILIFE_1_2_3_ESCUELAS_TIERRA_UNIDA_09DJN1432T_09DJN1432T,TIERRA UNIDA,"1,2,3 POR MI ESCUELA RENOVAR PARA TRANSFORMAR",,ILIFE,ALUMNOS BENEFICIADOS,130,,ALUMNOS,actualizacion_ilife,2026-06-02 22:29:41,actualizacion_ilife,2026-06-03 20:50:18
61,PLATSOBSE_ILIFE_1_2_3_ESCUELAS_GENERAL_AUGUSTO_CESAR_SANDINO_09DES0200F_09DES0200F,GENERAL AUGUSTO CESAR SANDINO,"1,2,3 POR MI ESCUELA RENOVAR PARA TRANSFORMAR",,ILIFE,ALUMNOS BENEFICIADOS,192,,ALUMNOS,actualizacion_ilife,2026-06-02 22:56:13,actualizacion_ilife,2026-06-03 20:51:12
63,PLATSOBSE_ILIFE_1_2_3_ESCUELAS_JAIME_NUNO_09DPR2532P_09DPR2532P,JAIME NUNO,"1,2,3 POR MI ESCUELA RENOVAR PARA TRANSFORMAR",,ILIFE,ALUMNOS BENEFICIADOS,230,,ALUMNOS,actualizacion_ilife,2026-06-02 22:58:05,actualizacion_ilife,2026-06-03 20:51:40
65,PLATSOBSE_ILIFE_1_2_3_ESCUELAS_DIURNA_NO_37_EMILIANO_ZAPATA_09DES0037V_09DES0037V,DIURNA NO 37 EMILIANO ZAPATA,"1,2,3 POR MI ESCUELA RENOVAR PARA TRANSFORMAR",,ILIFE,ALUMNOS BENEFICIADOS,744,,ALUMNOS,actualizacion_ilife,2026-06-02 23:02:36,actualizacion_ilife,2026-06-03 20:52:05
67,PLATSOBSE_ILIFE_1_2_3_ESCUELAS_JOSE_MARIA_PINO_SUAREZ_09DPR2393E_09DPR2393E,JOSE MARIA PINO SUAREZ,"1,2,3 POR MI ESCUELA RENOVAR PARA TRANSFORMAR",,ILIFE,ALUMNOS BENEFICIADOS,145,,ALUMNOS,actualizacion_ilife,2026-06-02 23:03:40,actualizacion_ilife,2026-06-03 20:52:44
69,PLATSOBSE_ILIFE_1_2_3_ESCUELAS_ESCUELA_SECUNDARIA_TEUTLI_09DES0009Z_09DES0009Z,ESCUELA SECUNDARIA TEUTLI,"1,2,3 POR MI ESCUELA RENOVAR PARA TRANSFORMAR",,ILIFE,ALUMNOS BENEFICIADOS,876,,ALUMNOS,actualizacion_ilife,2026-06-02 23:04:56,actualizacion_ilife,2026-06-03 20:53:14
71,PLATSOBSE_ILIFE_1_2_3_ESCUELAS_LIC_EMILIO_PORTES_GIL_09DPR2956V_09DPR2956V,LIC EMILIO PORTES GIL,"1,2,3 POR MI ESCUELA RENOVAR PARA TRANSFORMAR",,ILIFE,ALUMNOS BENEFICIADOS,267,,ALUMNOS,actualizacion_ilife,2026-06-02 23:06:19,actualizacion_ilife,2026-06-03 20:53:36
77,PLATSOBSE_ILIFE_1_2_3_ESCUELAS_TELESECUNDARIA_27_09DTV0027U_09DTV0027U,TELESECUNDARIA 27,"1,2,3 POR MI ESCUELA RENOVAR PARA TRANSFORMAR",,ILIFE,ALUMNOS BENEFICIADOS,84,,ALUMNOS,actualizacion_ilife,2026-06-02 23:09:12,actualizacion_ilife,2026-06-03 20:57:47
1364,PLATSOBSE_DGCOP_MTTO_MERCADOS_34_VILLA_ZONA_29,# 34 VILLA ZONA,MANTENIMIENTO A MERCADOS PUBLICOS,,DGCOP,LOCATARIOS BENEFICIADOS,1876,,LOCATARIOS,actualizacion_dgcop,2026-06-08 19:21:33,,
79,PLATSOBSE_ILIFE_1_2_3_ESCUELAS_JOSE_JESUS_AGUILERA_PALOMINO_09DPR4184M_09DPR4184M,JOSE JESUS AGUILERA PALOMINO,"1,2,3 POR MI ESCUELA RENOVAR PARA TRANSFORMAR",,ILIFE,ALUMNOS BENEFICIADOS,226,,ALUMNOS,actualizacion_ilife,2026-06-02 23:10:38,,
81,PLATSOBSE_ILIFE_1_2_3_ESCUELAS_CENTRO_DE_ATENCION_MULTIPLE_NO_39_09DML0104S_09DML0104S,CENTRO DE ATENCION MULTIPLE No 39,"1,2,3 POR MI ESCUELA RENOVAR PARA TRANSFORMAR",,ILIFE,ALUMNOS BENEFICIADOS,92,,ALUMNOS,actualizacion_ilife,2026-06-02 23:11:24,,
85,PLATSOBSE_ILIFE_1_2_3_ESCUELAS_JOSE_TRINIDAD_SAN_MIGUEL_PINEDA_09DJN1290L_09DJN1290L,JOSE TRINIDAD SAN MIGUEL PINEDA,"1,2,3 POR MI ESCUELA RENOVAR PARA TRANSFORMAR",,ILIFE,ALUMNOS BENEFICIADOS,203,,ALUMNOS,actualizacion_ilife,2026-06-02 23:22:00,,
87,PLATSOBSE_ILIFE_1_2_3_ESCUELAS_PROFR_TOMAS_FREGOSO_09DPR3234X_09DPR3234X,PROFR TOMAS FREGOSO,"1,2,3 POR MI ESCUELA RENOVAR PARA TRANSFORMAR",,ILIFE,ALUMNOS BENEFICIADOS,493,,ALUMNOS,actualizacion_ilife,2026-06-02 23:22:59,,
89,PLATSOBSE_ILIFE_1_2_3_ESCUELAS_LIC_EDUARDO_NOVOA_09DPR1323C_09DPR1323C,LIC EDUARDO NOVOA,"1,2,3 POR MI ESCUELA RENOVAR PARA TRANSFORMAR",,ILIFE,ALUMNOS BENEFICIADOS,154,,ALUMNOS,actualizacion_ilife,2026-06-02 23:24:16,,
91,PLATSOBSE_ILIFE_1_2_3_ESCUELAS_ESCUELA_SECUNDARIA_MTRO_JUAN_G_HOLGUIN_09DES0023S_09DES0023S,ESCUELA SECUNDARIA MTRO JUAN G HOLGUIN,"1,2,3 POR MI ESCUELA RENOVAR PARA TRANSFORMAR",,ILIFE,ALUMNOS BENEFICIADOS,116,,ALUMNOS,actualizacion_ilife,2026-06-02 23:26:14,,
93,PLATSOBSE_ILIFE_1_2_3_ESCUELAS_PROFR_ADOLFO_VELASQUEZ_VILCHES_09DPR2299Z_09DPR2299Z,PROFR ADOLFO VELASQUEZ VILCHES,"1,2,3 POR MI ESCUELA RENOVAR PARA TRANSFORMAR",,ILIFE,ALUMNOS BENEFICIADOS,18,,ALUMNOS,actualizacion_ilife,2026-06-02 23:28:45,,
95,PLATSOBSE_ILIFE_1_2_3_ESCUELAS_LABORATORIO_PEDAGOGICO_LAURO_AGUIRRE_ANEXO_A_LA_ENMJN_09DJN3000S_09DJN3000S,LABORATORIO PEDAGOGICO LAURO AGUIRRE ANEXO A LA ENMJN,"1,2,3 POR MI ESCUELA RENOVAR PARA TRANSFORMAR",,ILIFE,ALUMNOS BENEFICIADOS,142,,ALUMNOS,actualizacion_ilife,2026-06-02 23:29:34,,
97,PLATSOBSE_ILIFE_1_2_3_ESCUELAS_JOSE_AGUSTIN_RAMIREZ_ALTAMIRANO_09DPR1832F_09DPR1832F,JOSE AGUSTIN RAMIREZ ALTAMIRANO,"1,2,3 POR MI ESCUELA RENOVAR PARA TRANSFORMAR",,ILIFE,ALUMNOS BENEFICIADOS,453,,ALUMNOS,actualizacion_ilife,2026-06-02 23:30:34,,
99,PLATSOBSE_ILIFE_1_2_3_ESCUELAS_REPUBLICA_DOMINICANA_09DPR2331S_09DPR2331S,REPUBLICA DOMINICANA,"1,2,3 POR MI ESCUELA RENOVAR PARA TRANSFORMAR",,ILIFE,ALUMNOS BENEFICIADOS,374,,ALUMNOS,actualizacion_ilife,2026-06-02 23:31:24,,
101,PLATSOBSE_ILIFE_1_2_3_ESCUELAS_RAMON_LOPEZ_VELARDE_09DPR0928L_09DPR0928L,RAMON LOPEZ VELARDE,"1,2,3 POR MI ESCUELA RENOVAR PARA TRANSFORMAR",,ILIFE,ALUMNOS BENEFICIADOS,132,,ALUMNOS,actualizacion_ilife,2026-06-02 23:32:15,,
103,PLATSOBSE_ILIFE_1_2_3_ESCUELAS_XOCHIPILLI_09DJN0728X_09DJN0728X,XOCHIPILLI,"1,2,3 POR MI ESCUELA RENOVAR PARA TRANSFORMAR",,ILIFE,ALUMNOS BENEFICIADOS,166,,ALUMNOS,actualizacion_ilife,2026-06-02 23:32:55,,
105,PLATSOBSE_ILIFE_1_2_3_ESCUELAS_MATEANA_M_DE_AVELEYRA_09DJN0359U_09DJN0359U,MATEANA M DE AVELEYRA,"1,2,3 POR MI ESCUELA RENOVAR PARA TRANSFORMAR",,ILIFE,ALUMNOS BENEFICIADOS,76,,ALUMNOS,actualizacion_ilife,2026-06-02 23:33:30,,
1365,PLATSOBSE_DGCOP_MTTO_MERCADOS_34_VILLA_ZONA_29,# 34 VILLA ZONA,MANTENIMIENTO A MERCADOS PUBLICOS,,DGCOP,SUPERFICIE DE INTERVENCIÓN,13258,,METROS CUADRADOS,actualizacion_dgcop,2026-06-08 19:21:33,,
109,PLATSOBSE_ILIFE_1_2_3_ESCUELAS_REP_ESPA_OLA_09DJN1079R_09DJN1079R,REP ESPAÑOLA,"1,2,3 POR MI ESCUELA RENOVAR PARA TRANSFORMAR",,ILIFE,ALUMNOS BENEFICIADOS,78,,ALUMNOS,actualizacion_ilife,2026-06-02 23:34:59,,
111,PLATSOBSE_ILIFE_1_2_3_ESCUELAS_TELESECUNDARIA_111_09DTV0111S_09DTV0111S,TELESECUNDARIA 111,"1,2,3 POR MI ESCUELA RENOVAR PARA TRANSFORMAR",,ILIFE,ALUMNOS BENEFICIADOS,83,,ALUMNOS,actualizacion_ilife,2026-06-02 23:35:37,,
113,PLATSOBSE_ILIFE_1_2_3_ESCUELAS_LUCIO_TAPIA_09DPR2376O_09DPR2376O,LUCIO TAPIA,"1,2,3 POR MI ESCUELA RENOVAR PARA TRANSFORMAR",,ILIFE,ALUMNOS BENEFICIADOS,182,,ALUMNOS,actualizacion_ilife,2026-06-02 23:37:22,,
117,PLATSOBSE_ILIFE_1_2_3_ESCUELAS_TELESECUNDARIA_32_09DTV0032F_09DTV0032F,TELESECUNDARIA 32,"1,2,3 POR MI ESCUELA RENOVAR PARA TRANSFORMAR",,ILIFE,ALUMNOS BENEFICIADOS,74,,ALUMNOS,actualizacion_ilife,2026-06-02 23:39:07,,
121,PLATSOBSE_ILIFE_1_2_3_ESCUELAS_CMDTE_DE_BOMBEROS_JOSE_SAAVEDRA_DEL_RAZO_09DJN1016F_09DJN1016F,CMDTE DE BOMBEROS JOSE SAAVEDRA DEL RAZO,"1,2,3 POR MI ESCUELA RENOVAR PARA TRANSFORMAR",,ILIFE,ALUMNOS BENEFICIADOS,51,,ALUMNOS,actualizacion_ilife,2026-06-02 23:40:27,,
123,PLATSOBSE_ILIFE_1_2_3_ESCUELAS_AZTECAS_09DES0188A_09DES0188A,AZTECAS,"1,2,3 POR MI ESCUELA RENOVAR PARA TRANSFORMAR",,ILIFE,ALUMNOS BENEFICIADOS,496,,ALUMNOS,actualizacion_ilife,2026-06-02 23:42:35,,
127,PLATSOBSE_ILIFE_1_2_3_ESCUELAS_TELESECUNDARIA_3_09DTV0003K_09DTV0003K,TELESECUNDARIA 3,"1,2,3 POR MI ESCUELA RENOVAR PARA TRANSFORMAR",,ILIFE,ALUMNOS BENEFICIADOS,175,,ALUMNOS,actualizacion_ilife,2026-06-02 23:44:25,,
129,PLATSOBSE_ILIFE_1_2_3_ESCUELAS_JUAN_E_HERNANDEZ_Y_DAVALOS_09DJN0318U_09DJN0318U,JUAN E HERNANDEZ Y DAVALOS,"1,2,3 POR MI ESCUELA RENOVAR PARA TRANSFORMAR",,ILIFE,ALUMNOS BENEFICIADOS,196,,ALUMNOS,actualizacion_ilife,2026-06-02 23:45:15,,
133,PLATSOBSE_ILIFE_1_2_3_ESCUELAS_FRANCISCO_HERNANDEZ_DE_CORDOBA_09DPR2020P_09DPR2020P,FRANCISCO HERNANDEZ DE CORDOBA,"1,2,3 POR MI ESCUELA RENOVAR PARA TRANSFORMAR",,ILIFE,ALUMNOS BENEFICIADOS,634,,ALUMNOS,actualizacion_ilife,2026-06-02 23:47:36,,
135,PLATSOBSE_ILIFE_1_2_3_ESCUELAS_MAESTRO_FELIX_JIMENEZ_NAJERA_09DPR2021O_09DPR2021O,MAESTRO FELIX JIMENEZ NAJERA,"1,2,3 POR MI ESCUELA RENOVAR PARA TRANSFORMAR",,ILIFE,ALUMNOS BENEFICIADOS,442,,ALUMNOS,actualizacion_ilife,2026-06-02 23:48:26,,
137,PLATSOBSE_ILIFE_1_2_3_ESCUELAS_PROFR_NARCISO_RAMOS_GALICIA_09DPR2953Y_09DPR2953Y,PROFR NARCISO RAMOS GALICIA,"1,2,3 POR MI ESCUELA RENOVAR PARA TRANSFORMAR",,ILIFE,ALUMNOS BENEFICIADOS,612,,ALUMNOS,actualizacion_ilife,2026-06-02 23:49:14,,
115,PLATSOBSE_ILIFE_1_2_3_ESCUELAS_PADRE_MIER_09DPR1338E_09DPR1338E,PADRE MIER,"1,2,3 POR MI ESCUELA RENOVAR PARA TRANSFORMAR",,ILIFE,ALUMNOS BENEFICIADOS,364,,ALUMNOS,actualizacion_ilife,2026-06-02 23:38:01,actualizacion_ilife,2026-06-03 22:15:18
119,PLATSOBSE_ILIFE_1_2_3_ESCUELAS_MELCHOR_OCAMPO_09DJN0379H_09DJN0379H,MELCHOR OCAMPO,"1,2,3 POR MI ESCUELA RENOVAR PARA TRANSFORMAR",,ILIFE,ALUMNOS BENEFICIADOS,110,,ALUMNOS,actualizacion_ilife,2026-06-02 23:39:42,actualizacion_ilife,2026-06-03 22:17:09
125,PLATSOBSE_ILIFE_1_2_3_ESCUELAS_LUXEMBURGO_09DPR2218Z_09DPR2218Z,LUXEMBURGO,"1,2,3 POR MI ESCUELA RENOVAR PARA TRANSFORMAR",,ILIFE,ALUMNOS BENEFICIADOS,365,,ALUMNOS,actualizacion_ilife,2026-06-02 23:43:24,actualizacion_ilife,2026-06-03 22:22:30
1367,PLATSOBSE_DGCOP_MTTO_MERCADOS_AMPLIACION_CASAS_ALEMAN_35,AMPLIACION CASAS ALEMAN,MANTENIMIENTO A MERCADOS PUBLICOS,,DGCOP,LOCALES BENEFICIADOS,192,,LOCALES,actualizacion_dgcop,2026-06-08 19:23:03,,
149,PLATSOBSE_ILIFE_1_2_3_ESCUELAS_SECUNDARIA_TECNICA_34_LUIS_MASSIU_09DST0034Q_09DST0034Q,SECUNDARIA TECNICA 34 LUIS MASSIU,"1,2,3 POR MI ESCUELA RENOVAR PARA TRANSFORMAR",,ILIFE,ALUMNOS BENEFICIADOS,824,,ALUMNOS,actualizacion_ilife,2026-06-02 23:58:02,,
151,PLATSOBSE_ILIFE_1_2_3_ESCUELAS_MIXQUIC_09DJN0644P_09DJN0644P,MIXQUIC,"1,2,3 POR MI ESCUELA RENOVAR PARA TRANSFORMAR",,ILIFE,ALUMNOS BENEFICIADOS,173,,ALUMNOS,actualizacion_ilife,2026-06-02 23:59:03,,
153,PLATSOBSE_ILIFE_1_2_3_ESCUELAS_CRISTOBAL_COLON_09DPR2027I_09DPR2027I,CRISTOBAL COLON,"1,2,3 POR MI ESCUELA RENOVAR PARA TRANSFORMAR",,ILIFE,ALUMNOS BENEFICIADOS,809,,ALUMNOS,actualizacion_ilife,2026-06-03 0:00:14,,
154,PLATSOBSE_DGPEST_BALON_BARRIO_PRUEBA_319,PRUEBA,EL BALON VUELVE AL BARRIO,,DGPEST,POBLACION BENEFICIADA (500 M),20000,,PERSONAS,geoestadistica,2026-06-03 1:08:27,,
17,PLATSOBSE_ILIFE_1_2_3_ESCUELAS_INSURGENTES_09DJN0488O_09DJN0488O,INSURGENTES,"1,2,3 POR MI ESCUELA RENOVAR PARA TRANSFORMAR",,ILIFE,ALUMNOS BENEFICIADOS,187,,ALUMNOS,actualizacion_ilife,2026-06-02 21:46:21,actualizacion_ilife,2026-06-03 1:23:58
159,PLATSOBSE_ILIFE_1_2_3_ESCUELAS_ESCUELA_SECUNDARIA_TECNICA_72_09DST0072T_09DST0072T,ESCUELA SECUNDARIA TECNICA 72,"1,2,3 POR MI ESCUELA RENOVAR PARA TRANSFORMAR",,ILIFE,ALUMNOS BENEFICIADOS,1040,,ALUMNOS,actualizacion_ilife,2026-06-03 1:29:07,,
141,PLATSOBSE_ILIFE_1_2_3_ESCUELAS_WILFRIDO_MASSIEU_09DPR2999T_09DPR2999T,WILFRIDO MASSIEU,"1,2,3 POR MI ESCUELA RENOVAR PARA TRANSFORMAR",,ILIFE,ALUMNOS BENEFICIADOS,360,,ALUMNOS,actualizacion_ilife,2026-06-02 23:51:25,actualizacion_ilife,2026-06-03 22:25:25
145,PLATSOBSE_ILIFE_1_2_3_ESCUELAS_JUAN_AMOS_COMENIO_09DES0157H_09DES0157H,JUAN AMOS COMENIO,"1,2,3 POR MI ESCUELA RENOVAR PARA TRANSFORMAR",,ILIFE,ALUMNOS BENEFICIADOS,710,,ALUMNOS,actualizacion_ilife,2026-06-02 23:53:12,actualizacion_ilife,2026-06-03 22:26:58
147,PLATSOBSE_ILIFE_1_2_3_ESCUELAS_ESPERANZA_LOPEZ_MATEOS_09DPR1974D_09DPR1974D,ESPERANZA LOPEZ MATEOS,"1,2,3 POR MI ESCUELA RENOVAR PARA TRANSFORMAR",,ILIFE,ALUMNOS BENEFICIADOS,549,,ALUMNOS,actualizacion_ilife,2026-06-02 23:54:16,actualizacion_ilife,2026-06-03 22:27:55
1368,PLATSOBSE_DGCOP_MTTO_MERCADOS_AMPLIACION_CASAS_ALEMAN_35,AMPLIACION CASAS ALEMAN,MANTENIMIENTO A MERCADOS PUBLICOS,,DGCOP,LOCATARIOS BENEFICIADOS,384,,LOCATARIOS,actualizacion_dgcop,2026-06-08 19:23:03,,
241,PLATSOBSE_ILIFE_1_2_3_ESCUELAS_ESCUELA_SECUNDARIA_TECNICA_49_09DST0049S_09DST0049S,ESCUELA SECUNDARIA TECNICA 49,"1,2,3 POR MI ESCUELA RENOVAR PARA TRANSFORMAR",,ILIFE,ALUMNOS BENEFICIADOS,603,,ALUMNOS,actualizacion_ilife,2026-06-03 19:51:22,,
243,PLATSOBSE_ILIFE_1_2_3_ESCUELAS_ESCUELA_SECUNDARIA_TECNICA_43_09DST0043Y_09DST0043Y,ESCUELA SECUNDARIA TECNICA 43,"1,2,3 POR MI ESCUELA RENOVAR PARA TRANSFORMAR",,ILIFE,ALUMNOS BENEFICIADOS,1465,,ALUMNOS,actualizacion_ilife,2026-06-03 19:52:59,,
245,PLATSOBSE_ILIFE_1_2_3_ESCUELAS_CAI_SEP_NO_16_JEAN_PIAGET_09DDI0016C_09DDI0016C,CAI SEP NO 16 JEAN PIAGET,"1,2,3 POR MI ESCUELA RENOVAR PARA TRANSFORMAR",,ILIFE,ALUMNOS BENEFICIADOS,46,,ALUMNOS,actualizacion_ilife,2026-06-03 19:58:48,,
247,PLATSOBSE_ILIFE_1_2_3_ESCUELAS_MAESTRO_JOSE_GUADALUPE_NAJERA_JIMENEZ_09DPR0135C_09DPR0135C,MAESTRO JOSE GUADALUPE NAJERA JIMENEZ,"1,2,3 POR MI ESCUELA RENOVAR PARA TRANSFORMAR",,ILIFE,ALUMNOS BENEFICIADOS,198,,ALUMNOS,actualizacion_ilife,2026-06-03 20:00:26,,
249,PLATSOBSE_ILIFE_1_2_3_ESCUELAS_FRANCISCO_MONTERDE_09DES0162T_09DES0162T,FRANCISCO MONTERDE,"1,2,3 POR MI ESCUELA RENOVAR PARA TRANSFORMAR",,ILIFE,ALUMNOS BENEFICIADOS,671,,ALUMNOS,actualizacion_ilife,2026-06-03 20:01:25,,
251,PLATSOBSE_ILIFE_1_2_3_ESCUELAS_JARDIN_DE_NI_OS_ANEXO_CENTRO_ESCOLAR_REVOLUCION_09DJN0742Q_09DJN0742Q,JARDIN DE NIÑOS ANEXO CENTRO ESCOLAR REVOLUCION,"1,2,3 POR MI ESCUELA RENOVAR PARA TRANSFORMAR",,ILIFE,ALUMNOS BENEFICIADOS,99,,ALUMNOS,actualizacion_ilife,2026-06-03 20:06:09,,
1369,PLATSOBSE_DGCOP_MTTO_MERCADOS_AMPLIACION_CASAS_ALEMAN_35,AMPLIACION CASAS ALEMAN,MANTENIMIENTO A MERCADOS PUBLICOS,,DGCOP,SUPERFICIE DE INTERVENCIÓN,3345,,METROS CUADRADOS,actualizacion_dgcop,2026-06-08 19:23:03,,
253,PLATSOBSE_ILIFE_1_2_3_ESCUELAS_LUIS_PENICHE_VALLADO_09DPR4002N_09DPR4002N,LUIS PENICHE VALLADO,"1,2,3 POR MI ESCUELA RENOVAR PARA TRANSFORMAR",,ILIFE,ALUMNOS BENEFICIADOS,654,,ALUMNOS,actualizacion_ilife,2026-06-03 20:09:42,,
255,PLATSOBSE_ILIFE_1_2_3_ESCUELAS_PROFR_RUBEN_VIZCARRA_Y_CAMPOS_09DPR2683V_09DPR2683V,PROFR RUBEN VIZCARRA Y CAMPOS,"1,2,3 POR MI ESCUELA RENOVAR PARA TRANSFORMAR",,ILIFE,ALUMNOS BENEFICIADOS,358,,ALUMNOS,actualizacion_ilife,2026-06-03 20:10:40,,
257,PLATSOBSE_ILIFE_1_2_3_ESCUELAS_JAIME_SABINES_09DPR5133M_09DPR5133M,JAIME SABINES,"1,2,3 POR MI ESCUELA RENOVAR PARA TRANSFORMAR",,ILIFE,ALUMNOS BENEFICIADOS,346,,ALUMNOS,actualizacion_ilife,2026-06-03 20:12:10,actualizacion_ilife,2026-06-03 20:12:43
23,PLATSOBSE_ILIFE_1_2_3_ESCUELAS_PROFR_JORGE_CASAHONDA_CASTILLO_09DBS0034A_09DBS0034A,PROFR JORGE CASAHONDA CASTILLO,"1,2,3 POR MI ESCUELA RENOVAR PARA TRANSFORMAR",,ILIFE,ALUMNOS BENEFICIADOS,15,,ALUMNOS,actualizacion_ilife,2026-06-02 21:59:14,actualizacion_ilife,2026-06-03 20:28:21
49,PLATSOBSE_ILIFE_1_2_3_ESCUELAS_JOSE_MARIA_MORELOS_09DPR2067J_09DPR2067J,JOSE MARIA MORELOS,"1,2,3 POR MI ESCUELA RENOVAR PARA TRANSFORMAR",,ILIFE,ALUMNOS BENEFICIADOS,673,,ALUMNOS,actualizacion_ilife,2026-06-02 22:25:39,actualizacion_ilife,2026-06-03 20:48:33
59,PLATSOBSE_ILIFE_1_2_3_ESCUELAS_ARQUIMEDES_CABALLERO_CABALLERO_09DES0312J_09DES0312J,ARQUIMEDES CABALLERO CABALLERO,"1,2,3 POR MI ESCUELA RENOVAR PARA TRANSFORMAR",,ILIFE,ALUMNOS BENEFICIADOS,710,,ALUMNOS,actualizacion_ilife,2026-06-02 22:30:36,actualizacion_ilife,2026-06-03 20:50:48
83,PLATSOBSE_ILIFE_1_2_3_ESCUELAS_ADOLFO_RUIZ_CORTINES_09DJN0221I_09DJN0221I,ADOLFO RUIZ CORTINES,"1,2,3 POR MI ESCUELA RENOVAR PARA TRANSFORMAR",,ILIFE,ALUMNOS BENEFICIADOS,111,,ALUMNOS,actualizacion_ilife,2026-06-02 23:15:53,actualizacion_ilife,2026-06-03 20:59:15
107,PLATSOBSE_ILIFE_1_2_3_ESCUELAS_SILVESTRE_REVUELTAS_09DPR1212Y_09DPR1212Y,SILVESTRE REVUELTAS,"1,2,3 POR MI ESCUELA RENOVAR PARA TRANSFORMAR",,ILIFE,ALUMNOS BENEFICIADOS,153,,ALUMNOS,actualizacion_ilife,2026-06-02 23:34:08,actualizacion_ilife,2026-06-03 22:13:58
131,PLATSOBSE_ILIFE_1_2_3_ESCUELAS_DOLORES_CORREA_ZAPATA_09DPR2411D_09DPR2411D,DOLORES CORREA ZAPATA,"1,2,3 POR MI ESCUELA RENOVAR PARA TRANSFORMAR",,ILIFE,ALUMNOS BENEFICIADOS,132,,ALUMNOS,actualizacion_ilife,2026-06-02 23:46:47,actualizacion_ilife,2026-06-03 22:23:35
139,PLATSOBSE_ILIFE_1_2_3_ESCUELAS_DANIEL_COSIO_VILLEGAS_09DPR0019M_09DPR0019M,DANIEL COSIO VILLEGAS,"1,2,3 POR MI ESCUELA RENOVAR PARA TRANSFORMAR",,ILIFE,ALUMNOS BENEFICIADOS,503,,ALUMNOS,actualizacion_ilife,2026-06-02 23:50:33,actualizacion_ilife,2026-06-03 22:25:02
143,PLATSOBSE_ILIFE_1_2_3_ESCUELAS_DAVID_ALFARO_SIQUEIROS_09DES0149Z_09DES0149Z,DAVID ALFARO SIQUEIROS,"1,2,3 POR MI ESCUELA RENOVAR PARA TRANSFORMAR",,ILIFE,ALUMNOS BENEFICIADOS,524,,ALUMNOS,actualizacion_ilife,2026-06-02 23:52:11,actualizacion_ilife,2026-06-03 22:26:09
293,PLATSOBSE_ILIFE_1_2_3_ESCUELAS_DR_ANGEL_MA_GARIBAY_09DPR2467F_09DPR2467F,DR ANGEL MA GARIBAY,"1,2,3 POR MI ESCUELA RENOVAR PARA TRANSFORMAR",,ILIFE,ALUMNOS BENEFICIADOS,145,,ALUMNOS,actualizacion_ilife,2026-06-03 22:31:44,,
300,PLATSOBSE_ILIFE_1_2_3_ESCUELAS_EUGENIA_LEON_PUIG_09DES0034Y_09DES0034Y,EUGENIA LEON PUIG,"1,2,3 POR MI ESCUELA RENOVAR PARA TRANSFORMAR",,ILIFE,ALUMNOS BENEFICIADOS,422,,ALUMNOS,actualizacion_ilife,2026-06-03 22:49:29,,
302,PLATSOBSE_ILIFE_1_2_3_ESCUELAS_LIC_EDUARDO_NOVOA_09DPR1325A_09DPR1325A,LIC EDUARDO NOVOA,"1,2,3 POR MI ESCUELA RENOVAR PARA TRANSFORMAR",,ILIFE,ALUMNOS BENEFICIADOS,261,,ALUMNOS,actualizacion_ilife,2026-06-03 22:50:29,,
305,PLATSOBSE_ILIFE_1_2_3_ESCUELAS_JULIO_DE_LA_FUENTE_09DPR0018N_09DPR0018N,JULIO DE LA FUENTE,"1,2,3 POR MI ESCUELA RENOVAR PARA TRANSFORMAR",,ILIFE,ALUMNOS BENEFICIADOS,414,,ALUMNOS,actualizacion_ilife,2026-06-03 22:51:43,,
308,PLATSOBSE_ILIFE_1_2_3_ESCUELAS_JOSEFA_DURAN_09DJN0012C_09DJN0012C,JOSEFA DURAN,"1,2,3 POR MI ESCUELA RENOVAR PARA TRANSFORMAR",,ILIFE,ALUMNOS BENEFICIADOS,215,,ALUMNOS,actualizacion_ilife,2026-06-03 22:52:44,,
311,PLATSOBSE_ILIFE_1_2_3_ESCUELAS_FAMILIA_JUAREZ_MAZA_09DJN0076N_09DJN0076N,FAMILIA JUAREZ MAZA,"1,2,3 POR MI ESCUELA RENOVAR PARA TRANSFORMAR",,ILIFE,ALUMNOS BENEFICIADOS,119,,ALUMNOS,actualizacion_ilife,2026-06-03 22:53:49,,
314,PLATSOBSE_ILIFE_1_2_3_ESCUELAS_ALFONSO_SIERRA_PARTIDA_09DPR3231Z_09DPR3231Z,ALFONSO SIERRA PARTIDA,"1,2,3 POR MI ESCUELA RENOVAR PARA TRANSFORMAR",,ILIFE,ALUMNOS BENEFICIADOS,426,,ALUMNOS,actualizacion_ilife,2026-06-03 22:55:26,,
319,PLATSOBSE_ILIFE_1_2_3_ESCUELAS_ANTON_S_MAKARENKO_09DJN0387Q_09DJN0387Q,ANTON S MAKARENKO,"1,2,3 POR MI ESCUELA RENOVAR PARA TRANSFORMAR",,ILIFE,ALUMNOS BENEFICIADOS,108,,ALUMNOS,actualizacion_ilife,2026-06-03 22:57:17,,
327,PLATSOBSE_ILIFE_1_2_3_ESCUELAS_ESCUELA_SECUNDARIA_PROFESOR_CARLOS_BENITEZ_DELORME_09DES0051O_09DES0051O,ESCUELA SECUNDARIA PROFESOR CARLOS BENITEZ DELORME,"1,2,3 POR MI ESCUELA RENOVAR PARA TRANSFORMAR",,ILIFE,ALUMNOS BENEFICIADOS,517,,ALUMNOS,actualizacion_ilife,2026-06-03 23:05:29,,
329,PLATSOBSE_ILIFE_1_2_3_ESCUELAS_ESCUELA_TELESECUNDARIA_NO116_09DTV0116N_09DTV0116N,ESCUELA TELESECUNDARIA NO116,"1,2,3 POR MI ESCUELA RENOVAR PARA TRANSFORMAR",,ILIFE,ALUMNOS BENEFICIADOS,80,,ALUMNOS,actualizacion_ilife,2026-06-03 23:06:27,,
331,PLATSOBSE_ILIFE_1_2_3_ESCUELAS_JOSE_CLEMENTE_OROZCO_09DJN0964Z_09DJN0964Z,JOSE CLEMENTE OROZCO,"1,2,3 POR MI ESCUELA RENOVAR PARA TRANSFORMAR",,ILIFE,ALUMNOS BENEFICIADOS,244,,ALUMNOS,actualizacion_ilife,2026-06-03 23:08:50,,
325,PLATSOBSE_ILIFE_1_2_3_ESCUELAS_MOISES_SAENZ_09DES0004D_09DES0004D,MOISES SAENZ,"1,2,3 POR MI ESCUELA RENOVAR PARA TRANSFORMAR",,ILIFE,ALUMNOS BENEFICIADOS,1079,,ALUMNOS,actualizacion_ilife,2026-06-03 23:03:27,actualizacion_ilife,2026-06-05 1:07:52
1371,PLATSOBSE_DGCOP_MTTO_MERCADOS_SANTA_CECILIA_56,SANTA CECILIA,MANTENIMIENTO A MERCADOS PUBLICOS,,DGCOP,LOCALES BENEFICIADOS,61,,LOCALES,actualizacion_dgcop,2026-06-08 19:23:03,,
1372,PLATSOBSE_DGCOP_MTTO_MERCADOS_SANTA_CECILIA_56,SANTA CECILIA,MANTENIMIENTO A MERCADOS PUBLICOS,,DGCOP,LOCATARIOS BENEFICIADOS,122,,LOCATARIOS,actualizacion_dgcop,2026-06-08 19:23:03,,
1373,PLATSOBSE_DGCOP_MTTO_MERCADOS_SANTA_CECILIA_56,SANTA CECILIA,MANTENIMIENTO A MERCADOS PUBLICOS,,DGCOP,SUPERFICIE DE INTERVENCIÓN,1333,,METROS CUADRADOS,actualizacion_dgcop,2026-06-08 19:23:03,,
1480,PLATSOBSE_DGCOP_CASA_3R_PILARES_Y_DIF_ADOLFO_LOPEZ_MATEOS_5,PILARES Y DIF ADOLFO LOPEZ MATEOS,"SISTEMA PUBLICO DE CUIDADOS ""CASA DE LAS 3RS""",,DGCOP,SUPERFICIE DEL PREDIO,3697,,METROS CUADRADOS,actualizacion_dgcop,2026-06-08 23:07:05,,
1481,PLATSOBSE_DGCOP_CASA_3R_PILARES_Y_DIF_ADOLFO_LOPEZ_MATEOS_5,PILARES Y DIF ADOLFO LOPEZ MATEOS,"SISTEMA PUBLICO DE CUIDADOS ""CASA DE LAS 3RS""",,DGCOP,SUPERFICIE DE INTERVENCIÓN,3129,,METROS CUADRADOS,actualizacion_dgcop,2026-06-08 23:07:05,,
1482,PLATSOBSE_DGCOP_CASA_3R_PILARES_Y_DIF_ADOLFO_LOPEZ_MATEOS_5,PILARES Y DIF ADOLFO LOPEZ MATEOS,"SISTEMA PUBLICO DE CUIDADOS ""CASA DE LAS 3RS""",,DGCOP,SUPERFICIE DE CONSTRUCCIÓN,502,,METROS CUADRADOS,actualizacion_dgcop,2026-06-08 23:07:05,,
1483,PLATSOBSE_DGCOP_CASA_3R_PILARES_Y_DIF_ADOLFO_LOPEZ_MATEOS_5,PILARES Y DIF ADOLFO LOPEZ MATEOS,"SISTEMA PUBLICO DE CUIDADOS ""CASA DE LAS 3RS""",,DGCOP,POBLACION BENEFICIADA (1.5KM),105772,,PERSONAS,actualizacion_dgcop,2026-06-08 23:07:05,actualizacion_dgcop,2026-06-08 23:11:59
1550,PLATSOBSE_DGCOP_PUENTES_PEATONALES_5_DE_FEBRERO_ENTRE_CALLES_MINA_Y_FEDERICO_CAMPOS_7,5 DE FEBRERO ENTRE CALLES MINA Y FEDERICO CAMPOS,REHABILITACION Y CONSTRUCCION DE PUENTES PEATONALES,,DGCOP,LONGITUD,56,,METROS LINEALES,actualizacion_dgcop,2026-06-09 1:18:34,,
1551,PLATSOBSE_DGCOP_PUENTES_PEATONALES_5_DE_FEBRERO_ENTRE_CALLES_MINA_Y_FEDERICO_CAMPOS_7,5 DE FEBRERO ENTRE CALLES MINA Y FEDERICO CAMPOS,REHABILITACION Y CONSTRUCCION DE PUENTES PEATONALES,,DGCOP,SUPERFICIE DE INTERVENCIÓN,136,,METROS CUADRADOS,actualizacion_dgcop,2026-06-09 1:18:34,,
1618,PLATSOBSE_DGCOP_PUENTES_PEATONALES_CALLE_7_Y_ANILLO_PERIFERICO_62,CALLE 7 Y ANILLO PERIFERICO,REHABILITACION Y CONSTRUCCION DE PUENTES PEATONALES,,DGCOP,LONGITUD,111,,METROS LINEALES,actualizacion_dgcop,2026-06-09 16:44:37,,
1619,PLATSOBSE_DGCOP_PUENTES_PEATONALES_CALLE_7_Y_ANILLO_PERIFERICO_62,CALLE 7 Y ANILLO PERIFERICO,REHABILITACION Y CONSTRUCCION DE PUENTES PEATONALES,,DGCOP,SUPERFICIE DE INTERVENCIÓN,156,,METROS CUADRADOS,actualizacion_dgcop,2026-06-09 16:44:37,,
1728,PLATSOBSE_DGCOP_PUENTES_PEATONALES_AV_EJERCITO_NACIONAL_MEXICANO_39,AV. EJERCITO NACIONAL MEXICANO,REHABILITACION Y CONSTRUCCION DE PUENTES PEATONALES,,DGCOP,LONGITUD,58,,METROS LINEALES,actualizacion_dgcop,2026-06-09 19:51:31,,
316,PLATSOBSE_ILIFE_1_2_3_ESCUELAS_CARLOS_A_CARRILLO_09DPR1172N_09DPR1172N,CARLOS A CARRILLO,"1,2,3 POR MI ESCUELA RENOVAR PARA TRANSFORMAR",,ILIFE,ALUMNOS BENEFICIADOS,220,,ALUMNOS,actualizacion_ilife,2026-06-03 22:56:16,,
321,PLATSOBSE_ILIFE_1_2_3_ESCUELAS_IXTAYOPAN_09DJN0955S_09DJN0955S,IXTAYOPAN,"1,2,3 POR MI ESCUELA RENOVAR PARA TRANSFORMAR",,ILIFE,ALUMNOS BENEFICIADOS,208,,ALUMNOS,actualizacion_ilife,2026-06-03 22:58:19,,
323,PLATSOBSE_ILIFE_1_2_3_ESCUELAS_DELEGACION_COYOACAN_09DES0256H_09DES0256H,DELEGACION COYOACAN,"1,2,3 POR MI ESCUELA RENOVAR PARA TRANSFORMAR",,ILIFE,ALUMNOS BENEFICIADOS,538,,ALUMNOS,actualizacion_ilife,2026-06-03 22:59:14,,
334,PLATSOBSE_ILIFE_1_2_3_ESCUELAS_TOHUI_09DJN0911V_09DJN0911V,TOHUI,"1,2,3 POR MI ESCUELA RENOVAR PARA TRANSFORMAR",,ILIFE,ALUMNOS BENEFICIADOS,142,,ALUMNOS,actualizacion_ilife,2026-06-03 23:10:40,,
337,PLATSOBSE_ILIFE_1_2_3_ESCUELAS_ESTADO_DE_ZACATECAS_09DPR1097X_09DPR1097X,ESTADO DE ZACATECAS,"1,2,3 POR MI ESCUELA RENOVAR PARA TRANSFORMAR",,ILIFE,ALUMNOS BENEFICIADOS,154,,ALUMNOS,actualizacion_ilife,2026-06-03 23:11:56,,
339,PLATSOBSE_ILIFE_1_2_3_ESCUELAS_ANTONIO_DE_MENDOZA_09DPR0945B_09DPR0945B,ANTONIO DE MENDOZA,"1,2,3 POR MI ESCUELA RENOVAR PARA TRANSFORMAR",,ILIFE,ALUMNOS BENEFICIADOS,317,,ALUMNOS,actualizacion_ilife,2026-06-03 23:13:17,,
342,PLATSOBSE_ILIFE_1_2_3_ESCUELAS_ESTADO_DE_DURANGO_09DPR2334P_09DPR2334P,ESTADO DE DURANGO,"1,2,3 POR MI ESCUELA RENOVAR PARA TRANSFORMAR",,ILIFE,ALUMNOS BENEFICIADOS,373,,ALUMNOS,actualizacion_ilife,2026-06-03 23:14:12,,
344,PLATSOBSE_ILIFE_1_2_3_ESCUELAS_PROFR_SAMUEL_DELGADO_I_MOYA_09DPR2729Z_09DPR2729Z,PROFR SAMUEL DELGADO I MOYA,"1,2,3 POR MI ESCUELA RENOVAR PARA TRANSFORMAR",,ILIFE,ALUMNOS BENEFICIADOS,298,,ALUMNOS,actualizacion_ilife,2026-06-03 23:15:07,,
348,PLATSOBSE_ILIFE_1_2_3_ESCUELAS_BENEMERITO_DE_LAS_AMERICAS_09DPR1885K_09DPR1885K,BENEMERITO DE LAS AMERICAS,"1,2,3 POR MI ESCUELA RENOVAR PARA TRANSFORMAR",,ILIFE,ALUMNOS BENEFICIADOS,161,,ALUMNOS,actualizacion_ilife,2026-06-03 23:20:29,,
350,PLATSOBSE_ILIFE_1_2_3_ESCUELAS_RICARDO_GOMEZ_09DPR1908E_09DPR1908E,RICARDO GOMEZ,"1,2,3 POR MI ESCUELA RENOVAR PARA TRANSFORMAR",,ILIFE,ALUMNOS BENEFICIADOS,277,,ALUMNOS,actualizacion_ilife,2026-06-03 23:21:54,,
353,PLATSOBSE_ILIFE_1_2_3_ESCUELAS_PROFR_RAMON_DURAND_09DPR0123Y_09DPR0123Y,PROFR RAMON DURAND,"1,2,3 POR MI ESCUELA RENOVAR PARA TRANSFORMAR",,ILIFE,ALUMNOS BENEFICIADOS,362,,ALUMNOS,actualizacion_ilife,2026-06-03 23:22:50,,
427,PLATSOBSE_DGCOP_1_2_3_ESCUELAS_SECUNDARIA_FEDERAL_09DES0339Q_09DES0339Q,ESCUELA SECUNDARIA DIURNA 339 QUIRINO MENDOZA CORTES,"1,2,3 POR MI ESCUELA RENOVAR PARA TRANSFORMAR",,DGCOP,ALUMNOS BENEFICIADOS,500,,ALUMNOS,actualizacion_dgcop,2026-06-05 17:35:45,,
429,PLATSOBSE_DGCOP_1_2_3_ESCUELAS_GRAL_JUAN_DE_LA_LUZ_ENRIQUEZ_09DPR1080X_09DPR1080X,GRAL. JUAN DE LA LUZ ENRIQUEZ,"1,2,3 POR MI ESCUELA RENOVAR PARA TRANSFORMAR",,DGCOP,ALUMNOS BENEFICIADOS,597,,ALUMNOS,actualizacion_dgcop,2026-06-05 17:36:52,,
431,PLATSOBSE_DGCOP_1_2_3_ESCUELAS_PONCIANO_ARRIAGA_09DES0175X_09DES0175X,PONCIANO ARRIAGA,"1,2,3 POR MI ESCUELA RENOVAR PARA TRANSFORMAR",,DGCOP,ALUMNOS BENEFICIADOS,586,,ALUMNOS,actualizacion_dgcop,2026-06-05 17:37:13,,
433,PLATSOBSE_DGCOP_1_2_3_ESCUELAS_CLOTILDE_GONZALEZ_GARCIA_09DJN0790Z_09DJN0790Z,CLOTILDE GONZALEZ GARCIA,"1,2,3 POR MI ESCUELA RENOVAR PARA TRANSFORMAR",,DGCOP,ALUMNOS BENEFICIADOS,164,,ALUMNOS,actualizacion_dgcop,2026-06-05 17:37:34,,
435,PLATSOBSE_DGCOP_1_2_3_ESCUELAS_PROFR_CARLOS_SANDOVAL_SEVILLA_09DPR0049G_09DPR0049G,PROFR. CARLOS SANDOVAL SEVILLA,"1,2,3 POR MI ESCUELA RENOVAR PARA TRANSFORMAR",,DGCOP,ALUMNOS BENEFICIADOS,394,,ALUMNOS,actualizacion_dgcop,2026-06-05 17:40:26,,
437,PLATSOBSE_DGCOP_1_2_3_ESCUELAS_RUDYARD_KIPLING_09DJN0391C_09DJN0391C,RUDYARD KIPLING,"1,2,3 POR MI ESCUELA RENOVAR PARA TRANSFORMAR",,DGCOP,ALUMNOS BENEFICIADOS,110,,ALUMNOS,actualizacion_dgcop,2026-06-05 17:40:53,,
439,PLATSOBSE_DGCOP_1_2_3_ESCUELAS_HERMILO_NOVELO_09DJN0438G_09DJN0438G,HERMILO NOVELO,"1,2,3 POR MI ESCUELA RENOVAR PARA TRANSFORMAR",,DGCOP,ALUMNOS BENEFICIADOS,161,,ALUMNOS,actualizacion_dgcop,2026-06-05 17:41:17,,
441,PLATSOBSE_DGCOP_1_2_3_ESCUELAS_CONCEPCION_GONZALEZ_NARANJO_09DJN0048R_09DJN0048R,CONCEPCION GONZALEZ NARANJO,"1,2,3 POR MI ESCUELA RENOVAR PARA TRANSFORMAR",,DGCOP,ALUMNOS BENEFICIADOS,239,,ALUMNOS,actualizacion_dgcop,2026-06-05 17:41:46,,
443,PLATSOBSE_DGCOP_1_2_3_ESCUELAS_PACTO_FEDERAL_09DJN1080G_09DJN1080G,PACTO FEDERAL,"1,2,3 POR MI ESCUELA RENOVAR PARA TRANSFORMAR",,DGCOP,ALUMNOS BENEFICIADOS,62,,ALUMNOS,actualizacion_dgcop,2026-06-05 17:42:18,,
445,PLATSOBSE_DGCOP_1_2_3_ESCUELAS_SILVESTRE_REVUELTAS_09DES0191O_09DES0191O,SILVESTRE REVUELTAS,"1,2,3 POR MI ESCUELA RENOVAR PARA TRANSFORMAR",,DGCOP,ALUMNOS BENEFICIADOS,569,,ALUMNOS,actualizacion_dgcop,2026-06-05 17:42:43,,
447,PLATSOBSE_DGCOP_1_2_3_ESCUELAS_PILTZIN_CALLI_09DJN0284U_09DJN0284U,PILTZIN CALLI,"1,2,3 POR MI ESCUELA RENOVAR PARA TRANSFORMAR",,DGCOP,ALUMNOS BENEFICIADOS,74,,ALUMNOS,actualizacion_dgcop,2026-06-05 17:43:30,,
449,PLATSOBSE_DGCOP_1_2_3_ESCUELAS_EDUARDO_CLAPAREDE_09DJN0390D_09DJN0390D,EDUARDO CLAPAREDE,"1,2,3 POR MI ESCUELA RENOVAR PARA TRANSFORMAR",,DGCOP,ALUMNOS BENEFICIADOS,89,,ALUMNOS,actualizacion_dgcop,2026-06-05 17:44:02,,
451,PLATSOBSE_DGCOP_1_2_3_ESCUELAS_BELICE_09DPR3219E_09DPR3219E,BELICE,"1,2,3 POR MI ESCUELA RENOVAR PARA TRANSFORMAR",,DGCOP,ALUMNOS BENEFICIADOS,443,,ALUMNOS,actualizacion_dgcop,2026-06-05 17:44:28,,
453,PLATSOBSE_DGCOP_1_2_3_ESCUELAS_LEONA_VICARIO_09DPR3043G_09DPR3043G,LEONA VICARIO,"1,2,3 POR MI ESCUELA RENOVAR PARA TRANSFORMAR",,DGCOP,ALUMNOS BENEFICIADOS,389,,ALUMNOS,actualizacion_dgcop,2026-06-05 17:44:50,,
455,PLATSOBSE_DGCOP_1_2_3_ESCUELAS_CENTRO_DE_ATENCION_MULTIPLE_NO_77_09DML0076M_09DML0076M,CENTRO DE ATENCION MULTIPLE No. 77,"1,2,3 POR MI ESCUELA RENOVAR PARA TRANSFORMAR",,DGCOP,ALUMNOS BENEFICIADOS,76,,ALUMNOS,actualizacion_dgcop,2026-06-05 17:45:13,,
457,PLATSOBSE_DGCOP_1_2_3_ESCUELAS_CENTRO_ESCOLAR_MEXICO_09DPR1732G_09DPR1732G_09DPR1732G,CENTRO ESCOLAR MEXICO 09DPR1732G,"1,2,3 POR MI ESCUELA RENOVAR PARA TRANSFORMAR",,DGCOP,ALUMNOS BENEFICIADOS,158,,ALUMNOS,actualizacion_dgcop,2026-06-05 17:45:44,,
459,PLATSOBSE_DGCOP_1_2_3_ESCUELAS_TONALI_09DJN0399V_09DJN0399V,TONALI,"1,2,3 POR MI ESCUELA RENOVAR PARA TRANSFORMAR",,DGCOP,ALUMNOS BENEFICIADOS,247,,ALUMNOS,actualizacion_dgcop,2026-06-05 17:46:08,,
461,PLATSOBSE_DGCOP_1_2_3_ESCUELAS_JUAN_DE_MATA_RIVERA_09DPR1272M_09DPR1272M,JUAN DE MATA RIVERA,"1,2,3 POR MI ESCUELA RENOVAR PARA TRANSFORMAR",,DGCOP,ALUMNOS BENEFICIADOS,483,,ALUMNOS,actualizacion_dgcop,2026-06-05 17:46:59,,
463,PLATSOBSE_DGCOP_1_2_3_ESCUELAS_REPUBLICA_DE_MADAGASCAR_09DPR2090K_09DPR2090K,REPUBLICA DE MADAGASCAR,"1,2,3 POR MI ESCUELA RENOVAR PARA TRANSFORMAR",,DGCOP,ALUMNOS BENEFICIADOS,475,,ALUMNOS,actualizacion_dgcop,2026-06-05 17:47:27,,
465,PLATSOBSE_DGCOP_1_2_3_ESCUELAS_ESCUELA_SECUNDARIA_TECNICA_65_09DST0065J_09DST0065J,ESCUELA SECUNDARIA TECNICA 65,"1,2,3 POR MI ESCUELA RENOVAR PARA TRANSFORMAR",,DGCOP,ALUMNOS BENEFICIADOS,580,,ALUMNOS,actualizacion_dgcop,2026-06-05 17:47:58,,
467,PLATSOBSE_DGCOP_1_2_3_ESCUELAS_FRANCISCO_GINER_DE_LOS_RIOS_09DPR2454B_09DPR2454B,FRANCISCO GINER DE LOS RIOS,"1,2,3 POR MI ESCUELA RENOVAR PARA TRANSFORMAR",,DGCOP,ALUMNOS BENEFICIADOS,427,,ALUMNOS,actualizacion_dgcop,2026-06-05 17:48:23,,
469,PLATSOBSE_DGCOP_1_2_3_ESCUELAS_CENTRO_DE_ATENCION_MULTIPLE_NO_4_09DML0093C_09DML0093C,CENTRO DE ATENCION MULTIPLE No. 4,"1,2,3 POR MI ESCUELA RENOVAR PARA TRANSFORMAR",,DGCOP,ALUMNOS BENEFICIADOS,156,,ALUMNOS,actualizacion_dgcop,2026-06-05 17:48:47,,
471,PLATSOBSE_DGCOP_1_2_3_ESCUELAS_PROFRA_ROSA_TORRE_GONZALEZ_09DPR2446T_09DPR2446T,PROFRA. ROSA TORRE GONZALEZ,"1,2,3 POR MI ESCUELA RENOVAR PARA TRANSFORMAR",,DGCOP,ALUMNOS BENEFICIADOS,280,,ALUMNOS,actualizacion_dgcop,2026-06-05 17:49:18,,
473,PLATSOBSE_DGCOP_1_2_3_ESCUELAS_NARCISO_BASSOLS_09DPR3102F_09DPR3102F,NARCISO BASSOLS,"1,2,3 POR MI ESCUELA RENOVAR PARA TRANSFORMAR",,DGCOP,ALUMNOS BENEFICIADOS,263,,ALUMNOS,actualizacion_dgcop,2026-06-05 17:49:40,,
475,PLATSOBSE_DGCOP_1_2_3_ESCUELAS_ESCUELA_SECUNDARIA_DIURNA_OCELOTL_09DES0290O_09DES0290O,ESCUELA SECUNDARIA DIURNA OCELOTL,"1,2,3 POR MI ESCUELA RENOVAR PARA TRANSFORMAR",,DGCOP,ALUMNOS BENEFICIADOS,562,,ALUMNOS,actualizacion_dgcop,2026-06-05 17:50:07,,
477,PLATSOBSE_DGCOP_1_2_3_ESCUELAS_LUIS_DE_LA_ROSA_09DPR2486U_09DPR2486U,LUIS DE LA ROSA,"1,2,3 POR MI ESCUELA RENOVAR PARA TRANSFORMAR",,DGCOP,ALUMNOS BENEFICIADOS,232,,ALUMNOS,actualizacion_dgcop,2026-06-05 17:50:58,,
479,PLATSOBSE_DGCOP_1_2_3_ESCUELAS_IDA_APPENDINI_DAGASSO_09DES0066Q_09DES0066Q,IDA APPENDINI DAGASSO,"1,2,3 POR MI ESCUELA RENOVAR PARA TRANSFORMAR",,DGCOP,ALUMNOS BENEFICIADOS,596,,ALUMNOS,actualizacion_dgcop,2026-06-05 18:02:28,,
481,PLATSOBSE_DGCOP_1_2_3_ESCUELAS_ROBERTO_LARA_Y_LOPEZ_09DPR1029Z_09DPR1029Z,ROBERTO LARA Y LOPEZ,"1,2,3 POR MI ESCUELA RENOVAR PARA TRANSFORMAR",,DGCOP,ALUMNOS BENEFICIADOS,153,,ALUMNOS,actualizacion_dgcop,2026-06-05 18:02:59,,
483,PLATSOBSE_DGCOP_1_2_3_ESCUELAS_CARLOS_MARX_09DPR1621B_09DPR1621B,CARLOS MARX,"1,2,3 POR MI ESCUELA RENOVAR PARA TRANSFORMAR",,DGCOP,ALUMNOS BENEFICIADOS,554,,ALUMNOS,actualizacion_dgcop,2026-06-05 18:03:31,,
485,PLATSOBSE_DGCOP_1_2_3_ESCUELAS_COMODORO_MANUEL_AZUETA_PERILLOS_09DPR1680R_09DPR1680R,COMODORO MANUEL AZUETA PERILLOS,"1,2,3 POR MI ESCUELA RENOVAR PARA TRANSFORMAR",,DGCOP,ALUMNOS BENEFICIADOS,428,,ALUMNOS,actualizacion_dgcop,2026-06-05 18:04:00,,
487,PLATSOBSE_DGCOP_1_2_3_ESCUELAS_ITZCALLI_09DJN0400U_09DJN0400U,ITZCALLI,"1,2,3 POR MI ESCUELA RENOVAR PARA TRANSFORMAR",,DGCOP,ALUMNOS BENEFICIADOS,111,,ALUMNOS,actualizacion_dgcop,2026-06-05 18:05:07,,
489,PLATSOBSE_DGCOP_1_2_3_ESCUELAS_KANTUNIL_09DJN0139I_09DJN0139I,KANTUNIL,"1,2,3 POR MI ESCUELA RENOVAR PARA TRANSFORMAR",,DGCOP,ALUMNOS BENEFICIADOS,212,,ALUMNOS,actualizacion_dgcop,2026-06-05 18:05:33,,
491,PLATSOBSE_DGCOP_1_2_3_ESCUELAS_ESCUELA_SECUNDARIA_TECNICA_56_09DST0056B_09DST0056B,ESCUELA SECUNDARIA TECNICA 56,"1,2,3 POR MI ESCUELA RENOVAR PARA TRANSFORMAR",,DGCOP,ALUMNOS BENEFICIADOS,731,,ALUMNOS,actualizacion_dgcop,2026-06-05 18:08:02,,
493,PLATSOBSE_DGCOP_1_2_3_ESCUELAS_ATENEO_DE_LA_JUVENTUD_09DPR5157W_09DPR5157W,ATENEO DE LA JUVENTUD,"1,2,3 POR MI ESCUELA RENOVAR PARA TRANSFORMAR",,DGCOP,ALUMNOS BENEFICIADOS,661,,ALUMNOS,actualizacion_dgcop,2026-06-05 18:09:07,,
495,PLATSOBSE_DGCOP_1_2_3_ESCUELAS_MARGARITA_MAZA_DE_JUAREZ_09DES0099H_09DES0099H,MARGARITA MAZA DE JUAREZ,"1,2,3 POR MI ESCUELA RENOVAR PARA TRANSFORMAR",,DGCOP,ALUMNOS BENEFICIADOS,570,,ALUMNOS,actualizacion_dgcop,2026-06-05 18:09:34,,
497,PLATSOBSE_DGCOP_1_2_3_ESCUELAS_LEYES_DE_REFORMA_DEL_57_09DPR2012G_09DPR2012G,LEYES DE REFORMA DEL 57,"1,2,3 POR MI ESCUELA RENOVAR PARA TRANSFORMAR",,DGCOP,ALUMNOS BENEFICIADOS,941,,ALUMNOS,actualizacion_dgcop,2026-06-05 18:10:10,,
499,PLATSOBSE_DGCOP_1_2_3_ESCUELAS_PROFR_SALVADOR_VARELA_RESENDIZ_09DPR2594B_09DPR2594B,PROFR. SALVADOR VARELA RESENDIZ,"1,2,3 POR MI ESCUELA RENOVAR PARA TRANSFORMAR",,DGCOP,ALUMNOS BENEFICIADOS,222,,ALUMNOS,actualizacion_dgcop,2026-06-05 18:10:36,,
501,PLATSOBSE_DGCOP_1_2_3_ESCUELAS_TAVICHE_09DJN0501S_09DJN0501S,TAVICHE,"1,2,3 POR MI ESCUELA RENOVAR PARA TRANSFORMAR",,DGCOP,ALUMNOS BENEFICIADOS,236,,ALUMNOS,actualizacion_dgcop,2026-06-05 18:11:02,,
503,PLATSOBSE_DGCOP_1_2_3_ESCUELAS_WENCESLAO_VICTORIA_SOTO_09DES0340F_09DES0340F,WENCESLAO VICTORIA SOTO,"1,2,3 POR MI ESCUELA RENOVAR PARA TRANSFORMAR",,DGCOP,ALUMNOS BENEFICIADOS,273,,ALUMNOS,actualizacion_dgcop,2026-06-05 18:11:36,,
505,PLATSOBSE_DGCOP_1_2_3_ESCUELAS_PLAN_DE_AYUTLA_09DPR1044S_09DPR1044S,PLAN DE AYUTLA,"1,2,3 POR MI ESCUELA RENOVAR PARA TRANSFORMAR",,DGCOP,ALUMNOS BENEFICIADOS,274,,ALUMNOS,actualizacion_dgcop,2026-06-05 18:12:01,,
507,PLATSOBSE_DGCOP_1_2_3_ESCUELAS_AMALIA_GONZALEZ_CABALLERO_09DPR3273Z_09DPR3273Z,AMALIA GONZALEZ CABALLERO,"1,2,3 POR MI ESCUELA RENOVAR PARA TRANSFORMAR",,DGCOP,ALUMNOS BENEFICIADOS,450,,ALUMNOS,actualizacion_dgcop,2026-06-05 18:12:27,,
509,PLATSOBSE_DGCOP_1_2_3_ESCUELAS_REPUBLICA_MEXICANA_09DES0103D_09DES0103D,REPUBLICA MEXICANA,"1,2,3 POR MI ESCUELA RENOVAR PARA TRANSFORMAR",,DGCOP,ALUMNOS BENEFICIADOS,171,,ALUMNOS,actualizacion_dgcop,2026-06-05 18:13:43,,
511,PLATSOBSE_DGCOP_1_2_3_ESCUELAS_LUIS_BRAILLE_09DJN0392B_09DJN0392B,LUIS BRAILLE,"1,2,3 POR MI ESCUELA RENOVAR PARA TRANSFORMAR",,DGCOP,ALUMNOS BENEFICIADOS,76,,ALUMNOS,actualizacion_dgcop,2026-06-05 18:15:20,,
513,PLATSOBSE_DGCOP_1_2_3_ESCUELAS_PROFR_TADEO_DE_LA_GARZA_GUTIERREZ_09DJN0010E_09DJN0010E,PROFR. TADEO DE LA GARZA GUTIERREZ,"1,2,3 POR MI ESCUELA RENOVAR PARA TRANSFORMAR",,DGCOP,ALUMNOS BENEFICIADOS,120,,ALUMNOS,actualizacion_dgcop,2026-06-05 18:15:44,,
515,PLATSOBSE_DGCOP_1_2_3_ESCUELAS_JUAN_RAMON_JIMENEZ_09DJN0346Q_09DJN0346Q,JUAN RAMON JIMENEZ,"1,2,3 POR MI ESCUELA RENOVAR PARA TRANSFORMAR",,DGCOP,ALUMNOS BENEFICIADOS,126,,ALUMNOS,actualizacion_dgcop,2026-06-05 18:17:06,,
517,PLATSOBSE_DGCOP_1_2_3_ESCUELAS_PROFRA_ELMIRA_ROCHA_GARCIA_09DPR2495B_09DPR2495B,PROFRA. ELMIRA ROCHA GARCIA,"1,2,3 POR MI ESCUELA RENOVAR PARA TRANSFORMAR",,DGCOP,ALUMNOS BENEFICIADOS,406,,ALUMNOS,actualizacion_dgcop,2026-06-05 18:17:31,,
523,PLATSOBSE_DGCOP_1_2_3_ESCUELAS_SIRIA_09DPR2200Z_09DPR2200Z,SIRIA,"1,2,3 POR MI ESCUELA RENOVAR PARA TRANSFORMAR",,DGCOP,ALUMNOS BENEFICIADOS,397,,ALUMNOS,actualizacion_dgcop,2026-06-05 18:19:10,,
1375,PLATSOBSE_DGCOP_MTTO_MERCADOS_AZCAPOTZALCO_INBA_10,AZCAPOTZALCO INBA,MANTENIMIENTO A MERCADOS PUBLICOS,,DGCOP,LOCALES BENEFICIADOS,135,,LOCALES,actualizacion_dgcop,2026-06-08 19:24:24,,
1376,PLATSOBSE_DGCOP_MTTO_MERCADOS_AZCAPOTZALCO_INBA_10,AZCAPOTZALCO INBA,MANTENIMIENTO A MERCADOS PUBLICOS,,DGCOP,LOCATARIOS BENEFICIADOS,270,,LOCATARIOS,actualizacion_dgcop,2026-06-08 19:24:24,,
1377,PLATSOBSE_DGCOP_MTTO_MERCADOS_AZCAPOTZALCO_INBA_10,AZCAPOTZALCO INBA,MANTENIMIENTO A MERCADOS PUBLICOS,,DGCOP,SUPERFICIE DE INTERVENCIÓN,2848,,METROS CUADRADOS,actualizacion_dgcop,2026-06-08 19:24:24,,
1379,PLATSOBSE_DGCOP_MTTO_MERCADOS_AMPLIACION_SAN_MARCOS_74,AMPLIACION SAN MARCOS,MANTENIMIENTO A MERCADOS PUBLICOS,,DGCOP,LOCALES BENEFICIADOS,91,,LOCALES,actualizacion_dgcop,2026-06-08 19:24:33,,
1380,PLATSOBSE_DGCOP_MTTO_MERCADOS_AMPLIACION_SAN_MARCOS_74,AMPLIACION SAN MARCOS,MANTENIMIENTO A MERCADOS PUBLICOS,,DGCOP,LOCATARIOS BENEFICIADOS,182,,LOCATARIOS,actualizacion_dgcop,2026-06-08 19:24:33,,
1381,PLATSOBSE_DGCOP_MTTO_MERCADOS_AMPLIACION_SAN_MARCOS_74,AMPLIACION SAN MARCOS,MANTENIMIENTO A MERCADOS PUBLICOS,,DGCOP,SUPERFICIE DE INTERVENCIÓN,1563,,METROS CUADRADOS,actualizacion_dgcop,2026-06-08 19:24:33,,
1486,PLATSOBSE_DGCOP_CASA_3R_MARGARITA_MAZA_DE_JUAREZ_4,MARGARITA MAZA DE JUAREZ,"SISTEMA PUBLICO DE CUIDADOS ""CASA DE LAS 3RS""",,DGCOP,SUPERFICIE DEL PREDIO,4000,,METROS CUADRADOS,actualizacion_dgcop,2026-06-08 23:14:55,,
1488,PLATSOBSE_DGCOP_CASA_3R_MARGARITA_MAZA_DE_JUAREZ_4,MARGARITA MAZA DE JUAREZ,"SISTEMA PUBLICO DE CUIDADOS ""CASA DE LAS 3RS""",,DGCOP,SUPERFICIE DE CONSTRUCCIÓN,465,,METROS CUADRADOS,actualizacion_dgcop,2026-06-08 23:14:55,,
1489,PLATSOBSE_DGCOP_CASA_3R_MARGARITA_MAZA_DE_JUAREZ_4,MARGARITA MAZA DE JUAREZ,"SISTEMA PUBLICO DE CUIDADOS ""CASA DE LAS 3RS""",,DGCOP,POBLACION BENEFICIADA (1.5KM),128634,,PERSONAS,actualizacion_dgcop,2026-06-08 23:14:55,,
1487,PLATSOBSE_DGCOP_CASA_3R_MARGARITA_MAZA_DE_JUAREZ_4,MARGARITA MAZA DE JUAREZ,"SISTEMA PUBLICO DE CUIDADOS ""CASA DE LAS 3RS""",,DGCOP,SUPERFICIE DE INTERVENCIÓN,1503,,METROS CUADRADOS,actualizacion_dgcop,2026-06-08 23:14:55,actualizacion_dgcop,2026-06-09 0:22:51
1553,PLATSOBSE_DGCOP_PUENTES_PEATONALES_NORTE_50_CTO_INTERIOR_1896_4,NORTE 50 / CTO. INTERIOR 1896,REHABILITACION Y CONSTRUCCION DE PUENTES PEATONALES,,DGCOP,LONGITUD,79,,METROS LINEALES,actualizacion_dgcop,2026-06-09 1:20:37,,
1554,PLATSOBSE_DGCOP_PUENTES_PEATONALES_NORTE_50_CTO_INTERIOR_1896_4,NORTE 50 / CTO. INTERIOR 1896,REHABILITACION Y CONSTRUCCION DE PUENTES PEATONALES,,DGCOP,SUPERFICIE DE INTERVENCIÓN,129,,METROS CUADRADOS,actualizacion_dgcop,2026-06-09 1:20:37,,
1622,PLATSOBSE_DGCOP_PUENTES_VEHICULARES_AUTOPISTA_MEXICO_MARQUESA_SANTA_FE_81,AUTOPISTA MEXICO MARQUESA (SANTA FE),REHABILITACION Y CONSTRUCCION DE PUENTES VEHICULARES,,DGCOP,SUPERFICIE DE INTERVENCIÓN,1773,,METROS CUADRADOS,actualizacion_dgcop,2026-06-09 16:45:37,,
1669,PLATSOBSE_DGCOP_PUENTES_VEHICULARES_VDTO_PRESIDENTE_MIGUEL_ALEMAN_AL_CRUCE_CON_CALLE_KENTUKY_34,VDTO. PRESIDENTE MIGUEL ALEMAN AL CRUCE CON CALLE KENTUKY,REHABILITACION Y CONSTRUCCION DE PUENTES VEHICULARES,,DGCOP,LONGITUD,137,,METROS LINEALES,actualizacion_dgcop,2026-06-09 18:41:30,,
1670,PLATSOBSE_DGCOP_PUENTES_VEHICULARES_VDTO_PRESIDENTE_MIGUEL_ALEMAN_AL_CRUCE_CON_CALLE_KENTUKY_34,VDTO. PRESIDENTE MIGUEL ALEMAN AL CRUCE CON CALLE KENTUKY,REHABILITACION Y CONSTRUCCION DE PUENTES VEHICULARES,,DGCOP,SUPERFICIE DE INTERVENCIÓN,898,,METROS CUADRADOS,actualizacion_dgcop,2026-06-09 18:41:30,,
1704,PLATSOBSE_DGCOP_PUENTES_PEATONALES_AV_602_FRENTE_ADUANA_DEL_AICM_22,AV. 602 FRENTE ADUANA DEL AICM,REHABILITACION Y CONSTRUCCION DE PUENTES PEATONALES,,DGCOP,LONGITUD,61,,METROS LINEALES,actualizacion_dgcop,2026-06-09 19:20:01,,
1705,PLATSOBSE_DGCOP_PUENTES_PEATONALES_AV_602_FRENTE_ADUANA_DEL_AICM_22,AV. 602 FRENTE ADUANA DEL AICM,REHABILITACION Y CONSTRUCCION DE PUENTES PEATONALES,,DGCOP,SUPERFICIE DE INTERVENCIÓN,127,,METROS CUADRADOS,actualizacion_dgcop,2026-06-09 19:20:01,,
1729,PLATSOBSE_DGCOP_PUENTES_PEATONALES_AV_EJERCITO_NACIONAL_MEXICANO_39,AV. EJERCITO NACIONAL MEXICANO,REHABILITACION Y CONSTRUCCION DE PUENTES PEATONALES,,DGCOP,SUPERFICIE DE INTERVENCIÓN,163,,METROS CUADRADOS,actualizacion_dgcop,2026-06-09 19:51:31,,
1735,PLATSOBSE_DGCOP_PUENTES_PEATONALES_NUEVA_CARRETERA_A_OAXTEPEC_40,NUEVA CARRETERA A OAXTEPEC,REHABILITACION Y CONSTRUCCION DE PUENTES PEATONALES,,DGCOP,SUPERFICIE DE INTERVENCIÓN,79,,METROS CUADRADOS,actualizacion_dgcop,2026-06-09 19:57:18,,
519,PLATSOBSE_DGCOP_1_2_3_ESCUELAS_LIC_JOSE_VASCONCELOS_09DJN0168D_09DJN0168D,LIC. JOSE VASCONCELOS,"1,2,3 POR MI ESCUELA RENOVAR PARA TRANSFORMAR",,DGCOP,ALUMNOS BENEFICIADOS,184,,ALUMNOS,actualizacion_dgcop,2026-06-05 18:18:16,,
521,PLATSOBSE_DGCOP_1_2_3_ESCUELAS_LORENZA_ROSALES_09DPR2377N_09DPR2377N,LORENZA ROSALES,"1,2,3 POR MI ESCUELA RENOVAR PARA TRANSFORMAR",,DGCOP,ALUMNOS BENEFICIADOS,158,,ALUMNOS,actualizacion_dgcop,2026-06-05 18:18:41,,
525,PLATSOBSE_DGCOP_1_2_3_ESCUELAS_MANUEL_GUTIERREZ_NAJERA_09DPR1360G_09DPR1360G,MANUEL GUTIERREZ NAJERA,"1,2,3 POR MI ESCUELA RENOVAR PARA TRANSFORMAR",,DGCOP,ALUMNOS BENEFICIADOS,299,,ALUMNOS,actualizacion_dgcop,2026-06-05 18:19:54,,
527,PLATSOBSE_DGCOP_1_2_3_ESCUELAS_CAPITAN_IGNACIO_JOSE_DE_ALLENDE_09DJN0155Z_09DJN0155Z,CAPITAN IGNACIO JOSE DE ALLENDE,"1,2,3 POR MI ESCUELA RENOVAR PARA TRANSFORMAR",,DGCOP,ALUMNOS BENEFICIADOS,252,,ALUMNOS,actualizacion_dgcop,2026-06-05 18:20:21,,
529,PLATSOBSE_DGCOP_1_2_3_ESCUELAS_AMERICAS_UNIDAS_09DPR0954J_09DPR0954J,AMERICAS UNIDAS,"1,2,3 POR MI ESCUELA RENOVAR PARA TRANSFORMAR",,DGCOP,ALUMNOS BENEFICIADOS,169,,ALUMNOS,actualizacion_dgcop,2026-06-05 18:20:47,,
531,PLATSOBSE_DGCOP_1_2_3_ESCUELAS_DEFENSORES_DE_LA_REPUBLICA_09DPR1574H_09DPR1574H,DEFENSORES DE LA REPUBLICA,"1,2,3 POR MI ESCUELA RENOVAR PARA TRANSFORMAR",,DGCOP,ALUMNOS BENEFICIADOS,198,,ALUMNOS,actualizacion_dgcop,2026-06-05 18:21:10,,
533,PLATSOBSE_DGCOP_1_2_3_ESCUELAS_TOPILLI_09DJN0639D_09DJN0639D,TOPILLI,"1,2,3 POR MI ESCUELA RENOVAR PARA TRANSFORMAR",,DGCOP,ALUMNOS BENEFICIADOS,353,,ALUMNOS,actualizacion_dgcop,2026-06-05 18:21:35,,
535,PLATSOBSE_DGCOP_1_2_3_ESCUELAS_TLAZOCIHUALPILLI_09DJN0241W_09DJN0241W,TLAZOCIHUALPILLI,"1,2,3 POR MI ESCUELA RENOVAR PARA TRANSFORMAR",,DGCOP,ALUMNOS BENEFICIADOS,24,,ALUMNOS,actualizacion_dgcop,2026-06-05 18:24:51,,
537,PLATSOBSE_DGCOP_1_2_3_ESCUELAS_ESTADO_DE_QUINTANA_ROO_09DES0151N_09DES0151N,ESTADO DE QUINTANA ROO,"1,2,3 POR MI ESCUELA RENOVAR PARA TRANSFORMAR",,DGCOP,ALUMNOS BENEFICIADOS,732,,ALUMNOS,actualizacion_dgcop,2026-06-05 18:25:25,,
539,PLATSOBSE_DGCOP_1_2_3_ESCUELAS_COCONENCALLI_09DPR2276P_09DPR2276P,COCONENCALLI,"1,2,3 POR MI ESCUELA RENOVAR PARA TRANSFORMAR",,DGCOP,ALUMNOS BENEFICIADOS,502,,ALUMNOS,actualizacion_dgcop,2026-06-05 18:31:02,,
541,PLATSOBSE_DGCOP_1_2_3_ESCUELAS_DAVID_G_BERLANGA_09DPR1726W_09DPR1726W,DAVID G. BERLANGA,"1,2,3 POR MI ESCUELA RENOVAR PARA TRANSFORMAR",,DGCOP,ALUMNOS BENEFICIADOS,376,,ALUMNOS,actualizacion_dgcop,2026-06-05 18:31:26,,
543,PLATSOBSE_DGCOP_1_2_3_ESCUELAS_JUAN_CRISOSTOMO_BONILLA_09DPR1069A_09DPR1069A,JUAN CRISOSTOMO BONILLA,"1,2,3 POR MI ESCUELA RENOVAR PARA TRANSFORMAR",,DGCOP,ALUMNOS BENEFICIADOS,227,,ALUMNOS,actualizacion_dgcop,2026-06-05 18:32:01,,
545,PLATSOBSE_DGCOP_1_2_3_ESCUELAS_ESCUELA_SECUNDARIA_TECNICA_7_09DST0007T_09DST0007T,ESCUELA SECUNDARIA TECNICA 7,"1,2,3 POR MI ESCUELA RENOVAR PARA TRANSFORMAR",,DGCOP,ALUMNOS BENEFICIADOS,203,,ALUMNOS,actualizacion_dgcop,2026-06-05 18:32:39,,
547,PLATSOBSE_DGCOP_1_2_3_ESCUELAS_ITZEL_LUCERO_09DJN1036T_09DJN1036T,ITZEL LUCERO,"1,2,3 POR MI ESCUELA RENOVAR PARA TRANSFORMAR",,DGCOP,ALUMNOS BENEFICIADOS,179,,ALUMNOS,actualizacion_dgcop,2026-06-05 18:33:01,,
549,PLATSOBSE_DGCOP_1_2_3_ESCUELAS_MTRO_SALVADOR_M_LIMA_09DPR2327F_09DPR2327F,MTRO. SALVADOR M. LIMA,"1,2,3 POR MI ESCUELA RENOVAR PARA TRANSFORMAR",,DGCOP,ALUMNOS BENEFICIADOS,145,,ALUMNOS,actualizacion_dgcop,2026-06-05 18:33:30,,
551,PLATSOBSE_DGCOP_1_2_3_ESCUELAS_FRANCISCO_SOSA_09DPR4191W_09DPR4191W,FRANCISCO SOSA,"1,2,3 POR MI ESCUELA RENOVAR PARA TRANSFORMAR",,DGCOP,ALUMNOS BENEFICIADOS,399,,ALUMNOS,actualizacion_dgcop,2026-06-05 18:34:00,,
1383,PLATSOBSE_DGCOP_MTTO_MERCADOS_CUAUTEPEC_36,CUAUTEPEC,MANTENIMIENTO A MERCADOS PUBLICOS,,DGCOP,LOCALES BENEFICIADOS,74,,LOCALES,actualizacion_dgcop,2026-06-08 19:25:41,,
1384,PLATSOBSE_DGCOP_MTTO_MERCADOS_CUAUTEPEC_36,CUAUTEPEC,MANTENIMIENTO A MERCADOS PUBLICOS,,DGCOP,LOCATARIOS BENEFICIADOS,148,,LOCATARIOS,actualizacion_dgcop,2026-06-08 19:25:41,,
1385,PLATSOBSE_DGCOP_MTTO_MERCADOS_CUAUTEPEC_36,CUAUTEPEC,MANTENIMIENTO A MERCADOS PUBLICOS,,DGCOP,SUPERFICIE DE INTERVENCIÓN,5097,,METROS CUADRADOS,actualizacion_dgcop,2026-06-08 19:25:41,,
1387,PLATSOBSE_DGCOP_MTTO_MERCADOS_LAZARO_CARDENAS_62,LAZARO CARDENAS,MANTENIMIENTO A MERCADOS PUBLICOS,,DGCOP,LOCALES BENEFICIADOS,72,,LOCALES,actualizacion_dgcop,2026-06-08 19:26:05,,
1388,PLATSOBSE_DGCOP_MTTO_MERCADOS_LAZARO_CARDENAS_62,LAZARO CARDENAS,MANTENIMIENTO A MERCADOS PUBLICOS,,DGCOP,LOCATARIOS BENEFICIADOS,144,,LOCATARIOS,actualizacion_dgcop,2026-06-08 19:26:05,,
1389,PLATSOBSE_DGCOP_MTTO_MERCADOS_LAZARO_CARDENAS_62,LAZARO CARDENAS,MANTENIMIENTO A MERCADOS PUBLICOS,,DGCOP,SUPERFICIE DE INTERVENCIÓN,2063,,METROS CUADRADOS,actualizacion_dgcop,2026-06-08 19:26:05,,
1391,PLATSOBSE_DGCOP_MTTO_MERCADOS_JOSE_LOPEZ_PORTILLO_41,JOSE LOPEZ PORTILLO,MANTENIMIENTO A MERCADOS PUBLICOS,,DGCOP,LOCALES BENEFICIADOS,91,,LOCALES,actualizacion_dgcop,2026-06-08 19:26:21,,
1392,PLATSOBSE_DGCOP_MTTO_MERCADOS_JOSE_LOPEZ_PORTILLO_41,JOSE LOPEZ PORTILLO,MANTENIMIENTO A MERCADOS PUBLICOS,,DGCOP,LOCATARIOS BENEFICIADOS,182,,LOCATARIOS,actualizacion_dgcop,2026-06-08 19:26:21,,
1393,PLATSOBSE_DGCOP_MTTO_MERCADOS_JOSE_LOPEZ_PORTILLO_41,JOSE LOPEZ PORTILLO,MANTENIMIENTO A MERCADOS PUBLICOS,,DGCOP,SUPERFICIE DE INTERVENCIÓN,2154,,METROS CUADRADOS,actualizacion_dgcop,2026-06-08 19:26:21,,
1491,PLATSOBSE_DGCOP_CASA_3R_PILARES_BENITA_GALEANA_1,PILARES BENITA GALEANA,"SISTEMA PUBLICO DE CUIDADOS ""CASA DE LAS 3RS""",,DGCOP,SUPERFICIE DEL PREDIO,6962,,METROS CUADRADOS,actualizacion_dgcop,2026-06-08 23:17:56,,
1492,PLATSOBSE_DGCOP_CASA_3R_PILARES_BENITA_GALEANA_1,PILARES BENITA GALEANA,"SISTEMA PUBLICO DE CUIDADOS ""CASA DE LAS 3RS""",,DGCOP,SUPERFICIE DE INTERVENCIÓN,1479,,METROS CUADRADOS,actualizacion_dgcop,2026-06-08 23:17:56,,
1493,PLATSOBSE_DGCOP_CASA_3R_PILARES_BENITA_GALEANA_1,PILARES BENITA GALEANA,"SISTEMA PUBLICO DE CUIDADOS ""CASA DE LAS 3RS""",,DGCOP,SUPERFICIE DE CONSTRUCCIÓN,1479,,METROS CUADRADOS,actualizacion_dgcop,2026-06-08 23:17:56,,
1494,PLATSOBSE_DGCOP_CASA_3R_PILARES_BENITA_GALEANA_1,PILARES BENITA GALEANA,"SISTEMA PUBLICO DE CUIDADOS ""CASA DE LAS 3RS""",,DGCOP,POBLACION BENEFICIADA (1.5KM),128064,,PERSONAS,actualizacion_dgcop,2026-06-08 23:17:56,,
1556,PLATSOBSE_DGCOP_PUENTES_PEATONALES_AV_AQUILES_SERDAN_ESQUINA_CALLE_PRIMAVERA_6,AV. AQUILES SERDAN ESQUINA CALLE PRIMAVERA,REHABILITACION Y CONSTRUCCION DE PUENTES PEATONALES,,DGCOP,LONGITUD,67,,METROS LINEALES,actualizacion_dgcop,2026-06-09 1:23:43,,
1557,PLATSOBSE_DGCOP_PUENTES_PEATONALES_AV_AQUILES_SERDAN_ESQUINA_CALLE_PRIMAVERA_6,AV. AQUILES SERDAN ESQUINA CALLE PRIMAVERA,REHABILITACION Y CONSTRUCCION DE PUENTES PEATONALES,,DGCOP,SUPERFICIE DE INTERVENCIÓN,135,,METROS CUADRADOS,actualizacion_dgcop,2026-06-09 1:23:43,,
1624,PLATSOBSE_DGCOP_REHABILITACION_CONSTRUCCION_AV_TLAHUAC_CANAL,AV. TLAHUAC - CANAL DE GARAY,REHABILITACION Y CONSTRUCCION DE PUENTES VEHICULARES,,DGCOP,LONGITUD,543,,METROS LINEALES,actualizacion_dgcop,2026-06-09 16:49:02,,
1625,PLATSOBSE_DGCOP_REHABILITACION_CONSTRUCCION_AV_TLAHUAC_CANAL,AV. TLAHUAC - CANAL DE GARAY,REHABILITACION Y CONSTRUCCION DE PUENTES VEHICULARES,,DGCOP,SUPERFICIE DE INTERVENCIÓN,6983,,METROS CUADRADOS,actualizacion_dgcop,2026-06-09 16:49:02,,
1672,PLATSOBSE_DGCOP_PUENTES_VEHICULARES_TOPILEJO_37,TOPILEJO,REHABILITACION Y CONSTRUCCION DE PUENTES VEHICULARES,,DGCOP,LONGITUD,20,,METROS LINEALES,actualizacion_dgcop,2026-06-09 18:52:31,,
1673,PLATSOBSE_DGCOP_PUENTES_VEHICULARES_TOPILEJO_37,TOPILEJO,REHABILITACION Y CONSTRUCCION DE PUENTES VEHICULARES,,DGCOP,SUPERFICIE DE INTERVENCIÓN,284,,METROS CUADRADOS,actualizacion_dgcop,2026-06-09 18:52:31,,
1675,PLATSOBSE_DGCOP_PUENTES_PEATONALES_CALZ_VALLEJO_ESQ_MONTE_ALTO_20,CALZ. VALLEJO - ESQ. MONTE ALTO,REHABILITACION Y CONSTRUCCION DE PUENTES PEATONALES,,DGCOP,LONGITUD,61,,METROS LINEALES,actualizacion_dgcop,2026-06-09 18:57:32,,
1676,PLATSOBSE_DGCOP_PUENTES_PEATONALES_CALZ_VALLEJO_ESQ_MONTE_ALTO_20,CALZ. VALLEJO - ESQ. MONTE ALTO,REHABILITACION Y CONSTRUCCION DE PUENTES PEATONALES,,DGCOP,SUPERFICIE DE INTERVENCIÓN,120,,METROS CUADRADOS,actualizacion_dgcop,2026-06-09 18:57:32,,
1594,PLATSOBSE_DGCOP_PUENTES_VEHICULARES_ANILLO_PERIFERICO_TRIANGULO_DE_LAS_AJUGAS_2_PV231_64,ANILLO PERIFERICO TRIANGULO DE LAS AJUGAS 2 PV231,REHABILITACION Y CONSTRUCCION DE PUENTES VEHICULARES,,DGCOP,LONGITUD,612,,METROS LINEALES,actualizacion_dgcop,2026-06-09 16:30:39,actualizacion_dgcop,2026-06-09 18:59:28
1686,PLATSOBSE_DGCOP_PUENTES_PEATONALES_METRO_AQUILES_SERDAN_17,METRO AQUILES SERDAN,REHABILITACION Y CONSTRUCCION DE PUENTES PEATONALES,,DGCOP,LONGITUD,60,,METROS LINEALES,actualizacion_dgcop,2026-06-09 19:01:45,,
553,PLATSOBSE_DGCOP_1_2_3_ESCUELAS_ESCUELA_SECUNDARIA_TECNICA_42_09DST0042Z_09DST0042Z,ESCUELA SECUNDARIA TECNICA 42,"1,2,3 POR MI ESCUELA RENOVAR PARA TRANSFORMAR",,DGCOP,ALUMNOS BENEFICIADOS,262,,ALUMNOS,actualizacion_dgcop,2026-06-05 18:34:20,,
555,PLATSOBSE_DGCOP_1_2_3_ESCUELAS_HERMENEGILDO_GALEANA_09DPR1085S_09DPR1085S,HERMENEGILDO GALEANA,"1,2,3 POR MI ESCUELA RENOVAR PARA TRANSFORMAR",,DGCOP,ALUMNOS BENEFICIADOS,131,,ALUMNOS,actualizacion_dgcop,2026-06-05 18:34:43,,
557,PLATSOBSE_DGCOP_1_2_3_ESCUELAS_GRAL_CESAREO_CASTRO_09DJN0706L_09DJN0706L,GRAL. CESAREO CASTRO,"1,2,3 POR MI ESCUELA RENOVAR PARA TRANSFORMAR",,DGCOP,ALUMNOS BENEFICIADOS,155,,ALUMNOS,actualizacion_dgcop,2026-06-05 18:35:06,,
559,PLATSOBSE_DGCOP_1_2_3_ESCUELAS_ACAMAPICHTLI_09DPR2286W_09DPR2286W,ACAMAPICHTLI,"1,2,3 POR MI ESCUELA RENOVAR PARA TRANSFORMAR",,DGCOP,ALUMNOS BENEFICIADOS,441,,ALUMNOS,actualizacion_dgcop,2026-06-05 18:35:35,,
561,PLATSOBSE_DGCOP_1_2_3_ESCUELAS_PROFR_VICTOR_MANUEL_MANZANO_DELGADO_09DPR2676L_09DPR2676L,PROFR. VICTOR MANUEL MANZANO DELGADO,"1,2,3 POR MI ESCUELA RENOVAR PARA TRANSFORMAR",,DGCOP,ALUMNOS BENEFICIADOS,668,,ALUMNOS,actualizacion_dgcop,2026-06-05 18:36:02,,
563,PLATSOBSE_DGCOP_1_2_3_ESCUELAS_CENTRO_ESCOLAR_MEXICO_09DPR1733F_09DPR1733F_09DPR1733F,CENTRO ESCOLAR MEXICO 09DPR1733F,"1,2,3 POR MI ESCUELA RENOVAR PARA TRANSFORMAR",,DGCOP,ALUMNOS BENEFICIADOS,269,,ALUMNOS,actualizacion_dgcop,2026-06-05 18:36:23,,
565,PLATSOBSE_DGCOP_1_2_3_ESCUELAS_YURI_A_GAGARIN_09DES0173Z_09DES0173Z,"YURI A, GAGARIN","1,2,3 POR MI ESCUELA RENOVAR PARA TRANSFORMAR",,DGCOP,ALUMNOS BENEFICIADOS,673,,ALUMNOS,actualizacion_dgcop,2026-06-05 18:36:48,,
567,PLATSOBSE_DGCOP_1_2_3_ESCUELAS_GRAL_MIGUEL_NEGRETE_09DPR1544N_09DPR1544N,GRAL. MIGUEL NEGRETE,"1,2,3 POR MI ESCUELA RENOVAR PARA TRANSFORMAR",,DGCOP,ALUMNOS BENEFICIADOS,386,,ALUMNOS,actualizacion_dgcop,2026-06-05 18:37:12,,
569,PLATSOBSE_DGCOP_1_2_3_ESCUELAS_JOSE_LOPEZ_PORTILLO_Y_ROJAS_09DPR2645S_09DPR2645S,JOSE LOPEZ PORTILLO Y ROJAS,"1,2,3 POR MI ESCUELA RENOVAR PARA TRANSFORMAR",,DGCOP,ALUMNOS BENEFICIADOS,540,,ALUMNOS,actualizacion_dgcop,2026-06-05 18:37:31,,
571,PLATSOBSE_DGCOP_1_2_3_ESCUELAS_ESCUELA_SECUNDARIA_TECNICA_40_09DST0040A_09DST0040A,ESCUELA SECUNDARIA TECNICA 40,"1,2,3 POR MI ESCUELA RENOVAR PARA TRANSFORMAR",,DGCOP,ALUMNOS BENEFICIADOS,744,,ALUMNOS,actualizacion_dgcop,2026-06-05 18:37:53,,
573,PLATSOBSE_DGCOP_1_2_3_ESCUELAS_DOMINGO_F_SARMIENTO_09DPR0985C_09DPR0985C,DOMINGO F. SARMIENTO,"1,2,3 POR MI ESCUELA RENOVAR PARA TRANSFORMAR",,DGCOP,ALUMNOS BENEFICIADOS,456,,ALUMNOS,actualizacion_dgcop,2026-06-05 18:38:14,,
575,PLATSOBSE_DGCOP_1_2_3_ESCUELAS_MACHTITEOPAN_09DPR0851N_09DPR0851N,MACHTITEOPAN,"1,2,3 POR MI ESCUELA RENOVAR PARA TRANSFORMAR",,DGCOP,ALUMNOS BENEFICIADOS,508,,ALUMNOS,actualizacion_dgcop,2026-06-05 18:38:40,,
577,PLATSOBSE_DGCOP_1_2_3_ESCUELAS_15_DE_SEPTIEMBRE_09DPR1580S_09DPR1580S,15 DE SEPTIEMBRE,"1,2,3 POR MI ESCUELA RENOVAR PARA TRANSFORMAR",,DGCOP,ALUMNOS BENEFICIADOS,128,,ALUMNOS,actualizacion_dgcop,2026-06-05 18:39:01,,
579,PLATSOBSE_DGCOP_1_2_3_ESCUELAS_ESCUELA_SECUNDARIA_TECNICA_26_09DST0026H_09DST0026H,ESCUELA SECUNDARIA TECNICA 26,"1,2,3 POR MI ESCUELA RENOVAR PARA TRANSFORMAR",,DGCOP,ALUMNOS BENEFICIADOS,284,,ALUMNOS,actualizacion_dgcop,2026-06-05 18:39:21,,
581,PLATSOBSE_DGCOP_1_2_3_ESCUELAS_SALVADOR_TREJO_ESCOBEDO_09DPR2002Z_09DPR2002Z,SALVADOR TREJO ESCOBEDO,"1,2,3 POR MI ESCUELA RENOVAR PARA TRANSFORMAR",,DGCOP,ALUMNOS BENEFICIADOS,738,,ALUMNOS,actualizacion_dgcop,2026-06-05 18:39:45,,
583,PLATSOBSE_DGCOP_1_2_3_ESCUELAS_CUAHILAMA_09DPR2044Z_09DPR2044Z,CUAHILAMA,"1,2,3 POR MI ESCUELA RENOVAR PARA TRANSFORMAR",,DGCOP,ALUMNOS BENEFICIADOS,451,,ALUMNOS,actualizacion_dgcop,2026-06-05 18:40:09,,
585,PLATSOBSE_DGCOP_1_2_3_ESCUELAS_GILBERTO_BORJA_NAVARRETE_09DES0282F_09DES0282F,GILBERTO BORJA NAVARRETE,"1,2,3 POR MI ESCUELA RENOVAR PARA TRANSFORMAR",,DGCOP,ALUMNOS BENEFICIADOS,191,,ALUMNOS,actualizacion_dgcop,2026-06-05 18:40:31,,
587,PLATSOBSE_DGCOP_1_2_3_ESCUELAS_MTRO_LUIS_CHAVEZ_OROZCO_09DPR0937T_09DPR0937T,MTRO. LUIS CHAVEZ OROZCO,"1,2,3 POR MI ESCUELA RENOVAR PARA TRANSFORMAR",,DGCOP,ALUMNOS BENEFICIADOS,350,,ALUMNOS,actualizacion_dgcop,2026-06-05 18:40:56,,
589,PLATSOBSE_DGCOP_1_2_3_ESCUELAS_ESCUELA_SECUNDARIA_TECNICA_36_09DST0036O_09DST0036O,ESCUELA SECUNDARIA TECNICA 36,"1,2,3 POR MI ESCUELA RENOVAR PARA TRANSFORMAR",,DGCOP,ALUMNOS BENEFICIADOS,846,,ALUMNOS,actualizacion_dgcop,2026-06-05 18:41:17,,
593,PLATSOBSE_DGCOP_1_2_3_ESCUELAS_ELISEO_BANDALA_FERNANDEZ_09DPR2802S_09DPR2802S,ELISEO BANDALA FERNANDEZ,"1,2,3 POR MI ESCUELA RENOVAR PARA TRANSFORMAR",,DGCOP,ALUMNOS BENEFICIADOS,212,,ALUMNOS,actualizacion_dgcop,2026-06-05 18:41:58,actualizacion_dgcop,2026-06-05 18:56:51
1395,PLATSOBSE_DGCOP_MTTO_MERCADOS_XOCHIMILCO_ZONA_XOCHITL_75,XOCHIMILCO ZONA (XOCHITL),MANTENIMIENTO A MERCADOS PUBLICOS,,DGCOP,LOCALES BENEFICIADOS,968,,LOCALES,actualizacion_dgcop,2026-06-08 19:26:51,,
1396,PLATSOBSE_DGCOP_MTTO_MERCADOS_XOCHIMILCO_ZONA_XOCHITL_75,XOCHIMILCO ZONA (XOCHITL),MANTENIMIENTO A MERCADOS PUBLICOS,,DGCOP,LOCATARIOS BENEFICIADOS,1936,,LOCATARIOS,actualizacion_dgcop,2026-06-08 19:26:51,,
1397,PLATSOBSE_DGCOP_MTTO_MERCADOS_XOCHIMILCO_ZONA_XOCHITL_75,XOCHIMILCO ZONA (XOCHITL),MANTENIMIENTO A MERCADOS PUBLICOS,,DGCOP,SUPERFICIE DE INTERVENCIÓN,8437,,METROS CUADRADOS,actualizacion_dgcop,2026-06-08 19:26:51,,
1496,PLATSOBSE_DGCOP_CASA_3R_PILARES_PENSIL_2,PILARES PENSIL,"SISTEMA PUBLICO DE CUIDADOS ""CASA DE LAS 3RS""",,DGCOP,SUPERFICIE DEL PREDIO,1938,,METROS CUADRADOS,actualizacion_dgcop,2026-06-08 23:20:25,,
1497,PLATSOBSE_DGCOP_CASA_3R_PILARES_PENSIL_2,PILARES PENSIL,"SISTEMA PUBLICO DE CUIDADOS ""CASA DE LAS 3RS""",,DGCOP,SUPERFICIE DE INTERVENCIÓN,915,,METROS CUADRADOS,actualizacion_dgcop,2026-06-08 23:20:25,,
1498,PLATSOBSE_DGCOP_CASA_3R_PILARES_PENSIL_2,PILARES PENSIL,"SISTEMA PUBLICO DE CUIDADOS ""CASA DE LAS 3RS""",,DGCOP,SUPERFICIE DE CONSTRUCCIÓN,915,,METROS CUADRADOS,actualizacion_dgcop,2026-06-08 23:20:25,,
1499,PLATSOBSE_DGCOP_CASA_3R_PILARES_PENSIL_2,PILARES PENSIL,"SISTEMA PUBLICO DE CUIDADOS ""CASA DE LAS 3RS""",,DGCOP,POBLACION BENEFICIADA (1.5KM),163961,,PERSONAS,actualizacion_dgcop,2026-06-08 23:20:25,,
1559,PLATSOBSE_DGCOP_PUENTES_VEHICULARES_VIRGEN_70,VIRGEN,REHABILITACION Y CONSTRUCCION DE PUENTES VEHICULARES,,DGCOP,LONGITUD,219,,METROS LINEALES,actualizacion_dgcop,2026-06-09 1:26:34,,
1560,PLATSOBSE_DGCOP_PUENTES_VEHICULARES_VIRGEN_70,VIRGEN,REHABILITACION Y CONSTRUCCION DE PUENTES VEHICULARES,,DGCOP,SUPERFICIE DE INTERVENCIÓN,2161,,METROS CUADRADOS,actualizacion_dgcop,2026-06-09 1:26:34,,
1627,PLATSOBSE_DGCOP_PUENTES_PEATONALES_AV_RIO_CHURUBUSCO_ESQUINA_CON_ORIENTE_106_52,AV. RIO CHURUBUSCO ESQUINA CON ORIENTE 106,REHABILITACION Y CONSTRUCCION DE PUENTES PEATONALES,,DGCOP,LONGITUD,231,,METROS LINEALES,actualizacion_dgcop,2026-06-09 17:00:05,,
1628,PLATSOBSE_DGCOP_PUENTES_PEATONALES_AV_RIO_CHURUBUSCO_ESQUINA_CON_ORIENTE_106_52,AV. RIO CHURUBUSCO ESQUINA CON ORIENTE 106,REHABILITACION Y CONSTRUCCION DE PUENTES PEATONALES,,DGCOP,SUPERFICIE DE INTERVENCIÓN,384,,METROS CUADRADOS,actualizacion_dgcop,2026-06-09 17:00:05,,
1630,PLATSOBSE_DGCOP_CASA_3R_PILARES_ARBOL_DEL_CONOCIMIENTO_7,PILARES ARBOL DEL CONOCIMIENTO,"SISTEMA PUBLICO DE CUIDADOS ""CASA DE LAS 3RS""",,DGCOP,SUPERFICIE DEL PREDIO,6697,,METROS CUADRADOS,actualizacion_dgcop,2026-06-09 17:07:57,,
1631,PLATSOBSE_DGCOP_CASA_3R_PILARES_ARBOL_DEL_CONOCIMIENTO_7,PILARES ARBOL DEL CONOCIMIENTO,"SISTEMA PUBLICO DE CUIDADOS ""CASA DE LAS 3RS""",,DGCOP,SUPERFICIE DE INTERVENCIÓN,1140,,METROS CUADRADOS,actualizacion_dgcop,2026-06-09 17:07:57,,
1632,PLATSOBSE_DGCOP_CASA_3R_PILARES_ARBOL_DEL_CONOCIMIENTO_7,PILARES ARBOL DEL CONOCIMIENTO,"SISTEMA PUBLICO DE CUIDADOS ""CASA DE LAS 3RS""",,DGCOP,SUPERFICIE DE CONSTRUCCIÓN,1140,,METROS CUADRADOS,actualizacion_dgcop,2026-06-09 17:07:57,,
1633,PLATSOBSE_DGCOP_CASA_3R_PILARES_ARBOL_DEL_CONOCIMIENTO_7,PILARES ARBOL DEL CONOCIMIENTO,"SISTEMA PUBLICO DE CUIDADOS ""CASA DE LAS 3RS""",,DGCOP,POBLACION BENEFICIADA (1.5KM),155565,,PERSONAS,actualizacion_dgcop,2026-06-09 17:07:57,,
1591,PLATSOBSE_DGCOP_PUENTES_VEHICULARES_ANILLO_PERIFERICO_GLORIETA_DE_VAQUERITOS_82,ANILLO PERIFERICO (GLORIETA DE VAQUERITOS),REHABILITACION Y CONSTRUCCION DE PUENTES VEHICULARES,,DGCOP,LONGITUD,586,,METROS LINEALES,actualizacion_dgcop,2026-06-09 16:29:59,actualizacion_dgcop,2026-06-09 18:59:14
591,PLATSOBSE_DGCOP_1_2_3_ESCUELAS_EJERCITO_MEXICANO_09DIX0002N_09DIX0002N,EJERCITO MEXICANO,"1,2,3 POR MI ESCUELA RENOVAR PARA TRANSFORMAR",,DGCOP,ALUMNOS BENEFICIADOS,115,,ALUMNOS,actualizacion_dgcop,2026-06-05 18:41:39,,
595,PLATSOBSE_DGCOP_1_2_3_ESCUELAS_RABINDRANATH_TAGORE_09DES0121T_09DES0121T,RABINDRANATH TAGORE,"1,2,3 POR MI ESCUELA RENOVAR PARA TRANSFORMAR",,DGCOP,ALUMNOS BENEFICIADOS,536,,ALUMNOS,actualizacion_dgcop,2026-06-05 18:42:20,,
597,PLATSOBSE_DGCOP_1_2_3_ESCUELAS_BLAS_GALINDO_09DES0314H_09DES0314H,BLAS GALINDO,"1,2,3 POR MI ESCUELA RENOVAR PARA TRANSFORMAR",,DGCOP,ALUMNOS BENEFICIADOS,660,,ALUMNOS,actualizacion_dgcop,2026-06-05 18:42:39,,
599,PLATSOBSE_DGCOP_1_2_3_ESCUELAS_TELESECUNDARIA_NUMERO_101_09DTV0101L_09DTV0101L,TELESECUNDARIA NUMERO 101,"1,2,3 POR MI ESCUELA RENOVAR PARA TRANSFORMAR",,DGCOP,ALUMNOS BENEFICIADOS,151,,ALUMNOS,actualizacion_dgcop,2026-06-05 18:44:04,,
601,PLATSOBSE_DGCOP_1_2_3_ESCUELAS_ING_JOAQUIN_GALLO_MONTERRUBIO_09DPR0943D_09DPR0943D,ING. JOAQUIN GALLO MONTERRUBIO,"1,2,3 POR MI ESCUELA RENOVAR PARA TRANSFORMAR",,DGCOP,ALUMNOS BENEFICIADOS,265,,ALUMNOS,actualizacion_dgcop,2026-06-05 18:44:45,,
603,PLATSOBSE_DGCOP_1_2_3_ESCUELAS_PRESIDENTE_VICENTE_ROCAFUERTE_09DPR0122Z_09DPR0122Z,PRESIDENTE VICENTE ROCAFUERTE,"1,2,3 POR MI ESCUELA RENOVAR PARA TRANSFORMAR",,DGCOP,ALUMNOS BENEFICIADOS,511,,ALUMNOS,actualizacion_dgcop,2026-06-05 18:45:12,,
605,PLATSOBSE_DGCOP_1_2_3_ESCUELAS_JOSE_VASCONCELOS_09DES0315G_09DES0315G,JOSE VASCONCELOS,"1,2,3 POR MI ESCUELA RENOVAR PARA TRANSFORMAR",,DGCOP,ALUMNOS BENEFICIADOS,553,,ALUMNOS,actualizacion_dgcop,2026-06-05 18:45:36,,
607,PLATSOBSE_DGCOP_1_2_3_ESCUELAS_MIGUEL_RAMIREZ_CASTANEDA_09DPR2010I_09DPR2010I,MIGUEL RAMIREZ CASTANEDA,"1,2,3 POR MI ESCUELA RENOVAR PARA TRANSFORMAR",,DGCOP,ALUMNOS BENEFICIADOS,307,,ALUMNOS,actualizacion_dgcop,2026-06-05 18:45:59,,
609,PLATSOBSE_DGCOP_1_2_3_ESCUELAS_PROFR_EFREN_NUNEZ_MATA_09DPR3027P_09DPR3027P,PROFR. EFREN NUNEZ MATA,"1,2,3 POR MI ESCUELA RENOVAR PARA TRANSFORMAR",,DGCOP,ALUMNOS BENEFICIADOS,477,,ALUMNOS,actualizacion_dgcop,2026-06-05 18:46:22,,
611,PLATSOBSE_DGCOP_1_2_3_ESCUELAS_MA_ELENA_CHANES_09DJN0701Q_09DJN0701Q,MA. ELENA CHANES,"1,2,3 POR MI ESCUELA RENOVAR PARA TRANSFORMAR",,DGCOP,ALUMNOS BENEFICIADOS,184,,ALUMNOS,actualizacion_dgcop,2026-06-05 18:46:43,,
613,PLATSOBSE_DGCOP_1_2_3_ESCUELAS_ESCUELA_SECUNDARIA_TECNICA_20_09DST0020N_09DST0020N,ESCUELA SECUNDARIA TECNICA 20,"1,2,3 POR MI ESCUELA RENOVAR PARA TRANSFORMAR",,DGCOP,ALUMNOS BENEFICIADOS,731,,ALUMNOS,actualizacion_dgcop,2026-06-05 18:47:04,,
615,PLATSOBSE_DGCOP_1_2_3_ESCUELAS_CUICACALLI_09DJN1222O_09DJN1222O,CUICACALLI,"1,2,3 POR MI ESCUELA RENOVAR PARA TRANSFORMAR",,DGCOP,ALUMNOS BENEFICIADOS,221,,ALUMNOS,actualizacion_dgcop,2026-06-05 18:47:28,,
617,PLATSOBSE_DGCOP_1_2_3_ESCUELAS_CENTRO_DE_ATENCION_MULTIPLE_NO_86_09DML0056Z_09DML0056Z,CENTRO DE ATENCION MULTIPLE No. 86,"1,2,3 POR MI ESCUELA RENOVAR PARA TRANSFORMAR",,DGCOP,ALUMNOS BENEFICIADOS,68,,ALUMNOS,actualizacion_dgcop,2026-06-05 18:47:52,,
619,PLATSOBSE_DGCOP_1_2_3_ESCUELAS_ESCUELA_SECUNDARIA_DIURNA_JUAN_ALVAREZ_09DES0338R_09DES0338R,ESCUELA SECUNDARIA DIURNA JUAN ALVAREZ,"1,2,3 POR MI ESCUELA RENOVAR PARA TRANSFORMAR",,DGCOP,ALUMNOS BENEFICIADOS,284,,ALUMNOS,actualizacion_dgcop,2026-06-05 18:48:47,,
621,PLATSOBSE_DGCOP_1_2_3_ESCUELAS_ESTADO_DE_JALISCO_09DPR1572J_09DPR1572J,ESTADO DE JALISCO,"1,2,3 POR MI ESCUELA RENOVAR PARA TRANSFORMAR",,DGCOP,ALUMNOS BENEFICIADOS,155,,ALUMNOS,actualizacion_dgcop,2026-06-05 18:49:20,,
623,PLATSOBSE_DGCOP_1_2_3_ESCUELAS_MAURITANIA_09DPR2233R_09DPR2233R,MAURITANIA,"1,2,3 POR MI ESCUELA RENOVAR PARA TRANSFORMAR",,DGCOP,ALUMNOS BENEFICIADOS,835,,ALUMNOS,actualizacion_dgcop,2026-06-05 18:49:42,,
1399,PLATSOBSE_DGCOP_MTTO_MERCADOS_PROGRESO_NACIONAL_33,PROGRESO NACIONAL,MANTENIMIENTO A MERCADOS PUBLICOS,,DGCOP,LOCALES BENEFICIADOS,274,,LOCALES,actualizacion_dgcop,2026-06-08 19:27:08,,
1400,PLATSOBSE_DGCOP_MTTO_MERCADOS_PROGRESO_NACIONAL_33,PROGRESO NACIONAL,MANTENIMIENTO A MERCADOS PUBLICOS,,DGCOP,LOCATARIOS BENEFICIADOS,548,,LOCATARIOS,actualizacion_dgcop,2026-06-08 19:27:08,,
1401,PLATSOBSE_DGCOP_MTTO_MERCADOS_PROGRESO_NACIONAL_33,PROGRESO NACIONAL,MANTENIMIENTO A MERCADOS PUBLICOS,,DGCOP,SUPERFICIE DE INTERVENCIÓN,5238,,METROS CUADRADOS,actualizacion_dgcop,2026-06-08 19:27:08,,
1501,PLATSOBSE_DGCOP_ALBERGUES_CAIS_VASCO_DE_QUIROGA_2,CAIS VASCO DE QUIROGA,REHABILITACION DE INFRAESTRUCTURA PUBLICA (ALBERGUES),,DGCOP,CAPACIDAD,380,,PERSONAS,actualizacion_dgcop,2026-06-08 23:42:00,,
1503,PLATSOBSE_DGCOP_ALBERGUES_CAMHU_BOCANEGRA_CAIS_MARINA_1,CAMHU BOCANEGRA (CAIS MARINA),REHABILITACION DE INFRAESTRUCTURA PUBLICA (ALBERGUES),,DGCOP,CAPACIDAD,215,,PERSONAS,actualizacion_dgcop,2026-06-08 23:42:16,,
1562,PLATSOBSE_DGCOP_CASA_3R_DIF_MUYUGUARDA_3,DIF MUYUGUARDA,"SISTEMA PUBLICO DE CUIDADOS ""CASA DE LAS 3RS""",,DGCOP,SUPERFICIE DEL PREDIO,4700,,METROS CUADRADOS,actualizacion_dgcop,2026-06-09 1:28:10,,
1563,PLATSOBSE_DGCOP_CASA_3R_DIF_MUYUGUARDA_3,DIF MUYUGUARDA,"SISTEMA PUBLICO DE CUIDADOS ""CASA DE LAS 3RS""",,DGCOP,SUPERFICIE DE INTERVENCIÓN,2400,,METROS CUADRADOS,actualizacion_dgcop,2026-06-09 1:28:10,,
1564,PLATSOBSE_DGCOP_CASA_3R_DIF_MUYUGUARDA_3,DIF MUYUGUARDA,"SISTEMA PUBLICO DE CUIDADOS ""CASA DE LAS 3RS""",,DGCOP,SUPERFICIE DE CONSTRUCCIÓN,0,,METROS CUADRADOS,actualizacion_dgcop,2026-06-09 1:28:10,,
1565,PLATSOBSE_DGCOP_CASA_3R_DIF_MUYUGUARDA_3,DIF MUYUGUARDA,"SISTEMA PUBLICO DE CUIDADOS ""CASA DE LAS 3RS""",,DGCOP,POBLACION BENEFICIADA (1.5KM),74789,,PERSONAS,actualizacion_dgcop,2026-06-09 1:28:10,actualizacion_dgcop,2026-06-09 1:31:32
1635,PLATSOBSE_DGCOP_PUENTES_PEATONALES_AV_GALINDO_Y_VILLA_JARDIN_BALBUENA_36,"AV. GALINDO Y VILLA, JARDIN BALBUENA",REHABILITACION Y CONSTRUCCION DE PUENTES PEATONALES,,DGCOP,LONGITUD,119,,METROS LINEALES,actualizacion_dgcop,2026-06-09 17:37:26,,
1636,PLATSOBSE_DGCOP_PUENTES_PEATONALES_AV_GALINDO_Y_VILLA_JARDIN_BALBUENA_36,"AV. GALINDO Y VILLA, JARDIN BALBUENA",REHABILITACION Y CONSTRUCCION DE PUENTES PEATONALES,,DGCOP,SUPERFICIE DE INTERVENCIÓN,240,,METROS CUADRADOS,actualizacion_dgcop,2026-06-09 17:37:26,,
1621,PLATSOBSE_DGCOP_PUENTES_VEHICULARES_AUTOPISTA_MEXICO_MARQUESA_SANTA_FE_81,AUTOPISTA MEXICO MARQUESA (SANTA FE),REHABILITACION Y CONSTRUCCION DE PUENTES VEHICULARES,,DGCOP,LONGITUD,276,,METROS LINEALES,actualizacion_dgcop,2026-06-09 16:45:37,actualizacion_dgcop,2026-06-09 19:00:24
1707,PLATSOBSE_DGCOP_PUENTES_VEHICULARES_AV_CHAPULTEPEC_Y_CIRCUITO_INTERIOR_PV_435_56,AV. CHAPULTEPEC Y CIRCUITO INTERIOR PV-435,REHABILITACION Y CONSTRUCCION DE PUENTES VEHICULARES,,DGCOP,LONGITUD,339,,METROS LINEALES,actualizacion_dgcop,2026-06-09 19:34:55,,
1708,PLATSOBSE_DGCOP_PUENTES_VEHICULARES_AV_CHAPULTEPEC_Y_CIRCUITO_INTERIOR_PV_435_56,AV. CHAPULTEPEC Y CIRCUITO INTERIOR PV-435,REHABILITACION Y CONSTRUCCION DE PUENTES VEHICULARES,,DGCOP,SUPERFICIE DE INTERVENCIÓN,4569,,METROS CUADRADOS,actualizacion_dgcop,2026-06-09 19:34:55,,
1710,PLATSOBSE_DGCOP_PUENTES_VEHICULARES_AV_DE_LAS_FUENTES_Y_COFRE_PV_349_58,AV. DE LAS FUENTES Y COFRE PV-349,REHABILITACION Y CONSTRUCCION DE PUENTES VEHICULARES,,DGCOP,LONGITUD,141,,METROS LINEALES,actualizacion_dgcop,2026-06-09 19:36:00,,
1711,PLATSOBSE_DGCOP_PUENTES_VEHICULARES_AV_DE_LAS_FUENTES_Y_COFRE_PV_349_58,AV. DE LAS FUENTES Y COFRE PV-349,REHABILITACION Y CONSTRUCCION DE PUENTES VEHICULARES,,DGCOP,SUPERFICIE DE INTERVENCIÓN,363,,METROS CUADRADOS,actualizacion_dgcop,2026-06-09 19:36:00,,
1719,PLATSOBSE_DGCOP_PUENTES_VEHICULARES_AV_LUIS_CABRERA_PV_778_38,AV. LUIS CABRERA PV-778,REHABILITACION Y CONSTRUCCION DE PUENTES VEHICULARES,,DGCOP,LONGITUD,1659,,METROS LINEALES,actualizacion_dgcop,2026-06-09 19:37:36,,
1720,PLATSOBSE_DGCOP_PUENTES_VEHICULARES_AV_LUIS_CABRERA_PV_778_38,AV. LUIS CABRERA PV-778,REHABILITACION Y CONSTRUCCION DE PUENTES VEHICULARES,,DGCOP,SUPERFICIE DE INTERVENCIÓN,11700,,METROS CUADRADOS,actualizacion_dgcop,2026-06-09 19:37:36,,
1725,PLATSOBSE_DGCOP_PUENTES_VEHICULARES_BIFURCACION_DE_AUTOPISTA_MEXICO_PUEBLA_DIR_AMADOR_SALAZAR_A_CALZ_ERMITA_IZTAPALAPA_DIR_EJE_6_AV_DE_LAS_TORRES_CONCORDIA_14,BIFURCACION DE AUTOPISTA MEXICO-PUEBLA (DIR. AMADOR SALAZAR) A CALZ. ERMITA IZTAPALAPA (DIR. EJE 6 AV. DE LAS TORRES) (CONCORDIA),REHABILITACION Y CONSTRUCCION DE PUENTES VEHICULARES,,DGCOP,LONGITUD,228,,METROS LINEALES,actualizacion_dgcop,2026-06-09 19:46:30,,
625,PLATSOBSE_DGCOP_1_2_3_ESCUELAS_JOSE_ARTEAGA_09DES0020V_09DES0020V,JOSE ARTEAGA,"1,2,3 POR MI ESCUELA RENOVAR PARA TRANSFORMAR",,DGCOP,ALUMNOS BENEFICIADOS,333,,ALUMNOS,actualizacion_dgcop,2026-06-05 18:50:05,,
627,PLATSOBSE_DGCOP_1_2_3_ESCUELAS_LIC_ERNESTO_ENRIQUEZ_09DPR0977U_09DPR0977U,LIC. ERNESTO ENRIQUEZ,"1,2,3 POR MI ESCUELA RENOVAR PARA TRANSFORMAR",,DGCOP,ALUMNOS BENEFICIADOS,226,,ALUMNOS,actualizacion_dgcop,2026-06-05 18:50:29,,
629,PLATSOBSE_DGCOP_1_2_3_ESCUELAS_REPUBLICA_DE_COLOMBIA_09DES0081I_09DES0081I,REPUBLICA DE COLOMBIA,"1,2,3 POR MI ESCUELA RENOVAR PARA TRANSFORMAR",,DGCOP,ALUMNOS BENEFICIADOS,465,,ALUMNOS,actualizacion_dgcop,2026-06-05 18:50:51,,
631,PLATSOBSE_DGCOP_1_2_3_ESCUELAS_INDEPENDENCIA_ECONOMICA_DE_MEXICO_09DPR2069H_09DPR2069H,INDEPENDENCIA ECONOMICA DE MEXICO,"1,2,3 POR MI ESCUELA RENOVAR PARA TRANSFORMAR",,DGCOP,ALUMNOS BENEFICIADOS,673,,ALUMNOS,actualizacion_dgcop,2026-06-05 18:52:54,,
633,PLATSOBSE_DGCOP_1_2_3_ESCUELAS_PROFRA_EMMA_OLGUIN_HERMIDA_09DJN0415W_09DJN0415W,PROFRA. EMMA OLGUIN HERMIDA,"1,2,3 POR MI ESCUELA RENOVAR PARA TRANSFORMAR",,DGCOP,ALUMNOS BENEFICIADOS,219,,ALUMNOS,actualizacion_dgcop,2026-06-05 18:54:50,,
635,PLATSOBSE_DGCOP_1_2_3_ESCUELAS_PROFR_ELISEO_BANDALA_FERNANDEZ_09DPR3091Q_09DPR3091Q,PROFR. ELISEO BANDALA FERNANDEZ,"1,2,3 POR MI ESCUELA RENOVAR PARA TRANSFORMAR",,DGCOP,ALUMNOS BENEFICIADOS,475,,ALUMNOS,actualizacion_dgcop,2026-06-05 18:56:08,,
639,PLATSOBSE_DGCOP_1_2_3_ESCUELAS_CENTRO_DE_ATENCION_MULTIPLE_NO_19_09DML0048Q_09DML0048Q,CENTRO DE ATENCION MULTIPLE No. 19,"1,2,3 POR MI ESCUELA RENOVAR PARA TRANSFORMAR",,DGCOP,ALUMNOS BENEFICIADOS,201,,ALUMNOS,actualizacion_dgcop,2026-06-05 18:57:37,,
641,PLATSOBSE_DGCOP_1_2_3_ESCUELAS_MIXCOATL_09DPR2914W_09DPR2914W,MIXCOATL,"1,2,3 POR MI ESCUELA RENOVAR PARA TRANSFORMAR",,DGCOP,ALUMNOS BENEFICIADOS,412,,ALUMNOS,actualizacion_dgcop,2026-06-05 18:58:04,,
643,PLATSOBSE_DGCOP_1_2_3_ESCUELAS_GUADALUPE_VICTORIA_09DES0268M_09DES0268M,GUADALUPE VICTORIA,"1,2,3 POR MI ESCUELA RENOVAR PARA TRANSFORMAR",,DGCOP,ALUMNOS BENEFICIADOS,276,,ALUMNOS,actualizacion_dgcop,2026-06-05 18:58:29,,
645,PLATSOBSE_DGCOP_1_2_3_ESCUELAS_TLACAELEL_09DJN0448N_09DJN0448N,TLACAELEL,"1,2,3 POR MI ESCUELA RENOVAR PARA TRANSFORMAR",,DGCOP,ALUMNOS BENEFICIADOS,91,,ALUMNOS,actualizacion_dgcop,2026-06-05 18:58:52,,
647,PLATSOBSE_DGCOP_1_2_3_ESCUELAS_ALVARO_OBREGON_09DES0271Z_09DES0271Z,ALVARO OBREGON,"1,2,3 POR MI ESCUELA RENOVAR PARA TRANSFORMAR",,DGCOP,ALUMNOS BENEFICIADOS,534,,ALUMNOS,actualizacion_dgcop,2026-06-05 18:59:20,,
649,PLATSOBSE_DGCOP_1_2_3_ESCUELAS_ENRIQUE_DUNANT_09DJN1090N_09DJN1090N,ENRIQUE DUNANT,"1,2,3 POR MI ESCUELA RENOVAR PARA TRANSFORMAR",,DGCOP,ALUMNOS BENEFICIADOS,216,,ALUMNOS,actualizacion_dgcop,2026-06-05 18:59:41,,
651,PLATSOBSE_DGCOP_1_2_3_ESCUELAS_REPUBLICA_DE_COSTA_RICA_09DPR1792V_09DPR1792V,REPUBLICA DE COSTA RICA,"1,2,3 POR MI ESCUELA RENOVAR PARA TRANSFORMAR",,DGCOP,ALUMNOS BENEFICIADOS,357,,ALUMNOS,actualizacion_dgcop,2026-06-05 19:00:02,,
653,PLATSOBSE_DGCOP_1_2_3_ESCUELAS_PEDRO_ROMERO_DE_TERREROS_09DPR1048O_09DPR1048O,PEDRO ROMERO DE TERREROS,"1,2,3 POR MI ESCUELA RENOVAR PARA TRANSFORMAR",,DGCOP,ALUMNOS BENEFICIADOS,435,,ALUMNOS,actualizacion_dgcop,2026-06-05 19:00:22,,
655,PLATSOBSE_DGCOP_1_2_3_ESCUELAS_MANUEL_SABINO_CRESPO_09DPR3187C_09DPR3187C,MANUEL SABINO CRESPO,"1,2,3 POR MI ESCUELA RENOVAR PARA TRANSFORMAR",,DGCOP,ALUMNOS BENEFICIADOS,530,,ALUMNOS,actualizacion_dgcop,2026-06-05 19:00:46,,
657,PLATSOBSE_DGCOP_1_2_3_ESCUELAS_CUAILAMA_09DJN0643Q_09DJN0643Q,CUAILAMA,"1,2,3 POR MI ESCUELA RENOVAR PARA TRANSFORMAR",,DGCOP,ALUMNOS BENEFICIADOS,227,,ALUMNOS,actualizacion_dgcop,2026-06-05 19:01:06,,
659,PLATSOBSE_DGCOP_1_2_3_ESCUELAS_DR_ALFONSO_PRUNEDA_09DES0031A_09DES0031A,DR. ALFONSO PRUNEDA,"1,2,3 POR MI ESCUELA RENOVAR PARA TRANSFORMAR",,DGCOP,ALUMNOS BENEFICIADOS,649,,ALUMNOS,actualizacion_dgcop,2026-06-05 19:01:29,,
661,PLATSOBSE_DGCOP_1_2_3_ESCUELAS_TLAMACHIHUAPAN_09DPR2563I_09DPR2563I,TLAMACHIHUAPAN,"1,2,3 POR MI ESCUELA RENOVAR PARA TRANSFORMAR",,DGCOP,ALUMNOS BENEFICIADOS,668,,ALUMNOS,actualizacion_dgcop,2026-06-05 19:03:35,,
663,PLATSOBSE_DGCOP_1_2_3_ESCUELAS_PROFR_ISIDRO_C_TORRES_MORENO_09DPR1673H_09DPR1673H,PROFR. ISIDRO C. TORRES MORENO,"1,2,3 POR MI ESCUELA RENOVAR PARA TRANSFORMAR",,DGCOP,ALUMNOS BENEFICIADOS,286,,ALUMNOS,actualizacion_dgcop,2026-06-05 19:03:56,,
1403,PLATSOBSE_DGCOP_MTTO_MERCADOS_REYNOSA_11,REYNOSA,MANTENIMIENTO A MERCADOS PUBLICOS,,DGCOP,LOCALES BENEFICIADOS,216,,LOCALES,actualizacion_dgcop,2026-06-08 19:27:46,,
1404,PLATSOBSE_DGCOP_MTTO_MERCADOS_REYNOSA_11,REYNOSA,MANTENIMIENTO A MERCADOS PUBLICOS,,DGCOP,LOCATARIOS BENEFICIADOS,432,,LOCATARIOS,actualizacion_dgcop,2026-06-08 19:27:46,,
1405,PLATSOBSE_DGCOP_MTTO_MERCADOS_REYNOSA_11,REYNOSA,MANTENIMIENTO A MERCADOS PUBLICOS,,DGCOP,SUPERFICIE DE INTERVENCIÓN,3508,,METROS CUADRADOS,actualizacion_dgcop,2026-06-08 19:27:46,,
1407,PLATSOBSE_DGCOP_MTTO_MERCADOS_PRIMERO_DE_SEPTIEMBRE_37,PRIMERO DE SEPTIEMBRE,MANTENIMIENTO A MERCADOS PUBLICOS,,DGCOP,LOCALES BENEFICIADOS,244,,LOCALES,actualizacion_dgcop,2026-06-08 19:27:53,,
1408,PLATSOBSE_DGCOP_MTTO_MERCADOS_PRIMERO_DE_SEPTIEMBRE_37,PRIMERO DE SEPTIEMBRE,MANTENIMIENTO A MERCADOS PUBLICOS,,DGCOP,LOCATARIOS BENEFICIADOS,488,,LOCATARIOS,actualizacion_dgcop,2026-06-08 19:27:53,,
1409,PLATSOBSE_DGCOP_MTTO_MERCADOS_PRIMERO_DE_SEPTIEMBRE_37,PRIMERO DE SEPTIEMBRE,MANTENIMIENTO A MERCADOS PUBLICOS,,DGCOP,SUPERFICIE DE INTERVENCIÓN,2473,,METROS CUADRADOS,actualizacion_dgcop,2026-06-08 19:27:53,,
1411,PLATSOBSE_DGCOP_MTTO_MERCADOS_PLAZA_MEXICANA_DEL_SUR_61,PLAZA MEXICANA DEL SUR,MANTENIMIENTO A MERCADOS PUBLICOS,,DGCOP,LOCALES BENEFICIADOS,79,,LOCALES,actualizacion_dgcop,2026-06-08 19:28:44,,
1412,PLATSOBSE_DGCOP_MTTO_MERCADOS_PLAZA_MEXICANA_DEL_SUR_61,PLAZA MEXICANA DEL SUR,MANTENIMIENTO A MERCADOS PUBLICOS,,DGCOP,LOCATARIOS BENEFICIADOS,158,,LOCATARIOS,actualizacion_dgcop,2026-06-08 19:28:44,,
1413,PLATSOBSE_DGCOP_MTTO_MERCADOS_PLAZA_MEXICANA_DEL_SUR_61,PLAZA MEXICANA DEL SUR,MANTENIMIENTO A MERCADOS PUBLICOS,,DGCOP,SUPERFICIE DE INTERVENCIÓN,1658,,METROS CUADRADOS,actualizacion_dgcop,2026-06-08 19:28:44,,
1415,PLATSOBSE_DGCOP_MTTO_MERCADOS_CERRO_DEL_JUDIO_78,CERRO DEL JUDIO,MANTENIMIENTO A MERCADOS PUBLICOS,,DGCOP,LOCALES BENEFICIADOS,91,,LOCALES,actualizacion_dgcop,2026-06-08 19:29:51,,
1416,PLATSOBSE_DGCOP_MTTO_MERCADOS_CERRO_DEL_JUDIO_78,CERRO DEL JUDIO,MANTENIMIENTO A MERCADOS PUBLICOS,,DGCOP,LOCATARIOS BENEFICIADOS,182,,LOCATARIOS,actualizacion_dgcop,2026-06-08 19:29:51,,
1417,PLATSOBSE_DGCOP_MTTO_MERCADOS_CERRO_DEL_JUDIO_78,CERRO DEL JUDIO,MANTENIMIENTO A MERCADOS PUBLICOS,,DGCOP,SUPERFICIE DE INTERVENCIÓN,1311,,METROS CUADRADOS,actualizacion_dgcop,2026-06-08 19:29:51,,
1419,PLATSOBSE_DGCOP_MTTO_MERCADOS_MIXCALCO_24,MIXCALCO,MANTENIMIENTO A MERCADOS PUBLICOS,,DGCOP,LOCALES BENEFICIADOS,920,,LOCALES,actualizacion_dgcop,2026-06-08 19:30:48,,
1420,PLATSOBSE_DGCOP_MTTO_MERCADOS_MIXCALCO_24,MIXCALCO,MANTENIMIENTO A MERCADOS PUBLICOS,,DGCOP,LOCATARIOS BENEFICIADOS,1840,,LOCATARIOS,actualizacion_dgcop,2026-06-08 19:30:48,,
1421,PLATSOBSE_DGCOP_MTTO_MERCADOS_MIXCALCO_24,MIXCALCO,MANTENIMIENTO A MERCADOS PUBLICOS,,DGCOP,SUPERFICIE DE INTERVENCIÓN,11230,,METROS CUADRADOS,actualizacion_dgcop,2026-06-08 19:30:48,,
1423,PLATSOBSE_DGCOP_MTTO_MERCADOS_PRIMERO_DE_DICIEMBRE_14,PRIMERO DE DICIEMBRE,MANTENIMIENTO A MERCADOS PUBLICOS,,DGCOP,LOCALES BENEFICIADOS,244,,LOCALES,actualizacion_dgcop,2026-06-08 19:30:50,,
1424,PLATSOBSE_DGCOP_MTTO_MERCADOS_PRIMERO_DE_DICIEMBRE_14,PRIMERO DE DICIEMBRE,MANTENIMIENTO A MERCADOS PUBLICOS,,DGCOP,LOCATARIOS BENEFICIADOS,488,,LOCATARIOS,actualizacion_dgcop,2026-06-08 19:30:50,,
1425,PLATSOBSE_DGCOP_MTTO_MERCADOS_PRIMERO_DE_DICIEMBRE_14,PRIMERO DE DICIEMBRE,MANTENIMIENTO A MERCADOS PUBLICOS,,DGCOP,SUPERFICIE DE INTERVENCIÓN,3346,,METROS CUADRADOS,actualizacion_dgcop,2026-06-08 19:30:50,,
1507,PLATSOBSE_DGCOP_PUENTES_PEATONALES_CENTRO_DE_TRANSFERENCIA_MODAL_CETRAM_INDIOS_VERDES_1,CENTRO DE TRANSFERENCIA MODAL (CETRAM) INDIOS VERDES,REHABILITACION Y CONSTRUCCION DE PUENTES PEATONALES,,DGCOP,LONGITUD,158,,METROS LINEALES,actualizacion_dgcop,2026-06-09 0:13:06,,
1508,PLATSOBSE_DGCOP_PUENTES_PEATONALES_CENTRO_DE_TRANSFERENCIA_MODAL_CETRAM_INDIOS_VERDES_1,CENTRO DE TRANSFERENCIA MODAL (CETRAM) INDIOS VERDES,REHABILITACION Y CONSTRUCCION DE PUENTES PEATONALES,,DGCOP,SUPERFICIE DE INTERVENCIÓN,1240,,METROS CUADRADOS,actualizacion_dgcop,2026-06-09 0:13:06,,
665,PLATSOBSE_DGCOP_1_2_3_ESCUELAS_ITLATIUH_09DJN0322G_09DJN0322G,ITLATIUH,"1,2,3 POR MI ESCUELA RENOVAR PARA TRANSFORMAR",,DGCOP,ALUMNOS BENEFICIADOS,104,,ALUMNOS,actualizacion_dgcop,2026-06-05 19:04:21,,
667,PLATSOBSE_DGCOP_1_2_3_ESCUELAS_CENTRO_ESCOLAR_MEXICO_09DPR17301_09DPR1730I_09DPR1730I,CENTRO ESCOLAR MEXICO 09DPR17301,"1,2,3 POR MI ESCUELA RENOVAR PARA TRANSFORMAR",,DGCOP,ALUMNOS BENEFICIADOS,170,,ALUMNOS,actualizacion_dgcop,2026-06-05 19:05:07,,
669,PLATSOBSE_DGCOP_1_2_3_ESCUELAS_PROFRA_GUADALUPE_CENICEROS_DE_ZAVALETA_09DJN0440V_09DJN0440V,PROFRA. GUADALUPE CENICEROS DE ZAVALETA,"1,2,3 POR MI ESCUELA RENOVAR PARA TRANSFORMAR",,DGCOP,ALUMNOS BENEFICIADOS,67,,ALUMNOS,actualizacion_dgcop,2026-06-05 19:05:30,,
671,PLATSOBSE_DGCOP_1_2_3_ESCUELAS_ROBERTO_KOCH_09DJN0525B_09DJN0525B,ROBERTO KOCH,"1,2,3 POR MI ESCUELA RENOVAR PARA TRANSFORMAR",,DGCOP,ALUMNOS BENEFICIADOS,125,,ALUMNOS,actualizacion_dgcop,2026-06-05 19:05:50,,
673,PLATSOBSE_DGCOP_1_2_3_ESCUELAS_MAESTRA_JUANA_PALACIOS_09DPR1593W_09DPR1593W,MAESTRA JUANA PALACIOS,"1,2,3 POR MI ESCUELA RENOVAR PARA TRANSFORMAR",,DGCOP,ALUMNOS BENEFICIADOS,268,,ALUMNOS,actualizacion_dgcop,2026-06-05 19:06:16,,
675,PLATSOBSE_DGCOP_1_2_3_ESCUELAS_PROFRA_ROSA_NAVARRO_09DPR3169N_09DPR3169N,PROFRA. ROSA NAVARRO,"1,2,3 POR MI ESCUELA RENOVAR PARA TRANSFORMAR",,DGCOP,ALUMNOS BENEFICIADOS,304,,ALUMNOS,actualizacion_dgcop,2026-06-05 19:06:44,,
677,PLATSOBSE_DGCOP_1_2_3_ESCUELAS_MARCELINO_MENENDEZ_Y_PELAYO_09DES0056J_09DES0056J,MARCELINO MENENDEZ Y PELAYO,"1,2,3 POR MI ESCUELA RENOVAR PARA TRANSFORMAR",,DGCOP,ALUMNOS BENEFICIADOS,470,,ALUMNOS,actualizacion_dgcop,2026-06-05 19:07:03,,
679,PLATSOBSE_DGCOP_1_2_3_ESCUELAS_ESCUELA_PRIMARIA_MARTIRES_DE_TACUBAYA_09DPR2944Q_09DPR2944Q_,ESCUELA PRIMARIA MARTIRES DE TACUBAYA,"1,2,3 POR MI ESCUELA RENOVAR PARA TRANSFORMAR",,DGCOP,ALUMNOS BENEFICIADOS,118,,ALUMNOS,actualizacion_dgcop,2026-06-05 19:08:32,,
681,PLATSOBSE_DGCOP_1_2_3_ESCUELAS_ENRIQUE_C_REBSAMEN_09DPR2025K_09DPR2025K,ENRIQUE C. REBSAMEN,"1,2,3 POR MI ESCUELA RENOVAR PARA TRANSFORMAR",,DGCOP,ALUMNOS BENEFICIADOS,248,,ALUMNOS,actualizacion_dgcop,2026-06-05 19:10:28,,
683,PLATSOBSE_DGCOP_1_2_3_ESCUELAS_ESCUELA_SECUNDARIA_TECNICA_83_09DST0083Z_09DST0083Z,ESCUELA SECUNDARIA TECNICA 83,"1,2,3 POR MI ESCUELA RENOVAR PARA TRANSFORMAR",,DGCOP,ALUMNOS BENEFICIADOS,656,,ALUMNOS,actualizacion_dgcop,2026-06-05 19:10:49,,
685,PLATSOBSE_DGCOP_1_2_3_ESCUELAS_PUERTO_DE_ALVARADO_09DES0181H_09DES0181H,PUERTO DE ALVARADO,"1,2,3 POR MI ESCUELA RENOVAR PARA TRANSFORMAR",,DGCOP,ALUMNOS BENEFICIADOS,585,,ALUMNOS,actualizacion_dgcop,2026-06-05 19:11:35,,
687,PLATSOBSE_DGCOP_1_2_3_ESCUELAS_RAFAEL_MOLINA_BETANCOURT_09DES0186C_09DES0186C,RAFAEL MOLINA BETANCOURT,"1,2,3 POR MI ESCUELA RENOVAR PARA TRANSFORMAR",,DGCOP,ALUMNOS BENEFICIADOS,178,,ALUMNOS,actualizacion_dgcop,2026-06-05 19:12:16,,
689,PLATSOBSE_DGCOP_1_2_3_ESCUELAS_AUGUSTO_CESAR_SANDINO_09DPR1020I_09DPR1020I,AUGUSTO CESAR SANDINO,"1,2,3 POR MI ESCUELA RENOVAR PARA TRANSFORMAR",,DGCOP,ALUMNOS BENEFICIADOS,486,,ALUMNOS,actualizacion_dgcop,2026-06-05 19:12:43,,
691,PLATSOBSE_DGCOP_1_2_3_ESCUELAS_COCOXOCHITL_09DJN0653X_09DJN0653X,COCOXOCHITL,"1,2,3 POR MI ESCUELA RENOVAR PARA TRANSFORMAR",,DGCOP,ALUMNOS BENEFICIADOS,297,,ALUMNOS,actualizacion_dgcop,2026-06-05 19:13:05,,
693,PLATSOBSE_DGCOP_1_2_3_ESCUELAS_ESCUELA_PRIMARIA_INGENIERO_MIGUEL_BERNARD_09DPR2059A_09DPR2059A,ESCUELA PRIMARIA INGENIERO MIGUEL BERNARD,"1,2,3 POR MI ESCUELA RENOVAR PARA TRANSFORMAR",,DGCOP,ALUMNOS BENEFICIADOS,1019,,ALUMNOS,actualizacion_dgcop,2026-06-05 19:14:06,,
695,PLATSOBSE_DGCOP_1_2_3_ESCUELAS_PILTZILLI_09DJN0569Z_09DJN0569Z,PILTZILLI,"1,2,3 POR MI ESCUELA RENOVAR PARA TRANSFORMAR",,DGCOP,ALUMNOS BENEFICIADOS,215,,ALUMNOS,actualizacion_dgcop,2026-06-05 19:15:21,,
697,PLATSOBSE_DGCOP_1_2_3_ESCUELAS_PROFR_VICTORIANO_GONZALEZ_GARZON_09DPR3082I_09DPR3082I,PROFR. VICTORIANO GONZALEZ GARZON,"1,2,3 POR MI ESCUELA RENOVAR PARA TRANSFORMAR",,DGCOP,ALUMNOS BENEFICIADOS,428,,ALUMNOS,actualizacion_dgcop,2026-06-05 19:15:50,,
699,PLATSOBSE_DGCOP_1_2_3_ESCUELAS_RAFAELA_SUAREZ_09DPR1685M_09DPR1685M,RAFAELA SUAREZ,"1,2,3 POR MI ESCUELA RENOVAR PARA TRANSFORMAR",,DGCOP,ALUMNOS BENEFICIADOS,183,,ALUMNOS,actualizacion_dgcop,2026-06-05 19:16:12,,
701,PLATSOBSE_DGCOP_1_2_3_ESCUELAS_IZKALOTZIN_09DES0260U_09DES0260U,IZKALOTZIN,"1,2,3 POR MI ESCUELA RENOVAR PARA TRANSFORMAR",,DGCOP,ALUMNOS BENEFICIADOS,477,,ALUMNOS,actualizacion_dgcop,2026-06-05 19:17:16,,
703,PLATSOBSE_DGCOP_1_2_3_ESCUELAS_DOLORES_ANGELA_CASTILLO_09DES0019F_09DES0019F,DOLORES ANGELA CASTILLO,"1,2,3 POR MI ESCUELA RENOVAR PARA TRANSFORMAR",,DGCOP,ALUMNOS BENEFICIADOS,969,,ALUMNOS,actualizacion_dgcop,2026-06-05 19:18:00,,
705,PLATSOBSE_DGCOP_1_2_3_ESCUELAS_HERMANOS_GRIMM_09DJN0005T_09DJN0005T,HERMANOS GRIMM,"1,2,3 POR MI ESCUELA RENOVAR PARA TRANSFORMAR",,DGCOP,ALUMNOS BENEFICIADOS,299,,ALUMNOS,actualizacion_dgcop,2026-06-05 19:18:25,,
707,PLATSOBSE_DGCOP_1_2_3_ESCUELAS_GRAL_FRANCISCO_VILLA_09DPR3030C_09DPR3030C,GRAL. FRANCISCO VILLA,"1,2,3 POR MI ESCUELA RENOVAR PARA TRANSFORMAR",,DGCOP,ALUMNOS BENEFICIADOS,233,,ALUMNOS,actualizacion_dgcop,2026-06-05 19:18:51,,
709,PLATSOBSE_DGCOP_1_2_3_ESCUELAS_JOSE_RUBEN_ROMERO_09DPR0119L_09DPR0119L,JOSE RUBEN ROMERO,"1,2,3 POR MI ESCUELA RENOVAR PARA TRANSFORMAR",,DGCOP,ALUMNOS BENEFICIADOS,235,,ALUMNOS,actualizacion_dgcop,2026-06-05 19:19:24,,
711,PLATSOBSE_DGCOP_1_2_3_ESCUELAS_FRAY_MELCHOR_DE_TALAMANTES_09DPR2348S_09DPR2348S,FRAY MELCHOR DE TALAMANTES,"1,2,3 POR MI ESCUELA RENOVAR PARA TRANSFORMAR",,DGCOP,ALUMNOS BENEFICIADOS,194,,ALUMNOS,actualizacion_dgcop,2026-06-05 19:19:49,,
713,PLATSOBSE_DGCOP_1_2_3_ESCUELAS_ABRAHAM_LINCOLN_09DES0082H_09DES0082H,ABRAHAM LINCOLN,"1,2,3 POR MI ESCUELA RENOVAR PARA TRANSFORMAR",,DGCOP,ALUMNOS BENEFICIADOS,429,,ALUMNOS,actualizacion_dgcop,2026-06-05 19:20:09,,
715,PLATSOBSE_DGCOP_1_2_3_ESCUELAS_TLACOTALPAN_09DES0281G_09DES0281G,TLACOTALPAN,"1,2,3 POR MI ESCUELA RENOVAR PARA TRANSFORMAR",,DGCOP,ALUMNOS BENEFICIADOS,577,,ALUMNOS,actualizacion_dgcop,2026-06-05 19:22:19,,
717,PLATSOBSE_DGCOP_1_2_3_ESCUELAS_PROFR_Y_LIC_GENARO_V_VAZQUEZ_QUIROZ_09DPR3200G_09DPR3200G,PROFR. Y LIC. GENARO V. VAZQUEZ QUIROZ,"1,2,3 POR MI ESCUELA RENOVAR PARA TRANSFORMAR",,DGCOP,ALUMNOS BENEFICIADOS,211,,ALUMNOS,actualizacion_dgcop,2026-06-05 19:22:44,,
719,PLATSOBSE_DGCOP_1_2_3_ESCUELAS_ESCUELA_DE_PARTICIPACION_SOCIAL_NUMERO_5_09DIX0035E_09DIX0035E,ESCUELA DE PARTICIPACION SOCIAL NUMERO 5,"1,2,3 POR MI ESCUELA RENOVAR PARA TRANSFORMAR",,DGCOP,ALUMNOS BENEFICIADOS,291,,ALUMNOS,actualizacion_dgcop,2026-06-05 19:23:30,,
721,PLATSOBSE_DGCOP_1_2_3_ESCUELAS_MAESTROS_DE_MEXICO_09DPR2229E_09DPR2229E,MAESTROS DE MEXICO,"1,2,3 POR MI ESCUELA RENOVAR PARA TRANSFORMAR",,DGCOP,ALUMNOS BENEFICIADOS,333,,ALUMNOS,actualizacion_dgcop,2026-06-05 19:23:55,,
723,PLATSOBSE_DGCOP_1_2_3_ESCUELAS_SECUNDARIA_DIURNA_88_DR_NABOR_CARRILLO_09DES0088B_09DES0088B,SECUNDARIA DIURNA 88 DR NABOR CARRILLO,"1,2,3 POR MI ESCUELA RENOVAR PARA TRANSFORMAR",,DGCOP,ALUMNOS BENEFICIADOS,615,,ALUMNOS,actualizacion_dgcop,2026-06-05 19:24:18,,
932,PLATSOBSE_DGCOP_CONST_UTOPIAS_EL_PARIAN_2,EL PARIAN,CONSTRUCCION DE UTOPIAS,,DGCOP,SUPERFICIE DE CONSTRUCCIÓN,18779,,METROS CUADRADOS,actualizacion_dgcop,2026-06-05 20:20:05,,
725,PLATSOBSE_DGCOP_1_2_3_ESCUELAS_GRAL_MIGUEL_ALEMAN_09DPR2406S_09DPR2406S,GRAL. MIGUEL ALEMAN,"1,2,3 POR MI ESCUELA RENOVAR PARA TRANSFORMAR",,DGCOP,ALUMNOS BENEFICIADOS,240,,ALUMNOS,actualizacion_dgcop,2026-06-05 19:25:32,,
729,PLATSOBSE_DGCOP_1_2_3_ESCUELAS_REPUBLICA_ARGENTINA_09DES0123R_09DES0123R,REPUBLICA ARGENTINA,"1,2,3 POR MI ESCUELA RENOVAR PARA TRANSFORMAR",,DGCOP,ALUMNOS BENEFICIADOS,348,,ALUMNOS,actualizacion_dgcop,2026-06-05 19:26:11,,
733,PLATSOBSE_DGCOP_1_2_3_ESCUELAS_LIBRADO_RIVERA_GODINEZ_09DES0274X_09DES0274X,LIBRADO RIVERA GODINEZ,"1,2,3 POR MI ESCUELA RENOVAR PARA TRANSFORMAR",,DGCOP,ALUMNOS BENEFICIADOS,368,,ALUMNOS,actualizacion_dgcop,2026-06-05 19:27:00,,
741,PLATSOBSE_DGCOP_1_2_3_ESCUELAS_LIC_JOAQUIN_BARANDA_09DPR1704K_09DPR1704K,LIC. JOAQUIN BARANDA,"1,2,3 POR MI ESCUELA RENOVAR PARA TRANSFORMAR",,DGCOP,ALUMNOS BENEFICIADOS,125,,ALUMNOS,actualizacion_dgcop,2026-06-05 19:28:38,,
745,PLATSOBSE_DGCOP_1_2_3_ESCUELAS_REPUBLICA_DE_RUANDA_09DPR0918E_09DPR0918E,REPUBLICA DE RUANDA,"1,2,3 POR MI ESCUELA RENOVAR PARA TRANSFORMAR",,DGCOP,ALUMNOS BENEFICIADOS,138,,ALUMNOS,actualizacion_dgcop,2026-06-05 19:29:29,,
1427,PLATSOBSE_DGCOP_MTTO_MERCADOS_89_COYOACAN_18,# 89 COYOACAN,MANTENIMIENTO A MERCADOS PUBLICOS,,DGCOP,LOCALES BENEFICIADOS,464,,LOCALES,actualizacion_dgcop,2026-06-08 19:32:07,,
1428,PLATSOBSE_DGCOP_MTTO_MERCADOS_89_COYOACAN_18,# 89 COYOACAN,MANTENIMIENTO A MERCADOS PUBLICOS,,DGCOP,LOCATARIOS BENEFICIADOS,928,,LOCATARIOS,actualizacion_dgcop,2026-06-08 19:32:07,,
1429,PLATSOBSE_DGCOP_MTTO_MERCADOS_89_COYOACAN_18,# 89 COYOACAN,MANTENIMIENTO A MERCADOS PUBLICOS,,DGCOP,SUPERFICIE DE INTERVENCIÓN,8222,,METROS CUADRADOS,actualizacion_dgcop,2026-06-08 19:32:07,,
1510,PLATSOBSE_DGCOP_PUENTES_PEATONALES_CARRETERA_FEDERAL_A_TOLUCA_CARLOS_ECHANOVE_3,CARRETERA FEDERAL A TOLUCA- CARLOS ECHANOVE,REHABILITACION Y CONSTRUCCION DE PUENTES PEATONALES,,DGCOP,LONGITUD,34,,METROS LINEALES,actualizacion_dgcop,2026-06-09 0:18:09,,
1511,PLATSOBSE_DGCOP_PUENTES_PEATONALES_CARRETERA_FEDERAL_A_TOLUCA_CARLOS_ECHANOVE_3,CARRETERA FEDERAL A TOLUCA- CARLOS ECHANOVE,REHABILITACION Y CONSTRUCCION DE PUENTES PEATONALES,,DGCOP,SUPERFICIE DE INTERVENCIÓN,74,,METROS CUADRADOS,actualizacion_dgcop,2026-06-09 0:18:09,,
1568,PLATSOBSE_DGCOP_CASA_3R_DIF_ADOLFO_RUIZ_CORTINES_6,DIF ADOLFO RUIZ CORTINES,"SISTEMA PUBLICO DE CUIDADOS ""CASA DE LAS 3RS""",,DGCOP,SUPERFICIE DEL PREDIO,2598,,METROS CUADRADOS,actualizacion_dgcop,2026-06-09 1:35:17,,
1570,PLATSOBSE_DGCOP_CASA_3R_DIF_ADOLFO_RUIZ_CORTINES_6,DIF ADOLFO RUIZ CORTINES,"SISTEMA PUBLICO DE CUIDADOS ""CASA DE LAS 3RS""",,DGCOP,SUPERFICIE DE CONSTRUCCIÓN,529,,METROS CUADRADOS,actualizacion_dgcop,2026-06-09 1:35:17,,
1571,PLATSOBSE_DGCOP_CASA_3R_DIF_ADOLFO_RUIZ_CORTINES_6,DIF ADOLFO RUIZ CORTINES,"SISTEMA PUBLICO DE CUIDADOS ""CASA DE LAS 3RS""",,DGCOP,POBLACION BENEFICIADA (1.5KM),132937,,PERSONAS,actualizacion_dgcop,2026-06-09 1:35:17,,
1569,PLATSOBSE_DGCOP_CASA_3R_DIF_ADOLFO_RUIZ_CORTINES_6,DIF ADOLFO RUIZ CORTINES,"SISTEMA PUBLICO DE CUIDADOS ""CASA DE LAS 3RS""",,DGCOP,SUPERFICIE DE INTERVENCIÓN,1931,,METROS CUADRADOS,actualizacion_dgcop,2026-06-09 1:35:17,actualizacion_dgcop,2026-06-09 16:28:39
1638,PLATSOBSE_DGCOP_PUENTES_VEHICULARES_VIAD_RIO_DE_LA_PIEDAD_Y_MARCOS_CARRILLO_95,VIAD. RIO DE LA PIEDAD Y MARCOS CARRILLO,REHABILITACION Y CONSTRUCCION DE PUENTES VEHICULARES,,DGCOP,LONGITUD,45,,METROS LINEALES,actualizacion_dgcop,2026-06-09 17:46:33,,
1639,PLATSOBSE_DGCOP_PUENTES_VEHICULARES_VIAD_RIO_DE_LA_PIEDAD_Y_MARCOS_CARRILLO_95,VIAD. RIO DE LA PIEDAD Y MARCOS CARRILLO,REHABILITACION Y CONSTRUCCION DE PUENTES VEHICULARES,,DGCOP,SUPERFICIE DE INTERVENCIÓN,967,,METROS CUADRADOS,actualizacion_dgcop,2026-06-09 17:46:33,,
1641,PLATSOBSE_DGCOP_PUENTES_PEATONALES_HUIPULCO_ESTADIO_AZTECA_60,HUIPULCO ESTADIO AZTECA,REHABILITACION Y CONSTRUCCION DE PUENTES PEATONALES,,DGCOP,LONGITUD,291,,METROS LINEALES,actualizacion_dgcop,2026-06-09 17:46:37,,
1642,PLATSOBSE_DGCOP_PUENTES_PEATONALES_HUIPULCO_ESTADIO_AZTECA_60,HUIPULCO ESTADIO AZTECA,REHABILITACION Y CONSTRUCCION DE PUENTES PEATONALES,,DGCOP,SUPERFICIE DE INTERVENCIÓN,3709,,METROS CUADRADOS,actualizacion_dgcop,2026-06-09 17:46:37,,
1687,PLATSOBSE_DGCOP_PUENTES_PEATONALES_METRO_AQUILES_SERDAN_17,METRO AQUILES SERDAN,REHABILITACION Y CONSTRUCCION DE PUENTES PEATONALES,,DGCOP,SUPERFICIE DE INTERVENCIÓN,128,,METROS CUADRADOS,actualizacion_dgcop,2026-06-09 19:01:45,,
1713,PLATSOBSE_DGCOP_PUENTES_PEATONALES_AV_20_DE_NOVIEMBRE_Y_AV_CUAUHTEMOC_42,AV. 20 DE NOVIEMBRE Y AV. CUAUHTEMOC,REHABILITACION Y CONSTRUCCION DE PUENTES PEATONALES,,DGCOP,LONGITUD,61,,METROS LINEALES,actualizacion_dgcop,2026-06-09 19:36:28,,
1734,PLATSOBSE_DGCOP_PUENTES_PEATONALES_NUEVA_CARRETERA_A_OAXTEPEC_40,NUEVA CARRETERA A OAXTEPEC,REHABILITACION Y CONSTRUCCION DE PUENTES PEATONALES,,DGCOP,LONGITUD,40,,METROS LINEALES,actualizacion_dgcop,2026-06-09 19:57:18,,
727,PLATSOBSE_DGCOP_1_2_3_ESCUELAS_GENARO_ESTRADA_09DJN1128J_09DJN1128J,GENARO ESTRADA,"1,2,3 POR MI ESCUELA RENOVAR PARA TRANSFORMAR",,DGCOP,ALUMNOS BENEFICIADOS,179,,ALUMNOS,actualizacion_dgcop,2026-06-05 19:25:49,,
731,PLATSOBSE_DGCOP_1_2_3_ESCUELAS_ESCUELA_SECUNDARIA_TECNICA_62_09DST0062M_09DST0062M,ESCUELA SECUNDARIA TECNICA 62,"1,2,3 POR MI ESCUELA RENOVAR PARA TRANSFORMAR",,DGCOP,ALUMNOS BENEFICIADOS,229,,ALUMNOS,actualizacion_dgcop,2026-06-05 19:26:32,,
735,PLATSOBSE_DGCOP_1_2_3_ESCUELAS_REPUBLICA_DE_URUGUAY_09DJN1193J_09DJN1193J,REPUBLICA DE URUGUAY,"1,2,3 POR MI ESCUELA RENOVAR PARA TRANSFORMAR",,DGCOP,ALUMNOS BENEFICIADOS,177,,ALUMNOS,actualizacion_dgcop,2026-06-05 19:27:25,,
737,PLATSOBSE_DGCOP_1_2_3_ESCUELAS_SECUNDARIA_FEDERAL_09DES0337S_09DES0337S,SECUNDARIA FEDERAL,"1,2,3 POR MI ESCUELA RENOVAR PARA TRANSFORMAR",,DGCOP,ALUMNOS BENEFICIADOS,500,,ALUMNOS,actualizacion_dgcop,2026-06-05 19:27:51,,
739,PLATSOBSE_DGCOP_1_2_3_ESCUELAS_TEMACHTILOYAN_09DJN1173W_09DJN1173W,TEMACHTILOYAN,"1,2,3 POR MI ESCUELA RENOVAR PARA TRANSFORMAR",,DGCOP,ALUMNOS BENEFICIADOS,214,,ALUMNOS,actualizacion_dgcop,2026-06-05 19:28:14,,
743,PLATSOBSE_DGCOP_1_2_3_ESCUELAS_ALBERT_SCHWEITZER_09DES0133Y_09DES0133Y,ALBERT SCHWEITZER,"1,2,3 POR MI ESCUELA RENOVAR PARA TRANSFORMAR",,DGCOP,ALUMNOS BENEFICIADOS,576,,ALUMNOS,actualizacion_dgcop,2026-06-05 19:29:07,,
747,PLATSOBSE_DGCOP_1_2_3_ESCUELAS_MEXITLI_09DJN0067F_09DJN0067F,MEXITLI,"1,2,3 POR MI ESCUELA RENOVAR PARA TRANSFORMAR",,DGCOP,ALUMNOS BENEFICIADOS,113,,ALUMNOS,actualizacion_dgcop,2026-06-05 19:29:55,,
749,PLATSOBSE_DGCOP_1_2_3_ESCUELAS_JUAREZ_Y_CONSTITUCION_09DPR2063N_09DPR2063N,JUAREZ Y CONSTITUCION,"1,2,3 POR MI ESCUELA RENOVAR PARA TRANSFORMAR",,DGCOP,ALUMNOS BENEFICIADOS,527,,ALUMNOS,actualizacion_dgcop,2026-06-05 19:30:23,,
751,PLATSOBSE_DGCOP_1_2_3_ESCUELAS_REPUBLICA_DE_ARGELIA_09DPR2312D_09DPR2312D,REPUBLICA DE ARGELIA,"1,2,3 POR MI ESCUELA RENOVAR PARA TRANSFORMAR",,DGCOP,ALUMNOS BENEFICIADOS,234,,ALUMNOS,actualizacion_dgcop,2026-06-05 19:30:49,,
753,PLATSOBSE_DGCOP_1_2_3_ESCUELAS_PROFR_RUBEN_MOREIRA_COBOS_09DPR3168O_09DPR3168O,PROFR. RUBEN MOREIRA COBOS,"1,2,3 POR MI ESCUELA RENOVAR PARA TRANSFORMAR",,DGCOP,ALUMNOS BENEFICIADOS,337,,ALUMNOS,actualizacion_dgcop,2026-06-05 19:31:17,,
755,PLATSOBSE_DGCOP_1_2_3_ESCUELAS_ANTONIO_SANCHEZ_MOLINA_09DPR4243L_09DPR4243L,ANTONIO SANCHEZ MOLINA,"1,2,3 POR MI ESCUELA RENOVAR PARA TRANSFORMAR",,DGCOP,ALUMNOS BENEFICIADOS,237,,ALUMNOS,actualizacion_dgcop,2026-06-05 19:31:47,,
757,PLATSOBSE_DGCOP_1_2_3_ESCUELAS_ESCUELA_SECUNDARIA_TECNICA_73_09DST0073S_09DST0073S,ESCUELA SECUNDARIA TECNICA 73,"1,2,3 POR MI ESCUELA RENOVAR PARA TRANSFORMAR",,DGCOP,ALUMNOS BENEFICIADOS,624,,ALUMNOS,actualizacion_dgcop,2026-06-05 19:32:12,,
759,PLATSOBSE_DGCOP_1_2_3_ESCUELAS_PROFR_PEDRO_LOREDO_ORTEGA_09DPR2640X_09DPR2640X,PROFR. PEDRO LOREDO ORTEGA,"1,2,3 POR MI ESCUELA RENOVAR PARA TRANSFORMAR",,DGCOP,ALUMNOS BENEFICIADOS,671,,ALUMNOS,actualizacion_dgcop,2026-06-05 19:32:32,,
761,PLATSOBSE_DGCOP_1_2_3_ESCUELAS_TONATIUH_09DJN0303S_09DJN0303S,TONATIUH,"1,2,3 POR MI ESCUELA RENOVAR PARA TRANSFORMAR",,DGCOP,ALUMNOS BENEFICIADOS,131,,ALUMNOS,actualizacion_dgcop,2026-06-05 19:33:02,,
763,PLATSOBSE_DGCOP_1_2_3_ESCUELAS_LUIS_R_ALARCON_09DPR1699P_09DPR1699P,LUIS R. ALARCON,"1,2,3 POR MI ESCUELA RENOVAR PARA TRANSFORMAR",,DGCOP,ALUMNOS BENEFICIADOS,479,,ALUMNOS,actualizacion_dgcop,2026-06-05 19:33:23,,
765,PLATSOBSE_DGCOP_1_2_3_ESCUELAS_GABINO_A_PALMA_09DJN0519R_09DJN0519R,GABINO A. PALMA,"1,2,3 POR MI ESCUELA RENOVAR PARA TRANSFORMAR",,DGCOP,ALUMNOS BENEFICIADOS,164,,ALUMNOS,actualizacion_dgcop,2026-06-05 19:33:44,,
767,PLATSOBSE_DGCOP_1_2_3_ESCUELAS_TIHUI_09DJN0916Q_09DJN0916Q,TIHUI,"1,2,3 POR MI ESCUELA RENOVAR PARA TRANSFORMAR",,DGCOP,ALUMNOS BENEFICIADOS,146,,ALUMNOS,actualizacion_dgcop,2026-06-05 19:34:01,,
769,PLATSOBSE_DGCOP_1_2_3_ESCUELAS_VICENTE_RIVA_PALACIO_GUERRERO_09DES0192N_09DES0192N,VICENTE RIVA PALACIO GUERRERO,"1,2,3 POR MI ESCUELA RENOVAR PARA TRANSFORMAR",,DGCOP,ALUMNOS BENEFICIADOS,288,,ALUMNOS,actualizacion_dgcop,2026-06-05 19:34:25,,
771,PLATSOBSE_DGCOP_1_2_3_ESCUELAS_MAO_TSE_TUNG_09DPR2424H_09DPR2424H,MAO TSE TUNG,"1,2,3 POR MI ESCUELA RENOVAR PARA TRANSFORMAR",,DGCOP,ALUMNOS BENEFICIADOS,122,,ALUMNOS,actualizacion_dgcop,2026-06-05 19:34:55,,
773,PLATSOBSE_DGCOP_1_2_3_ESCUELAS_ESTADO_DE_NUEVO_LEON_09DPR1614S_09DPR1614S,ESTADO DE NUEVO LEON,"1,2,3 POR MI ESCUELA RENOVAR PARA TRANSFORMAR",,DGCOP,ALUMNOS BENEFICIADOS,518,,ALUMNOS,actualizacion_dgcop,2026-06-05 19:35:18,,
775,PLATSOBSE_DGCOP_1_2_3_ESCUELAS_PORTUGAL_09DJN0520G_09DJN0520G,PORTUGAL,"1,2,3 POR MI ESCUELA RENOVAR PARA TRANSFORMAR",,DGCOP,ALUMNOS BENEFICIADOS,217,,ALUMNOS,actualizacion_dgcop,2026-06-05 19:35:38,,
777,PLATSOBSE_DGCOP_1_2_3_ESCUELAS_GUELATAO_DE_JUAREZ_09DPR2453C_09DPR2453C,GUELATAO DE JUAREZ,"1,2,3 POR MI ESCUELA RENOVAR PARA TRANSFORMAR",,DGCOP,ALUMNOS BENEFICIADOS,315,,ALUMNOS,actualizacion_dgcop,2026-06-05 19:36:02,,
779,PLATSOBSE_DGCOP_1_2_3_ESCUELAS_JUSTO_SIERRA_09DPR1660D_09DPR1660D,JUSTO SIERRA,"1,2,3 POR MI ESCUELA RENOVAR PARA TRANSFORMAR",,DGCOP,ALUMNOS BENEFICIADOS,277,,ALUMNOS,actualizacion_dgcop,2026-06-05 19:36:22,,
781,PLATSOBSE_DGCOP_1_2_3_ESCUELAS_GEORGES_CUISENAIRE_09DPR1232L_09DPR1232L,GEORGES CUISENAIRE,"1,2,3 POR MI ESCUELA RENOVAR PARA TRANSFORMAR",,DGCOP,ALUMNOS BENEFICIADOS,233,,ALUMNOS,actualizacion_dgcop,2026-06-05 19:36:46,,
783,PLATSOBSE_DGCOP_1_2_3_ESCUELAS_SITIO_DE_CUAUTLA_09DPR0020B_09DPR0020B,SITIO DE CUAUTLA,"1,2,3 POR MI ESCUELA RENOVAR PARA TRANSFORMAR",,DGCOP,ALUMNOS BENEFICIADOS,410,,ALUMNOS,actualizacion_dgcop,2026-06-05 19:37:12,,
785,PLATSOBSE_DGCOP_1_2_3_ESCUELAS_VALERIO_TRUJANO_09DPR1786K_09DPR1786K,VALERIO TRUJANO,"1,2,3 POR MI ESCUELA RENOVAR PARA TRANSFORMAR",,DGCOP,ALUMNOS BENEFICIADOS,489,,ALUMNOS,actualizacion_dgcop,2026-06-05 19:37:32,,
787,PLATSOBSE_DGCOP_1_2_3_ESCUELAS_BENITO_JUAREZ_09DPR2241Z_09DPR2241Z,BENITO JUAREZ,"1,2,3 POR MI ESCUELA RENOVAR PARA TRANSFORMAR",,DGCOP,ALUMNOS BENEFICIADOS,584,,ALUMNOS,actualizacion_dgcop,2026-06-05 19:37:56,,
789,PLATSOBSE_DGCOP_1_2_3_ESCUELAS_MARTIN_V_GONZALEZ_09DES0069N_09DES0069N,MARTIN V. GONZALEZ,"1,2,3 POR MI ESCUELA RENOVAR PARA TRANSFORMAR",,DGCOP,ALUMNOS BENEFICIADOS,667,,ALUMNOS,actualizacion_dgcop,2026-06-05 19:38:21,,
791,PLATSOBSE_DGCOP_1_2_3_ESCUELAS_SOTERO_PRIETO_09DPR1628V_09DPR1628V,SOTERO PRIETO,"1,2,3 POR MI ESCUELA RENOVAR PARA TRANSFORMAR",,DGCOP,ALUMNOS BENEFICIADOS,268,,ALUMNOS,actualizacion_dgcop,2026-06-05 19:38:43,,
793,PLATSOBSE_DGCOP_1_2_3_ESCUELAS_JULIO_ZARATE_09DPR2386V_09DPR2386V,JULIO ZARATE,"1,2,3 POR MI ESCUELA RENOVAR PARA TRANSFORMAR",,DGCOP,ALUMNOS BENEFICIADOS,117,,ALUMNOS,actualizacion_dgcop,2026-06-05 19:49:04,,
795,PLATSOBSE_DGCOP_1_2_3_ESCUELAS_PROFRA_CONCEPCION_TARAZAGA_COLOMER_09DPR4008H_09DPR4008H,PROFRA. CONCEPCION TARAZAGA COLOMER,"1,2,3 POR MI ESCUELA RENOVAR PARA TRANSFORMAR",,DGCOP,ALUMNOS BENEFICIADOS,428,,ALUMNOS,actualizacion_dgcop,2026-06-05 19:49:35,,
797,PLATSOBSE_DGCOP_1_2_3_ESCUELAS_JULIAN_CARRILLO_09DES0193M_09DES0193M,JULIAN CARRILLO,"1,2,3 POR MI ESCUELA RENOVAR PARA TRANSFORMAR",,DGCOP,ALUMNOS BENEFICIADOS,387,,ALUMNOS,actualizacion_dgcop,2026-06-05 19:50:02,,
801,PLATSOBSE_DGCOP_1_2_3_ESCUELAS_AGUSTIN_MELGAR_09DJN0262I_09DJN0262I,AGUSTIN MELGAR,"1,2,3 POR MI ESCUELA RENOVAR PARA TRANSFORMAR",,DGCOP,ALUMNOS BENEFICIADOS,124,,ALUMNOS,actualizacion_dgcop,2026-06-05 19:50:45,,
803,PLATSOBSE_DGCOP_1_2_3_ESCUELAS_ADOLFO_CIENFUEGOS_Y_CAMUS_09DPR1737B_09DPR1737B,ADOLFO CIENFUEGOS Y CAMUS,"1,2,3 POR MI ESCUELA RENOVAR PARA TRANSFORMAR",,DGCOP,ALUMNOS BENEFICIADOS,103,,ALUMNOS,actualizacion_dgcop,2026-06-05 19:51:00,,
805,PLATSOBSE_DGCOP_1_2_3_ESCUELAS_GABRIELA_BRIMMER_09DJN0251C_09DJN0251C,GABRIELA BRIMMER,"1,2,3 POR MI ESCUELA RENOVAR PARA TRANSFORMAR",,DGCOP,ALUMNOS BENEFICIADOS,175,,ALUMNOS,actualizacion_dgcop,2026-06-05 19:51:16,,
807,PLATSOBSE_DGCOP_1_2_3_ESCUELAS_ARTEMIO_DE_VALLE_ARIZPE_09DPR2313C_09DPR2313C,ARTEMIO DE VALLE ARIZPE,"1,2,3 POR MI ESCUELA RENOVAR PARA TRANSFORMAR",,DGCOP,ALUMNOS BENEFICIADOS,261,,ALUMNOS,actualizacion_dgcop,2026-06-05 19:51:38,,
819,PLATSOBSE_DGCOP_1_2_3_ESCUELAS_FELIPE_CARRILLO_PUERTO_09DPR5075M_09DPR5075M,FELIPE CARRILLO PUERTO,"1,2,3 POR MI ESCUELA RENOVAR PARA TRANSFORMAR",,DGCOP,ALUMNOS BENEFICIADOS,270,,ALUMNOS,actualizacion_dgcop,2026-06-05 19:54:03,,
825,PLATSOBSE_DGCOP_1_2_3_ESCUELAS_REPUBLICA_DE_HONDURAS_09DES0060W_09DES0060W,REPUBLICA DE HONDURAS,"1,2,3 POR MI ESCUELA RENOVAR PARA TRANSFORMAR",,DGCOP,ALUMNOS BENEFICIADOS,545,,ALUMNOS,actualizacion_dgcop,2026-06-05 19:55:12,,
1436,PLATSOBSE_DGCOP_MTTO_MERCADOS_LAGUNILLA_SAN_CAMILITO_28,LAGUNILLA SAN CAMILITO,MANTENIMIENTO A MERCADOS PUBLICOS,,DGCOP,LOCALES BENEFICIADOS,75,,LOCALES,actualizacion_dgcop,2026-06-08 19:37:43,,
1437,PLATSOBSE_DGCOP_MTTO_MERCADOS_LAGUNILLA_SAN_CAMILITO_28,LAGUNILLA SAN CAMILITO,MANTENIMIENTO A MERCADOS PUBLICOS,,DGCOP,LOCATARIOS BENEFICIADOS,150,,LOCATARIOS,actualizacion_dgcop,2026-06-08 19:37:43,,
1438,PLATSOBSE_DGCOP_MTTO_MERCADOS_LAGUNILLA_SAN_CAMILITO_28,LAGUNILLA SAN CAMILITO,MANTENIMIENTO A MERCADOS PUBLICOS,,DGCOP,SUPERFICIE DE INTERVENCIÓN,3552,,METROS CUADRADOS,actualizacion_dgcop,2026-06-08 19:37:43,,
1514,PLATSOBSE_DGCOP_PUENTES_PEATONALES_BLVD_PUERTO_AEREO_Y_CALLE_NORTE_25_10,BLVD. PUERTO AEREO Y CALLE NORTE 25,REHABILITACION Y CONSTRUCCION DE PUENTES PEATONALES,,DGCOP,LONGITUD,76,,METROS LINEALES,actualizacion_dgcop,2026-06-09 0:25:07,,
1515,PLATSOBSE_DGCOP_PUENTES_PEATONALES_BLVD_PUERTO_AEREO_Y_CALLE_NORTE_25_10,BLVD. PUERTO AEREO Y CALLE NORTE 25,REHABILITACION Y CONSTRUCCION DE PUENTES PEATONALES,,DGCOP,SUPERFICIE DE INTERVENCIÓN,201,,METROS CUADRADOS,actualizacion_dgcop,2026-06-09 0:25:07,,
1520,PLATSOBSE_DGCOP_PUENTES_PEATONALES_CALZ_CAMARONES_EJE_2_NORTE_14,CALZ. CAMARONES - EJE 2 NORTE,REHABILITACION Y CONSTRUCCION DE PUENTES PEATONALES,,DGCOP,LONGITUD,91,,METROS LINEALES,actualizacion_dgcop,2026-06-09 0:32:12,,
1521,PLATSOBSE_DGCOP_PUENTES_PEATONALES_CALZ_CAMARONES_EJE_2_NORTE_14,CALZ. CAMARONES - EJE 2 NORTE,REHABILITACION Y CONSTRUCCION DE PUENTES PEATONALES,,DGCOP,SUPERFICIE DE INTERVENCIÓN,197,,METROS CUADRADOS,actualizacion_dgcop,2026-06-09 0:32:12,,
1523,PLATSOBSE_DGCOP_PUENTES_PEATONALES_CALZ_CAMARONES_ESQ_GALEANA_15,CALZ. CAMARONES ESQ. GALEANA,REHABILITACION Y CONSTRUCCION DE PUENTES PEATONALES,,DGCOP,LONGITUD,68,,METROS LINEALES,actualizacion_dgcop,2026-06-09 0:35:33,,
1524,PLATSOBSE_DGCOP_PUENTES_PEATONALES_CALZ_CAMARONES_ESQ_GALEANA_15,CALZ. CAMARONES ESQ. GALEANA,REHABILITACION Y CONSTRUCCION DE PUENTES PEATONALES,,DGCOP,SUPERFICIE DE INTERVENCIÓN,100,,METROS CUADRADOS,actualizacion_dgcop,2026-06-09 0:35:33,,
1573,PLATSOBSE_DGCOP_CASA_3R_PILARES_XIMENA_GUZMAN_CUEVAS_8,PILARES XIMENA GUZMAN CUEVAS,"SISTEMA PUBLICO DE CUIDADOS ""CASA DE LAS 3RS""",,DGCOP,SUPERFICIE DEL PREDIO,2886,,METROS CUADRADOS,actualizacion_dgcop,2026-06-09 1:39:24,,
1574,PLATSOBSE_DGCOP_CASA_3R_PILARES_XIMENA_GUZMAN_CUEVAS_8,PILARES XIMENA GUZMAN CUEVAS,"SISTEMA PUBLICO DE CUIDADOS ""CASA DE LAS 3RS""",,DGCOP,SUPERFICIE DE INTERVENCIÓN,2391,,METROS CUADRADOS,actualizacion_dgcop,2026-06-09 1:39:24,,
799,PLATSOBSE_DGCOP_1_2_3_ESCUELAS_GRECIA_09DPR2076R_09DPR2076R,GRECIA,"1,2,3 POR MI ESCUELA RENOVAR PARA TRANSFORMAR",,DGCOP,ALUMNOS BENEFICIADOS,459,,ALUMNOS,actualizacion_dgcop,2026-06-05 19:50:26,,
809,PLATSOBSE_DGCOP_1_2_3_ESCUELAS_AZCAPOTZALCO_09DES0203C_09DES0203C,AZCAPOTZALCO,"1,2,3 POR MI ESCUELA RENOVAR PARA TRANSFORMAR",,DGCOP,ALUMNOS BENEFICIADOS,323,,ALUMNOS,actualizacion_dgcop,2026-06-05 19:52:00,,
811,PLATSOBSE_DGCOP_1_2_3_ESCUELAS_PROFR_ARNULFO_PEREZ_HERNANDEZ_09DPR3243E_09DPR3243E,PROFR. ARNULFO PEREZ HERNANDEZ,"1,2,3 POR MI ESCUELA RENOVAR PARA TRANSFORMAR",,DGCOP,ALUMNOS BENEFICIADOS,303,,ALUMNOS,actualizacion_dgcop,2026-06-05 19:52:28,,
813,PLATSOBSE_DGCOP_1_2_3_ESCUELAS_ANTONIO_CARRILLO_FLORES_09DES0289Z_09DES0289Z,ANTONIO CARRILLO FLORES,"1,2,3 POR MI ESCUELA RENOVAR PARA TRANSFORMAR",,DGCOP,ALUMNOS BENEFICIADOS,484,,ALUMNOS,actualizacion_dgcop,2026-06-05 19:52:52,,
815,PLATSOBSE_DGCOP_1_2_3_ESCUELAS_ESTADO_DE_OAXACA_09DPR2753Z_09DPR2753Z,ESTADO DE OAXACA,"1,2,3 POR MI ESCUELA RENOVAR PARA TRANSFORMAR",,DGCOP,ALUMNOS BENEFICIADOS,214,,ALUMNOS,actualizacion_dgcop,2026-06-05 19:53:11,,
817,PLATSOBSE_DGCOP_1_2_3_ESCUELAS_LUIS_GONZALEZ_Y_GONZALEZ_09DES0277U_09DES0277U,LUIS GONZALEZ Y GONZALEZ,"1,2,3 POR MI ESCUELA RENOVAR PARA TRANSFORMAR",,DGCOP,ALUMNOS BENEFICIADOS,343,,ALUMNOS,actualizacion_dgcop,2026-06-05 19:53:29,,
821,PLATSOBSE_DGCOP_1_2_3_ESCUELAS_ESTADO_DE_GUANAJUATO_09DPR1613T_09DPR1613T,ESTADO DE GUANAJUATO,"1,2,3 POR MI ESCUELA RENOVAR PARA TRANSFORMAR",,DGCOP,ALUMNOS BENEFICIADOS,141,,ALUMNOS,actualizacion_dgcop,2026-06-05 19:54:24,,
823,PLATSOBSE_DGCOP_1_2_3_ESCUELAS_REPUBLICA_FEDERAL_DE_ALEMANIA_09DPR0923Q_09DPR0923Q,REPUBLICA FEDERAL DE ALEMANIA,"1,2,3 POR MI ESCUELA RENOVAR PARA TRANSFORMAR",,DGCOP,ALUMNOS BENEFICIADOS,466,,ALUMNOS,actualizacion_dgcop,2026-06-05 19:54:45,,
827,PLATSOBSE_DGCOP_1_2_3_ESCUELAS_REPUBLICA_ARABE_UNIDA_09DPR2708N_09DPR2708N,REPUBLICA ARABE UNIDA,"1,2,3 POR MI ESCUELA RENOVAR PARA TRANSFORMAR",,DGCOP,ALUMNOS BENEFICIADOS,420,,ALUMNOS,actualizacion_dgcop,2026-06-05 19:55:40,,
829,PLATSOBSE_DGCOP_1_2_3_ESCUELAS_CANDIDO_NAVARRO_09DPR1620C_09DPR1620C,CANDIDO NAVARRO,"1,2,3 POR MI ESCUELA RENOVAR PARA TRANSFORMAR",,DGCOP,ALUMNOS BENEFICIADOS,309,,ALUMNOS,actualizacion_dgcop,2026-06-05 19:56:09,,
831,PLATSOBSE_DGCOP_1_2_3_ESCUELAS_AURELIO_MALDONADO_CEDILLO_09DPR2152G_09DPR2152G,AURELIO MALDONADO CEDILLO,"1,2,3 POR MI ESCUELA RENOVAR PARA TRANSFORMAR",,DGCOP,ALUMNOS BENEFICIADOS,494,,ALUMNOS,actualizacion_dgcop,2026-06-05 19:56:26,,
833,PLATSOBSE_DGCOP_1_2_3_ESCUELAS_ICHCATEOPAN_09DPR1708G_09DPR1708G,ICHCATEOPAN,"1,2,3 POR MI ESCUELA RENOVAR PARA TRANSFORMAR",,DGCOP,ALUMNOS BENEFICIADOS,206,,ALUMNOS,actualizacion_dgcop,2026-06-05 19:56:52,,
835,PLATSOBSE_DGCOP_1_2_3_ESCUELAS_LIBERACION_CAMPESINA_09DPR1654T_09DPR1654T,LIBERACION CAMPESINA,"1,2,3 POR MI ESCUELA RENOVAR PARA TRANSFORMAR",,DGCOP,ALUMNOS BENEFICIADOS,396,,ALUMNOS,actualizacion_dgcop,2026-06-05 19:57:17,,
837,PLATSOBSE_DGCOP_1_2_3_ESCUELAS_HEROES_DEL_SUR_09DPR1641P_09DPR1641P,HEROES DEL SUR,"1,2,3 POR MI ESCUELA RENOVAR PARA TRANSFORMAR",,DGCOP,ALUMNOS BENEFICIADOS,376,,ALUMNOS,actualizacion_dgcop,2026-06-05 19:57:48,,
839,PLATSOBSE_DGCOP_1_2_3_ESCUELAS_FRANCISCO_EDUARDO_TRESGUERRAS_09DPR1717O_09DPR1717O,FRANCISCO EDUARDO TRESGUERRAS,"1,2,3 POR MI ESCUELA RENOVAR PARA TRANSFORMAR",,DGCOP,ALUMNOS BENEFICIADOS,95,,ALUMNOS,actualizacion_dgcop,2026-06-05 19:58:06,,
841,PLATSOBSE_DGCOP_1_2_3_ESCUELAS_HERMINIO_KENNY_09DJN0787M_09DJN0787M,HERMINIO KENNY,"1,2,3 POR MI ESCUELA RENOVAR PARA TRANSFORMAR",,DGCOP,ALUMNOS BENEFICIADOS,108,,ALUMNOS,actualizacion_dgcop,2026-06-05 19:58:29,,
843,PLATSOBSE_DGCOP_1_2_3_ESCUELAS_NINOS_HEROES_09DPR4515M_09DPR4515M,NINOS HEROES,"1,2,3 POR MI ESCUELA RENOVAR PARA TRANSFORMAR",,DGCOP,ALUMNOS BENEFICIADOS,216,,ALUMNOS,actualizacion_dgcop,2026-06-05 19:58:46,,
851,PLATSOBSE_DGCOP_1_2_3_ESCUELAS_PROFR_MAXIMILIANO_MOLINA_FUENTE_09DPR5147P_09DPR5147P,PROFR. MAXIMILIANO MOLINA FUENTE,"1,2,3 POR MI ESCUELA RENOVAR PARA TRANSFORMAR",,DGCOP,ALUMNOS BENEFICIADOS,871,,ALUMNOS,actualizacion_dgcop,2026-06-05 20:00:15,,
857,PLATSOBSE_DGCOP_1_2_3_ESCUELAS_IGNACIO_RAMIREZ_09DJN0483T_09DJN0483T,IGNACIO RAMIREZ,"1,2,3 POR MI ESCUELA RENOVAR PARA TRANSFORMAR",,DGCOP,ALUMNOS BENEFICIADOS,227,,ALUMNOS,actualizacion_dgcop,2026-06-05 20:01:10,,
859,PLATSOBSE_DGCOP_1_2_3_ESCUELAS_CENTRO_DE_ATENCION_MULTIPLE_NO_15_09DML0062J_09DML0062J,CENTRO DE ATENCION MULTIPLE No. 15,"1,2,3 POR MI ESCUELA RENOVAR PARA TRANSFORMAR",,DGCOP,ALUMNOS BENEFICIADOS,82,,ALUMNOS,actualizacion_dgcop,2026-06-05 20:01:32,,
861,PLATSOBSE_DGCOP_1_2_3_ESCUELAS_CENTRO_DE_ATENCION_MULTIPLE_NO_105_09DML0139H_09DML0139H,CENTRO DE ATENCION MULTIPLE No. 105,"1,2,3 POR MI ESCUELA RENOVAR PARA TRANSFORMAR",,DGCOP,ALUMNOS BENEFICIADOS,111,,ALUMNOS,actualizacion_dgcop,2026-06-05 20:01:51,,
863,PLATSOBSE_DGCOP_1_2_3_ESCUELAS_DR_AGUSTIN_RIVERA_09DPR2505S_09DPR2505S,DR. AGUSTIN RIVERA,"1,2,3 POR MI ESCUELA RENOVAR PARA TRANSFORMAR",,DGCOP,ALUMNOS BENEFICIADOS,365,,ALUMNOS,actualizacion_dgcop,2026-06-05 20:02:18,,
865,PLATSOBSE_DGCOP_1_2_3_ESCUELAS_MANUEL_LOPEZ_COTILLA_09DPR2525F_09DPR2525F,MANUEL LOPEZ COTILLA,"1,2,3 POR MI ESCUELA RENOVAR PARA TRANSFORMAR",,DGCOP,ALUMNOS BENEFICIADOS,258,,ALUMNOS,actualizacion_dgcop,2026-06-05 20:02:36,,
1432,PLATSOBSE_DGCOP_MTTO_MERCADOS_60_GRANADITAS_23,# 60 GRANADITAS,MANTENIMIENTO A MERCADOS PUBLICOS,,DGCOP,LOCALES BENEFICIADOS,709,,LOCALES,actualizacion_dgcop,2026-06-08 19:36:53,,
1433,PLATSOBSE_DGCOP_MTTO_MERCADOS_60_GRANADITAS_23,# 60 GRANADITAS,MANTENIMIENTO A MERCADOS PUBLICOS,,DGCOP,LOCATARIOS BENEFICIADOS,1418,,LOCATARIOS,actualizacion_dgcop,2026-06-08 19:36:53,,
1434,PLATSOBSE_DGCOP_MTTO_MERCADOS_60_GRANADITAS_23,# 60 GRANADITAS,MANTENIMIENTO A MERCADOS PUBLICOS,,DGCOP,SUPERFICIE DE INTERVENCIÓN,7796,,METROS CUADRADOS,actualizacion_dgcop,2026-06-08 19:36:53,,
1440,PLATSOBSE_DGCOP_MTTO_MERCADOS_LAGO_13,LAGO,MANTENIMIENTO A MERCADOS PUBLICOS,,DGCOP,LOCALES BENEFICIADOS,103,,LOCALES,actualizacion_dgcop,2026-06-08 19:38:57,,
1441,PLATSOBSE_DGCOP_MTTO_MERCADOS_LAGO_13,LAGO,MANTENIMIENTO A MERCADOS PUBLICOS,,DGCOP,LOCATARIOS BENEFICIADOS,206,,LOCATARIOS,actualizacion_dgcop,2026-06-08 19:38:57,,
1442,PLATSOBSE_DGCOP_MTTO_MERCADOS_LAGO_13,LAGO,MANTENIMIENTO A MERCADOS PUBLICOS,,DGCOP,SUPERFICIE DE INTERVENCIÓN,1088,,METROS CUADRADOS,actualizacion_dgcop,2026-06-08 19:38:57,,
1517,PLATSOBSE_DGCOP_PUENTES_PEATONALES_RIO_DE_LA_MAGDALENA_CASI_ESQUINA_CON_ACOPATITLA_5,RIO DE LA MAGDALENA CASI ESQUINA CON ACOPATITLA,REHABILITACION Y CONSTRUCCION DE PUENTES PEATONALES,,DGCOP,LONGITUD,18,,METROS LINEALES,actualizacion_dgcop,2026-06-09 0:27:29,,
1518,PLATSOBSE_DGCOP_PUENTES_PEATONALES_RIO_DE_LA_MAGDALENA_CASI_ESQUINA_CON_ACOPATITLA_5,RIO DE LA MAGDALENA CASI ESQUINA CON ACOPATITLA,REHABILITACION Y CONSTRUCCION DE PUENTES PEATONALES,,DGCOP,SUPERFICIE DE INTERVENCIÓN,39,,METROS CUADRADOS,actualizacion_dgcop,2026-06-09 0:27:29,,
1575,PLATSOBSE_DGCOP_CASA_3R_PILARES_XIMENA_GUZMAN_CUEVAS_8,PILARES XIMENA GUZMAN CUEVAS,"SISTEMA PUBLICO DE CUIDADOS ""CASA DE LAS 3RS""",,DGCOP,SUPERFICIE DE CONSTRUCCIÓN,0,,METROS CUADRADOS,actualizacion_dgcop,2026-06-09 1:39:24,,
1576,PLATSOBSE_DGCOP_CASA_3R_PILARES_XIMENA_GUZMAN_CUEVAS_8,PILARES XIMENA GUZMAN CUEVAS,"SISTEMA PUBLICO DE CUIDADOS ""CASA DE LAS 3RS""",,DGCOP,POBLACION BENEFICIADA (1.5KM),147680,,PERSONAS,actualizacion_dgcop,2026-06-09 1:39:24,,
1644,PLATSOBSE_DGCOP_PUENTES_PEATONALES_AV_ANTIGUO_CAMINO_A_CUERNAVACA_Y_LA_CERRADA_DE_AYOCATITLA_59,AV. ANTIGUO CAMINO A CUERNAVACA Y LA CERRADA DE AYOCATITLA,REHABILITACION Y CONSTRUCCION DE PUENTES PEATONALES,,DGCOP,LONGITUD,13,,METROS LINEALES,actualizacion_dgcop,2026-06-09 17:50:35,,
1645,PLATSOBSE_DGCOP_PUENTES_PEATONALES_AV_ANTIGUO_CAMINO_A_CUERNAVACA_Y_LA_CERRADA_DE_AYOCATITLA_59,AV. ANTIGUO CAMINO A CUERNAVACA Y LA CERRADA DE AYOCATITLA,REHABILITACION Y CONSTRUCCION DE PUENTES PEATONALES,,DGCOP,SUPERFICIE DE INTERVENCIÓN,12,,METROS CUADRADOS,actualizacion_dgcop,2026-06-09 17:50:35,,
845,PLATSOBSE_DGCOP_1_2_3_ESCUELAS_CENTRAL_DE_LABORATORIOS_Y_TALLERES_NO_2_09FLB0002N_09FLB0002N,CENTRAL DE LABORATORIOS Y TALLERES No. 2,"1,2,3 POR MI ESCUELA RENOVAR PARA TRANSFORMAR",,DGCOP,ALUMNOS BENEFICIADOS,957,,ALUMNOS,actualizacion_dgcop,2026-06-05 19:59:12,,
847,PLATSOBSE_DGCOP_1_2_3_ESCUELAS_JUAN_DE_DIOS_PEZA_09DJN0718Q_09DJN0718Q,JUAN DE DIOS PEZA,"1,2,3 POR MI ESCUELA RENOVAR PARA TRANSFORMAR",,DGCOP,ALUMNOS BENEFICIADOS,82,,ALUMNOS,actualizacion_dgcop,2026-06-05 19:59:31,,
849,PLATSOBSE_DGCOP_1_2_3_ESCUELAS_AMALIA_GLEZ_CABALLERO_DE_CASTILLO_LEDON_09DJN1192K_09DJN1192K,AMALIA GLEZ CABALLERO DE CASTILLO LEDON,"1,2,3 POR MI ESCUELA RENOVAR PARA TRANSFORMAR",,DGCOP,ALUMNOS BENEFICIADOS,123,,ALUMNOS,actualizacion_dgcop,2026-06-05 19:59:55,,
853,PLATSOBSE_DGCOP_1_2_3_ESCUELAS_SUSAN_BLUW_GRIMSLY_09DJN0113A_09DJN0113A,SUSAN BLUW GRIMSLY,"1,2,3 POR MI ESCUELA RENOVAR PARA TRANSFORMAR",,DGCOP,ALUMNOS BENEFICIADOS,259,,ALUMNOS,actualizacion_dgcop,2026-06-05 20:00:37,,
855,PLATSOBSE_DGCOP_1_2_3_ESCUELAS_CAI_SEP_NO_32_CITLALPILYOCAN_09DDI0039N_09DDI0039N,CAI SEP NO 32 CITLALPILYOCAN,"1,2,3 POR MI ESCUELA RENOVAR PARA TRANSFORMAR",,DGCOP,ALUMNOS BENEFICIADOS,164,,ALUMNOS,actualizacion_dgcop,2026-06-05 20:00:54,,
867,PLATSOBSE_DGCOP_1_2_3_ESCUELAS_FEDERICO_CHOPIN_09DJN1097G_09DJN1097G,FEDERICO CHOPIN,"1,2,3 POR MI ESCUELA RENOVAR PARA TRANSFORMAR",,DGCOP,ALUMNOS BENEFICIADOS,216,,ALUMNOS,actualizacion_dgcop,2026-06-05 20:02:56,,
869,PLATSOBSE_DGCOP_1_2_3_ESCUELAS_AMADO_NERVO_09DES0174Y_09DES0174Y,AMADO NERVO,"1,2,3 POR MI ESCUELA RENOVAR PARA TRANSFORMAR",,DGCOP,ALUMNOS BENEFICIADOS,302,,ALUMNOS,actualizacion_dgcop,2026-06-05 20:03:12,,
871,PLATSOBSE_DGCOP_1_2_3_ESCUELAS_SOUMAYA_DOMIT_GEMAYEL_09DES0227M_09DES0227M,SOUMAYA DOMIT GEMAYEL,"1,2,3 POR MI ESCUELA RENOVAR PARA TRANSFORMAR",,DGCOP,ALUMNOS BENEFICIADOS,227,,ALUMNOS,actualizacion_dgcop,2026-06-05 20:03:29,,
873,PLATSOBSE_DGCOP_1_2_3_ESCUELAS_LIC_ADOLFO_LOPEZ_MATEOS_09DPR0117N_09DPR0117N,LIC. ADOLFO LOPEZ MATEOS,"1,2,3 POR MI ESCUELA RENOVAR PARA TRANSFORMAR",,DGCOP,ALUMNOS BENEFICIADOS,320,,ALUMNOS,actualizacion_dgcop,2026-06-05 20:03:47,,
875,PLATSOBSE_DGCOP_1_2_3_ESCUELAS_VICENTE_GUERRERO_09DPR1779A_09DPR1779A,VICENTE GUERRERO,"1,2,3 POR MI ESCUELA RENOVAR PARA TRANSFORMAR",,DGCOP,ALUMNOS BENEFICIADOS,601,,ALUMNOS,actualizacion_dgcop,2026-06-05 20:04:19,,
877,PLATSOBSE_DGCOP_1_2_3_ESCUELAS_CAI_SEP_NO_15_CAROLINA_AGAZZI_09DDI0015D_09DDI0015D,CAI SEP NO 15 CAROLINA AGAZZI,"1,2,3 POR MI ESCUELA RENOVAR PARA TRANSFORMAR",,DGCOP,ALUMNOS BENEFICIADOS,56,,ALUMNOS,actualizacion_dgcop,2026-06-05 20:04:36,,
879,PLATSOBSE_DGCOP_1_2_3_ESCUELAS_JOSEFA_MURILLO_09DJN0478H_09DJN0478H,JOSEFA MURILLO,"1,2,3 POR MI ESCUELA RENOVAR PARA TRANSFORMAR",,DGCOP,ALUMNOS BENEFICIADOS,148,,ALUMNOS,actualizacion_dgcop,2026-06-05 20:04:54,,
881,PLATSOBSE_DGCOP_1_2_3_ESCUELAS_JESUS_MASTACHE_ROMAN_09DPR2879G_09DPR2879G,JESUS MASTACHE ROMAN,"1,2,3 POR MI ESCUELA RENOVAR PARA TRANSFORMAR",,DGCOP,ALUMNOS BENEFICIADOS,207,,ALUMNOS,actualizacion_dgcop,2026-06-05 20:05:12,,
883,PLATSOBSE_DGCOP_1_2_3_ESCUELAS_KAMBESAH_09DJN1234T_09DJN1234T,KAMBESAH,"1,2,3 POR MI ESCUELA RENOVAR PARA TRANSFORMAR",,DGCOP,ALUMNOS BENEFICIADOS,125,,ALUMNOS,actualizacion_dgcop,2026-06-05 20:05:28,,
885,PLATSOBSE_DGCOP_1_2_3_ESCUELAS_PROFR_JOSE_ROMERO_Y_FUENTES_09DPR2817U_09DPR2817U,PROFR. JOSE ROMERO Y FUENTES,"1,2,3 POR MI ESCUELA RENOVAR PARA TRANSFORMAR",,DGCOP,ALUMNOS BENEFICIADOS,617,,ALUMNOS,actualizacion_dgcop,2026-06-05 20:05:44,,
933,PLATSOBSE_DGCOP_CONST_UTOPIAS_EL_PARIAN_2,EL PARIAN,CONSTRUCCION DE UTOPIAS,,DGCOP,POBLACION BENEFICIADA (1.5KM),72339,,PERSONAS,actualizacion_dgcop,2026-06-05 20:20:05,,
887,PLATSOBSE_DGCOP_1_2_3_ESCUELAS_ALFONSO_NORIEGA_CANTU_09DES0233X_09DES0233X,ALFONSO NORIEGA CANTU,"1,2,3 POR MI ESCUELA RENOVAR PARA TRANSFORMAR",,DGCOP,ALUMNOS BENEFICIADOS,351,,ALUMNOS,actualizacion_dgcop,2026-06-05 20:06:06,,
889,PLATSOBSE_DGCOP_1_2_3_ESCUELAS_JOSE_MA_LUIS_MORA_09DES0128M_09DES0128M,JOSE MA. LUIS MORA,"1,2,3 POR MI ESCUELA RENOVAR PARA TRANSFORMAR",,DGCOP,ALUMNOS BENEFICIADOS,398,,ALUMNOS,actualizacion_dgcop,2026-06-05 20:06:24,,
1444,PLATSOBSE_DGCOP_MTTO_MERCADOS_LOS_REYES_COYOACAN_17,LOS REYES COYOACAN,MANTENIMIENTO A MERCADOS PUBLICOS,,DGCOP,LOCALES BENEFICIADOS,104,,LOCALES,actualizacion_dgcop,2026-06-08 19:40:02,,
1445,PLATSOBSE_DGCOP_MTTO_MERCADOS_LOS_REYES_COYOACAN_17,LOS REYES COYOACAN,MANTENIMIENTO A MERCADOS PUBLICOS,,DGCOP,LOCATARIOS BENEFICIADOS,208,,LOCATARIOS,actualizacion_dgcop,2026-06-08 19:40:02,,
1446,PLATSOBSE_DGCOP_MTTO_MERCADOS_LOS_REYES_COYOACAN_17,LOS REYES COYOACAN,MANTENIMIENTO A MERCADOS PUBLICOS,,DGCOP,SUPERFICIE DE INTERVENCIÓN,3987,,METROS CUADRADOS,actualizacion_dgcop,2026-06-08 19:40:02,,
1578,PLATSOBSE_DGCOP_REHABILITACION_CONSTRUCCION_AV_ERMITA_IZTAPALAPA,AV. ERMITA IZTAPALAPA Y FCO. DEL PASO Y TRONCOSO (EJE 3 OTE.) PUENTE ERMITA IZTAPALAPA - EJE 3 ORIENTE,REHABILITACION Y CONSTRUCCION DE PUENTES VEHICULARES,,DGCOP,LONGITUD,428,,METROS LINEALES,actualizacion_dgcop,2026-06-09 16:24:03,,
1579,PLATSOBSE_DGCOP_REHABILITACION_CONSTRUCCION_AV_ERMITA_IZTAPALAPA,AV. ERMITA IZTAPALAPA Y FCO. DEL PASO Y TRONCOSO (EJE 3 OTE.) PUENTE ERMITA IZTAPALAPA - EJE 3 ORIENTE,REHABILITACION Y CONSTRUCCION DE PUENTES VEHICULARES,,DGCOP,SUPERFICIE DE INTERVENCIÓN,4982,,METROS CUADRADOS,actualizacion_dgcop,2026-06-09 16:24:03,,
1647,PLATSOBSE_DGCOP_PUENTES_VEHICULARES_VENTISCA_106,VENTISCA,REHABILITACION Y CONSTRUCCION DE PUENTES VEHICULARES,,DGCOP,LONGITUD,324,,METROS LINEALES,actualizacion_dgcop,2026-06-09 17:53:05,,
1648,PLATSOBSE_DGCOP_PUENTES_VEHICULARES_VENTISCA_106,VENTISCA,REHABILITACION Y CONSTRUCCION DE PUENTES VEHICULARES,,DGCOP,SUPERFICIE DE INTERVENCIÓN,5590,,METROS CUADRADOS,actualizacion_dgcop,2026-06-09 17:53:05,,
1689,PLATSOBSE_DGCOP_PUENTES_VEHICULARES_AUTOPISTA_MEXICO_PUEBLA_DIR_AMADOR_SALAZAR_12,AUTOPISTA MEXICO-PUEBLA (DIR. AMADOR SALAZAR),REHABILITACION Y CONSTRUCCION DE PUENTES VEHICULARES,,DGCOP,LONGITUD,545,,METROS LINEALES,actualizacion_dgcop,2026-06-09 19:15:28,,
1690,PLATSOBSE_DGCOP_PUENTES_VEHICULARES_AUTOPISTA_MEXICO_PUEBLA_DIR_AMADOR_SALAZAR_12,AUTOPISTA MEXICO-PUEBLA (DIR. AMADOR SALAZAR),REHABILITACION Y CONSTRUCCION DE PUENTES VEHICULARES,,DGCOP,SUPERFICIE DE INTERVENCIÓN,4847,,METROS CUADRADOS,actualizacion_dgcop,2026-06-09 19:15:28,,
1692,PLATSOBSE_DGCOP_PUENTES_PEATONALES_EJE_1_PONIENTE_CALZ_VALLEJO_ESQUINA_BRAHMS_19,EJE 1 PONIENTE (CALZ. VALLEJO) ESQUINA BRAHMS,REHABILITACION Y CONSTRUCCION DE PUENTES PEATONALES,,DGCOP,LONGITUD,192,,METROS LINEALES,actualizacion_dgcop,2026-06-09 19:16:00,,
1693,PLATSOBSE_DGCOP_PUENTES_PEATONALES_EJE_1_PONIENTE_CALZ_VALLEJO_ESQUINA_BRAHMS_19,EJE 1 PONIENTE (CALZ. VALLEJO) ESQUINA BRAHMS,REHABILITACION Y CONSTRUCCION DE PUENTES PEATONALES,,DGCOP,SUPERFICIE DE INTERVENCIÓN,500,,METROS CUADRADOS,actualizacion_dgcop,2026-06-09 19:16:00,,
1714,PLATSOBSE_DGCOP_PUENTES_PEATONALES_AV_20_DE_NOVIEMBRE_Y_AV_CUAUHTEMOC_42,AV. 20 DE NOVIEMBRE Y AV. CUAUHTEMOC,REHABILITACION Y CONSTRUCCION DE PUENTES PEATONALES,,DGCOP,SUPERFICIE DE INTERVENCIÓN,155,,METROS CUADRADOS,actualizacion_dgcop,2026-06-09 19:36:28,,
1716,PLATSOBSE_DGCOP_PUENTES_VEHICULARES_AV_DEL_TALLER_Y_EJE_3_94,AV. DEL TALLER Y EJE 3,REHABILITACION Y CONSTRUCCION DE PUENTES VEHICULARES,,DGCOP,LONGITUD,251,,METROS LINEALES,actualizacion_dgcop,2026-06-09 19:36:57,,
1717,PLATSOBSE_DGCOP_PUENTES_VEHICULARES_AV_DEL_TALLER_Y_EJE_3_94,AV. DEL TALLER Y EJE 3,REHABILITACION Y CONSTRUCCION DE PUENTES VEHICULARES,,DGCOP,SUPERFICIE DE INTERVENCIÓN,2210,,METROS CUADRADOS,actualizacion_dgcop,2026-06-09 19:36:57,,
1722,PLATSOBSE_DGCOP_PUENTES_VEHICULARES_AUTOPISTA_MEXICO_PUEBLA_DIR_AMADOR_SALAZAR_Y_AV_MEXICO_SAN_MIGUEL_TEOTONGO_CONCORDIA_13,AUTOPISTA MEXICO-PUEBLA (DIR. AMADOR SALAZAR) Y AV. MEXICO SAN MIGUEL TEOTONGO (CONCORDIA),REHABILITACION Y CONSTRUCCION DE PUENTES VEHICULARES,,DGCOP,LONGITUD,249,,METROS LINEALES,actualizacion_dgcop,2026-06-09 19:42:13,,
1723,PLATSOBSE_DGCOP_PUENTES_VEHICULARES_AUTOPISTA_MEXICO_PUEBLA_DIR_AMADOR_SALAZAR_Y_AV_MEXICO_SAN_MIGUEL_TEOTONGO_CONCORDIA_13,AUTOPISTA MEXICO-PUEBLA (DIR. AMADOR SALAZAR) Y AV. MEXICO SAN MIGUEL TEOTONGO (CONCORDIA),REHABILITACION Y CONSTRUCCION DE PUENTES VEHICULARES,,DGCOP,SUPERFICIE DE INTERVENCIÓN,2492,,METROS CUADRADOS,actualizacion_dgcop,2026-06-09 19:42:13,,
891,PLATSOBSE_DGCOP_1_2_3_ESCUELAS_FRANCISCO_GOITIA_09DJN0641S_09DJN0641S,FRANCISCO GOITIA,"1,2,3 POR MI ESCUELA RENOVAR PARA TRANSFORMAR",,DGCOP,ALUMNOS BENEFICIADOS,241,,ALUMNOS,actualizacion_dgcop,2026-06-05 20:07:13,,
893,PLATSOBSE_DGCOP_CONST_UTOPIAS_CEYLAN_6,CEYLAN,CONSTRUCCION DE UTOPIAS,,DGCOP,SUPERFICIE DEL PREDIO,29732,,METROS CUADRADOS,actualizacion_dgcop,2026-06-05 20:14:02,,
894,PLATSOBSE_DGCOP_CONST_UTOPIAS_CEYLAN_6,CEYLAN,CONSTRUCCION DE UTOPIAS,,DGCOP,SUPERFICIE DE INTERVENCIÓN,29732,,METROS CUADRADOS,actualizacion_dgcop,2026-06-05 20:14:02,,
895,PLATSOBSE_DGCOP_CONST_UTOPIAS_CEYLAN_6,CEYLAN,CONSTRUCCION DE UTOPIAS,,DGCOP,SUPERFICIE DE CONSTRUCCIÓN,6982,,METROS CUADRADOS,actualizacion_dgcop,2026-06-05 20:14:02,,
896,PLATSOBSE_DGCOP_CONST_UTOPIAS_CEYLAN_6,CEYLAN,CONSTRUCCION DE UTOPIAS,,DGCOP,POBLACION BENEFICIADA (1.5KM),73447,,PERSONAS,actualizacion_dgcop,2026-06-05 20:14:02,,
897,PLATSOBSE_DGCOP_CONST_UTOPIAS_CEYLAN_6,CEYLAN,CONSTRUCCION DE UTOPIAS,,DGCOP,SUPERFICIE DE AREA LIBRE,22750,,METROS CUADRADOS,actualizacion_dgcop,2026-06-05 20:14:02,,
898,PLATSOBSE_DGCOP_CONST_UTOPIAS_CEYLAN_6,CEYLAN,CONSTRUCCION DE UTOPIAS,,DGCOP,VOCACION DE LA UTOPIA,,"REBOTOPIA: TECNOLOGIA, ROBOTICA",TEMA,actualizacion_dgcop,2026-06-05 20:14:02,actualizacion_dgcop,2026-06-05 20:14:35
902,PLATSOBSE_DGCOP_CONST_UTOPIAS_MAGDALENA_MIXIHUCA_7,MAGDALENA MIXIHUCA,CONSTRUCCION DE UTOPIAS,,DGCOP,SUPERFICIE DEL PREDIO,120902,,METROS CUADRADOS,actualizacion_dgcop,2026-06-05 20:15:48,,
903,PLATSOBSE_DGCOP_CONST_UTOPIAS_MAGDALENA_MIXIHUCA_7,MAGDALENA MIXIHUCA,CONSTRUCCION DE UTOPIAS,,DGCOP,SUPERFICIE DE INTERVENCIÓN,78322,,METROS CUADRADOS,actualizacion_dgcop,2026-06-05 20:15:48,,
904,PLATSOBSE_DGCOP_CONST_UTOPIAS_MAGDALENA_MIXIHUCA_7,MAGDALENA MIXIHUCA,CONSTRUCCION DE UTOPIAS,,DGCOP,SUPERFICIE DE CONSTRUCCIÓN,18622,,METROS CUADRADOS,actualizacion_dgcop,2026-06-05 20:15:48,,
905,PLATSOBSE_DGCOP_CONST_UTOPIAS_MAGDALENA_MIXIHUCA_7,MAGDALENA MIXIHUCA,CONSTRUCCION DE UTOPIAS,,DGCOP,POBLACION BENEFICIADA (1.5KM),83790,,PERSONAS,actualizacion_dgcop,2026-06-05 20:15:48,,
906,PLATSOBSE_DGCOP_CONST_UTOPIAS_MAGDALENA_MIXIHUCA_7,MAGDALENA MIXIHUCA,CONSTRUCCION DE UTOPIAS,,DGCOP,SUPERFICIE DE AREA LIBRE,59699,,METROS CUADRADOS,actualizacion_dgcop,2026-06-05 20:15:48,,
907,PLATSOBSE_DGCOP_CONST_UTOPIAS_MAGDALENA_MIXIHUCA_7,MAGDALENA MIXIHUCA,CONSTRUCCION DE UTOPIAS,,DGCOP,VOCACION DE LA UTOPIA,,ENFOCADA A LOS NIÑOS,TEMA,actualizacion_dgcop,2026-06-05 20:15:48,,
909,PLATSOBSE_DGCOP_CONST_UTOPIAS_DEPORTIVO_EDUARDO_MOLINA_12,DEPORTIVO EDUARDO MOLINA,CONSTRUCCION DE UTOPIAS,,DGCOP,SUPERFICIE DEL PREDIO,96477,,METROS CUADRADOS,actualizacion_dgcop,2026-06-05 20:16:47,,
910,PLATSOBSE_DGCOP_CONST_UTOPIAS_DEPORTIVO_EDUARDO_MOLINA_12,DEPORTIVO EDUARDO MOLINA,CONSTRUCCION DE UTOPIAS,,DGCOP,SUPERFICIE DE INTERVENCIÓN,84829,,METROS CUADRADOS,actualizacion_dgcop,2026-06-05 20:16:47,,
911,PLATSOBSE_DGCOP_CONST_UTOPIAS_DEPORTIVO_EDUARDO_MOLINA_12,DEPORTIVO EDUARDO MOLINA,CONSTRUCCION DE UTOPIAS,,DGCOP,SUPERFICIE DE CONSTRUCCIÓN,9414,,METROS CUADRADOS,actualizacion_dgcop,2026-06-05 20:16:47,,
912,PLATSOBSE_DGCOP_CONST_UTOPIAS_DEPORTIVO_EDUARDO_MOLINA_12,DEPORTIVO EDUARDO MOLINA,CONSTRUCCION DE UTOPIAS,,DGCOP,POBLACION BENEFICIADA (1.5KM),167392,,PERSONAS,actualizacion_dgcop,2026-06-05 20:16:47,,
913,PLATSOBSE_DGCOP_CONST_UTOPIAS_DEPORTIVO_EDUARDO_MOLINA_12,DEPORTIVO EDUARDO MOLINA,CONSTRUCCION DE UTOPIAS,,DGCOP,SUPERFICIE DE AREA LIBRE,75415,,METROS CUADRADOS,actualizacion_dgcop,2026-06-05 20:16:47,,
914,PLATSOBSE_DGCOP_CONST_UTOPIAS_DEPORTIVO_EDUARDO_MOLINA_12,DEPORTIVO EDUARDO MOLINA,CONSTRUCCION DE UTOPIAS,,DGCOP,VOCACION DE LA UTOPIA,,INCLUSION Y BIENESTAR,TEMA,actualizacion_dgcop,2026-06-05 20:16:47,,
916,PLATSOBSE_DGCOP_CONST_UTOPIAS_HERMANOS_GALEANA_9,HERMANOS GALEANA,CONSTRUCCION DE UTOPIAS,,DGCOP,SUPERFICIE DEL PREDIO,228989,,METROS CUADRADOS,actualizacion_dgcop,2026-06-05 20:18:19,,
917,PLATSOBSE_DGCOP_CONST_UTOPIAS_HERMANOS_GALEANA_9,HERMANOS GALEANA,CONSTRUCCION DE UTOPIAS,,DGCOP,SUPERFICIE DE INTERVENCIÓN,228989,,METROS CUADRADOS,actualizacion_dgcop,2026-06-05 20:18:19,,
918,PLATSOBSE_DGCOP_CONST_UTOPIAS_HERMANOS_GALEANA_9,HERMANOS GALEANA,CONSTRUCCION DE UTOPIAS,,DGCOP,SUPERFICIE DE CONSTRUCCIÓN,8314,,METROS CUADRADOS,actualizacion_dgcop,2026-06-05 20:18:19,,
919,PLATSOBSE_DGCOP_CONST_UTOPIAS_HERMANOS_GALEANA_9,HERMANOS GALEANA,CONSTRUCCION DE UTOPIAS,,DGCOP,POBLACION BENEFICIADA (1.5KM),136958,,PERSONAS,actualizacion_dgcop,2026-06-05 20:18:19,,
920,PLATSOBSE_DGCOP_CONST_UTOPIAS_HERMANOS_GALEANA_9,HERMANOS GALEANA,CONSTRUCCION DE UTOPIAS,,DGCOP,SUPERFICIE DE AREA LIBRE,220675,,METROS CUADRADOS,actualizacion_dgcop,2026-06-05 20:18:19,,
921,PLATSOBSE_DGCOP_CONST_UTOPIAS_HERMANOS_GALEANA_9,HERMANOS GALEANA,CONSTRUCCION DE UTOPIAS,,DGCOP,VOCACION DE LA UTOPIA,,"AVENTURA ESPACIAL, RECREATIVA, TECNOLOGICA, EDUCATIVA",TEMA,actualizacion_dgcop,2026-06-05 20:18:19,,
923,PLATSOBSE_DGCOP_CONST_UTOPIAS_DEPORTIVO_DE_SAN_MIGUEL_TOPILEJO_11,DEPORTIVO DE SAN MIGUEL TOPILEJO,CONSTRUCCION DE UTOPIAS,,DGCOP,SUPERFICIE DEL PREDIO,43727,,METROS CUADRADOS,actualizacion_dgcop,2026-06-05 20:19:17,,
924,PLATSOBSE_DGCOP_CONST_UTOPIAS_DEPORTIVO_DE_SAN_MIGUEL_TOPILEJO_11,DEPORTIVO DE SAN MIGUEL TOPILEJO,CONSTRUCCION DE UTOPIAS,,DGCOP,SUPERFICIE DE INTERVENCIÓN,44036,,METROS CUADRADOS,actualizacion_dgcop,2026-06-05 20:19:17,,
930,PLATSOBSE_DGCOP_CONST_UTOPIAS_EL_PARIAN_2,EL PARIAN,CONSTRUCCION DE UTOPIAS,,DGCOP,SUPERFICIE DEL PREDIO,9329,,METROS CUADRADOS,actualizacion_dgcop,2026-06-05 20:20:05,,
931,PLATSOBSE_DGCOP_CONST_UTOPIAS_EL_PARIAN_2,EL PARIAN,CONSTRUCCION DE UTOPIAS,,DGCOP,SUPERFICIE DE INTERVENCIÓN,9128,,METROS CUADRADOS,actualizacion_dgcop,2026-06-05 20:20:05,,
925,PLATSOBSE_DGCOP_CONST_UTOPIAS_DEPORTIVO_DE_SAN_MIGUEL_TOPILEJO_11,DEPORTIVO DE SAN MIGUEL TOPILEJO,CONSTRUCCION DE UTOPIAS,,DGCOP,SUPERFICIE DE CONSTRUCCIÓN,7570,,METROS CUADRADOS,actualizacion_dgcop,2026-06-05 20:19:17,,
926,PLATSOBSE_DGCOP_CONST_UTOPIAS_DEPORTIVO_DE_SAN_MIGUEL_TOPILEJO_11,DEPORTIVO DE SAN MIGUEL TOPILEJO,CONSTRUCCION DE UTOPIAS,,DGCOP,POBLACION BENEFICIADA (1.5KM),33654,,PERSONAS,actualizacion_dgcop,2026-06-05 20:19:17,,
927,PLATSOBSE_DGCOP_CONST_UTOPIAS_DEPORTIVO_DE_SAN_MIGUEL_TOPILEJO_11,DEPORTIVO DE SAN MIGUEL TOPILEJO,CONSTRUCCION DE UTOPIAS,,DGCOP,SUPERFICIE DE AREA LIBRE,36466,,METROS CUADRADOS,actualizacion_dgcop,2026-06-05 20:19:17,,
928,PLATSOBSE_DGCOP_CONST_UTOPIAS_DEPORTIVO_DE_SAN_MIGUEL_TOPILEJO_11,DEPORTIVO DE SAN MIGUEL TOPILEJO,CONSTRUCCION DE UTOPIAS,,DGCOP,VOCACION DE LA UTOPIA,,"MEDIO AMBIENTAL, UTOPIA DEL MAIZ",TEMA,actualizacion_dgcop,2026-06-05 20:19:17,,
1448,PLATSOBSE_DGCOP_MTTO_MERCADOS_VILLA_COAPA_77,VILLA COAPA,MANTENIMIENTO A MERCADOS PUBLICOS,,DGCOP,LOCALES BENEFICIADOS,167,,LOCALES,actualizacion_dgcop,2026-06-08 19:43:15,,
1449,PLATSOBSE_DGCOP_MTTO_MERCADOS_VILLA_COAPA_77,VILLA COAPA,MANTENIMIENTO A MERCADOS PUBLICOS,,DGCOP,LOCATARIOS BENEFICIADOS,334,,LOCATARIOS,actualizacion_dgcop,2026-06-08 19:43:15,,
1450,PLATSOBSE_DGCOP_MTTO_MERCADOS_VILLA_COAPA_77,VILLA COAPA,MANTENIMIENTO A MERCADOS PUBLICOS,,DGCOP,SUPERFICIE DE INTERVENCIÓN,5910,,METROS CUADRADOS,actualizacion_dgcop,2026-06-08 19:43:15,,
1532,PLATSOBSE_DGCOP_PUENTES_PEATONALES_EJE_3_NTO_ESQ_TOCHTLI_16,EJE 3 NTO.ESQ. TOCHTLI,REHABILITACION Y CONSTRUCCION DE PUENTES PEATONALES,,DGCOP,LONGITUD,49,,METROS LINEALES,actualizacion_dgcop,2026-06-09 0:46:53,,
1533,PLATSOBSE_DGCOP_PUENTES_PEATONALES_EJE_3_NTO_ESQ_TOCHTLI_16,EJE 3 NTO.ESQ. TOCHTLI,REHABILITACION Y CONSTRUCCION DE PUENTES PEATONALES,,DGCOP,SUPERFICIE DE INTERVENCIÓN,109,,METROS CUADRADOS,actualizacion_dgcop,2026-06-09 0:46:53,,
1581,PLATSOBSE_DGCOP_PUENTES_PEATONALES_AV_OCEANIA_ENTRE_CALLE_CHINA_Y_CALLE_MARRUECOS_ELEVADOR_IKEA_44,AV. OCEANIA ENTRE CALLE CHINA Y CALLE MARRUECOS (ELEVADOR IKEA),REHABILITACION Y CONSTRUCCION DE PUENTES PEATONALES,,DGCOP,LONGITUD,79,,METROS LINEALES,actualizacion_dgcop,2026-06-09 16:26:46,,
1582,PLATSOBSE_DGCOP_PUENTES_PEATONALES_AV_OCEANIA_ENTRE_CALLE_CHINA_Y_CALLE_MARRUECOS_ELEVADOR_IKEA_44,AV. OCEANIA ENTRE CALLE CHINA Y CALLE MARRUECOS (ELEVADOR IKEA),REHABILITACION Y CONSTRUCCION DE PUENTES PEATONALES,,DGCOP,SUPERFICIE DE INTERVENCIÓN,93,,METROS CUADRADOS,actualizacion_dgcop,2026-06-09 16:26:46,,
1585,PLATSOBSE_DGCOP_PUENTES_VEHICULARES_AGRICOLA_PANTITLAN_29,AGRICOLA PANTITLAN,REHABILITACION Y CONSTRUCCION DE PUENTES VEHICULARES,,DGCOP,SUPERFICIE DE INTERVENCIÓN,675,,METROS CUADRADOS,actualizacion_dgcop,2026-06-09 16:27:48,,
1589,PLATSOBSE_DGCOP_PUENTES_VEHICULARES_AMADOR_SALAZAR_102,AMADOR SALAZAR,REHABILITACION Y CONSTRUCCION DE PUENTES VEHICULARES,,DGCOP,SUPERFICIE DE INTERVENCIÓN,460,,METROS CUADRADOS,actualizacion_dgcop,2026-06-09 16:29:03,,
1650,PLATSOBSE_DGCOP_PUENTES_PEATONALES_CDA_RIO_SAN_BUENAVENTURA_Y_CALLE_CONSTITUCION_DE_1917_Y_QUETZAL_12,CDA. RIO SAN BUENAVENTURA Y CALLE CONSTITUCION DE 1917 Y QUETZAL,REHABILITACION Y CONSTRUCCION DE PUENTES PEATONALES,,DGCOP,LONGITUD,49,,METROS LINEALES,actualizacion_dgcop,2026-06-09 17:56:14,,
1651,PLATSOBSE_DGCOP_PUENTES_PEATONALES_CDA_RIO_SAN_BUENAVENTURA_Y_CALLE_CONSTITUCION_DE_1917_Y_QUETZAL_12,CDA. RIO SAN BUENAVENTURA Y CALLE CONSTITUCION DE 1917 Y QUETZAL,REHABILITACION Y CONSTRUCCION DE PUENTES PEATONALES,,DGCOP,SUPERFICIE DE INTERVENCIÓN,76,,METROS CUADRADOS,actualizacion_dgcop,2026-06-09 17:56:14,,
1653,PLATSOBSE_DGCOP_PUENTES_PEATONALES_CDA_RIO_SAN_BUENAVENTURA_Y_CALLE_REFORMA_LABORAL_11,CDA. RIO SAN BUENAVENTURA Y CALLE REFORMA LABORAL,REHABILITACION Y CONSTRUCCION DE PUENTES PEATONALES,,DGCOP,LONGITUD,57,,METROS LINEALES,actualizacion_dgcop,2026-06-09 17:59:58,,
1654,PLATSOBSE_DGCOP_PUENTES_PEATONALES_CDA_RIO_SAN_BUENAVENTURA_Y_CALLE_REFORMA_LABORAL_11,CDA. RIO SAN BUENAVENTURA Y CALLE REFORMA LABORAL,REHABILITACION Y CONSTRUCCION DE PUENTES PEATONALES,,DGCOP,SUPERFICIE DE INTERVENCIÓN,100,,METROS CUADRADOS,actualizacion_dgcop,2026-06-09 17:59:58,,
1584,PLATSOBSE_DGCOP_PUENTES_VEHICULARES_AGRICOLA_PANTITLAN_29,AGRICOLA PANTITLAN,REHABILITACION Y CONSTRUCCION DE PUENTES VEHICULARES,,DGCOP,LONGITUD,112,,METROS LINEALES,actualizacion_dgcop,2026-06-09 16:27:48,actualizacion_dgcop,2026-06-09 18:58:34
1588,PLATSOBSE_DGCOP_PUENTES_VEHICULARES_AMADOR_SALAZAR_102,AMADOR SALAZAR,REHABILITACION Y CONSTRUCCION DE PUENTES VEHICULARES,,DGCOP,LONGITUD,477,,METROS LINEALES,actualizacion_dgcop,2026-06-09 16:29:03,actualizacion_dgcop,2026-06-09 18:58:58
1695,PLATSOBSE_DGCOP_PUENTES_VEHICULARES_AV_ACUEDUCTO_Y_AV_INSURGENTES_DIR_PACHUCA_20,AV. ACUEDUCTO Y AV. INSURGENTES (DIR. PACHUCA),REHABILITACION Y CONSTRUCCION DE PUENTES VEHICULARES,,DGCOP,LONGITUD,431,,METROS LINEALES,actualizacion_dgcop,2026-06-09 19:18:21,,
1696,PLATSOBSE_DGCOP_PUENTES_VEHICULARES_AV_ACUEDUCTO_Y_AV_INSURGENTES_DIR_PACHUCA_20,AV. ACUEDUCTO Y AV. INSURGENTES (DIR. PACHUCA),REHABILITACION Y CONSTRUCCION DE PUENTES VEHICULARES,,DGCOP,SUPERFICIE DE INTERVENCIÓN,4796,,METROS CUADRADOS,actualizacion_dgcop,2026-06-09 19:18:21,,
934,PLATSOBSE_DGCOP_CONST_UTOPIAS_EL_PARIAN_2,EL PARIAN,CONSTRUCCION DE UTOPIAS,,DGCOP,SUPERFICIE DE AREA LIBRE,2703,,METROS CUADRADOS,actualizacion_dgcop,2026-06-05 20:20:05,,
935,PLATSOBSE_DGCOP_CONST_UTOPIAS_EL_PARIAN_2,EL PARIAN,CONSTRUCCION DE UTOPIAS,,DGCOP,VOCACION DE LA UTOPIA,,CULTURAL,TEMA,actualizacion_dgcop,2026-06-05 20:20:05,,
937,PLATSOBSE_DGCOP_CONST_UTOPIAS_INJUVE_8,INJUVE,CONSTRUCCION DE UTOPIAS,,DGCOP,SUPERFICIE DEL PREDIO,1375,,METROS CUADRADOS,actualizacion_dgcop,2026-06-05 20:20:58,,
938,PLATSOBSE_DGCOP_CONST_UTOPIAS_INJUVE_8,INJUVE,CONSTRUCCION DE UTOPIAS,,DGCOP,SUPERFICIE DE INTERVENCIÓN,1375,,METROS CUADRADOS,actualizacion_dgcop,2026-06-05 20:20:58,,
939,PLATSOBSE_DGCOP_CONST_UTOPIAS_INJUVE_8,INJUVE,CONSTRUCCION DE UTOPIAS,,DGCOP,SUPERFICIE DE CONSTRUCCIÓN,663,,METROS CUADRADOS,actualizacion_dgcop,2026-06-05 20:20:58,,
940,PLATSOBSE_DGCOP_CONST_UTOPIAS_INJUVE_8,INJUVE,CONSTRUCCION DE UTOPIAS,,DGCOP,POBLACION BENEFICIADA (1.5KM),134606,,PERSONAS,actualizacion_dgcop,2026-06-05 20:20:58,,
941,PLATSOBSE_DGCOP_CONST_UTOPIAS_INJUVE_8,INJUVE,CONSTRUCCION DE UTOPIAS,,DGCOP,SUPERFICIE DE AREA LIBRE,713,,METROS CUADRADOS,actualizacion_dgcop,2026-06-05 20:20:58,,
942,PLATSOBSE_DGCOP_CONST_UTOPIAS_INJUVE_8,INJUVE,CONSTRUCCION DE UTOPIAS,,DGCOP,VOCACION DE LA UTOPIA,,"JUVENIL, DE COLABORACION DE IDEAS",TEMA,actualizacion_dgcop,2026-06-05 20:20:58,,
944,PLATSOBSE_DGCOP_CONST_UTOPIAS_DEPORTIVO_OYAMEL_5,DEPORTIVO OYAMEL,CONSTRUCCION DE UTOPIAS,,DGCOP,SUPERFICIE DEL PREDIO,21461,,METROS CUADRADOS,actualizacion_dgcop,2026-06-05 20:22:00,,
945,PLATSOBSE_DGCOP_CONST_UTOPIAS_DEPORTIVO_OYAMEL_5,DEPORTIVO OYAMEL,CONSTRUCCION DE UTOPIAS,,DGCOP,SUPERFICIE DE INTERVENCIÓN,21472,,METROS CUADRADOS,actualizacion_dgcop,2026-06-05 20:22:00,,
946,PLATSOBSE_DGCOP_CONST_UTOPIAS_DEPORTIVO_OYAMEL_5,DEPORTIVO OYAMEL,CONSTRUCCION DE UTOPIAS,,DGCOP,SUPERFICIE DE CONSTRUCCIÓN,5799,,METROS CUADRADOS,actualizacion_dgcop,2026-06-05 20:22:00,,
947,PLATSOBSE_DGCOP_CONST_UTOPIAS_DEPORTIVO_OYAMEL_5,DEPORTIVO OYAMEL,CONSTRUCCION DE UTOPIAS,,DGCOP,POBLACION BENEFICIADA (1.5KM),77012,,PERSONAS,actualizacion_dgcop,2026-06-05 20:22:00,,
948,PLATSOBSE_DGCOP_CONST_UTOPIAS_DEPORTIVO_OYAMEL_5,DEPORTIVO OYAMEL,CONSTRUCCION DE UTOPIAS,,DGCOP,SUPERFICIE DE AREA LIBRE,15673,,METROS CUADRADOS,actualizacion_dgcop,2026-06-05 20:22:00,,
949,PLATSOBSE_DGCOP_CONST_UTOPIAS_DEPORTIVO_OYAMEL_5,DEPORTIVO OYAMEL,CONSTRUCCION DE UTOPIAS,,DGCOP,VOCACION DE LA UTOPIA,,"AMBIENTAL, DE OBSERVACION",TEMA,actualizacion_dgcop,2026-06-05 20:22:00,,
951,PLATSOBSE_DGCOP_CONST_UTOPIAS_CETRAM_ACATITLA_13,CETRAM ACATITLA,CONSTRUCCION DE UTOPIAS,,DGCOP,SUPERFICIE DEL PREDIO,16293,,METROS CUADRADOS,actualizacion_dgcop,2026-06-05 20:23:30,,
952,PLATSOBSE_DGCOP_CONST_UTOPIAS_CETRAM_ACATITLA_13,CETRAM ACATITLA,CONSTRUCCION DE UTOPIAS,,DGCOP,SUPERFICIE DE INTERVENCIÓN,16293,,METROS CUADRADOS,actualizacion_dgcop,2026-06-05 20:23:30,,
953,PLATSOBSE_DGCOP_CONST_UTOPIAS_CETRAM_ACATITLA_13,CETRAM ACATITLA,CONSTRUCCION DE UTOPIAS,,DGCOP,SUPERFICIE DE CONSTRUCCIÓN,4469,,METROS CUADRADOS,actualizacion_dgcop,2026-06-05 20:23:30,,
954,PLATSOBSE_DGCOP_CONST_UTOPIAS_CETRAM_ACATITLA_13,CETRAM ACATITLA,CONSTRUCCION DE UTOPIAS,,DGCOP,POBLACION BENEFICIADA (1.5KM),131610,,PERSONAS,actualizacion_dgcop,2026-06-05 20:23:30,,
955,PLATSOBSE_DGCOP_CONST_UTOPIAS_CETRAM_ACATITLA_13,CETRAM ACATITLA,CONSTRUCCION DE UTOPIAS,,DGCOP,SUPERFICIE DE AREA LIBRE,11824,,METROS CUADRADOS,actualizacion_dgcop,2026-06-05 20:23:30,,
956,PLATSOBSE_DGCOP_CONST_UTOPIAS_CETRAM_ACATITLA_13,CETRAM ACATITLA,CONSTRUCCION DE UTOPIAS,,DGCOP,VOCACION DE LA UTOPIA,,"DE EXPLORACION, DE DEPORTES EXTREMOS",TEMA,actualizacion_dgcop,2026-06-05 20:23:30,,
958,PLATSOBSE_DGCOP_CONST_UTOPIAS_PARQUE_JAPON_3,PARQUE JAPON,CONSTRUCCION DE UTOPIAS,,DGCOP,SUPERFICIE DEL PREDIO,15522,,METROS CUADRADOS,actualizacion_dgcop,2026-06-05 20:24:29,,
959,PLATSOBSE_DGCOP_CONST_UTOPIAS_PARQUE_JAPON_3,PARQUE JAPON,CONSTRUCCION DE UTOPIAS,,DGCOP,SUPERFICIE DE INTERVENCIÓN,15522,,METROS CUADRADOS,actualizacion_dgcop,2026-06-05 20:24:29,,
960,PLATSOBSE_DGCOP_CONST_UTOPIAS_PARQUE_JAPON_3,PARQUE JAPON,CONSTRUCCION DE UTOPIAS,,DGCOP,SUPERFICIE DE CONSTRUCCIÓN,6698,,METROS CUADRADOS,actualizacion_dgcop,2026-06-05 20:24:29,,
961,PLATSOBSE_DGCOP_CONST_UTOPIAS_PARQUE_JAPON_3,PARQUE JAPON,CONSTRUCCION DE UTOPIAS,,DGCOP,POBLACION BENEFICIADA (1.5KM),78299,,PERSONAS,actualizacion_dgcop,2026-06-05 20:24:29,,
962,PLATSOBSE_DGCOP_CONST_UTOPIAS_PARQUE_JAPON_3,PARQUE JAPON,CONSTRUCCION DE UTOPIAS,,DGCOP,SUPERFICIE DE AREA LIBRE,8825,,METROS CUADRADOS,actualizacion_dgcop,2026-06-05 20:24:29,,
963,PLATSOBSE_DGCOP_CONST_UTOPIAS_PARQUE_JAPON_3,PARQUE JAPON,CONSTRUCCION DE UTOPIAS,,DGCOP,VOCACION DE LA UTOPIA,,MEDIO AMBIENTAL,TEMA,actualizacion_dgcop,2026-06-05 20:24:29,,
965,PLATSOBSE_DGCOP_CONST_UTOPIAS_DEPORTIVO_TECOMITL_10,DEPORTIVO TECOMITL,CONSTRUCCION DE UTOPIAS,,DGCOP,SUPERFICIE DEL PREDIO,23355,,METROS CUADRADOS,actualizacion_dgcop,2026-06-05 20:26:40,,
966,PLATSOBSE_DGCOP_CONST_UTOPIAS_DEPORTIVO_TECOMITL_10,DEPORTIVO TECOMITL,CONSTRUCCION DE UTOPIAS,,DGCOP,SUPERFICIE DE INTERVENCIÓN,23345,,METROS CUADRADOS,actualizacion_dgcop,2026-06-05 20:26:40,,
967,PLATSOBSE_DGCOP_CONST_UTOPIAS_DEPORTIVO_TECOMITL_10,DEPORTIVO TECOMITL,CONSTRUCCION DE UTOPIAS,,DGCOP,SUPERFICIE DE CONSTRUCCIÓN,5570,,METROS CUADRADOS,actualizacion_dgcop,2026-06-05 20:26:40,,
968,PLATSOBSE_DGCOP_CONST_UTOPIAS_DEPORTIVO_TECOMITL_10,DEPORTIVO TECOMITL,CONSTRUCCION DE UTOPIAS,,DGCOP,POBLACION BENEFICIADA (1.5KM),39033,,PERSONAS,actualizacion_dgcop,2026-06-05 20:26:40,,
969,PLATSOBSE_DGCOP_CONST_UTOPIAS_DEPORTIVO_TECOMITL_10,DEPORTIVO TECOMITL,CONSTRUCCION DE UTOPIAS,,DGCOP,SUPERFICIE DE AREA LIBRE,17775,,METROS CUADRADOS,actualizacion_dgcop,2026-06-05 20:26:40,,
970,PLATSOBSE_DGCOP_CONST_UTOPIAS_DEPORTIVO_TECOMITL_10,DEPORTIVO TECOMITL,CONSTRUCCION DE UTOPIAS,,DGCOP,VOCACION DE LA UTOPIA,,"TRADICIONAL, DE FIESTAS Y FERIAS TRADICIONALES",TEMA,actualizacion_dgcop,2026-06-05 20:26:40,,
972,PLATSOBSE_DGCOP_CONST_UTOPIAS_DEPORTIVO_EL_TRIANGULO_14,DEPORTIVO EL TRIANGULO,CONSTRUCCION DE UTOPIAS,,DGCOP,SUPERFICIE DEL PREDIO,23591,,METROS CUADRADOS,actualizacion_dgcop,2026-06-05 20:27:36,,
973,PLATSOBSE_DGCOP_CONST_UTOPIAS_DEPORTIVO_EL_TRIANGULO_14,DEPORTIVO EL TRIANGULO,CONSTRUCCION DE UTOPIAS,,DGCOP,SUPERFICIE DE INTERVENCIÓN,23350,,METROS CUADRADOS,actualizacion_dgcop,2026-06-05 20:27:36,,
974,PLATSOBSE_DGCOP_CONST_UTOPIAS_DEPORTIVO_EL_TRIANGULO_14,DEPORTIVO EL TRIANGULO,CONSTRUCCION DE UTOPIAS,,DGCOP,SUPERFICIE DE CONSTRUCCIÓN,5821,,METROS CUADRADOS,actualizacion_dgcop,2026-06-05 20:27:36,,
975,PLATSOBSE_DGCOP_CONST_UTOPIAS_DEPORTIVO_EL_TRIANGULO_14,DEPORTIVO EL TRIANGULO,CONSTRUCCION DE UTOPIAS,,DGCOP,POBLACION BENEFICIADA (1.5KM),45054,,PERSONAS,actualizacion_dgcop,2026-06-05 20:27:36,,
976,PLATSOBSE_DGCOP_CONST_UTOPIAS_DEPORTIVO_EL_TRIANGULO_14,DEPORTIVO EL TRIANGULO,CONSTRUCCION DE UTOPIAS,,DGCOP,SUPERFICIE DE AREA LIBRE,17529,,METROS CUADRADOS,actualizacion_dgcop,2026-06-05 20:27:36,,
977,PLATSOBSE_DGCOP_CONST_UTOPIAS_DEPORTIVO_EL_TRIANGULO_14,DEPORTIVO EL TRIANGULO,CONSTRUCCION DE UTOPIAS,,DGCOP,VOCACION DE LA UTOPIA,,FIESTAS Y CARNAVALES,TEMA,actualizacion_dgcop,2026-06-05 20:27:36,,
979,PLATSOBSE_DGCOP_BICIESTACIONAMIENTOS_HUIPULCO_1,HUIPULCO,BICIESTACIONAMIENTOS,,DGCOP,SUPERFICIE DE INTERVENCIÓN,1000,,METROS CUADRADOS,actualizacion_dgcop,2026-06-05 20:33:00,,
980,PLATSOBSE_DGCOP_BICIESTACIONAMIENTOS_HUIPULCO_1,HUIPULCO,BICIESTACIONAMIENTOS,,DGCOP,SUPERFICIE DE CONSTRUCCIÓN,1000,,METROS CUADRADOS,actualizacion_dgcop,2026-06-05 20:33:00,,
981,PLATSOBSE_DGCOP_BICIESTACIONAMIENTOS_HUIPULCO_1,HUIPULCO,BICIESTACIONAMIENTOS,,DGCOP,CAPACIDAD,160,,BICICLETAS,actualizacion_dgcop,2026-06-05 20:33:00,,
983,PLATSOBSE_DGCOP_MOD_POLICIA_AV_OTE_160_UNIDAD_MODELO_17,AV. OTE. 160 UNIDAD MODELO,MODULOS DE POLICIAS,,DGCOP,SUPERFICIE DE INTERVENCIÓN,69,,METROS CUADRADOS,actualizacion_dgcop,2026-06-05 23:38:28,,
986,PLATSOBSE_DGCOP_MOD_POLICIA_AV_TETIZ_20,AV. TETIZ,MODULOS DE POLICIAS,,DGCOP,SUPERFICIE DE INTERVENCIÓN,32,,METROS CUADRADOS,actualizacion_dgcop,2026-06-05 23:43:21,,
989,PLATSOBSE_DGCOP_MOD_POLICIA_CARRETERA_FEDERAL_MEXICO_TOLUCA_8,CARRETERA FEDERAL MEXICO-TOLUCA,MODULOS DE POLICIAS,,DGCOP,SUPERFICIE DE INTERVENCIÓN,33,,METROS CUADRADOS,actualizacion_dgcop,2026-06-05 23:45:48,,
993,PLATSOBSE_DGCOP_MOD_POLICIA_MARINA_NACIONAL_18,MARINA NACIONAL,MODULOS DE POLICIAS,,DGCOP,SUPERFICIE DE INTERVENCIÓN,36,,METROS CUADRADOS,actualizacion_dgcop,2026-06-05 23:49:00,,
994,PLATSOBSE_DGCOP_MOD_POLICIA_MARINA_NACIONAL_18,MARINA NACIONAL,MODULOS DE POLICIAS,,DGCOP,POBLACION BENEFICIADA (500 M),24393,,PERSONAS,actualizacion_dgcop,2026-06-05 23:49:00,,
996,PLATSOBSE_DGCOP_MOD_POLICIA_BARRANCA_DEL_MUERTO_127_3,BARRANCA DEL MUERTO 127,MODULOS DE POLICIAS,,DGCOP,SUPERFICIE DE INTERVENCIÓN,49,,METROS CUADRADOS,actualizacion_dgcop,2026-06-05 23:51:00,,
984,PLATSOBSE_DGCOP_MOD_POLICIA_AV_OTE_160_UNIDAD_MODELO_17,AV. OTE. 160 UNIDAD MODELO,MODULOS DE POLICIAS,,DGCOP,POBLACION BENEFICIADA (500 M),12457,,PERSONAS,actualizacion_dgcop,2026-06-05 23:38:28,actualizacion_dgcop,2026-06-05 23:59:58
987,PLATSOBSE_DGCOP_MOD_POLICIA_AV_TETIZ_20,AV. TETIZ,MODULOS DE POLICIAS,,DGCOP,POBLACION BENEFICIADA (500 M),14469,,PERSONAS,actualizacion_dgcop,2026-06-05 23:43:21,actualizacion_dgcop,2026-06-06 0:01:53
990,PLATSOBSE_DGCOP_MOD_POLICIA_CARRETERA_FEDERAL_MEXICO_TOLUCA_8,CARRETERA FEDERAL MEXICO-TOLUCA,MODULOS DE POLICIAS,,DGCOP,POBLACION BENEFICIADA (500 M),6525,,PERSONAS,actualizacion_dgcop,2026-06-05 23:45:48,actualizacion_dgcop,2026-06-06 0:03:20
997,PLATSOBSE_DGCOP_MOD_POLICIA_BARRANCA_DEL_MUERTO_127_3,BARRANCA DEL MUERTO 127,MODULOS DE POLICIAS,,DGCOP,POBLACION BENEFICIADA (500 M),7726,,PERSONAS,actualizacion_dgcop,2026-06-05 23:51:00,actualizacion_dgcop,2026-06-06 0:04:25
1003,PLATSOBSE_DGCOP_MOD_POLICIA_LOS_OLIVOS_19,LOS OLIVOS,MODULOS DE POLICIAS,,DGCOP,SUPERFICIE DE INTERVENCIÓN,60,,METROS CUADRADOS,actualizacion_dgcop,2026-06-06 0:06:05,,
1004,PLATSOBSE_DGCOP_MOD_POLICIA_LOS_OLIVOS_19,LOS OLIVOS,MODULOS DE POLICIAS,,DGCOP,POBLACION BENEFICIADA (500 M),13082,,PERSONAS,actualizacion_dgcop,2026-06-06 0:06:05,,
1006,PLATSOBSE_DGCOP_MOD_POLICIA_PASEOS_DE_CHURUBUSCO_16,PASEOS DE CHURUBUSCO,MODULOS DE POLICIAS,,DGCOP,SUPERFICIE DE INTERVENCIÓN,69,,METROS CUADRADOS,actualizacion_dgcop,2026-06-06 0:07:56,,
1007,PLATSOBSE_DGCOP_MOD_POLICIA_PASEOS_DE_CHURUBUSCO_16,PASEOS DE CHURUBUSCO,MODULOS DE POLICIAS,,DGCOP,POBLACION BENEFICIADA (500 M),13865,,PERSONAS,actualizacion_dgcop,2026-06-06 0:07:56,,
1009,PLATSOBSE_DGCOP_MOD_POLICIA_SAN_JOSE_DE_LOS_CEDROS_7,SAN JOSE DE LOS CEDROS,MODULOS DE POLICIAS,,DGCOP,SUPERFICIE DE INTERVENCIÓN,25,,METROS CUADRADOS,actualizacion_dgcop,2026-06-06 0:09:55,,
1010,PLATSOBSE_DGCOP_MOD_POLICIA_SAN_JOSE_DE_LOS_CEDROS_7,SAN JOSE DE LOS CEDROS,MODULOS DE POLICIAS,,DGCOP,POBLACION BENEFICIADA (500 M),24878,,PERSONAS,actualizacion_dgcop,2026-06-06 0:09:55,,
1012,PLATSOBSE_DGCOP_MOD_POLICIA_SAN_JUAN_DE_ARAGON_V_SECC_12,SAN JUAN DE ARAGON V SECC,MODULOS DE POLICIAS,,DGCOP,SUPERFICIE DE INTERVENCIÓN,63,,METROS CUADRADOS,actualizacion_dgcop,2026-06-06 0:12:04,,
1013,PLATSOBSE_DGCOP_MOD_POLICIA_SAN_JUAN_DE_ARAGON_V_SECC_12,SAN JUAN DE ARAGON V SECC,MODULOS DE POLICIAS,,DGCOP,POBLACION BENEFICIADA (500 M),15594,,PERSONAS,actualizacion_dgcop,2026-06-06 0:12:04,,
1015,PLATSOBSE_DGCOP_MOD_POLICIA_REPUBLICA_DE_CHILE_44_24,REPUBLICA DE CHILE 44,MODULOS DE POLICIAS,,DGCOP,SUPERFICIE DE INTERVENCIÓN,20,,METROS CUADRADOS,actualizacion_dgcop,2026-06-06 0:13:43,,
1016,PLATSOBSE_DGCOP_MOD_POLICIA_REPUBLICA_DE_CHILE_44_24,REPUBLICA DE CHILE 44,MODULOS DE POLICIAS,,DGCOP,POBLACION BENEFICIADA (500 M),13197,,PERSONAS,actualizacion_dgcop,2026-06-06 0:13:43,,
1018,PLATSOBSE_DGCOP_MOD_POLICIA_ANZURES_26,ANZURES,MODULOS DE POLICIAS,,DGCOP,SUPERFICIE DE INTERVENCIÓN,35,,METROS CUADRADOS,actualizacion_dgcop,2026-06-06 0:16:21,,
1019,PLATSOBSE_DGCOP_MOD_POLICIA_ANZURES_26,ANZURES,MODULOS DE POLICIAS,,DGCOP,POBLACION BENEFICIADA (500 M),15464,,PERSONAS,actualizacion_dgcop,2026-06-06 0:16:21,,
1021,PLATSOBSE_DGCOP_MOD_POLICIA_EJE_VIAL_2_ORIENTE_956_14,EJE VIAL 2 ORIENTE 956,MODULOS DE POLICIAS,,DGCOP,SUPERFICIE DE INTERVENCIÓN,95,,METROS CUADRADOS,actualizacion_dgcop,2026-06-06 0:19:32,,
1022,PLATSOBSE_DGCOP_MOD_POLICIA_EJE_VIAL_2_ORIENTE_956_14,EJE VIAL 2 ORIENTE 956,MODULOS DE POLICIAS,,DGCOP,POBLACION BENEFICIADA (500 M),21543,,PERSONAS,actualizacion_dgcop,2026-06-06 0:19:32,,
1024,PLATSOBSE_DGCOP_MOD_POLICIA_CORTEZA_INFONAVIT_IZTACALCO_15,CORTEZA INFONAVIT IZTACALCO,MODULOS DE POLICIAS,,DGCOP,SUPERFICIE DE INTERVENCIÓN,95,,METROS CUADRADOS,actualizacion_dgcop,2026-06-06 0:20:55,,
1025,PLATSOBSE_DGCOP_MOD_POLICIA_CORTEZA_INFONAVIT_IZTACALCO_15,CORTEZA INFONAVIT IZTACALCO,MODULOS DE POLICIAS,,DGCOP,POBLACION BENEFICIADA (500 M),22210,,PERSONAS,actualizacion_dgcop,2026-06-06 0:20:55,,
1027,PLATSOBSE_DGCOP_MOD_POLICIA_FERROCARRIL_CENTRAL_1_4,FERROCARRIL CENTRAL 1,MODULOS DE POLICIAS,,DGCOP,SUPERFICIE DE INTERVENCIÓN,69,,METROS CUADRADOS,actualizacion_dgcop,2026-06-06 0:22:43,,
1028,PLATSOBSE_DGCOP_MOD_POLICIA_FERROCARRIL_CENTRAL_1_4,FERROCARRIL CENTRAL 1,MODULOS DE POLICIAS,,DGCOP,POBLACION BENEFICIADA (500 M),11002,,PERSONAS,actualizacion_dgcop,2026-06-06 0:22:43,,
1030,PLATSOBSE_DGCOP_MOD_POLICIA_CALLE_19_Y_CENTRAL_SUR_5,CALLE 19 Y CENTRAL SUR,MODULOS DE POLICIAS,,DGCOP,SUPERFICIE DE INTERVENCIÓN,84,,METROS CUADRADOS,actualizacion_dgcop,2026-06-06 0:24:51,,
1031,PLATSOBSE_DGCOP_MOD_POLICIA_CALLE_19_Y_CENTRAL_SUR_5,CALLE 19 Y CENTRAL SUR,MODULOS DE POLICIAS,,DGCOP,POBLACION BENEFICIADA (500 M),17768,,PERSONAS,actualizacion_dgcop,2026-06-06 0:24:51,,
1033,PLATSOBSE_DGCOP_MOD_POLICIA_LOMAS_DE_PADIERNA_22,LOMAS DE PADIERNA,MODULOS DE POLICIAS,,DGCOP,SUPERFICIE DE INTERVENCIÓN,63,,METROS CUADRADOS,actualizacion_dgcop,2026-06-06 0:26:47,,
1034,PLATSOBSE_DGCOP_MOD_POLICIA_LOMAS_DE_PADIERNA_22,LOMAS DE PADIERNA,MODULOS DE POLICIAS,,DGCOP,POBLACION BENEFICIADA (500 M),12006,,PERSONAS,actualizacion_dgcop,2026-06-06 0:26:47,,
1036,PLATSOBSE_DGCOP_MOD_POLICIA_PARRES_EL_GUARDA_25,PARRES EL GUARDA,MODULOS DE POLICIAS,,DGCOP,SUPERFICIE DE INTERVENCIÓN,61,,METROS CUADRADOS,actualizacion_dgcop,2026-06-06 0:28:23,,
1037,PLATSOBSE_DGCOP_MOD_POLICIA_PARRES_EL_GUARDA_25,PARRES EL GUARDA,MODULOS DE POLICIAS,,DGCOP,POBLACION BENEFICIADA (500 M),2191,,PERSONAS,actualizacion_dgcop,2026-06-06 0:28:23,,
1039,PLATSOBSE_DGCOP_MOD_POLICIA_TORIELLO_GUERRA_21,TORIELLO GUERRA,MODULOS DE POLICIAS,,DGCOP,SUPERFICIE DE INTERVENCIÓN,43,,METROS CUADRADOS,actualizacion_dgcop,2026-06-06 0:29:39,,
1040,PLATSOBSE_DGCOP_MOD_POLICIA_TORIELLO_GUERRA_21,TORIELLO GUERRA,MODULOS DE POLICIAS,,DGCOP,POBLACION BENEFICIADA (500 M),9676,,PERSONAS,actualizacion_dgcop,2026-06-06 0:29:39,,
1042,PLATSOBSE_DGCOP_MOD_POLICIA_CALLE_MONSERRAT_6,CALLE MONSERRAT,MODULOS DE POLICIAS,,DGCOP,SUPERFICIE DE INTERVENCIÓN,32,,METROS CUADRADOS,actualizacion_dgcop,2026-06-06 0:31:58,,
1043,PLATSOBSE_DGCOP_MOD_POLICIA_CALLE_MONSERRAT_6,CALLE MONSERRAT,MODULOS DE POLICIAS,,DGCOP,POBLACION BENEFICIADA (500 M),16601,,PERSONAS,actualizacion_dgcop,2026-06-06 0:31:58,,
1045,PLATSOBSE_DGCOP_MOD_POLICIA_C_ESTADO_DE_MEXICO_S_N_13,C. ESTADO DE MEXICO S/N,MODULOS DE POLICIAS,,DGCOP,SUPERFICIE DE INTERVENCIÓN,96,,METROS CUADRADOS,actualizacion_dgcop,2026-06-06 0:34:24,,
1046,PLATSOBSE_DGCOP_MOD_POLICIA_C_ESTADO_DE_MEXICO_S_N_13,C. ESTADO DE MEXICO S/N,MODULOS DE POLICIAS,,DGCOP,POBLACION BENEFICIADA (500 M),24193,,PERSONAS,actualizacion_dgcop,2026-06-06 0:34:24,,
1048,PLATSOBSE_DGCOP_MOD_POLICIA_CUAUHTEMOC_TLATELOLCO_10,CUAUHTEMOC TLATELOLCO,MODULOS DE POLICIAS,,DGCOP,SUPERFICIE DE INTERVENCIÓN,26,,METROS CUADRADOS,actualizacion_dgcop,2026-06-06 0:39:40,,
1049,PLATSOBSE_DGCOP_MOD_POLICIA_CUAUHTEMOC_TLATELOLCO_10,CUAUHTEMOC TLATELOLCO,MODULOS DE POLICIAS,,DGCOP,POBLACION BENEFICIADA (500 M),28460,,PERSONAS,actualizacion_dgcop,2026-06-06 0:39:40,,
1051,PLATSOBSE_DGCOP_MOD_POLICIA_AMACUZAC_27,AMACUZAC,MODULOS DE POLICIAS,,DGCOP,SUPERFICIE DE INTERVENCIÓN,25,,METROS CUADRADOS,actualizacion_dgcop,2026-06-06 0:40:58,,
1052,PLATSOBSE_DGCOP_MOD_POLICIA_AMACUZAC_27,AMACUZAC,MODULOS DE POLICIAS,,DGCOP,POBLACION BENEFICIADA (500 M),10693,,PERSONAS,actualizacion_dgcop,2026-06-06 0:40:58,,
1054,PLATSOBSE_DGCOP_MOD_POLICIA_SAN_GREGORIO_ATLAPULCO_PUEBLO_2,SAN GREGORIO ATLAPULCO (PUEBLO),MODULOS DE POLICIAS,,DGCOP,SUPERFICIE DE INTERVENCIÓN,61,,METROS CUADRADOS,actualizacion_dgcop,2026-06-06 0:45:03,,
1055,PLATSOBSE_DGCOP_MOD_POLICIA_SAN_GREGORIO_ATLAPULCO_PUEBLO_2,SAN GREGORIO ATLAPULCO (PUEBLO),MODULOS DE POLICIAS,,DGCOP,POBLACION BENEFICIADA (500 M),8760,,PERSONAS,actualizacion_dgcop,2026-06-06 0:45:03,,
1057,PLATSOBSE_DGCOP_MOD_POLICIA_PLAZA_DE_LAS_TRES_CULTURAS_9,PLAZA DE LAS TRES CULTURAS,MODULOS DE POLICIAS,,DGCOP,SUPERFICIE DE INTERVENCIÓN,26,,METROS CUADRADOS,actualizacion_dgcop,2026-06-06 0:46:41,,
1058,PLATSOBSE_DGCOP_MOD_POLICIA_PLAZA_DE_LAS_TRES_CULTURAS_9,PLAZA DE LAS TRES CULTURAS,MODULOS DE POLICIAS,,DGCOP,POBLACION BENEFICIADA (500 M),22763,,PERSONAS,actualizacion_dgcop,2026-06-06 0:46:41,,
1060,PLATSOBSE_DGCOP_MOD_POLICIA_TLATELOLCO_PUENTE_DE_PIEDRA_11,TLATELOLCO PUENTE DE PIEDRA,MODULOS DE POLICIAS,,DGCOP,SUPERFICIE DE INTERVENCIÓN,26,,METROS CUADRADOS,actualizacion_dgcop,2026-06-06 0:48:33,,
1061,PLATSOBSE_DGCOP_MOD_POLICIA_TLATELOLCO_PUENTE_DE_PIEDRA_11,TLATELOLCO PUENTE DE PIEDRA,MODULOS DE POLICIAS,,DGCOP,POBLACION BENEFICIADA (500 M),28078,,PERSONAS,actualizacion_dgcop,2026-06-06 0:48:33,,
1063,PLATSOBSE_DGCOP_MOD_POLICIA_CUAUHTEMOC_Y_AV_INSURGENTES_NORTE_23,CUAUHTEMOC Y AV. INSURGENTES NORTE,MODULOS DE POLICIAS,,DGCOP,SUPERFICIE DE INTERVENCIÓN,26,,METROS CUADRADOS,actualizacion_dgcop,2026-06-06 0:50:20,,
1064,PLATSOBSE_DGCOP_MOD_POLICIA_CUAUHTEMOC_Y_AV_INSURGENTES_NORTE_23,CUAUHTEMOC Y AV. INSURGENTES NORTE,MODULOS DE POLICIAS,,DGCOP,POBLACION BENEFICIADA (500 M),23086,,PERSONAS,actualizacion_dgcop,2026-06-06 0:50:20,,
1066,PLATSOBSE_DGCOP_CAP_LLUVIA_MERC_PLUTARCO_ELIAS_CALLLES_16,PLUTARCO ELIAS CALLLES,MANTENIMIENTO A MERCADOS PUBLICOS (CAPTACION DE AGUA DE LLUVIA EN MERCADOS),,DGCOP,LOCALES BENEFICIADOS,361,,LOCALES,actualizacion_dgcop,2026-06-06 16:24:21,,
1067,PLATSOBSE_DGCOP_CAP_LLUVIA_MERC_PLUTARCO_ELIAS_CALLLES_16,PLUTARCO ELIAS CALLLES,MANTENIMIENTO A MERCADOS PUBLICOS (CAPTACION DE AGUA DE LLUVIA EN MERCADOS),,DGCOP,LOCATARIOS BENEFICIADOS,722,,LOCATARIOS,actualizacion_dgcop,2026-06-06 16:24:21,,
1068,PLATSOBSE_DGCOP_CAP_LLUVIA_MERC_PLUTARCO_ELIAS_CALLLES_16,PLUTARCO ELIAS CALLLES,MANTENIMIENTO A MERCADOS PUBLICOS (CAPTACION DE AGUA DE LLUVIA EN MERCADOS),,DGCOP,SUPERFICIE DE CAPTACION,650000,,METROS CUADRADOS,actualizacion_dgcop,2026-06-06 16:24:21,,
1070,PLATSOBSE_DGCOP_CAP_LLUVIA_MERC_CONTADERO_7,CONTADERO,MANTENIMIENTO A MERCADOS PUBLICOS (CAPTACION DE AGUA DE LLUVIA EN MERCADOS),,DGCOP,LOCALES BENEFICIADOS,78,,LOCALES,actualizacion_dgcop,2026-06-06 16:25:53,,
1071,PLATSOBSE_DGCOP_CAP_LLUVIA_MERC_CONTADERO_7,CONTADERO,MANTENIMIENTO A MERCADOS PUBLICOS (CAPTACION DE AGUA DE LLUVIA EN MERCADOS),,DGCOP,LOCATARIOS BENEFICIADOS,156,,LOCATARIOS,actualizacion_dgcop,2026-06-06 16:25:53,,
1072,PLATSOBSE_DGCOP_CAP_LLUVIA_MERC_CONTADERO_7,CONTADERO,MANTENIMIENTO A MERCADOS PUBLICOS (CAPTACION DE AGUA DE LLUVIA EN MERCADOS),,DGCOP,SUPERFICIE DE CAPTACION,650000,,METROS CUADRADOS,actualizacion_dgcop,2026-06-06 16:25:53,,
1074,PLATSOBSE_DGCOP_CAP_LLUVIA_MERC_NARCISO_BASSOLS_9,NARCISO BASSOLS,MANTENIMIENTO A MERCADOS PUBLICOS (CAPTACION DE AGUA DE LLUVIA EN MERCADOS),,DGCOP,LOCALES BENEFICIADOS,127,,LOCALES,actualizacion_dgcop,2026-06-06 16:30:56,,
1075,PLATSOBSE_DGCOP_CAP_LLUVIA_MERC_NARCISO_BASSOLS_9,NARCISO BASSOLS,MANTENIMIENTO A MERCADOS PUBLICOS (CAPTACION DE AGUA DE LLUVIA EN MERCADOS),,DGCOP,LOCATARIOS BENEFICIADOS,254,,LOCATARIOS,actualizacion_dgcop,2026-06-06 16:30:56,,
1076,PLATSOBSE_DGCOP_CAP_LLUVIA_MERC_NARCISO_BASSOLS_9,NARCISO BASSOLS,MANTENIMIENTO A MERCADOS PUBLICOS (CAPTACION DE AGUA DE LLUVIA EN MERCADOS),,DGCOP,SUPERFICIE DE CAPTACION,640000,,METROS CUADRADOS,actualizacion_dgcop,2026-06-06 16:30:56,actualizacion_dgcop,2026-06-06 16:31:07
1079,PLATSOBSE_DGCOP_CAP_LLUVIA_MERC_INDEPENDENCIA_4,INDEPENDENCIA,MANTENIMIENTO A MERCADOS PUBLICOS (CAPTACION DE AGUA DE LLUVIA EN MERCADOS),,DGCOP,LOCALES BENEFICIADOS,226,,LOCALES,actualizacion_dgcop,2026-06-06 16:33:03,,
1080,PLATSOBSE_DGCOP_CAP_LLUVIA_MERC_INDEPENDENCIA_4,INDEPENDENCIA,MANTENIMIENTO A MERCADOS PUBLICOS (CAPTACION DE AGUA DE LLUVIA EN MERCADOS),,DGCOP,LOCATARIOS BENEFICIADOS,452,,LOCATARIOS,actualizacion_dgcop,2026-06-06 16:33:03,,
1184,PLATSOBSE_DGCOP_MTTO_MERCADOS_MOCTEZUMA_69,MOCTEZUMA,MANTENIMIENTO A MERCADOS PUBLICOS,,DGCOP,LOCATARIOS BENEFICIADOS,1052,,LOCATARIOS,actualizacion_dgcop,2026-06-06 19:21:39,,
1185,PLATSOBSE_DGCOP_MTTO_MERCADOS_MOCTEZUMA_69,MOCTEZUMA,MANTENIMIENTO A MERCADOS PUBLICOS,,DGCOP,SUPERFICIE DE INTERVENCIÓN,6699,,METROS CUADRADOS,actualizacion_dgcop,2026-06-06 19:21:39,,
1081,PLATSOBSE_DGCOP_CAP_LLUVIA_MERC_INDEPENDENCIA_4,INDEPENDENCIA,MANTENIMIENTO A MERCADOS PUBLICOS (CAPTACION DE AGUA DE LLUVIA EN MERCADOS),,DGCOP,SUPERFICIE DE CAPTACION,650000,,METROS CUADRADOS,actualizacion_dgcop,2026-06-06 16:33:03,,
1083,PLATSOBSE_DGCOP_CAP_LLUVIA_MERC_MIXCOAC_5,MIXCOAC,MANTENIMIENTO A MERCADOS PUBLICOS (CAPTACION DE AGUA DE LLUVIA EN MERCADOS),,DGCOP,LOCALES BENEFICIADOS,476,,LOCALES,actualizacion_dgcop,2026-06-06 16:34:14,,
1084,PLATSOBSE_DGCOP_CAP_LLUVIA_MERC_MIXCOAC_5,MIXCOAC,MANTENIMIENTO A MERCADOS PUBLICOS (CAPTACION DE AGUA DE LLUVIA EN MERCADOS),,DGCOP,LOCATARIOS BENEFICIADOS,952,,LOCATARIOS,actualizacion_dgcop,2026-06-06 16:34:14,,
1085,PLATSOBSE_DGCOP_CAP_LLUVIA_MERC_MIXCOAC_5,MIXCOAC,MANTENIMIENTO A MERCADOS PUBLICOS (CAPTACION DE AGUA DE LLUVIA EN MERCADOS),,DGCOP,SUPERFICIE DE CAPTACION,650000,,METROS CUADRADOS,actualizacion_dgcop,2026-06-06 16:34:14,,
1087,PLATSOBSE_DGCOP_CAP_LLUVIA_MERC_MIXQUIC_18,MIXQUIC,MANTENIMIENTO A MERCADOS PUBLICOS (CAPTACION DE AGUA DE LLUVIA EN MERCADOS),,DGCOP,LOCALES BENEFICIADOS,102,,LOCALES,actualizacion_dgcop,2026-06-06 16:37:48,,
1088,PLATSOBSE_DGCOP_CAP_LLUVIA_MERC_MIXQUIC_18,MIXQUIC,MANTENIMIENTO A MERCADOS PUBLICOS (CAPTACION DE AGUA DE LLUVIA EN MERCADOS),,DGCOP,LOCATARIOS BENEFICIADOS,204,,LOCATARIOS,actualizacion_dgcop,2026-06-06 16:37:48,,
1089,PLATSOBSE_DGCOP_CAP_LLUVIA_MERC_MIXQUIC_18,MIXQUIC,MANTENIMIENTO A MERCADOS PUBLICOS (CAPTACION DE AGUA DE LLUVIA EN MERCADOS),,DGCOP,SUPERFICIE DE CAPTACION,595000,,METROS CUADRADOS,actualizacion_dgcop,2026-06-06 16:37:48,,
1091,PLATSOBSE_DGCOP_CAP_LLUVIA_MERC_PANAMERICANA_10,PANAMERICANA,MANTENIMIENTO A MERCADOS PUBLICOS (CAPTACION DE AGUA DE LLUVIA EN MERCADOS),,DGCOP,LOCALES BENEFICIADOS,430,,LOCALES,actualizacion_dgcop,2026-06-06 16:38:44,,
1092,PLATSOBSE_DGCOP_CAP_LLUVIA_MERC_PANAMERICANA_10,PANAMERICANA,MANTENIMIENTO A MERCADOS PUBLICOS (CAPTACION DE AGUA DE LLUVIA EN MERCADOS),,DGCOP,LOCATARIOS BENEFICIADOS,860,,LOCATARIOS,actualizacion_dgcop,2026-06-06 16:38:44,,
1093,PLATSOBSE_DGCOP_CAP_LLUVIA_MERC_PANAMERICANA_10,PANAMERICANA,MANTENIMIENTO A MERCADOS PUBLICOS (CAPTACION DE AGUA DE LLUVIA EN MERCADOS),,DGCOP,SUPERFICIE DE CAPTACION,640000,,METROS CUADRADOS,actualizacion_dgcop,2026-06-06 16:38:44,,
1095,PLATSOBSE_DGCOP_CAP_LLUVIA_MERC_BRAMADERO_12,BRAMADERO,MANTENIMIENTO A MERCADOS PUBLICOS (CAPTACION DE AGUA DE LLUVIA EN MERCADOS),,DGCOP,LOCALES BENEFICIADOS,278,,LOCALES,actualizacion_dgcop,2026-06-06 16:39:46,,
1096,PLATSOBSE_DGCOP_CAP_LLUVIA_MERC_BRAMADERO_12,BRAMADERO,MANTENIMIENTO A MERCADOS PUBLICOS (CAPTACION DE AGUA DE LLUVIA EN MERCADOS),,DGCOP,LOCATARIOS BENEFICIADOS,556,,LOCATARIOS,actualizacion_dgcop,2026-06-06 16:39:46,,
1097,PLATSOBSE_DGCOP_CAP_LLUVIA_MERC_BRAMADERO_12,BRAMADERO,MANTENIMIENTO A MERCADOS PUBLICOS (CAPTACION DE AGUA DE LLUVIA EN MERCADOS),,DGCOP,SUPERFICIE DE CAPTACION,640000,,METROS CUADRADOS,actualizacion_dgcop,2026-06-06 16:39:46,,
1099,PLATSOBSE_DGCOP_CAP_LLUVIA_MERC_CERRO_DEL_JUDIO_15,CERRO DEL JUDIO,MANTENIMIENTO A MERCADOS PUBLICOS (CAPTACION DE AGUA DE LLUVIA EN MERCADOS),,DGCOP,LOCALES BENEFICIADOS,91,,LOCALES,actualizacion_dgcop,2026-06-06 17:25:34,,
1100,PLATSOBSE_DGCOP_CAP_LLUVIA_MERC_CERRO_DEL_JUDIO_15,CERRO DEL JUDIO,MANTENIMIENTO A MERCADOS PUBLICOS (CAPTACION DE AGUA DE LLUVIA EN MERCADOS),,DGCOP,LOCATARIOS BENEFICIADOS,91,,LOCATARIOS,actualizacion_dgcop,2026-06-06 17:25:34,,
1101,PLATSOBSE_DGCOP_CAP_LLUVIA_MERC_CERRO_DEL_JUDIO_15,CERRO DEL JUDIO,MANTENIMIENTO A MERCADOS PUBLICOS (CAPTACION DE AGUA DE LLUVIA EN MERCADOS),,DGCOP,SUPERFICIE DE CAPTACION,640000,,METROS CUADRADOS,actualizacion_dgcop,2026-06-06 17:25:34,,
1103,PLATSOBSE_DGCOP_CAP_LLUVIA_MERC_EMILIANO_ZAPATA_11,EMILIANO ZAPATA,MANTENIMIENTO A MERCADOS PUBLICOS (CAPTACION DE AGUA DE LLUVIA EN MERCADOS),,DGCOP,LOCALES BENEFICIADOS,301,,LOCALES,actualizacion_dgcop,2026-06-06 17:28:33,,
1104,PLATSOBSE_DGCOP_CAP_LLUVIA_MERC_EMILIANO_ZAPATA_11,EMILIANO ZAPATA,MANTENIMIENTO A MERCADOS PUBLICOS (CAPTACION DE AGUA DE LLUVIA EN MERCADOS),,DGCOP,LOCATARIOS BENEFICIADOS,602,,LOCATARIOS,actualizacion_dgcop,2026-06-06 17:28:33,,
1105,PLATSOBSE_DGCOP_CAP_LLUVIA_MERC_EMILIANO_ZAPATA_11,EMILIANO ZAPATA,MANTENIMIENTO A MERCADOS PUBLICOS (CAPTACION DE AGUA DE LLUVIA EN MERCADOS),,DGCOP,SUPERFICIE DE CAPTACION,650000,,METROS CUADRADOS,actualizacion_dgcop,2026-06-06 17:28:33,,
1107,PLATSOBSE_DGCOP_CAP_LLUVIA_MERC_CLUB_CANANEA_13,CLUB CANANEA,MANTENIMIENTO A MERCADOS PUBLICOS (CAPTACION DE AGUA DE LLUVIA EN MERCADOS),,DGCOP,LOCALES BENEFICIADOS,158,,LOCALES,actualizacion_dgcop,2026-06-06 17:29:35,,
1108,PLATSOBSE_DGCOP_CAP_LLUVIA_MERC_CLUB_CANANEA_13,CLUB CANANEA,MANTENIMIENTO A MERCADOS PUBLICOS (CAPTACION DE AGUA DE LLUVIA EN MERCADOS),,DGCOP,LOCATARIOS BENEFICIADOS,316,,LOCATARIOS,actualizacion_dgcop,2026-06-06 17:29:35,,
1109,PLATSOBSE_DGCOP_CAP_LLUVIA_MERC_CLUB_CANANEA_13,CLUB CANANEA,MANTENIMIENTO A MERCADOS PUBLICOS (CAPTACION DE AGUA DE LLUVIA EN MERCADOS),,DGCOP,SUPERFICIE DE CAPTACION,650000,,METROS CUADRADOS,actualizacion_dgcop,2026-06-06 17:29:35,,
1111,PLATSOBSE_DGCOP_CAP_LLUVIA_MERC_MAGDALENA_TURISTICO_14,MAGDALENA TURISTICO,MANTENIMIENTO A MERCADOS PUBLICOS (CAPTACION DE AGUA DE LLUVIA EN MERCADOS),,DGCOP,LOCALES BENEFICIADOS,90,,LOCALES,actualizacion_dgcop,2026-06-06 17:30:17,,
1112,PLATSOBSE_DGCOP_CAP_LLUVIA_MERC_MAGDALENA_TURISTICO_14,MAGDALENA TURISTICO,MANTENIMIENTO A MERCADOS PUBLICOS (CAPTACION DE AGUA DE LLUVIA EN MERCADOS),,DGCOP,LOCATARIOS BENEFICIADOS,180,,LOCATARIOS,actualizacion_dgcop,2026-06-06 17:30:17,,
1113,PLATSOBSE_DGCOP_CAP_LLUVIA_MERC_MAGDALENA_TURISTICO_14,MAGDALENA TURISTICO,MANTENIMIENTO A MERCADOS PUBLICOS (CAPTACION DE AGUA DE LLUVIA EN MERCADOS),,DGCOP,SUPERFICIE DE CAPTACION,640000,,METROS CUADRADOS,actualizacion_dgcop,2026-06-06 17:30:17,,
1115,PLATSOBSE_DGCOP_CAP_LLUVIA_MERC_COSMOPOLITA_3,COSMOPOLITA,MANTENIMIENTO A MERCADOS PUBLICOS (CAPTACION DE AGUA DE LLUVIA EN MERCADOS),,DGCOP,LOCALES BENEFICIADOS,135,,LOCALES,actualizacion_dgcop,2026-06-06 17:31:59,,
1116,PLATSOBSE_DGCOP_CAP_LLUVIA_MERC_COSMOPOLITA_3,COSMOPOLITA,MANTENIMIENTO A MERCADOS PUBLICOS (CAPTACION DE AGUA DE LLUVIA EN MERCADOS),,DGCOP,LOCATARIOS BENEFICIADOS,270,,LOCATARIOS,actualizacion_dgcop,2026-06-06 17:31:59,,
1117,PLATSOBSE_DGCOP_CAP_LLUVIA_MERC_COSMOPOLITA_3,COSMOPOLITA,MANTENIMIENTO A MERCADOS PUBLICOS (CAPTACION DE AGUA DE LLUVIA EN MERCADOS),,DGCOP,SUPERFICIE DE CAPTACION,640000,,METROS CUADRADOS,actualizacion_dgcop,2026-06-06 17:31:59,,
1119,PLATSOBSE_DGCOP_CAP_LLUVIA_MERC_MORELOS_20,MORELOS,MANTENIMIENTO A MERCADOS PUBLICOS (CAPTACION DE AGUA DE LLUVIA EN MERCADOS),,DGCOP,LOCALES BENEFICIADOS,912,,LOCALES,actualizacion_dgcop,2026-06-06 17:33:09,,
1120,PLATSOBSE_DGCOP_CAP_LLUVIA_MERC_MORELOS_20,MORELOS,MANTENIMIENTO A MERCADOS PUBLICOS (CAPTACION DE AGUA DE LLUVIA EN MERCADOS),,DGCOP,LOCATARIOS BENEFICIADOS,1824,,LOCATARIOS,actualizacion_dgcop,2026-06-06 17:33:09,,
1121,PLATSOBSE_DGCOP_CAP_LLUVIA_MERC_MORELOS_20,MORELOS,MANTENIMIENTO A MERCADOS PUBLICOS (CAPTACION DE AGUA DE LLUVIA EN MERCADOS),,DGCOP,SUPERFICIE DE CAPTACION,640000,,METROS CUADRADOS,actualizacion_dgcop,2026-06-06 17:33:09,,
1123,PLATSOBSE_DGCOP_CAP_LLUVIA_MERC_VILLA_COAPA_19,VILLA COAPA,MANTENIMIENTO A MERCADOS PUBLICOS (CAPTACION DE AGUA DE LLUVIA EN MERCADOS),,DGCOP,LOCALES BENEFICIADOS,167,,LOCALES,actualizacion_dgcop,2026-06-06 17:34:17,,
1124,PLATSOBSE_DGCOP_CAP_LLUVIA_MERC_VILLA_COAPA_19,VILLA COAPA,MANTENIMIENTO A MERCADOS PUBLICOS (CAPTACION DE AGUA DE LLUVIA EN MERCADOS),,DGCOP,LOCATARIOS BENEFICIADOS,334,,LOCATARIOS,actualizacion_dgcop,2026-06-06 17:34:17,,
1125,PLATSOBSE_DGCOP_CAP_LLUVIA_MERC_VILLA_COAPA_19,VILLA COAPA,MANTENIMIENTO A MERCADOS PUBLICOS (CAPTACION DE AGUA DE LLUVIA EN MERCADOS),,DGCOP,SUPERFICIE DE CAPTACION,941189,,METROS CUADRADOS,actualizacion_dgcop,2026-06-06 17:34:17,,
1127,PLATSOBSE_DGCOP_CAP_LLUVIA_MERC_AVANTE_6,AVANTE,MANTENIMIENTO A MERCADOS PUBLICOS (CAPTACION DE AGUA DE LLUVIA EN MERCADOS),,DGCOP,LOCALES BENEFICIADOS,101,,LOCALES,actualizacion_dgcop,2026-06-06 17:35:24,,
1128,PLATSOBSE_DGCOP_CAP_LLUVIA_MERC_AVANTE_6,AVANTE,MANTENIMIENTO A MERCADOS PUBLICOS (CAPTACION DE AGUA DE LLUVIA EN MERCADOS),,DGCOP,LOCATARIOS BENEFICIADOS,202,,LOCATARIOS,actualizacion_dgcop,2026-06-06 17:35:24,,
1129,PLATSOBSE_DGCOP_CAP_LLUVIA_MERC_AVANTE_6,AVANTE,MANTENIMIENTO A MERCADOS PUBLICOS (CAPTACION DE AGUA DE LLUVIA EN MERCADOS),,DGCOP,SUPERFICIE DE CAPTACION,620000,,METROS CUADRADOS,actualizacion_dgcop,2026-06-06 17:35:24,,
1131,PLATSOBSE_DGCOP_CAP_LLUVIA_MERC_BEETHOVEN_8,BEETHOVEN,MANTENIMIENTO A MERCADOS PUBLICOS (CAPTACION DE AGUA DE LLUVIA EN MERCADOS),,DGCOP,LOCALES BENEFICIADOS,792,,LOCALES,actualizacion_dgcop,2026-06-06 17:36:28,,
1132,PLATSOBSE_DGCOP_CAP_LLUVIA_MERC_BEETHOVEN_8,BEETHOVEN,MANTENIMIENTO A MERCADOS PUBLICOS (CAPTACION DE AGUA DE LLUVIA EN MERCADOS),,DGCOP,LOCATARIOS BENEFICIADOS,1584,,LOCATARIOS,actualizacion_dgcop,2026-06-06 17:36:28,,
1133,PLATSOBSE_DGCOP_CAP_LLUVIA_MERC_BEETHOVEN_8,BEETHOVEN,MANTENIMIENTO A MERCADOS PUBLICOS (CAPTACION DE AGUA DE LLUVIA EN MERCADOS),,DGCOP,SUPERFICIE DE CAPTACION,640000,,METROS CUADRADOS,actualizacion_dgcop,2026-06-06 17:36:28,,
1135,PLATSOBSE_DGCOP_CAP_LLUVIA_MERC_CRISTO_REY_1,CRISTO REY,MANTENIMIENTO A MERCADOS PUBLICOS (CAPTACION DE AGUA DE LLUVIA EN MERCADOS),,DGCOP,LOCALES BENEFICIADOS,118,,LOCALES,actualizacion_dgcop,2026-06-06 17:37:17,,
1136,PLATSOBSE_DGCOP_CAP_LLUVIA_MERC_CRISTO_REY_1,CRISTO REY,MANTENIMIENTO A MERCADOS PUBLICOS (CAPTACION DE AGUA DE LLUVIA EN MERCADOS),,DGCOP,LOCATARIOS BENEFICIADOS,236,,LOCATARIOS,actualizacion_dgcop,2026-06-06 17:37:17,,
1137,PLATSOBSE_DGCOP_CAP_LLUVIA_MERC_CRISTO_REY_1,CRISTO REY,MANTENIMIENTO A MERCADOS PUBLICOS (CAPTACION DE AGUA DE LLUVIA EN MERCADOS),,DGCOP,SUPERFICIE DE CAPTACION,640000,,METROS CUADRADOS,actualizacion_dgcop,2026-06-06 17:37:17,,
1139,PLATSOBSE_DGCOP_CAP_LLUVIA_MERC_CENTENARIO_2,CENTENARIO,MANTENIMIENTO A MERCADOS PUBLICOS (CAPTACION DE AGUA DE LLUVIA EN MERCADOS),,DGCOP,LOCALES BENEFICIADOS,86,,LOCALES,actualizacion_dgcop,2026-06-06 17:38:47,,
1140,PLATSOBSE_DGCOP_CAP_LLUVIA_MERC_CENTENARIO_2,CENTENARIO,MANTENIMIENTO A MERCADOS PUBLICOS (CAPTACION DE AGUA DE LLUVIA EN MERCADOS),,DGCOP,LOCATARIOS BENEFICIADOS,172,,LOCATARIOS,actualizacion_dgcop,2026-06-06 17:38:47,,
1141,PLATSOBSE_DGCOP_CAP_LLUVIA_MERC_CENTENARIO_2,CENTENARIO,MANTENIMIENTO A MERCADOS PUBLICOS (CAPTACION DE AGUA DE LLUVIA EN MERCADOS),,DGCOP,SUPERFICIE DE CAPTACION,640000,,METROS CUADRADOS,actualizacion_dgcop,2026-06-06 17:38:47,,
1143,PLATSOBSE_DGCOP_CAP_LLUVIA_MERC_SAN_GREGORIO_ATLAPULCO_21,SAN GREGORIO ATLAPULCO,MANTENIMIENTO A MERCADOS PUBLICOS (CAPTACION DE AGUA DE LLUVIA EN MERCADOS),,DGCOP,LOCALES BENEFICIADOS,136,,LOCALES,actualizacion_dgcop,2026-06-06 17:39:39,,
1144,PLATSOBSE_DGCOP_CAP_LLUVIA_MERC_SAN_GREGORIO_ATLAPULCO_21,SAN GREGORIO ATLAPULCO,MANTENIMIENTO A MERCADOS PUBLICOS (CAPTACION DE AGUA DE LLUVIA EN MERCADOS),,DGCOP,LOCATARIOS BENEFICIADOS,272,,LOCATARIOS,actualizacion_dgcop,2026-06-06 17:39:39,,
1145,PLATSOBSE_DGCOP_CAP_LLUVIA_MERC_SAN_GREGORIO_ATLAPULCO_21,SAN GREGORIO ATLAPULCO,MANTENIMIENTO A MERCADOS PUBLICOS (CAPTACION DE AGUA DE LLUVIA EN MERCADOS),,DGCOP,SUPERFICIE DE CAPTACION,650000,,METROS CUADRADOS,actualizacion_dgcop,2026-06-06 17:39:39,,
1452,PLATSOBSE_DGCOP_MTTO_MERCADOS_CARMEN_SERDAN_16,CARMEN SERDAN,MANTENIMIENTO A MERCADOS PUBLICOS,,DGCOP,LOCALES BENEFICIADOS,116,,LOCALES,actualizacion_dgcop,2026-06-08 19:54:09,,
1453,PLATSOBSE_DGCOP_MTTO_MERCADOS_CARMEN_SERDAN_16,CARMEN SERDAN,MANTENIMIENTO A MERCADOS PUBLICOS,,DGCOP,LOCATARIOS BENEFICIADOS,232,,LOCATARIOS,actualizacion_dgcop,2026-06-08 19:54:09,,
1454,PLATSOBSE_DGCOP_MTTO_MERCADOS_CARMEN_SERDAN_16,CARMEN SERDAN,MANTENIMIENTO A MERCADOS PUBLICOS,,DGCOP,SUPERFICIE DE INTERVENCIÓN,1971,,METROS CUADRADOS,actualizacion_dgcop,2026-06-08 19:54:09,,
1535,PLATSOBSE_DGCOP_PUENTES_PEATONALES_ALBNIZ_Y_RIO_CONSULADO_64,ALBNIZ Y RIO CONSULADO,REHABILITACION Y CONSTRUCCION DE PUENTES PEATONALES,,DGCOP,LONGITUD,109,,METROS LINEALES,actualizacion_dgcop,2026-06-09 0:50:23,,
1536,PLATSOBSE_DGCOP_PUENTES_PEATONALES_ALBNIZ_Y_RIO_CONSULADO_64,ALBNIZ Y RIO CONSULADO,REHABILITACION Y CONSTRUCCION DE PUENTES PEATONALES,,DGCOP,SUPERFICIE DE INTERVENCIÓN,136,,METROS CUADRADOS,actualizacion_dgcop,2026-06-09 0:50:23,,
1592,PLATSOBSE_DGCOP_PUENTES_VEHICULARES_ANILLO_PERIFERICO_GLORIETA_DE_VAQUERITOS_82,ANILLO PERIFERICO (GLORIETA DE VAQUERITOS),REHABILITACION Y CONSTRUCCION DE PUENTES VEHICULARES,,DGCOP,SUPERFICIE DE INTERVENCIÓN,1922,,METROS CUADRADOS,actualizacion_dgcop,2026-06-09 16:29:59,,
1595,PLATSOBSE_DGCOP_PUENTES_VEHICULARES_ANILLO_PERIFERICO_TRIANGULO_DE_LAS_AJUGAS_2_PV231_64,ANILLO PERIFERICO TRIANGULO DE LAS AJUGAS 2 PV231,REHABILITACION Y CONSTRUCCION DE PUENTES VEHICULARES,,DGCOP,SUPERFICIE DE INTERVENCIÓN,5156,,METROS CUADRADOS,actualizacion_dgcop,2026-06-09 16:30:39,,
1598,PLATSOBSE_DGCOP_PUENTES_VEHICULARES_ANILLO_PERIFERICO_Y_EJE_6_UH_VICENTE_GUERRERO_68,ANILLO PERIFERICO Y EJE 6 (UH VICENTE GUERRERO),REHABILITACION Y CONSTRUCCION DE PUENTES VEHICULARES,,DGCOP,SUPERFICIE DE INTERVENCIÓN,4906,,METROS CUADRADOS,actualizacion_dgcop,2026-06-09 16:31:28,,
1600,PLATSOBSE_DGCOP_PUENTES_PEATONALES_ANILLO_PERIFERICO_CANAL_DE_GARAY_BILBAO_O_RIO_NILO_50,ANILLO PERIFERICO (CANAL DE GARAY) - BILBAO O RIO NILO,REHABILITACION Y CONSTRUCCION DE PUENTES PEATONALES,,DGCOP,LONGITUD,54,,METROS LINEALES,actualizacion_dgcop,2026-06-09 16:31:39,,
1601,PLATSOBSE_DGCOP_PUENTES_PEATONALES_ANILLO_PERIFERICO_CANAL_DE_GARAY_BILBAO_O_RIO_NILO_50,ANILLO PERIFERICO (CANAL DE GARAY) - BILBAO O RIO NILO,REHABILITACION Y CONSTRUCCION DE PUENTES PEATONALES,,DGCOP,SUPERFICIE DE INTERVENCIÓN,99,,METROS CUADRADOS,actualizacion_dgcop,2026-06-09 16:31:39,,
1606,PLATSOBSE_DGCOP_REHABILITACION_CONSTRUCCION_EJE_5_SUR,EJE 5 SUR - EJE 3 ORIENTE,REHABILITACION Y CONSTRUCCION DE PUENTES VEHICULARES,,DGCOP,LONGITUD,536,,METROS LINEALES,actualizacion_dgcop,2026-06-09 16:32:47,,
1607,PLATSOBSE_DGCOP_REHABILITACION_CONSTRUCCION_EJE_5_SUR,EJE 5 SUR - EJE 3 ORIENTE,REHABILITACION Y CONSTRUCCION DE PUENTES VEHICULARES,,DGCOP,SUPERFICIE DE INTERVENCIÓN,13753,,METROS CUADRADOS,actualizacion_dgcop,2026-06-09 16:32:47,,
1610,PLATSOBSE_DGCOP_PUENTES_VEHICULARES_AUTOPISTA_MEXICO_MARQUESA_LOMAS_DE_SANTA_FE_85,AUTOPISTA MEXICO MARQUESA (LOMAS DE SANTA FE),REHABILITACION Y CONSTRUCCION DE PUENTES VEHICULARES,,DGCOP,SUPERFICIE DE INTERVENCIÓN,3018,,METROS CUADRADOS,actualizacion_dgcop,2026-06-09 16:32:59,,
1597,PLATSOBSE_DGCOP_PUENTES_VEHICULARES_ANILLO_PERIFERICO_Y_EJE_6_UH_VICENTE_GUERRERO_68,ANILLO PERIFERICO Y EJE 6 (UH VICENTE GUERRERO),REHABILITACION Y CONSTRUCCION DE PUENTES VEHICULARES,,DGCOP,LONGITUD,1533,,METROS LINEALES,actualizacion_dgcop,2026-06-09 16:31:28,actualizacion_dgcop,2026-06-09 18:59:44
1609,PLATSOBSE_DGCOP_PUENTES_VEHICULARES_AUTOPISTA_MEXICO_MARQUESA_LOMAS_DE_SANTA_FE_85,AUTOPISTA MEXICO MARQUESA (LOMAS DE SANTA FE),REHABILITACION Y CONSTRUCCION DE PUENTES VEHICULARES,,DGCOP,LONGITUD,438,,METROS LINEALES,actualizacion_dgcop,2026-06-09 16:32:59,actualizacion_dgcop,2026-06-09 19:00:15
1147,PLATSOBSE_DGCOP_CAP_LLUVIA_MERC_BENITO_JUAREZ_17,BENITO JUAREZ,MANTENIMIENTO A MERCADOS PUBLICOS (CAPTACION DE AGUA DE LLUVIA EN MERCADOS),,DGCOP,LOCALES BENEFICIADOS,207,,LOCALES,actualizacion_dgcop,2026-06-06 17:41:50,,
1148,PLATSOBSE_DGCOP_CAP_LLUVIA_MERC_BENITO_JUAREZ_17,BENITO JUAREZ,MANTENIMIENTO A MERCADOS PUBLICOS (CAPTACION DE AGUA DE LLUVIA EN MERCADOS),,DGCOP,LOCATARIOS BENEFICIADOS,414,,LOCATARIOS,actualizacion_dgcop,2026-06-06 17:41:50,,
1149,PLATSOBSE_DGCOP_CAP_LLUVIA_MERC_BENITO_JUAREZ_17,BENITO JUAREZ,MANTENIMIENTO A MERCADOS PUBLICOS (CAPTACION DE AGUA DE LLUVIA EN MERCADOS),,DGCOP,SUPERFICIE DE CAPTACION,620000,,METROS CUADRADOS,actualizacion_dgcop,2026-06-06 17:41:50,,
1151,PLATSOBSE_DGCOP_MTTO_MERCADOS_45_RAMON_CORONA_32,# 45 RAMON CORONA,MANTENIMIENTO A MERCADOS PUBLICOS,,DGCOP,LOCALES BENEFICIADOS,458,,LOCALES,actualizacion_dgcop,2026-06-06 19:03:04,,
1152,PLATSOBSE_DGCOP_MTTO_MERCADOS_45_RAMON_CORONA_32,# 45 RAMON CORONA,MANTENIMIENTO A MERCADOS PUBLICOS,,DGCOP,LOCATARIOS BENEFICIADOS,916,,LOCATARIOS,actualizacion_dgcop,2026-06-06 19:03:04,,
1153,PLATSOBSE_DGCOP_MTTO_MERCADOS_45_RAMON_CORONA_32,# 45 RAMON CORONA,MANTENIMIENTO A MERCADOS PUBLICOS,,DGCOP,SUPERFICIE DE INTERVENCIÓN,6599,,METROS CUADRADOS,actualizacion_dgcop,2026-06-06 19:03:04,,
1155,PLATSOBSE_DGCOP_MTTO_MERCADOS_BENITO_JUAREZ_ANEXO_55,BENITO JUAREZ ANEXO,MANTENIMIENTO A MERCADOS PUBLICOS,,DGCOP,LOCALES BENEFICIADOS,207,,LOCALES,actualizacion_dgcop,2026-06-06 19:07:45,,
1156,PLATSOBSE_DGCOP_MTTO_MERCADOS_BENITO_JUAREZ_ANEXO_55,BENITO JUAREZ ANEXO,MANTENIMIENTO A MERCADOS PUBLICOS,,DGCOP,LOCATARIOS BENEFICIADOS,414,,LOCATARIOS,actualizacion_dgcop,2026-06-06 19:07:45,,
1157,PLATSOBSE_DGCOP_MTTO_MERCADOS_BENITO_JUAREZ_ANEXO_55,BENITO JUAREZ ANEXO,MANTENIMIENTO A MERCADOS PUBLICOS,,DGCOP,SUPERFICIE DE INTERVENCIÓN,2418,,METROS CUADRADOS,actualizacion_dgcop,2026-06-06 19:07:45,,
1159,PLATSOBSE_DGCOP_MTTO_MERCADOS_AGRICOLA_ORIENTAL_43,AGRICOLA ORIENTAL,MANTENIMIENTO A MERCADOS PUBLICOS,,DGCOP,LOCALES BENEFICIADOS,344,,LOCALES,actualizacion_dgcop,2026-06-06 19:10:31,,
1160,PLATSOBSE_DGCOP_MTTO_MERCADOS_AGRICOLA_ORIENTAL_43,AGRICOLA ORIENTAL,MANTENIMIENTO A MERCADOS PUBLICOS,,DGCOP,LOCATARIOS BENEFICIADOS,688,,LOCATARIOS,actualizacion_dgcop,2026-06-06 19:10:31,,
1161,PLATSOBSE_DGCOP_MTTO_MERCADOS_AGRICOLA_ORIENTAL_43,AGRICOLA ORIENTAL,MANTENIMIENTO A MERCADOS PUBLICOS,,DGCOP,SUPERFICIE DE INTERVENCIÓN,4085,,METROS CUADRADOS,actualizacion_dgcop,2026-06-06 19:10:31,,
1163,PLATSOBSE_DGCOP_MTTO_MERCADOS_APATLACO_42,APATLACO,MANTENIMIENTO A MERCADOS PUBLICOS,,DGCOP,LOCALES BENEFICIADOS,131,,LOCALES,actualizacion_dgcop,2026-06-06 19:11:28,,
1164,PLATSOBSE_DGCOP_MTTO_MERCADOS_APATLACO_42,APATLACO,MANTENIMIENTO A MERCADOS PUBLICOS,,DGCOP,LOCATARIOS BENEFICIADOS,262,,LOCATARIOS,actualizacion_dgcop,2026-06-06 19:11:28,,
1165,PLATSOBSE_DGCOP_MTTO_MERCADOS_APATLACO_42,APATLACO,MANTENIMIENTO A MERCADOS PUBLICOS,,DGCOP,SUPERFICIE DE INTERVENCIÓN,2091,,METROS CUADRADOS,actualizacion_dgcop,2026-06-06 19:11:28,,
1167,PLATSOBSE_DGCOP_MTTO_MERCADOS_MORELOS_80,MORELOS,MANTENIMIENTO A MERCADOS PUBLICOS,,DGCOP,LOCALES BENEFICIADOS,912,,LOCALES,actualizacion_dgcop,2026-06-06 19:13:52,,
1168,PLATSOBSE_DGCOP_MTTO_MERCADOS_MORELOS_80,MORELOS,MANTENIMIENTO A MERCADOS PUBLICOS,,DGCOP,LOCATARIOS BENEFICIADOS,1824,,LOCATARIOS,actualizacion_dgcop,2026-06-06 19:13:52,,
1169,PLATSOBSE_DGCOP_MTTO_MERCADOS_MORELOS_80,MORELOS,MANTENIMIENTO A MERCADOS PUBLICOS,,DGCOP,SUPERFICIE DE INTERVENCIÓN,11550,,METROS CUADRADOS,actualizacion_dgcop,2026-06-06 19:13:52,,
1171,PLATSOBSE_DGCOP_MTTO_MERCADOS_TACUBAYA_BECERRA_51,TACUBAYA BECERRA,MANTENIMIENTO A MERCADOS PUBLICOS,,DGCOP,LOCALES BENEFICIADOS,700,,LOCALES,actualizacion_dgcop,2026-06-06 19:15:23,,
1172,PLATSOBSE_DGCOP_MTTO_MERCADOS_TACUBAYA_BECERRA_51,TACUBAYA BECERRA,MANTENIMIENTO A MERCADOS PUBLICOS,,DGCOP,LOCATARIOS BENEFICIADOS,1400,,LOCATARIOS,actualizacion_dgcop,2026-06-06 19:15:23,,
1173,PLATSOBSE_DGCOP_MTTO_MERCADOS_TACUBAYA_BECERRA_51,TACUBAYA BECERRA,MANTENIMIENTO A MERCADOS PUBLICOS,,DGCOP,SUPERFICIE DE INTERVENCIÓN,8906,,METROS CUADRADOS,actualizacion_dgcop,2026-06-06 19:15:23,,
1175,PLATSOBSE_DGCOP_MTTO_MERCADOS_LAMINADORES_12,LAMINADORES,MANTENIMIENTO A MERCADOS PUBLICOS,,DGCOP,LOCALES BENEFICIADOS,148,,LOCALES,actualizacion_dgcop,2026-06-06 19:18:05,,
1176,PLATSOBSE_DGCOP_MTTO_MERCADOS_LAMINADORES_12,LAMINADORES,MANTENIMIENTO A MERCADOS PUBLICOS,,DGCOP,LOCATARIOS BENEFICIADOS,296,,LOCATARIOS,actualizacion_dgcop,2026-06-06 19:18:05,,
1177,PLATSOBSE_DGCOP_MTTO_MERCADOS_LAMINADORES_12,LAMINADORES,MANTENIMIENTO A MERCADOS PUBLICOS,,DGCOP,SUPERFICIE DE INTERVENCIÓN,1491,,METROS CUADRADOS,actualizacion_dgcop,2026-06-06 19:18:05,,
1179,PLATSOBSE_DGCOP_MTTO_MERCADOS_PASTEROS_8,PASTEROS,MANTENIMIENTO A MERCADOS PUBLICOS,,DGCOP,LOCALES BENEFICIADOS,122,,LOCALES,actualizacion_dgcop,2026-06-06 19:20:00,,
1180,PLATSOBSE_DGCOP_MTTO_MERCADOS_PASTEROS_8,PASTEROS,MANTENIMIENTO A MERCADOS PUBLICOS,,DGCOP,LOCATARIOS BENEFICIADOS,244,,LOCATARIOS,actualizacion_dgcop,2026-06-06 19:20:00,,
1181,PLATSOBSE_DGCOP_MTTO_MERCADOS_PASTEROS_8,PASTEROS,MANTENIMIENTO A MERCADOS PUBLICOS,,DGCOP,SUPERFICIE DE INTERVENCIÓN,1601,,METROS CUADRADOS,actualizacion_dgcop,2026-06-06 19:20:00,,
1183,PLATSOBSE_DGCOP_MTTO_MERCADOS_MOCTEZUMA_69,MOCTEZUMA,MANTENIMIENTO A MERCADOS PUBLICOS,,DGCOP,LOCALES BENEFICIADOS,526,,LOCALES,actualizacion_dgcop,2026-06-06 19:21:39,,
1187,PLATSOBSE_DGCOP_MTTO_MERCADOS_ROSA_TORRES_21,ROSA TORRES,MANTENIMIENTO A MERCADOS PUBLICOS,,DGCOP,LOCALES BENEFICIADOS,159,,LOCALES,actualizacion_dgcop,2026-06-06 19:23:29,,
1188,PLATSOBSE_DGCOP_MTTO_MERCADOS_ROSA_TORRES_21,ROSA TORRES,MANTENIMIENTO A MERCADOS PUBLICOS,,DGCOP,LOCATARIOS BENEFICIADOS,318,,LOCATARIOS,actualizacion_dgcop,2026-06-06 19:23:29,,
1189,PLATSOBSE_DGCOP_MTTO_MERCADOS_ROSA_TORRES_21,ROSA TORRES,MANTENIMIENTO A MERCADOS PUBLICOS,,DGCOP,SUPERFICIE DE INTERVENCIÓN,3600,,METROS CUADRADOS,actualizacion_dgcop,2026-06-06 19:23:29,,
1191,PLATSOBSE_DGCOP_MTTO_MERCADOS_18_DE_MARZO_54,18 DE MARZO,MANTENIMIENTO A MERCADOS PUBLICOS,,DGCOP,LOCALES BENEFICIADOS,335,,LOCALES,actualizacion_dgcop,2026-06-06 19:25:25,,
1192,PLATSOBSE_DGCOP_MTTO_MERCADOS_18_DE_MARZO_54,18 DE MARZO,MANTENIMIENTO A MERCADOS PUBLICOS,,DGCOP,LOCATARIOS BENEFICIADOS,670,,LOCATARIOS,actualizacion_dgcop,2026-06-06 19:25:25,,
1193,PLATSOBSE_DGCOP_MTTO_MERCADOS_18_DE_MARZO_54,18 DE MARZO,MANTENIMIENTO A MERCADOS PUBLICOS,,DGCOP,SUPERFICIE DE INTERVENCIÓN,4750,,METROS CUADRADOS,actualizacion_dgcop,2026-06-06 19:25:25,,
1195,PLATSOBSE_DGCOP_MTTO_MERCADOS_BENITO_JUAREZ_82,BENITO JUAREZ,MANTENIMIENTO A MERCADOS PUBLICOS,,DGCOP,LOCALES BENEFICIADOS,207,,LOCALES,actualizacion_dgcop,2026-06-06 19:26:45,,
1196,PLATSOBSE_DGCOP_MTTO_MERCADOS_BENITO_JUAREZ_82,BENITO JUAREZ,MANTENIMIENTO A MERCADOS PUBLICOS,,DGCOP,LOCATARIOS BENEFICIADOS,414,,LOCATARIOS,actualizacion_dgcop,2026-06-06 19:26:45,,
1197,PLATSOBSE_DGCOP_MTTO_MERCADOS_BENITO_JUAREZ_82,BENITO JUAREZ,MANTENIMIENTO A MERCADOS PUBLICOS,,DGCOP,SUPERFICIE DE INTERVENCIÓN,2558,,METROS CUADRADOS,actualizacion_dgcop,2026-06-06 19:26:45,,
1199,PLATSOBSE_DGCOP_MTTO_MERCADOS_JAMAICA_COMIDAS_66,JAMAICA COMIDAS,MANTENIMIENTO A MERCADOS PUBLICOS,,DGCOP,LOCALES BENEFICIADOS,110,,LOCALES,actualizacion_dgcop,2026-06-06 19:27:58,,
1200,PLATSOBSE_DGCOP_MTTO_MERCADOS_JAMAICA_COMIDAS_66,JAMAICA COMIDAS,MANTENIMIENTO A MERCADOS PUBLICOS,,DGCOP,LOCATARIOS BENEFICIADOS,220,,LOCATARIOS,actualizacion_dgcop,2026-06-06 19:27:58,,
1201,PLATSOBSE_DGCOP_MTTO_MERCADOS_JAMAICA_COMIDAS_66,JAMAICA COMIDAS,MANTENIMIENTO A MERCADOS PUBLICOS,,DGCOP,SUPERFICIE DE INTERVENCIÓN,3201,,METROS CUADRADOS,actualizacion_dgcop,2026-06-06 19:27:58,,
1203,PLATSOBSE_DGCOP_MTTO_MERCADOS_SAN_JUAN_TILHUACA_9,SAN JUAN TILHUACA,MANTENIMIENTO A MERCADOS PUBLICOS,,DGCOP,LOCALES BENEFICIADOS,168,,LOCALES,actualizacion_dgcop,2026-06-06 19:30:09,,
1204,PLATSOBSE_DGCOP_MTTO_MERCADOS_SAN_JUAN_TILHUACA_9,SAN JUAN TILHUACA,MANTENIMIENTO A MERCADOS PUBLICOS,,DGCOP,LOCATARIOS BENEFICIADOS,336,,LOCATARIOS,actualizacion_dgcop,2026-06-06 19:30:09,,
1205,PLATSOBSE_DGCOP_MTTO_MERCADOS_SAN_JUAN_TILHUACA_9,SAN JUAN TILHUACA,MANTENIMIENTO A MERCADOS PUBLICOS,,DGCOP,SUPERFICIE DE INTERVENCIÓN,2991,,METROS CUADRADOS,actualizacion_dgcop,2026-06-06 19:30:09,,
1207,PLATSOBSE_DGCOP_MTTO_MERCADOS_MINILLAS_68,MINILLAS,MANTENIMIENTO A MERCADOS PUBLICOS,,DGCOP,LOCALES BENEFICIADOS,225,,LOCALES,actualizacion_dgcop,2026-06-06 19:31:27,,
1208,PLATSOBSE_DGCOP_MTTO_MERCADOS_MINILLAS_68,MINILLAS,MANTENIMIENTO A MERCADOS PUBLICOS,,DGCOP,LOCATARIOS BENEFICIADOS,550,,LOCATARIOS,actualizacion_dgcop,2026-06-06 19:31:27,,
1209,PLATSOBSE_DGCOP_MTTO_MERCADOS_MINILLAS_68,MINILLAS,MANTENIMIENTO A MERCADOS PUBLICOS,,DGCOP,SUPERFICIE DE INTERVENCIÓN,3455,,METROS CUADRADOS,actualizacion_dgcop,2026-06-06 19:31:27,,
1211,PLATSOBSE_DGCOP_MTTO_MERCADOS_MERCED_NAVE_MENOR_72,MERCED NAVE MENOR,MANTENIMIENTO A MERCADOS PUBLICOS,,DGCOP,LOCALES BENEFICIADOS,647,,LOCALES,actualizacion_dgcop,2026-06-06 19:32:40,,
1212,PLATSOBSE_DGCOP_MTTO_MERCADOS_MERCED_NAVE_MENOR_72,MERCED NAVE MENOR,MANTENIMIENTO A MERCADOS PUBLICOS,,DGCOP,LOCATARIOS BENEFICIADOS,1294,,LOCATARIOS,actualizacion_dgcop,2026-06-06 19:32:40,,
1213,PLATSOBSE_DGCOP_MTTO_MERCADOS_MERCED_NAVE_MENOR_72,MERCED NAVE MENOR,MANTENIMIENTO A MERCADOS PUBLICOS,,DGCOP,SUPERFICIE DE INTERVENCIÓN,7600,,METROS CUADRADOS,actualizacion_dgcop,2026-06-06 19:32:40,,
1215,PLATSOBSE_DGCOP_MTTO_MERCADOS_414_BAZAR_DEL_ARTESANO_MEXICANO_19,# 414 BAZAR DEL ARTESANO MEXICANO,MANTENIMIENTO A MERCADOS PUBLICOS,,DGCOP,LOCALES BENEFICIADOS,550,,LOCALES,actualizacion_dgcop,2026-06-08 17:20:18,,
1216,PLATSOBSE_DGCOP_MTTO_MERCADOS_414_BAZAR_DEL_ARTESANO_MEXICANO_19,# 414 BAZAR DEL ARTESANO MEXICANO,MANTENIMIENTO A MERCADOS PUBLICOS,,DGCOP,LOCATARIOS BENEFICIADOS,1110,,LOCATARIOS,actualizacion_dgcop,2026-06-08 17:20:18,,
1217,PLATSOBSE_DGCOP_MTTO_MERCADOS_414_BAZAR_DEL_ARTESANO_MEXICANO_19,# 414 BAZAR DEL ARTESANO MEXICANO,MANTENIMIENTO A MERCADOS PUBLICOS,,DGCOP,SUPERFICIE DE INTERVENCIÓN,2460,,METROS CUADRADOS,actualizacion_dgcop,2026-06-08 17:20:18,,
1219,PLATSOBSE_DGCOP_MTTO_MERCADOS_UNIDAD_RASTRO_73,UNIDAD RASTRO,MANTENIMIENTO A MERCADOS PUBLICOS,,DGCOP,LOCALES BENEFICIADOS,717,,LOCALES,actualizacion_dgcop,2026-06-08 17:35:43,,
1220,PLATSOBSE_DGCOP_MTTO_MERCADOS_UNIDAD_RASTRO_73,UNIDAD RASTRO,MANTENIMIENTO A MERCADOS PUBLICOS,,DGCOP,LOCATARIOS BENEFICIADOS,1434,,LOCATARIOS,actualizacion_dgcop,2026-06-08 17:35:43,,
1221,PLATSOBSE_DGCOP_MTTO_MERCADOS_UNIDAD_RASTRO_73,UNIDAD RASTRO,MANTENIMIENTO A MERCADOS PUBLICOS,,DGCOP,SUPERFICIE DE INTERVENCIÓN,9000,,METROS CUADRADOS,actualizacion_dgcop,2026-06-08 17:35:43,,
1223,PLATSOBSE_DGCOP_MTTO_MERCADOS_PENSADOR_MEXICANO_67,PENSADOR MEXICANO,MANTENIMIENTO A MERCADOS PUBLICOS,,DGCOP,LOCALES BENEFICIADOS,156,,LOCALES,actualizacion_dgcop,2026-06-08 17:44:48,,
1224,PLATSOBSE_DGCOP_MTTO_MERCADOS_PENSADOR_MEXICANO_67,PENSADOR MEXICANO,MANTENIMIENTO A MERCADOS PUBLICOS,,DGCOP,LOCATARIOS BENEFICIADOS,312,,LOCATARIOS,actualizacion_dgcop,2026-06-08 17:44:48,,
1225,PLATSOBSE_DGCOP_MTTO_MERCADOS_PENSADOR_MEXICANO_67,PENSADOR MEXICANO,MANTENIMIENTO A MERCADOS PUBLICOS,,DGCOP,SUPERFICIE DE INTERVENCIÓN,3220,,METROS CUADRADOS,actualizacion_dgcop,2026-06-08 17:44:48,,
1227,PLATSOBSE_DGCOP_MTTO_MERCADOS_128_SECTOR_POPULAR_45,# 128 SECTOR POPULAR,MANTENIMIENTO A MERCADOS PUBLICOS,,DGCOP,LOCALES BENEFICIADOS,211,,LOCALES,actualizacion_dgcop,2026-06-08 17:46:34,,
1228,PLATSOBSE_DGCOP_MTTO_MERCADOS_128_SECTOR_POPULAR_45,# 128 SECTOR POPULAR,MANTENIMIENTO A MERCADOS PUBLICOS,,DGCOP,LOCATARIOS BENEFICIADOS,422,,LOCATARIOS,actualizacion_dgcop,2026-06-08 17:46:34,,
1229,PLATSOBSE_DGCOP_MTTO_MERCADOS_128_SECTOR_POPULAR_45,# 128 SECTOR POPULAR,MANTENIMIENTO A MERCADOS PUBLICOS,,DGCOP,SUPERFICIE DE INTERVENCIÓN,3209,,METROS CUADRADOS,actualizacion_dgcop,2026-06-08 17:46:34,,
1231,PLATSOBSE_DGCOP_MTTO_MERCADOS_SAN_FELIPE_DE_JESUS_34,SAN FELIPE DE JESUS,MANTENIMIENTO A MERCADOS PUBLICOS,,DGCOP,LOCALES BENEFICIADOS,647,,LOCALES,actualizacion_dgcop,2026-06-08 17:49:26,,
1232,PLATSOBSE_DGCOP_MTTO_MERCADOS_SAN_FELIPE_DE_JESUS_34,SAN FELIPE DE JESUS,MANTENIMIENTO A MERCADOS PUBLICOS,,DGCOP,LOCATARIOS BENEFICIADOS,1294,,LOCATARIOS,actualizacion_dgcop,2026-06-08 17:49:26,,
1233,PLATSOBSE_DGCOP_MTTO_MERCADOS_SAN_FELIPE_DE_JESUS_34,SAN FELIPE DE JESUS,MANTENIMIENTO A MERCADOS PUBLICOS,,DGCOP,SUPERFICIE DE INTERVENCIÓN,7600000,,METROS CUADRADOS,actualizacion_dgcop,2026-06-08 17:49:26,,
1235,PLATSOBSE_DGCOP_MTTO_MERCADOS_228_JARDIN_FORTUNA_NACIONAL_7,# 228 JARDIN FORTUNA NACIONAL,MANTENIMIENTO A MERCADOS PUBLICOS,,DGCOP,LOCALES BENEFICIADOS,71,,LOCALES,actualizacion_dgcop,2026-06-08 18:01:45,,
1236,PLATSOBSE_DGCOP_MTTO_MERCADOS_228_JARDIN_FORTUNA_NACIONAL_7,# 228 JARDIN FORTUNA NACIONAL,MANTENIMIENTO A MERCADOS PUBLICOS,,DGCOP,LOCATARIOS BENEFICIADOS,142,,LOCATARIOS,actualizacion_dgcop,2026-06-08 18:01:45,,
1237,PLATSOBSE_DGCOP_MTTO_MERCADOS_228_JARDIN_FORTUNA_NACIONAL_7,# 228 JARDIN FORTUNA NACIONAL,MANTENIMIENTO A MERCADOS PUBLICOS,,DGCOP,SUPERFICIE DE INTERVENCIÓN,3140,,METROS CUADRADOS,actualizacion_dgcop,2026-06-08 18:01:45,,
1239,PLATSOBSE_DGCOP_MTTO_MERCADOS_SAN_MATEO_TLALTENANGO_22,SAN MATEO TLALTENANGO,MANTENIMIENTO A MERCADOS PUBLICOS,,DGCOP,LOCALES BENEFICIADOS,32,,LOCALES,actualizacion_dgcop,2026-06-08 18:03:26,,
1240,PLATSOBSE_DGCOP_MTTO_MERCADOS_SAN_MATEO_TLALTENANGO_22,SAN MATEO TLALTENANGO,MANTENIMIENTO A MERCADOS PUBLICOS,,DGCOP,LOCATARIOS BENEFICIADOS,64,,LOCATARIOS,actualizacion_dgcop,2026-06-08 18:03:26,,
1241,PLATSOBSE_DGCOP_MTTO_MERCADOS_SAN_MATEO_TLALTENANGO_22,SAN MATEO TLALTENANGO,MANTENIMIENTO A MERCADOS PUBLICOS,,DGCOP,SUPERFICIE DE INTERVENCIÓN,584,,METROS CUADRADOS,actualizacion_dgcop,2026-06-08 18:03:26,,
1243,PLATSOBSE_DGCOP_MTTO_MERCADOS_PROVIDENCIA_38,PROVIDENCIA,MANTENIMIENTO A MERCADOS PUBLICOS,,DGCOP,LOCALES BENEFICIADOS,193,,LOCALES,actualizacion_dgcop,2026-06-08 18:04:30,,
1244,PLATSOBSE_DGCOP_MTTO_MERCADOS_PROVIDENCIA_38,PROVIDENCIA,MANTENIMIENTO A MERCADOS PUBLICOS,,DGCOP,LOCATARIOS BENEFICIADOS,386,,LOCATARIOS,actualizacion_dgcop,2026-06-08 18:04:30,,
1245,PLATSOBSE_DGCOP_MTTO_MERCADOS_PROVIDENCIA_38,PROVIDENCIA,MANTENIMIENTO A MERCADOS PUBLICOS,,DGCOP,SUPERFICIE DE INTERVENCIÓN,5977,,METROS CUADRADOS,actualizacion_dgcop,2026-06-08 18:04:30,,
1247,PLATSOBSE_DGCOP_MTTO_MERCADOS_SANTA_FE_4,SANTA FE,MANTENIMIENTO A MERCADOS PUBLICOS,,DGCOP,LOCALES BENEFICIADOS,177,,LOCALES,actualizacion_dgcop,2026-06-08 18:05:32,,
1248,PLATSOBSE_DGCOP_MTTO_MERCADOS_SANTA_FE_4,SANTA FE,MANTENIMIENTO A MERCADOS PUBLICOS,,DGCOP,LOCATARIOS BENEFICIADOS,354,,LOCATARIOS,actualizacion_dgcop,2026-06-08 18:05:32,,
1249,PLATSOBSE_DGCOP_MTTO_MERCADOS_SANTA_FE_4,SANTA FE,MANTENIMIENTO A MERCADOS PUBLICOS,,DGCOP,SUPERFICIE DE INTERVENCIÓN,1297,,METROS CUADRADOS,actualizacion_dgcop,2026-06-08 18:05:32,,
1251,PLATSOBSE_DGCOP_MTTO_MERCADOS_SAN_JUAN_ARCOS_25,SAN JUAN ARCOS,MANTENIMIENTO A MERCADOS PUBLICOS,,DGCOP,LOCALES BENEFICIADOS,399,,LOCALES,actualizacion_dgcop,2026-06-08 18:05:38,,
1252,PLATSOBSE_DGCOP_MTTO_MERCADOS_SAN_JUAN_ARCOS_25,SAN JUAN ARCOS,MANTENIMIENTO A MERCADOS PUBLICOS,,DGCOP,LOCATARIOS BENEFICIADOS,798,,LOCATARIOS,actualizacion_dgcop,2026-06-08 18:05:38,,
1253,PLATSOBSE_DGCOP_MTTO_MERCADOS_SAN_JUAN_ARCOS_25,SAN JUAN ARCOS,MANTENIMIENTO A MERCADOS PUBLICOS,,DGCOP,SUPERFICIE DE INTERVENCIÓN,4527,,METROS CUADRADOS,actualizacion_dgcop,2026-06-08 18:05:38,,
1255,PLATSOBSE_DGCOP_MTTO_MERCADOS_GRANADA_53,GRANADA,MANTENIMIENTO A MERCADOS PUBLICOS,,DGCOP,LOCALES BENEFICIADOS,148,,LOCALES,actualizacion_dgcop,2026-06-08 18:06:30,,
1256,PLATSOBSE_DGCOP_MTTO_MERCADOS_GRANADA_53,GRANADA,MANTENIMIENTO A MERCADOS PUBLICOS,,DGCOP,LOCATARIOS BENEFICIADOS,296,,LOCATARIOS,actualizacion_dgcop,2026-06-08 18:06:30,,
1257,PLATSOBSE_DGCOP_MTTO_MERCADOS_GRANADA_53,GRANADA,MANTENIMIENTO A MERCADOS PUBLICOS,,DGCOP,SUPERFICIE DE INTERVENCIÓN,3522,,METROS CUADRADOS,actualizacion_dgcop,2026-06-08 18:06:30,,
1259,PLATSOBSE_DGCOP_MTTO_MERCADOS_NUMERO_17_BEETHOVEN_81,NUMERO 17 BEETHOVEN,MANTENIMIENTO A MERCADOS PUBLICOS,,DGCOP,LOCALES BENEFICIADOS,792,,LOCALES,actualizacion_dgcop,2026-06-08 18:11:25,,
1260,PLATSOBSE_DGCOP_MTTO_MERCADOS_NUMERO_17_BEETHOVEN_81,NUMERO 17 BEETHOVEN,MANTENIMIENTO A MERCADOS PUBLICOS,,DGCOP,LOCATARIOS BENEFICIADOS,1584,,LOCATARIOS,actualizacion_dgcop,2026-06-08 18:11:25,,
1261,PLATSOBSE_DGCOP_MTTO_MERCADOS_NUMERO_17_BEETHOVEN_81,NUMERO 17 BEETHOVEN,MANTENIMIENTO A MERCADOS PUBLICOS,,DGCOP,SUPERFICIE DE INTERVENCIÓN,12507,,METROS CUADRADOS,actualizacion_dgcop,2026-06-08 18:11:25,,
1263,PLATSOBSE_DGCOP_MTTO_MERCADOS_OLIVAR_DEL_CONDE_5,OLIVAR DEL CONDE,MANTENIMIENTO A MERCADOS PUBLICOS,,DGCOP,LOCALES BENEFICIADOS,188,,LOCALES,actualizacion_dgcop,2026-06-08 18:53:41,,
1264,PLATSOBSE_DGCOP_MTTO_MERCADOS_OLIVAR_DEL_CONDE_5,OLIVAR DEL CONDE,MANTENIMIENTO A MERCADOS PUBLICOS,,DGCOP,LOCATARIOS BENEFICIADOS,376,,LOCATARIOS,actualizacion_dgcop,2026-06-08 18:53:41,,
1265,PLATSOBSE_DGCOP_MTTO_MERCADOS_OLIVAR_DEL_CONDE_5,OLIVAR DEL CONDE,MANTENIMIENTO A MERCADOS PUBLICOS,,DGCOP,SUPERFICIE DE INTERVENCIÓN,3834,,METROS CUADRADOS,actualizacion_dgcop,2026-06-08 18:53:41,,
1267,PLATSOBSE_DGCOP_MTTO_MERCADOS_SAN_LORENZO_XICOTENCATL_48,SAN LORENZO XICOTENCATL,MANTENIMIENTO A MERCADOS PUBLICOS,,DGCOP,LOCALES BENEFICIADOS,105,,LOCALES,actualizacion_dgcop,2026-06-08 18:54:38,,
1268,PLATSOBSE_DGCOP_MTTO_MERCADOS_SAN_LORENZO_XICOTENCATL_48,SAN LORENZO XICOTENCATL,MANTENIMIENTO A MERCADOS PUBLICOS,,DGCOP,LOCATARIOS BENEFICIADOS,210,,LOCATARIOS,actualizacion_dgcop,2026-06-08 18:54:38,,
1269,PLATSOBSE_DGCOP_MTTO_MERCADOS_SAN_LORENZO_XICOTENCATL_48,SAN LORENZO XICOTENCATL,MANTENIMIENTO A MERCADOS PUBLICOS,,DGCOP,SUPERFICIE DE INTERVENCIÓN,2143,,METROS CUADRADOS,actualizacion_dgcop,2026-06-08 18:54:38,,
1271,PLATSOBSE_DGCOP_MTTO_MERCADOS_MERCADO_TACUBA_52,MERCADO TACUBA,MANTENIMIENTO A MERCADOS PUBLICOS,,DGCOP,LOCALES BENEFICIADOS,1231,,LOCALES,actualizacion_dgcop,2026-06-08 18:55:27,,
1272,PLATSOBSE_DGCOP_MTTO_MERCADOS_MERCADO_TACUBA_52,MERCADO TACUBA,MANTENIMIENTO A MERCADOS PUBLICOS,,DGCOP,LOCATARIOS BENEFICIADOS,2462,,LOCATARIOS,actualizacion_dgcop,2026-06-08 18:55:27,,
1273,PLATSOBSE_DGCOP_MTTO_MERCADOS_MERCADO_TACUBA_52,MERCADO TACUBA,MANTENIMIENTO A MERCADOS PUBLICOS,,DGCOP,SUPERFICIE DE INTERVENCIÓN,13474,,METROS CUADRADOS,actualizacion_dgcop,2026-06-08 18:55:27,,
1275,PLATSOBSE_DGCOP_MTTO_MERCADOS_MILITAR_MARTE_39,MILITAR MARTE,MANTENIMIENTO A MERCADOS PUBLICOS,,DGCOP,LOCALES BENEFICIADOS,158,,LOCALES,actualizacion_dgcop,2026-06-08 18:56:21,,
1276,PLATSOBSE_DGCOP_MTTO_MERCADOS_MILITAR_MARTE_39,MILITAR MARTE,MANTENIMIENTO A MERCADOS PUBLICOS,,DGCOP,LOCATARIOS BENEFICIADOS,316,,LOCATARIOS,actualizacion_dgcop,2026-06-08 18:56:21,,
1277,PLATSOBSE_DGCOP_MTTO_MERCADOS_MILITAR_MARTE_39,MILITAR MARTE,MANTENIMIENTO A MERCADOS PUBLICOS,,DGCOP,SUPERFICIE DE INTERVENCIÓN,2649,,METROS CUADRADOS,actualizacion_dgcop,2026-06-08 18:56:21,,
1279,PLATSOBSE_DGCOP_MTTO_MERCADOS_MERCADO_PANTITLAN_44,MERCADO PANTITLAN,MANTENIMIENTO A MERCADOS PUBLICOS,,DGCOP,LOCALES BENEFICIADOS,271,,LOCALES,actualizacion_dgcop,2026-06-08 18:56:39,,
1280,PLATSOBSE_DGCOP_MTTO_MERCADOS_MERCADO_PANTITLAN_44,MERCADO PANTITLAN,MANTENIMIENTO A MERCADOS PUBLICOS,,DGCOP,LOCATARIOS BENEFICIADOS,542,,LOCATARIOS,actualizacion_dgcop,2026-06-08 18:56:39,,
1281,PLATSOBSE_DGCOP_MTTO_MERCADOS_MERCADO_PANTITLAN_44,MERCADO PANTITLAN,MANTENIMIENTO A MERCADOS PUBLICOS,,DGCOP,SUPERFICIE DE INTERVENCIÓN,4812,,METROS CUADRADOS,actualizacion_dgcop,2026-06-08 18:56:39,,
1283,PLATSOBSE_DGCOP_MTTO_MERCADOS_MIRADOR_64,MIRADOR,MANTENIMIENTO A MERCADOS PUBLICOS,,DGCOP,LOCALES BENEFICIADOS,90,,LOCALES,actualizacion_dgcop,2026-06-08 18:57:08,,
1284,PLATSOBSE_DGCOP_MTTO_MERCADOS_MIRADOR_64,MIRADOR,MANTENIMIENTO A MERCADOS PUBLICOS,,DGCOP,LOCATARIOS BENEFICIADOS,180,,LOCATARIOS,actualizacion_dgcop,2026-06-08 18:57:08,,
1285,PLATSOBSE_DGCOP_MTTO_MERCADOS_MIRADOR_64,MIRADOR,MANTENIMIENTO A MERCADOS PUBLICOS,,DGCOP,SUPERFICIE DE INTERVENCIÓN,2421,,METROS CUADRADOS,actualizacion_dgcop,2026-06-08 18:57:08,,
1287,PLATSOBSE_DGCOP_MTTO_MERCADOS_IZTAPALAPA_46,IZTAPALAPA,MANTENIMIENTO A MERCADOS PUBLICOS,,DGCOP,LOCALES BENEFICIADOS,200,,LOCALES,actualizacion_dgcop,2026-06-08 18:57:49,,
1288,PLATSOBSE_DGCOP_MTTO_MERCADOS_IZTAPALAPA_46,IZTAPALAPA,MANTENIMIENTO A MERCADOS PUBLICOS,,DGCOP,LOCATARIOS BENEFICIADOS,400,,LOCATARIOS,actualizacion_dgcop,2026-06-08 18:57:49,,
1289,PLATSOBSE_DGCOP_MTTO_MERCADOS_IZTAPALAPA_46,IZTAPALAPA,MANTENIMIENTO A MERCADOS PUBLICOS,,DGCOP,SUPERFICIE DE INTERVENCIÓN,2080,,METROS CUADRADOS,actualizacion_dgcop,2026-06-08 18:57:49,,
1291,PLATSOBSE_DGCOP_MTTO_MERCADOS_123_VICENTE_GUERRERO_31,# 123 VICENTE GUERRERO,MANTENIMIENTO A MERCADOS PUBLICOS,,DGCOP,LOCALES BENEFICIADOS,386,,LOCALES,actualizacion_dgcop,2026-06-08 18:57:53,,
1292,PLATSOBSE_DGCOP_MTTO_MERCADOS_123_VICENTE_GUERRERO_31,# 123 VICENTE GUERRERO,MANTENIMIENTO A MERCADOS PUBLICOS,,DGCOP,LOCATARIOS BENEFICIADOS,772,,LOCATARIOS,actualizacion_dgcop,2026-06-08 18:57:53,,
1293,PLATSOBSE_DGCOP_MTTO_MERCADOS_123_VICENTE_GUERRERO_31,# 123 VICENTE GUERRERO,MANTENIMIENTO A MERCADOS PUBLICOS,,DGCOP,SUPERFICIE DE INTERVENCIÓN,4958,,METROS CUADRADOS,actualizacion_dgcop,2026-06-08 18:57:53,,
1295,PLATSOBSE_DGCOP_MTTO_MERCADOS_CANANEA_49,CANANEA,MANTENIMIENTO A MERCADOS PUBLICOS,,DGCOP,LOCALES BENEFICIADOS,150,,LOCALES,actualizacion_dgcop,2026-06-08 18:58:48,,
1296,PLATSOBSE_DGCOP_MTTO_MERCADOS_CANANEA_49,CANANEA,MANTENIMIENTO A MERCADOS PUBLICOS,,DGCOP,LOCATARIOS BENEFICIADOS,300,,LOCATARIOS,actualizacion_dgcop,2026-06-08 18:58:48,,
1297,PLATSOBSE_DGCOP_MTTO_MERCADOS_CANANEA_49,CANANEA,MANTENIMIENTO A MERCADOS PUBLICOS,,DGCOP,SUPERFICIE DE INTERVENCIÓN,4593,,METROS CUADRADOS,actualizacion_dgcop,2026-06-08 18:58:48,,
1456,PLATSOBSE_DGCOP_MTTO_MERCADOS_DEL_MAR_59,DEL MAR,MANTENIMIENTO A MERCADOS PUBLICOS,,DGCOP,LOCALES BENEFICIADOS,111,,LOCALES,actualizacion_dgcop,2026-06-08 19:57:45,,
1457,PLATSOBSE_DGCOP_MTTO_MERCADOS_DEL_MAR_59,DEL MAR,MANTENIMIENTO A MERCADOS PUBLICOS,,DGCOP,LOCATARIOS BENEFICIADOS,222,,LOCATARIOS,actualizacion_dgcop,2026-06-08 19:57:45,,
1458,PLATSOBSE_DGCOP_MTTO_MERCADOS_DEL_MAR_59,DEL MAR,MANTENIMIENTO A MERCADOS PUBLICOS,,DGCOP,SUPERFICIE DE INTERVENCIÓN,2861,,METROS CUADRADOS,actualizacion_dgcop,2026-06-08 19:57:45,,
1460,PLATSOBSE_DGCOP_MTTO_MERCADOS_JOSE_MARIA_PINO_SUAREZ_2,JOSE MARIA PINO SUAREZ,MANTENIMIENTO A MERCADOS PUBLICOS,,DGCOP,LOCALES BENEFICIADOS,200,,LOCALES,actualizacion_dgcop,2026-06-08 19:59:28,,
1461,PLATSOBSE_DGCOP_MTTO_MERCADOS_JOSE_MARIA_PINO_SUAREZ_2,JOSE MARIA PINO SUAREZ,MANTENIMIENTO A MERCADOS PUBLICOS,,DGCOP,LOCATARIOS BENEFICIADOS,400,,LOCATARIOS,actualizacion_dgcop,2026-06-08 19:59:28,,
1462,PLATSOBSE_DGCOP_MTTO_MERCADOS_JOSE_MARIA_PINO_SUAREZ_2,JOSE MARIA PINO SUAREZ,MANTENIMIENTO A MERCADOS PUBLICOS,,DGCOP,SUPERFICIE DE INTERVENCIÓN,3129,,METROS CUADRADOS,actualizacion_dgcop,2026-06-08 19:59:28,,
1538,PLATSOBSE_DGCOP_PUENTES_PEATONALES_CTO_INTERIOR_AV_INSTITUTO_TECNICO_INDUSTRIAL_2A_CDA_DE_7A_DE_NOGAL_34,CTO. INTERIOR (AV. INSTITUTO TECNICO INDUSTRIAL) - 2A. CDA DE 7A. DE NOGAL,REHABILITACION Y CONSTRUCCION DE PUENTES PEATONALES,,DGCOP,LONGITUD,50,,METROS LINEALES,actualizacion_dgcop,2026-06-09 0:54:27,,
1539,PLATSOBSE_DGCOP_PUENTES_PEATONALES_CTO_INTERIOR_AV_INSTITUTO_TECNICO_INDUSTRIAL_2A_CDA_DE_7A_DE_NOGAL_34,CTO. INTERIOR (AV. INSTITUTO TECNICO INDUSTRIAL) - 2A. CDA DE 7A. DE NOGAL,REHABILITACION Y CONSTRUCCION DE PUENTES PEATONALES,,DGCOP,SUPERFICIE DE INTERVENCIÓN,120,,METROS CUADRADOS,actualizacion_dgcop,2026-06-09 0:54:27,,
1541,PLATSOBSE_DGCOP_PUENTES_PEATONALES_PERIFERICO_CASI_ESQ_YOKOHAMA_Y_OSAKA_23,PERIFERICO CASI ESQ YOKOHAMA Y OSAKA,REHABILITACION Y CONSTRUCCION DE PUENTES PEATONALES,,DGCOP,LONGITUD,60,,METROS LINEALES,actualizacion_dgcop,2026-06-09 0:57:12,,
1542,PLATSOBSE_DGCOP_PUENTES_PEATONALES_PERIFERICO_CASI_ESQ_YOKOHAMA_Y_OSAKA_23,PERIFERICO CASI ESQ YOKOHAMA Y OSAKA,REHABILITACION Y CONSTRUCCION DE PUENTES PEATONALES,,DGCOP,SUPERFICIE DE INTERVENCIÓN,151,,METROS CUADRADOS,actualizacion_dgcop,2026-06-09 0:57:12,,
1604,PLATSOBSE_DGCOP_PUENTES_VEHICULARES_ATLAMPA_DE_LAS_JACARANDAS_79,ATLAMPA (DE LAS JACARANDAS),REHABILITACION Y CONSTRUCCION DE PUENTES VEHICULARES,,DGCOP,SUPERFICIE DE INTERVENCIÓN,4609,,METROS CUADRADOS,actualizacion_dgcop,2026-06-09 16:32:15,,
1656,PLATSOBSE_DGCOP_PUENTES_VEHICULARES_VDTO_RIO_BECERRA_Y_CALLE_NEBRASKA_31,VDTO. RIO BECERRA Y CALLE NEBRASKA,REHABILITACION Y CONSTRUCCION DE PUENTES VEHICULARES,,DGCOP,LONGITUD,73,,METROS LINEALES,actualizacion_dgcop,2026-06-09 18:17:05,,
1657,PLATSOBSE_DGCOP_PUENTES_VEHICULARES_VDTO_RIO_BECERRA_Y_CALLE_NEBRASKA_31,VDTO. RIO BECERRA Y CALLE NEBRASKA,REHABILITACION Y CONSTRUCCION DE PUENTES VEHICULARES,,DGCOP,SUPERFICIE DE INTERVENCIÓN,1591,,METROS CUADRADOS,actualizacion_dgcop,2026-06-09 18:17:05,,
1659,PLATSOBSE_DGCOP_PUENTES_PEATONALES_PROL_DIVISION_DEL_NORTE_Y_AV_GUADALUPE_I_RAMIREZ_13,PROL. DIVISION DEL NORTE Y AV. GUADALUPE I. RAMIREZ,REHABILITACION Y CONSTRUCCION DE PUENTES PEATONALES,,DGCOP,LONGITUD,135,,METROS LINEALES,actualizacion_dgcop,2026-06-09 18:18:29,,
1660,PLATSOBSE_DGCOP_PUENTES_PEATONALES_PROL_DIVISION_DEL_NORTE_Y_AV_GUADALUPE_I_RAMIREZ_13,PROL. DIVISION DEL NORTE Y AV. GUADALUPE I. RAMIREZ,REHABILITACION Y CONSTRUCCION DE PUENTES PEATONALES,,DGCOP,SUPERFICIE DE INTERVENCIÓN,413,,METROS CUADRADOS,actualizacion_dgcop,2026-06-09 18:18:29,,
1603,PLATSOBSE_DGCOP_PUENTES_VEHICULARES_ATLAMPA_DE_LAS_JACARANDAS_79,ATLAMPA (DE LAS JACARANDAS),REHABILITACION Y CONSTRUCCION DE PUENTES VEHICULARES,,DGCOP,LONGITUD,694,,METROS LINEALES,actualizacion_dgcop,2026-06-09 16:32:15,actualizacion_dgcop,2026-06-09 18:59:58
1698,PLATSOBSE_DGCOP_PUENTES_VEHICULARES_AV_AQUILES_SERDANY_GOLFO_TEHUANTEPEC_80,AV. AQUILES SERDANY GOLFO TEHUANTEPEC,REHABILITACION Y CONSTRUCCION DE PUENTES VEHICULARES,,DGCOP,LONGITUD,947,,METROS LINEALES,actualizacion_dgcop,2026-06-09 19:18:56,,
1699,PLATSOBSE_DGCOP_PUENTES_VEHICULARES_AV_AQUILES_SERDANY_GOLFO_TEHUANTEPEC_80,AV. AQUILES SERDANY GOLFO TEHUANTEPEC,REHABILITACION Y CONSTRUCCION DE PUENTES VEHICULARES,,DGCOP,SUPERFICIE DE INTERVENCIÓN,9591,,METROS CUADRADOS,actualizacion_dgcop,2026-06-09 19:18:56,,
1299,PLATSOBSE_DGCOP_MTTO_MERCADOS_MERCED_NAVE_MAYOR_71,MERCED NAVE MAYOR,MANTENIMIENTO A MERCADOS PUBLICOS,,DGCOP,LOCALES BENEFICIADOS,1312,,LOCALES,actualizacion_dgcop,2026-06-08 18:59:04,,
1300,PLATSOBSE_DGCOP_MTTO_MERCADOS_MERCED_NAVE_MAYOR_71,MERCED NAVE MAYOR,MANTENIMIENTO A MERCADOS PUBLICOS,,DGCOP,LOCATARIOS BENEFICIADOS,2624,,LOCATARIOS,actualizacion_dgcop,2026-06-08 18:59:04,,
1301,PLATSOBSE_DGCOP_MTTO_MERCADOS_MERCED_NAVE_MAYOR_71,MERCED NAVE MAYOR,MANTENIMIENTO A MERCADOS PUBLICOS,,DGCOP,SUPERFICIE DE INTERVENCIÓN,34226,,METROS CUADRADOS,actualizacion_dgcop,2026-06-08 18:59:04,,
1303,PLATSOBSE_DGCOP_MTTO_MERCADOS_JALALPA_EL_GRANDE_3,JALALPA EL GRANDE,MANTENIMIENTO A MERCADOS PUBLICOS,,DGCOP,LOCALES BENEFICIADOS,61,,LOCALES,actualizacion_dgcop,2026-06-08 19:05:34,,
1304,PLATSOBSE_DGCOP_MTTO_MERCADOS_JALALPA_EL_GRANDE_3,JALALPA EL GRANDE,MANTENIMIENTO A MERCADOS PUBLICOS,,DGCOP,LOCATARIOS BENEFICIADOS,122,,LOCATARIOS,actualizacion_dgcop,2026-06-08 19:05:34,,
1305,PLATSOBSE_DGCOP_MTTO_MERCADOS_JALALPA_EL_GRANDE_3,JALALPA EL GRANDE,MANTENIMIENTO A MERCADOS PUBLICOS,,DGCOP,SUPERFICIE DE INTERVENCIÓN,1217,,METROS CUADRADOS,actualizacion_dgcop,2026-06-08 19:05:34,,
1307,PLATSOBSE_DGCOP_MTTO_MERCADOS_AMPLIACION_SELENE_58,AMPLIACION SELENE,MANTENIMIENTO A MERCADOS PUBLICOS,,DGCOP,LOCALES BENEFICIADOS,71,,LOCALES,actualizacion_dgcop,2026-06-08 19:08:05,,
1308,PLATSOBSE_DGCOP_MTTO_MERCADOS_AMPLIACION_SELENE_58,AMPLIACION SELENE,MANTENIMIENTO A MERCADOS PUBLICOS,,DGCOP,LOCATARIOS BENEFICIADOS,142,,LOCATARIOS,actualizacion_dgcop,2026-06-08 19:08:05,,
1309,PLATSOBSE_DGCOP_MTTO_MERCADOS_AMPLIACION_SELENE_58,AMPLIACION SELENE,MANTENIMIENTO A MERCADOS PUBLICOS,,DGCOP,SUPERFICIE DE INTERVENCIÓN,1395,,METROS CUADRADOS,actualizacion_dgcop,2026-06-08 19:08:05,,
1311,PLATSOBSE_DGCOP_MTTO_MERCADOS_ABELARDO_L_RODRIGUEZ_ZONA_26,ABELARDO L. RODRIGUEZ ZONA,MANTENIMIENTO A MERCADOS PUBLICOS,,DGCOP,LOCALES BENEFICIADOS,151,,LOCALES,actualizacion_dgcop,2026-06-08 19:08:29,,
1312,PLATSOBSE_DGCOP_MTTO_MERCADOS_ABELARDO_L_RODRIGUEZ_ZONA_26,ABELARDO L. RODRIGUEZ ZONA,MANTENIMIENTO A MERCADOS PUBLICOS,,DGCOP,LOCATARIOS BENEFICIADOS,302,,LOCATARIOS,actualizacion_dgcop,2026-06-08 19:08:29,,
1313,PLATSOBSE_DGCOP_MTTO_MERCADOS_ABELARDO_L_RODRIGUEZ_ZONA_26,ABELARDO L. RODRIGUEZ ZONA,MANTENIMIENTO A MERCADOS PUBLICOS,,DGCOP,SUPERFICIE DE INTERVENCIÓN,4150,,METROS CUADRADOS,actualizacion_dgcop,2026-06-08 19:08:29,,
1315,PLATSOBSE_DGCOP_MTTO_MERCADOS_MERCADO_CETRAM_HUIPULCO_65,MERCADO CETRAM HUIPULCO,MANTENIMIENTO A MERCADOS PUBLICOS,,DGCOP,LOCALES BENEFICIADOS,96,,LOCALES,actualizacion_dgcop,2026-06-08 19:11:21,,
1316,PLATSOBSE_DGCOP_MTTO_MERCADOS_MERCADO_CETRAM_HUIPULCO_65,MERCADO CETRAM HUIPULCO,MANTENIMIENTO A MERCADOS PUBLICOS,,DGCOP,LOCATARIOS BENEFICIADOS,192,,LOCATARIOS,actualizacion_dgcop,2026-06-08 19:11:21,,
1317,PLATSOBSE_DGCOP_MTTO_MERCADOS_MERCADO_CETRAM_HUIPULCO_65,MERCADO CETRAM HUIPULCO,MANTENIMIENTO A MERCADOS PUBLICOS,,DGCOP,SUPERFICIE DE INTERVENCIÓN,770,,METROS CUADRADOS,actualizacion_dgcop,2026-06-08 19:11:21,,
1319,PLATSOBSE_DGCOP_MTTO_MERCADOS_COMIDAS_HUIPULCO_60,COMIDAS HUIPULCO,MANTENIMIENTO A MERCADOS PUBLICOS,,DGCOP,LOCALES BENEFICIADOS,23,,LOCALES,actualizacion_dgcop,2026-06-08 19:12:40,,
1320,PLATSOBSE_DGCOP_MTTO_MERCADOS_COMIDAS_HUIPULCO_60,COMIDAS HUIPULCO,MANTENIMIENTO A MERCADOS PUBLICOS,,DGCOP,LOCATARIOS BENEFICIADOS,46,,LOCATARIOS,actualizacion_dgcop,2026-06-08 19:12:40,,
1321,PLATSOBSE_DGCOP_MTTO_MERCADOS_COMIDAS_HUIPULCO_60,COMIDAS HUIPULCO,MANTENIMIENTO A MERCADOS PUBLICOS,,DGCOP,SUPERFICIE DE INTERVENCIÓN,860,,METROS CUADRADOS,actualizacion_dgcop,2026-06-08 19:12:40,,
1323,PLATSOBSE_DGCOP_MTTO_MERCADOS_MERCADO_ALAMOS_15,MERCADO ALAMOS,MANTENIMIENTO A MERCADOS PUBLICOS,,DGCOP,LOCALES BENEFICIADOS,599,,LOCALES,actualizacion_dgcop,2026-06-08 19:14:00,,
1324,PLATSOBSE_DGCOP_MTTO_MERCADOS_MERCADO_ALAMOS_15,MERCADO ALAMOS,MANTENIMIENTO A MERCADOS PUBLICOS,,DGCOP,LOCATARIOS BENEFICIADOS,1198,,LOCATARIOS,actualizacion_dgcop,2026-06-08 19:14:00,,
1325,PLATSOBSE_DGCOP_MTTO_MERCADOS_MERCADO_ALAMOS_15,MERCADO ALAMOS,MANTENIMIENTO A MERCADOS PUBLICOS,,DGCOP,SUPERFICIE DE INTERVENCIÓN,8710,,METROS CUADRADOS,actualizacion_dgcop,2026-06-08 19:14:00,,
1327,PLATSOBSE_DGCOP_MTTO_MERCADOS_MIXQUIC_79,MIXQUIC,MANTENIMIENTO A MERCADOS PUBLICOS,,DGCOP,LOCALES BENEFICIADOS,102,,LOCALES,actualizacion_dgcop,2026-06-08 19:14:15,,
1328,PLATSOBSE_DGCOP_MTTO_MERCADOS_MIXQUIC_79,MIXQUIC,MANTENIMIENTO A MERCADOS PUBLICOS,,DGCOP,LOCATARIOS BENEFICIADOS,204,,LOCATARIOS,actualizacion_dgcop,2026-06-08 19:14:15,,
1329,PLATSOBSE_DGCOP_MTTO_MERCADOS_MIXQUIC_79,MIXQUIC,MANTENIMIENTO A MERCADOS PUBLICOS,,DGCOP,SUPERFICIE DE INTERVENCIÓN,3609,,METROS CUADRADOS,actualizacion_dgcop,2026-06-08 19:14:15,,
1331,PLATSOBSE_DGCOP_MTTO_MERCADOS_PANTITLAN_ARENAL_70,PANTITLAN ARENAL,MANTENIMIENTO A MERCADOS PUBLICOS,,DGCOP,LOCALES BENEFICIADOS,143,,LOCALES,actualizacion_dgcop,2026-06-08 19:15:57,,
1332,PLATSOBSE_DGCOP_MTTO_MERCADOS_PANTITLAN_ARENAL_70,PANTITLAN ARENAL,MANTENIMIENTO A MERCADOS PUBLICOS,,DGCOP,LOCATARIOS BENEFICIADOS,143,,LOCATARIOS,actualizacion_dgcop,2026-06-08 19:15:57,,
1333,PLATSOBSE_DGCOP_MTTO_MERCADOS_PANTITLAN_ARENAL_70,PANTITLAN ARENAL,MANTENIMIENTO A MERCADOS PUBLICOS,,DGCOP,SUPERFICIE DE INTERVENCIÓN,286,,METROS CUADRADOS,actualizacion_dgcop,2026-06-08 19:15:57,,
1335,PLATSOBSE_DGCOP_MTTO_MERCADOS_AVANTE_76,AVANTE,MANTENIMIENTO A MERCADOS PUBLICOS,,DGCOP,LOCALES BENEFICIADOS,101,,LOCALES,actualizacion_dgcop,2026-06-08 19:16:52,,
1336,PLATSOBSE_DGCOP_MTTO_MERCADOS_AVANTE_76,AVANTE,MANTENIMIENTO A MERCADOS PUBLICOS,,DGCOP,LOCATARIOS BENEFICIADOS,202,,LOCATARIOS,actualizacion_dgcop,2026-06-08 19:16:52,,
1337,PLATSOBSE_DGCOP_MTTO_MERCADOS_AVANTE_76,AVANTE,MANTENIMIENTO A MERCADOS PUBLICOS,,DGCOP,SUPERFICIE DE INTERVENCIÓN,3224,,METROS CUADRADOS,actualizacion_dgcop,2026-06-08 19:16:52,,
1343,PLATSOBSE_DGCOP_MTTO_MERCADOS_JUVENTINO_ROSAS_40,JUVENTINO ROSAS,MANTENIMIENTO A MERCADOS PUBLICOS,,DGCOP,LOCALES BENEFICIADOS,208,,LOCALES,actualizacion_dgcop,2026-06-08 19:18:59,,
1344,PLATSOBSE_DGCOP_MTTO_MERCADOS_JUVENTINO_ROSAS_40,JUVENTINO ROSAS,MANTENIMIENTO A MERCADOS PUBLICOS,,DGCOP,LOCATARIOS BENEFICIADOS,416,,LOCATARIOS,actualizacion_dgcop,2026-06-08 19:18:59,,
1345,PLATSOBSE_DGCOP_MTTO_MERCADOS_JUVENTINO_ROSAS_40,JUVENTINO ROSAS,MANTENIMIENTO A MERCADOS PUBLICOS,,DGCOP,SUPERFICIE DE INTERVENCIÓN,4093,,METROS CUADRADOS,actualizacion_dgcop,2026-06-08 19:18:59,,
1347,PLATSOBSE_DGCOP_MTTO_MERCADOS_SANTA_CRUZ_MEYEHUALCO_47,SANTA CRUZ MEYEHUALCO,MANTENIMIENTO A MERCADOS PUBLICOS,,DGCOP,LOCALES BENEFICIADOS,146,,LOCALES,actualizacion_dgcop,2026-06-08 19:19:25,,
1348,PLATSOBSE_DGCOP_MTTO_MERCADOS_SANTA_CRUZ_MEYEHUALCO_47,SANTA CRUZ MEYEHUALCO,MANTENIMIENTO A MERCADOS PUBLICOS,,DGCOP,LOCATARIOS BENEFICIADOS,292,,LOCATARIOS,actualizacion_dgcop,2026-06-08 19:19:25,,
1349,PLATSOBSE_DGCOP_MTTO_MERCADOS_SANTA_CRUZ_MEYEHUALCO_47,SANTA CRUZ MEYEHUALCO,MANTENIMIENTO A MERCADOS PUBLICOS,,DGCOP,SUPERFICIE DE INTERVENCIÓN,4570,,METROS CUADRADOS,actualizacion_dgcop,2026-06-08 19:19:25,,
1464,PLATSOBSE_DGCOP_MTTO_MERCADOS_LA_LOMA_50,LA LOMA,MANTENIMIENTO A MERCADOS PUBLICOS,,DGCOP,LOCALES BENEFICIADOS,90,,LOCALES,actualizacion_dgcop,2026-06-08 20:00:15,,
1465,PLATSOBSE_DGCOP_MTTO_MERCADOS_LA_LOMA_50,LA LOMA,MANTENIMIENTO A MERCADOS PUBLICOS,,DGCOP,LOCATARIOS BENEFICIADOS,180,,LOCATARIOS,actualizacion_dgcop,2026-06-08 20:00:15,,
1466,PLATSOBSE_DGCOP_MTTO_MERCADOS_LA_LOMA_50,LA LOMA,MANTENIMIENTO A MERCADOS PUBLICOS,,DGCOP,SUPERFICIE DE INTERVENCIÓN,1387,,METROS CUADRADOS,actualizacion_dgcop,2026-06-08 20:00:15,,
1468,PLATSOBSE_DGCOP_MTTO_MERCADOS_MERCADO_ISABEL_LA_CATOLICA_27,MERCADO ISABEL LA CATOLICA,MANTENIMIENTO A MERCADOS PUBLICOS,,DGCOP,LOCALES BENEFICIADOS,165,,LOCALES,actualizacion_dgcop,2026-06-08 20:00:57,,
1469,PLATSOBSE_DGCOP_MTTO_MERCADOS_MERCADO_ISABEL_LA_CATOLICA_27,MERCADO ISABEL LA CATOLICA,MANTENIMIENTO A MERCADOS PUBLICOS,,DGCOP,LOCATARIOS BENEFICIADOS,330,,LOCATARIOS,actualizacion_dgcop,2026-06-08 20:00:57,,
1470,PLATSOBSE_DGCOP_MTTO_MERCADOS_MERCADO_ISABEL_LA_CATOLICA_27,MERCADO ISABEL LA CATOLICA,MANTENIMIENTO A MERCADOS PUBLICOS,,DGCOP,SUPERFICIE DE INTERVENCIÓN,2308,,METROS CUADRADOS,actualizacion_dgcop,2026-06-08 20:00:57,,
1544,PLATSOBSE_DGCOP_PUENTES_PEATONALES_AV_GUADALUPE_I_RAMIREZ_AL_CRUCE_CON_EJIDO_43,"AV. GUADALUPE I. RAMIREZ, AL CRUCE CON EJIDO",REHABILITACION Y CONSTRUCCION DE PUENTES PEATONALES,,DGCOP,LONGITUD,145,,METROS LINEALES,actualizacion_dgcop,2026-06-09 1:12:05,,
1545,PLATSOBSE_DGCOP_PUENTES_PEATONALES_AV_GUADALUPE_I_RAMIREZ_AL_CRUCE_CON_EJIDO_43,"AV. GUADALUPE I. RAMIREZ, AL CRUCE CON EJIDO",REHABILITACION Y CONSTRUCCION DE PUENTES PEATONALES,,DGCOP,SUPERFICIE DE INTERVENCIÓN,289,,METROS CUADRADOS,actualizacion_dgcop,2026-06-09 1:12:05,,
1612,PLATSOBSE_DGCOP_REHABILITACION_CONSTRUCCION_EJE_6_SUR,EJE 6 SUR - PERIFERICO,REHABILITACION Y CONSTRUCCION DE PUENTES VEHICULARES,,DGCOP,LONGITUD,528,,METROS LINEALES,actualizacion_dgcop,2026-06-09 16:33:37,,
1613,PLATSOBSE_DGCOP_REHABILITACION_CONSTRUCCION_EJE_6_SUR,EJE 6 SUR - PERIFERICO,REHABILITACION Y CONSTRUCCION DE PUENTES VEHICULARES,,DGCOP,SUPERFICIE DE INTERVENCIÓN,8803,,METROS CUADRADOS,actualizacion_dgcop,2026-06-09 16:33:37,,
1663,PLATSOBSE_DGCOP_PUENTES_PEATONALES_RIO_CONSULADO_ENTRE_CALLES_NORTE_180_Y_NORTE_182_9,RIO CONSULADO ENTRE CALLES NORTE 180 Y NORTE 182,REHABILITACION Y CONSTRUCCION DE PUENTES PEATONALES,,DGCOP,LONGITUD,79,,METROS LINEALES,actualizacion_dgcop,2026-06-09 18:31:46,,
1664,PLATSOBSE_DGCOP_PUENTES_PEATONALES_RIO_CONSULADO_ENTRE_CALLES_NORTE_180_Y_NORTE_182_9,RIO CONSULADO ENTRE CALLES NORTE 180 Y NORTE 182,REHABILITACION Y CONSTRUCCION DE PUENTES PEATONALES,,DGCOP,SUPERFICIE DE INTERVENCIÓN,154,,METROS CUADRADOS,actualizacion_dgcop,2026-06-09 18:31:46,,
1701,PLATSOBSE_DGCOP_PUENTES_VEHICULARES_AV_CANAL_DE_TEZONTLE_LOS_PICOS_IZTACALCO_SUAC_22,AV. CANAL DE TEZONTLE LOS PICOS IZTACALCO SUAC,REHABILITACION Y CONSTRUCCION DE PUENTES VEHICULARES,,DGCOP,LONGITUD,471,,METROS LINEALES,actualizacion_dgcop,2026-06-09 19:19:51,,
1702,PLATSOBSE_DGCOP_PUENTES_VEHICULARES_AV_CANAL_DE_TEZONTLE_LOS_PICOS_IZTACALCO_SUAC_22,AV. CANAL DE TEZONTLE LOS PICOS IZTACALCO SUAC,REHABILITACION Y CONSTRUCCION DE PUENTES VEHICULARES,,DGCOP,SUPERFICIE DE INTERVENCIÓN,3558,,METROS CUADRADOS,actualizacion_dgcop,2026-06-09 19:19:51,,
1339,PLATSOBSE_DGCOP_MTTO_MERCADOS_24_DE_FEBRERO_63,24 DE FEBRERO,MANTENIMIENTO A MERCADOS PUBLICOS,,DGCOP,LOCALES BENEFICIADOS,53,,LOCALES,actualizacion_dgcop,2026-06-08 19:18:36,,
1340,PLATSOBSE_DGCOP_MTTO_MERCADOS_24_DE_FEBRERO_63,24 DE FEBRERO,MANTENIMIENTO A MERCADOS PUBLICOS,,DGCOP,LOCATARIOS BENEFICIADOS,106,,LOCATARIOS,actualizacion_dgcop,2026-06-08 19:18:36,,
1341,PLATSOBSE_DGCOP_MTTO_MERCADOS_24_DE_FEBRERO_63,24 DE FEBRERO,MANTENIMIENTO A MERCADOS PUBLICOS,,DGCOP,SUPERFICIE DE INTERVENCIÓN,460,,METROS CUADRADOS,actualizacion_dgcop,2026-06-08 19:18:36,,
1351,PLATSOBSE_DGCOP_MTTO_MERCADOS_MELCHOR_MUZQUIZ_ZONA_1,MELCHOR MUZQUIZ ZONA,MANTENIMIENTO A MERCADOS PUBLICOS,,DGCOP,LOCALES BENEFICIADOS,327,,LOCALES,actualizacion_dgcop,2026-06-08 19:19:47,,
1352,PLATSOBSE_DGCOP_MTTO_MERCADOS_MELCHOR_MUZQUIZ_ZONA_1,MELCHOR MUZQUIZ ZONA,MANTENIMIENTO A MERCADOS PUBLICOS,,DGCOP,LOCATARIOS BENEFICIADOS,654,,LOCATARIOS,actualizacion_dgcop,2026-06-08 19:19:47,,
1353,PLATSOBSE_DGCOP_MTTO_MERCADOS_MELCHOR_MUZQUIZ_ZONA_1,MELCHOR MUZQUIZ ZONA,MANTENIMIENTO A MERCADOS PUBLICOS,,DGCOP,SUPERFICIE DE INTERVENCIÓN,4767,,METROS CUADRADOS,actualizacion_dgcop,2026-06-08 19:19:47,,
1355,PLATSOBSE_DGCOP_MTTO_MERCADOS_HERMOSILLO_20,HERMOSILLO,MANTENIMIENTO A MERCADOS PUBLICOS,,DGCOP,LOCALES BENEFICIADOS,45,,LOCALES,actualizacion_dgcop,2026-06-08 19:20:20,,
1356,PLATSOBSE_DGCOP_MTTO_MERCADOS_HERMOSILLO_20,HERMOSILLO,MANTENIMIENTO A MERCADOS PUBLICOS,,DGCOP,LOCATARIOS BENEFICIADOS,90,,LOCATARIOS,actualizacion_dgcop,2026-06-08 19:20:20,,
1357,PLATSOBSE_DGCOP_MTTO_MERCADOS_HERMOSILLO_20,HERMOSILLO,MANTENIMIENTO A MERCADOS PUBLICOS,,DGCOP,SUPERFICIE DE INTERVENCIÓN,560,,METROS CUADRADOS,actualizacion_dgcop,2026-06-08 19:20:20,,
1359,PLATSOBSE_DGCOP_MTTO_MERCADOS_176_SANTA_MARIA_TICOMAM_30,# 176 SANTA MARIA TICOMAM,MANTENIMIENTO A MERCADOS PUBLICOS,,DGCOP,LOCALES BENEFICIADOS,119,,LOCALES,actualizacion_dgcop,2026-06-08 19:20:30,,
1360,PLATSOBSE_DGCOP_MTTO_MERCADOS_176_SANTA_MARIA_TICOMAM_30,# 176 SANTA MARIA TICOMAM,MANTENIMIENTO A MERCADOS PUBLICOS,,DGCOP,LOCATARIOS BENEFICIADOS,238,,LOCATARIOS,actualizacion_dgcop,2026-06-08 19:20:30,,
1361,PLATSOBSE_DGCOP_MTTO_MERCADOS_176_SANTA_MARIA_TICOMAM_30,# 176 SANTA MARIA TICOMAM,MANTENIMIENTO A MERCADOS PUBLICOS,,DGCOP,SUPERFICIE DE INTERVENCIÓN,2848,,METROS CUADRADOS,actualizacion_dgcop,2026-06-08 19:20:30,,
1472,PLATSOBSE_DGCOP_MTTO_MERCADOS_TIPICO_REGIONAL_57,TIPICO REGIONAL,MANTENIMIENTO A MERCADOS PUBLICOS,,DGCOP,LOCALES BENEFICIADOS,26,,LOCALES,actualizacion_dgcop,2026-06-08 20:01:55,,
1473,PLATSOBSE_DGCOP_MTTO_MERCADOS_TIPICO_REGIONAL_57,TIPICO REGIONAL,MANTENIMIENTO A MERCADOS PUBLICOS,,DGCOP,LOCATARIOS BENEFICIADOS,52,,LOCATARIOS,actualizacion_dgcop,2026-06-08 20:01:55,,
1474,PLATSOBSE_DGCOP_MTTO_MERCADOS_TIPICO_REGIONAL_57,TIPICO REGIONAL,MANTENIMIENTO A MERCADOS PUBLICOS,,DGCOP,SUPERFICIE DE INTERVENCIÓN,760,,METROS CUADRADOS,actualizacion_dgcop,2026-06-08 20:01:55,,
1476,PLATSOBSE_DGCOP_MTTO_MERCADOS_TIZAPAN_6,TIZAPAN,MANTENIMIENTO A MERCADOS PUBLICOS,,DGCOP,LOCALES BENEFICIADOS,128,,LOCALES,actualizacion_dgcop,2026-06-08 20:02:44,,
1477,PLATSOBSE_DGCOP_MTTO_MERCADOS_TIZAPAN_6,TIZAPAN,MANTENIMIENTO A MERCADOS PUBLICOS,,DGCOP,LOCATARIOS BENEFICIADOS,256,,LOCATARIOS,actualizacion_dgcop,2026-06-08 20:02:44,,
1478,PLATSOBSE_DGCOP_MTTO_MERCADOS_TIZAPAN_6,TIZAPAN,MANTENIMIENTO A MERCADOS PUBLICOS,,DGCOP,SUPERFICIE DE INTERVENCIÓN,1536,,METROS CUADRADOS,actualizacion_dgcop,2026-06-08 20:02:44,,
1547,PLATSOBSE_DGCOP_PUENTES_PEATONALES_CTO_INTERIOR_AV_RIO_CHURUBUSCO_CONMUTADOR_AMP_SINATEL_24,CTO. INTERIOR (AV. RIO CHURUBUSCO) - CONMUTADOR / AMP SINATEL,REHABILITACION Y CONSTRUCCION DE PUENTES PEATONALES,,DGCOP,LONGITUD,74,,METROS LINEALES,actualizacion_dgcop,2026-06-09 1:16:11,,
1548,PLATSOBSE_DGCOP_PUENTES_PEATONALES_CTO_INTERIOR_AV_RIO_CHURUBUSCO_CONMUTADOR_AMP_SINATEL_24,CTO. INTERIOR (AV. RIO CHURUBUSCO) - CONMUTADOR / AMP SINATEL,REHABILITACION Y CONSTRUCCION DE PUENTES PEATONALES,,DGCOP,SUPERFICIE DE INTERVENCIÓN,142,,METROS CUADRADOS,actualizacion_dgcop,2026-06-09 1:16:11,,
1615,PLATSOBSE_DGCOP_REHABILITACION_CONSTRUCCION_AVENIDA_MEXICO_PERIFERICO,AVENIDA MEXICO - PERIFERICO PUENTE TEC DE MONTERREY,REHABILITACION Y CONSTRUCCION DE PUENTES VEHICULARES,,DGCOP,LONGITUD,572,,METROS LINEALES,actualizacion_dgcop,2026-06-09 16:41:27,,
1616,PLATSOBSE_DGCOP_REHABILITACION_CONSTRUCCION_AVENIDA_MEXICO_PERIFERICO,AVENIDA MEXICO - PERIFERICO PUENTE TEC DE MONTERREY,REHABILITACION Y CONSTRUCCION DE PUENTES VEHICULARES,,DGCOP,SUPERFICIE DE INTERVENCIÓN,6945,,METROS CUADRADOS,actualizacion_dgcop,2026-06-09 16:41:27,,
1666,PLATSOBSE_DGCOP_PUENTES_PEATONALES_AV_INSURGENTES_NORTE_CASI_ESQ_CALLE_PONIENTE_116_21,AV. INSURGENTES NORTE CASI ESQ. CALLE PONIENTE 116,REHABILITACION Y CONSTRUCCION DE PUENTES PEATONALES,,DGCOP,LONGITUD,154,,METROS LINEALES,actualizacion_dgcop,2026-06-09 18:37:24,,
1667,PLATSOBSE_DGCOP_PUENTES_PEATONALES_AV_INSURGENTES_NORTE_CASI_ESQ_CALLE_PONIENTE_116_21,AV. INSURGENTES NORTE CASI ESQ. CALLE PONIENTE 116,REHABILITACION Y CONSTRUCCION DE PUENTES PEATONALES,,DGCOP,SUPERFICIE DE INTERVENCIÓN,250,,METROS CUADRADOS,actualizacion_dgcop,2026-06-09 18:37:24,,
1726,PLATSOBSE_DGCOP_PUENTES_VEHICULARES_BIFURCACION_DE_AUTOPISTA_MEXICO_PUEBLA_DIR_AMADOR_SALAZAR_A_CALZ_ERMITA_IZTAPALAPA_DIR_EJE_6_AV_DE_LAS_TORRES_CONCORDIA_14,BIFURCACION DE AUTOPISTA MEXICO-PUEBLA (DIR. AMADOR SALAZAR) A CALZ. ERMITA IZTAPALAPA (DIR. EJE 6 AV. DE LAS TORRES) (CONCORDIA),REHABILITACION Y CONSTRUCCION DE PUENTES VEHICULARES,,DGCOP,SUPERFICIE DE INTERVENCIÓN,1397,,METROS CUADRADOS,actualizacion_dgcop,2026-06-09 19:46:30,,
1731,PLATSOBSE_DGCOP_PUENTES_VEHICULARES_INCORPORACION_DE_CALZ_ERMITA_IZTAPALAPA_A_AUTOPISTA_MEXICO_PUEBLA_DIR_AV_DE_LAS_TORRES_CONCORDIA_21,INCORPORACION DE CALZ. ERMITA IZTAPALAPA A AUTOPISTA MEXICO- PUEBLA (DIR. AV. DE LAS TORRES) (CONCORDIA),REHABILITACION Y CONSTRUCCION DE PUENTES VEHICULARES,,DGCOP,LONGITUD,382,,METROS LINEALES,actualizacion_dgcop,2026-06-09 19:53:00,,
1732,PLATSOBSE_DGCOP_PUENTES_VEHICULARES_INCORPORACION_DE_CALZ_ERMITA_IZTAPALAPA_A_AUTOPISTA_MEXICO_PUEBLA_DIR_AV_DE_LAS_TORRES_CONCORDIA_21,INCORPORACION DE CALZ. ERMITA IZTAPALAPA A AUTOPISTA MEXICO- PUEBLA (DIR. AV. DE LAS TORRES) (CONCORDIA),REHABILITACION Y CONSTRUCCION DE PUENTES VEHICULARES,,DGCOP,SUPERFICIE DE INTERVENCIÓN,3257,,METROS CUADRADOS,actualizacion_dgcop,2026-06-09 19:53:00,,
1737,PLATSOBSE_DGCOP_PUENTES_PEATONALES_PARQUE_ECOLOGICO_DE_XOCHIMILCO_41,PARQUE ECOLOGICO DE XOCHIMILCO,REHABILITACION Y CONSTRUCCION DE PUENTES PEATONALES,,DGCOP,LONGITUD,277,,METROS LINEALES,actualizacion_dgcop,2026-06-09 20:04:56,,
1738,PLATSOBSE_DGCOP_PUENTES_PEATONALES_PARQUE_ECOLOGICO_DE_XOCHIMILCO_41,PARQUE ECOLOGICO DE XOCHIMILCO,REHABILITACION Y CONSTRUCCION DE PUENTES PEATONALES,,DGCOP,SUPERFICIE DE INTERVENCIÓN,933,,METROS CUADRADOS,actualizacion_dgcop,2026-06-09 20:04:56,,
1740,PLATSOBSE_DGCOP_PUENTES_PEATONALES_VDTO_RIO_DE_LA_PIEDAD_ENTRE_1_DE_MAYO_Y_FCO_DEL_PASO_Y_TRONCOSO_O_10_DE_DICIEMBRE_54,VDTO. RIO DE LA PIEDAD ENTRE 1 DE MAYO Y FCO. DEL PASO Y TRONCOSO O 10 DE DICIEMBRE,REHABILITACION Y CONSTRUCCION DE PUENTES PEATONALES,,DGCOP,LONGITUD,59,,METROS LINEALES,actualizacion_dgcop,2026-06-09 20:11:52,,
1741,PLATSOBSE_DGCOP_PUENTES_PEATONALES_VDTO_RIO_DE_LA_PIEDAD_ENTRE_1_DE_MAYO_Y_FCO_DEL_PASO_Y_TRONCOSO_O_10_DE_DICIEMBRE_54,VDTO. RIO DE LA PIEDAD ENTRE 1 DE MAYO Y FCO. DEL PASO Y TRONCOSO O 10 DE DICIEMBRE,REHABILITACION Y CONSTRUCCION DE PUENTES PEATONALES,,DGCOP,SUPERFICIE DE INTERVENCIÓN,117,,METROS CUADRADOS,actualizacion_dgcop,2026-06-09 20:11:52,,
1743,PLATSOBSE_DGCOP_PUENTES_VEHICULARES_AV_MEXICO_DIR_TABACHINES_CONCORDIA_15,AV. MEXICO (DIR. TABACHINES) (CONCORDIA),REHABILITACION Y CONSTRUCCION DE PUENTES VEHICULARES,,DGCOP,LONGITUD,528,,METROS LINEALES,actualizacion_dgcop,2026-06-09 20:22:28,,
1744,PLATSOBSE_DGCOP_PUENTES_VEHICULARES_AV_MEXICO_DIR_TABACHINES_CONCORDIA_15,AV. MEXICO (DIR. TABACHINES) (CONCORDIA),REHABILITACION Y CONSTRUCCION DE PUENTES VEHICULARES,,DGCOP,SUPERFICIE DE INTERVENCIÓN,4161,,METROS CUADRADOS,actualizacion_dgcop,2026-06-09 20:22:28,,
1746,PLATSOBSE_DGCOP_PUENTES_VEHICULARES_TELECOMUNICACIONES_99,TELECOMUNICACIONES,REHABILITACION Y CONSTRUCCION DE PUENTES VEHICULARES,,DGCOP,LONGITUD,489,,METROS LINEALES,actualizacion_dgcop,2026-06-09 20:30:17,,
1747,PLATSOBSE_DGCOP_PUENTES_VEHICULARES_TELECOMUNICACIONES_99,TELECOMUNICACIONES,REHABILITACION Y CONSTRUCCION DE PUENTES VEHICULARES,,DGCOP,SUPERFICIE DE INTERVENCIÓN,3282,,METROS CUADRADOS,actualizacion_dgcop,2026-06-09 20:30:17,,
1749,PLATSOBSE_DGCOP_PUENTES_PEATONALES_AVE_100_METROS_Y_NORTE_1C_4829_57,AVE 100 METROS Y NORTE 1C 4829,REHABILITACION Y CONSTRUCCION DE PUENTES PEATONALES,,DGCOP,LONGITUD,113,,METROS LINEALES,actualizacion_dgcop,2026-06-09 20:33:45,,
1750,PLATSOBSE_DGCOP_PUENTES_PEATONALES_AVE_100_METROS_Y_NORTE_1C_4829_57,AVE 100 METROS Y NORTE 1C 4829,REHABILITACION Y CONSTRUCCION DE PUENTES PEATONALES,,DGCOP,SUPERFICIE DE INTERVENCIÓN,240,,METROS CUADRADOS,actualizacion_dgcop,2026-06-09 20:33:45,,
1752,PLATSOBSE_DGCOP_PUENTES_PEATONALES_MEXICO_TACUBA_MAR_OKHOTSK_CALZ_MEXICO_TACUBA_35,MEXICO TACUBA - MAR OKHOTSK / CALZ. MEXICO-TACUBA,REHABILITACION Y CONSTRUCCION DE PUENTES PEATONALES,,DGCOP,LONGITUD,57,,METROS LINEALES,actualizacion_dgcop,2026-06-09 20:38:32,,
1753,PLATSOBSE_DGCOP_PUENTES_PEATONALES_MEXICO_TACUBA_MAR_OKHOTSK_CALZ_MEXICO_TACUBA_35,MEXICO TACUBA - MAR OKHOTSK / CALZ. MEXICO-TACUBA,REHABILITACION Y CONSTRUCCION DE PUENTES PEATONALES,,DGCOP,SUPERFICIE DE INTERVENCIÓN,115,,METROS CUADRADOS,actualizacion_dgcop,2026-06-09 20:38:32,,
1755,PLATSOBSE_DGCOP_PUENTES_VEHICULARES_SISAR_Y_RUBIROSA_5,SIDAR Y ROVIROSA,REHABILITACION Y CONSTRUCCION DE PUENTES VEHICULARES,,DGCOP,LONGITUD,128,,METROS LINEALES,actualizacion_dgcop,2026-06-09 20:39:36,,
1756,PLATSOBSE_DGCOP_PUENTES_VEHICULARES_SISAR_Y_RUBIROSA_5,SIDAR Y ROVIROSA,REHABILITACION Y CONSTRUCCION DE PUENTES VEHICULARES,,DGCOP,SUPERFICIE DE INTERVENCIÓN,1443,,METROS CUADRADOS,actualizacion_dgcop,2026-06-09 20:39:36,,
1758,PLATSOBSE_DGCOP_PUENTES_PEATONALES_CALZ_IGNACIO_ZARAGOZA_ESQ_CALLE_TIO_FERRER_Y_EMILIO_CAMPA_38,"CALZ. IGNACIO ZARAGOZA, ESQ. CALLE TIO FERRER Y EMILIO CAMPA",REHABILITACION Y CONSTRUCCION DE PUENTES PEATONALES,,DGCOP,LONGITUD,144,,METROS LINEALES,actualizacion_dgcop,2026-06-09 20:40:44,,
1759,PLATSOBSE_DGCOP_PUENTES_PEATONALES_CALZ_IGNACIO_ZARAGOZA_ESQ_CALLE_TIO_FERRER_Y_EMILIO_CAMPA_38,"CALZ. IGNACIO ZARAGOZA, ESQ. CALLE TIO FERRER Y EMILIO CAMPA",REHABILITACION Y CONSTRUCCION DE PUENTES PEATONALES,,DGCOP,SUPERFICIE DE INTERVENCIÓN,340,,METROS CUADRADOS,actualizacion_dgcop,2026-06-09 20:40:44,,
1761,PLATSOBSE_DGCOP_PUENTES_PEATONALES_VDTO_RIO_DE_LA_PIEDAD_ENTRE_CALZADA_DE_LA_VIGA_Y_CONGRESO_DE_LA_UNION_O_SABINO_56,VDTO. RIO DE LA PIEDAD ENTRE CALZADA DE LA VIGA Y CONGRESO DE LA UNION O SABINO,REHABILITACION Y CONSTRUCCION DE PUENTES PEATONALES,,DGCOP,LONGITUD,73,,METROS LINEALES,actualizacion_dgcop,2026-06-09 20:44:54,,
1762,PLATSOBSE_DGCOP_PUENTES_PEATONALES_VDTO_RIO_DE_LA_PIEDAD_ENTRE_CALZADA_DE_LA_VIGA_Y_CONGRESO_DE_LA_UNION_O_SABINO_56,VDTO. RIO DE LA PIEDAD ENTRE CALZADA DE LA VIGA Y CONGRESO DE LA UNION O SABINO,REHABILITACION Y CONSTRUCCION DE PUENTES PEATONALES,,DGCOP,SUPERFICIE DE INTERVENCIÓN,164,,METROS CUADRADOS,actualizacion_dgcop,2026-06-09 20:44:54,,
1764,PLATSOBSE_DGCOP_PUENTES_VEHICULARES_RICARDO_FLORES_MAGON_317_55,RICARDO FLORES MAGON 317,REHABILITACION Y CONSTRUCCION DE PUENTES VEHICULARES,,DGCOP,LONGITUD,803,,METROS LINEALES,actualizacion_dgcop,2026-06-09 20:46:13,,
1765,PLATSOBSE_DGCOP_PUENTES_VEHICULARES_RICARDO_FLORES_MAGON_317_55,RICARDO FLORES MAGON 317,REHABILITACION Y CONSTRUCCION DE PUENTES VEHICULARES,,DGCOP,SUPERFICIE DE INTERVENCIÓN,2109,,METROS CUADRADOS,actualizacion_dgcop,2026-06-09 20:46:13,,
1767,PLATSOBSE_DGCOP_PUENTES_VEHICULARES_AV_RIO_CHURUBUSCO_CALZADA_MARIANO_MATAMOROS_86,AV. RIO CHURUBUSCO (CALZADA MARIANO MATAMOROS),REHABILITACION Y CONSTRUCCION DE PUENTES VEHICULARES,,DGCOP,LONGITUD,782,,METROS LINEALES,actualizacion_dgcop,2026-06-09 20:46:46,,
1768,PLATSOBSE_DGCOP_PUENTES_VEHICULARES_AV_RIO_CHURUBUSCO_CALZADA_MARIANO_MATAMOROS_86,AV. RIO CHURUBUSCO (CALZADA MARIANO MATAMOROS),REHABILITACION Y CONSTRUCCION DE PUENTES VEHICULARES,,DGCOP,SUPERFICIE DE INTERVENCIÓN,8650,,METROS CUADRADOS,actualizacion_dgcop,2026-06-09 20:46:46,,
1770,PLATSOBSE_DGCOP_PUENTES_VEHICULARES_AV_RIO_CHURUBUSCO_AL_CRUCE_CON_AV_UNIVERSIDAD_1,AV. RIO CHURUBUSCO AL CRUCE CON AV. UNIVERSIDAD,REHABILITACION Y CONSTRUCCION DE PUENTES VEHICULARES,,DGCOP,LONGITUD,614,,METROS LINEALES,actualizacion_dgcop,2026-06-09 20:47:34,,
1771,PLATSOBSE_DGCOP_PUENTES_VEHICULARES_AV_RIO_CHURUBUSCO_AL_CRUCE_CON_AV_UNIVERSIDAD_1,AV. RIO CHURUBUSCO AL CRUCE CON AV. UNIVERSIDAD,REHABILITACION Y CONSTRUCCION DE PUENTES VEHICULARES,,DGCOP,SUPERFICIE DE INTERVENCIÓN,6879,,METROS CUADRADOS,actualizacion_dgcop,2026-06-09 20:47:34,,
1773,PLATSOBSE_DGCOP_PUENTES_VEHICULARES_AV_RIO_CHURUBUSCO_ACULCO_42,"AV. RIO CHURUBUSCO, ACULCO",REHABILITACION Y CONSTRUCCION DE PUENTES VEHICULARES,,DGCOP,LONGITUD,529,,METROS LINEALES,actualizacion_dgcop,2026-06-09 20:48:07,,
1774,PLATSOBSE_DGCOP_PUENTES_VEHICULARES_AV_RIO_CHURUBUSCO_ACULCO_42,"AV. RIO CHURUBUSCO, ACULCO",REHABILITACION Y CONSTRUCCION DE PUENTES VEHICULARES,,DGCOP,SUPERFICIE DE INTERVENCIÓN,6122,,METROS CUADRADOS,actualizacion_dgcop,2026-06-09 20:48:07,,
1776,PLATSOBSE_DGCOP_PUENTES_PEATONALES_VDTO_RIO_DE_LA_PIEDAD_ENTRE_TERRAPLEN_RIO_FRIO_Y_1_DE_MAYO_55,VDTO. RIO DE LA PIEDAD ENTRE TERRAPLEN RIO FRIO Y 1 DE MAYO,REHABILITACION Y CONSTRUCCION DE PUENTES PEATONALES,,DGCOP,LONGITUD,56,,METROS LINEALES,actualizacion_dgcop,2026-06-09 20:50:01,,
1777,PLATSOBSE_DGCOP_PUENTES_PEATONALES_VDTO_RIO_DE_LA_PIEDAD_ENTRE_TERRAPLEN_RIO_FRIO_Y_1_DE_MAYO_55,VDTO. RIO DE LA PIEDAD ENTRE TERRAPLEN RIO FRIO Y 1 DE MAYO,REHABILITACION Y CONSTRUCCION DE PUENTES PEATONALES,,DGCOP,SUPERFICIE DE INTERVENCIÓN,103,,METROS CUADRADOS,actualizacion_dgcop,2026-06-09 20:50:01,,
1779,PLATSOBSE_DGCOP_PUENTES_VEHICULARES_AV_RIO_SAN_JOAQUIN_ANAHUAC_PV_796_B1_3,AV. RIO SAN JOAQUIN ANAHUAC PV-796-B1,REHABILITACION Y CONSTRUCCION DE PUENTES VEHICULARES,,DGCOP,LONGITUD,185,,METROS LINEALES,actualizacion_dgcop,2026-06-09 20:50:11,,
1780,PLATSOBSE_DGCOP_PUENTES_VEHICULARES_AV_RIO_SAN_JOAQUIN_ANAHUAC_PV_796_B1_3,AV. RIO SAN JOAQUIN ANAHUAC PV-796-B1,REHABILITACION Y CONSTRUCCION DE PUENTES VEHICULARES,,DGCOP,SUPERFICIE DE INTERVENCIÓN,1986,,METROS CUADRADOS,actualizacion_dgcop,2026-06-09 20:50:11,,
1785,PLATSOBSE_DGCOP_PUENTES_VEHICULARES_BIFURCACION_CON_DIRECCION_A_GUTENBERG_PV_539_A_54,BIFURCACION CON DIRECCION A GUTENBERG PV-539-A,REHABILITACION Y CONSTRUCCION DE PUENTES VEHICULARES,,DGCOP,LONGITUD,397,,METROS LINEALES,actualizacion_dgcop,2026-06-09 20:51:45,,
1786,PLATSOBSE_DGCOP_PUENTES_VEHICULARES_BIFURCACION_CON_DIRECCION_A_GUTENBERG_PV_539_A_54,BIFURCACION CON DIRECCION A GUTENBERG PV-539-A,REHABILITACION Y CONSTRUCCION DE PUENTES VEHICULARES,,DGCOP,SUPERFICIE DE INTERVENCIÓN,4346,,METROS CUADRADOS,actualizacion_dgcop,2026-06-09 20:51:45,,
1782,PLATSOBSE_DGCOP_PUENTES_VEHICULARES_AV_608_6,AV.608,REHABILITACION Y CONSTRUCCION DE PUENTES VEHICULARES,,DGCOP,LONGITUD,403,,METROS LINEALES,actualizacion_dgcop,2026-06-09 20:51:01,,
1783,PLATSOBSE_DGCOP_PUENTES_VEHICULARES_AV_608_6,AV.608,REHABILITACION Y CONSTRUCCION DE PUENTES VEHICULARES,,DGCOP,SUPERFICIE DE INTERVENCIÓN,5101,,METROS CUADRADOS,actualizacion_dgcop,2026-06-09 20:51:01,,
1788,PLATSOBSE_DGCOP_PUENTES_PEATONALES_AV_CENTRAL_AV_OCEANIA_ARGELIA_CANTON_O_NTE_29_47,AV. CENTRAL (AV. OCEANIA) - ARGELIA/ CANTON O NTE. 29,REHABILITACION Y CONSTRUCCION DE PUENTES PEATONALES,,DGCOP,LONGITUD,77,,METROS LINEALES,actualizacion_dgcop,2026-06-09 20:52:32,,
1789,PLATSOBSE_DGCOP_PUENTES_PEATONALES_AV_CENTRAL_AV_OCEANIA_ARGELIA_CANTON_O_NTE_29_47,AV. CENTRAL (AV. OCEANIA) - ARGELIA/ CANTON O NTE. 29,REHABILITACION Y CONSTRUCCION DE PUENTES PEATONALES,,DGCOP,SUPERFICIE DE INTERVENCIÓN,137,,METROS CUADRADOS,actualizacion_dgcop,2026-06-09 20:52:32,,
1791,PLATSOBSE_DGCOP_PUENTES_VEHICULARES_BLVD_ADOLFO_LOPEZ_MATEOS_PV_460_16,BLVD. ADOLFO LOPEZ MATEOS PV-460,REHABILITACION Y CONSTRUCCION DE PUENTES VEHICULARES,,DGCOP,LONGITUD,155,,METROS LINEALES,actualizacion_dgcop,2026-06-09 20:52:38,,
1792,PLATSOBSE_DGCOP_PUENTES_VEHICULARES_BLVD_ADOLFO_LOPEZ_MATEOS_PV_460_16,BLVD. ADOLFO LOPEZ MATEOS PV-460,REHABILITACION Y CONSTRUCCION DE PUENTES VEHICULARES,,DGCOP,SUPERFICIE DE INTERVENCIÓN,1720,,METROS CUADRADOS,actualizacion_dgcop,2026-06-09 20:52:38,,
1794,PLATSOBSE_DGCOP_PUENTES_VEHICULARES_BLVD_ADOLFO_LOPEZ_MATEOS_Y_ZURBARAN_88,BLVD. ADOLFO LOPEZ MATEOS Y ZURBARAN,REHABILITACION Y CONSTRUCCION DE PUENTES VEHICULARES,,DGCOP,LONGITUD,1746,,METROS LINEALES,actualizacion_dgcop,2026-06-09 20:53:34,,
1795,PLATSOBSE_DGCOP_PUENTES_VEHICULARES_BLVD_ADOLFO_LOPEZ_MATEOS_Y_ZURBARAN_88,BLVD. ADOLFO LOPEZ MATEOS Y ZURBARAN,REHABILITACION Y CONSTRUCCION DE PUENTES VEHICULARES,,DGCOP,SUPERFICIE DE INTERVENCIÓN,15600,,METROS CUADRADOS,actualizacion_dgcop,2026-06-09 20:53:34,,
1797,PLATSOBSE_DGCOP_PUENTES_PEATONALES_AV_CENTRAL_AV_608_AV_637_48,AV. CENTRAL (AV. 608) - AV. 637,REHABILITACION Y CONSTRUCCION DE PUENTES PEATONALES,,DGCOP,LONGITUD,75,,METROS LINEALES,actualizacion_dgcop,2026-06-09 20:54:29,,
1798,PLATSOBSE_DGCOP_PUENTES_PEATONALES_AV_CENTRAL_AV_608_AV_637_48,AV. CENTRAL (AV. 608) - AV. 637,REHABILITACION Y CONSTRUCCION DE PUENTES PEATONALES,,DGCOP,SUPERFICIE DE INTERVENCIÓN,141,,METROS CUADRADOS,actualizacion_dgcop,2026-06-09 20:54:29,,
1800,PLATSOBSE_DGCOP_PUENTES_PEATONALES_AV_CENTRAL_AV_OCEANIA_ENTRE_BALBOAS_Y_BOLIVARES_51,AV. CENTRAL (AV. OCEANIA) - ENTRE BALBOAS Y BOLIVARES,REHABILITACION Y CONSTRUCCION DE PUENTES PEATONALES,,DGCOP,LONGITUD,73,,METROS LINEALES,actualizacion_dgcop,2026-06-09 20:56:28,,
1801,PLATSOBSE_DGCOP_PUENTES_PEATONALES_AV_CENTRAL_AV_OCEANIA_ENTRE_BALBOAS_Y_BOLIVARES_51,AV. CENTRAL (AV. OCEANIA) - ENTRE BALBOAS Y BOLIVARES,REHABILITACION Y CONSTRUCCION DE PUENTES PEATONALES,,DGCOP,SUPERFICIE DE INTERVENCIÓN,100,,METROS CUADRADOS,actualizacion_dgcop,2026-06-09 20:56:28,,
1803,PLATSOBSE_DGCOP_PUENTES_PEATONALES_AV_CENTRAL_AV_OCEANIA_ENTRE_EGIPTO_Y_CALLE_NTE_37_49,"AV. CENTRAL (AV. OCEANIA) ENTRE EGIPTO Y CALLE NTE. 37,",REHABILITACION Y CONSTRUCCION DE PUENTES PEATONALES,,DGCOP,LONGITUD,77,,METROS LINEALES,actualizacion_dgcop,2026-06-09 20:58:48,,
1804,PLATSOBSE_DGCOP_PUENTES_PEATONALES_AV_CENTRAL_AV_OCEANIA_ENTRE_EGIPTO_Y_CALLE_NTE_37_49,"AV. CENTRAL (AV. OCEANIA) ENTRE EGIPTO Y CALLE NTE. 37,",REHABILITACION Y CONSTRUCCION DE PUENTES PEATONALES,,DGCOP,SUPERFICIE DE INTERVENCIÓN,129,,METROS CUADRADOS,actualizacion_dgcop,2026-06-09 20:58:48,,
1806,PLATSOBSE_DGCOP_PUENTES_PEATONALES_INSURGENTES_NORTE_LINDAVISTA_AV_INSURGENTES_NTE_27,INSURGENTES NORTE - LINDAVISTA / AV. INSURGENTES NTE,REHABILITACION Y CONSTRUCCION DE PUENTES PEATONALES,,DGCOP,LONGITUD,154,,METROS LINEALES,actualizacion_dgcop,2026-06-09 23:13:39,,
1807,PLATSOBSE_DGCOP_PUENTES_PEATONALES_INSURGENTES_NORTE_LINDAVISTA_AV_INSURGENTES_NTE_27,INSURGENTES NORTE - LINDAVISTA / AV. INSURGENTES NTE,REHABILITACION Y CONSTRUCCION DE PUENTES PEATONALES,,DGCOP,SUPERFICIE DE INTERVENCIÓN,285,,METROS CUADRADOS,actualizacion_dgcop,2026-06-09 23:13:39,,
1809,PLATSOBSE_DGCOP_PUENTES_PEATONALES_PROL_DIVISION_DEL_NORTE_RICARDO_FLORES_MAGON_28,PROL. DIVISION DEL NORTE - RICARDO FLORES MAGON,REHABILITACION Y CONSTRUCCION DE PUENTES PEATONALES,,DGCOP,LONGITUD,43,,METROS LINEALES,actualizacion_dgcop,2026-06-09 23:18:28,,
1810,PLATSOBSE_DGCOP_PUENTES_PEATONALES_PROL_DIVISION_DEL_NORTE_RICARDO_FLORES_MAGON_28,PROL. DIVISION DEL NORTE - RICARDO FLORES MAGON,REHABILITACION Y CONSTRUCCION DE PUENTES PEATONALES,,DGCOP,SUPERFICIE DE INTERVENCIÓN,76,,METROS CUADRADOS,actualizacion_dgcop,2026-06-09 23:18:28,,
1812,PLATSOBSE_DGCOP_PUENTES_VEHICULARES_SEGUNDO_PISO_DEL_ANILLO_PERIFERICO_SAN_JERONIMO_LIDICE_90,SEGUNDO PISO DEL ANILLO PERIFERICO SAN JERONIMO LIDICE,REHABILITACION Y CONSTRUCCION DE PUENTES VEHICULARES,,DGCOP,LONGITUD,821,,METROS LINEALES,actualizacion_dgcop,2026-06-09 23:22:17,,
1813,PLATSOBSE_DGCOP_PUENTES_VEHICULARES_SEGUNDO_PISO_DEL_ANILLO_PERIFERICO_SAN_JERONIMO_LIDICE_90,SEGUNDO PISO DEL ANILLO PERIFERICO SAN JERONIMO LIDICE,REHABILITACION Y CONSTRUCCION DE PUENTES VEHICULARES,,DGCOP,SUPERFICIE DE INTERVENCIÓN,10165,,METROS CUADRADOS,actualizacion_dgcop,2026-06-09 23:22:17,,
1815,PLATSOBSE_DGCOP_PUENTES_PEATONALES_VDTO_RIO_DE_LA_PIEDAD_ENTRE_FCO_DEL_PASO_Y_TRONCOSO_Y_ANIL_58,VDTO. RIO DE LA PIEDAD - ENTRE FCO. DEL PASO Y TRONCOSO Y ANIL 596,REHABILITACION Y CONSTRUCCION DE PUENTES PEATONALES,,DGCOP,LONGITUD,59,,METROS LINEALES,actualizacion_dgcop,2026-06-09 23:22:21,,
1816,PLATSOBSE_DGCOP_PUENTES_PEATONALES_VDTO_RIO_DE_LA_PIEDAD_ENTRE_FCO_DEL_PASO_Y_TRONCOSO_Y_ANIL_58,VDTO. RIO DE LA PIEDAD - ENTRE FCO. DEL PASO Y TRONCOSO Y ANIL 596,REHABILITACION Y CONSTRUCCION DE PUENTES PEATONALES,,DGCOP,SUPERFICIE DE INTERVENCIÓN,96,,METROS CUADRADOS,actualizacion_dgcop,2026-06-09 23:22:21,,
1818,PLATSOBSE_DGCOP_PUENTES_PEATONALES_CALZ_DE_TLALPAN_TREN_LIGERO_NEZAHULPILLI_63,CALZ. DE TLALPAN -TREN LIGERO NEZAHULPILLI,REHABILITACION Y CONSTRUCCION DE PUENTES PEATONALES,,DGCOP,LONGITUD,81,,METROS LINEALES,actualizacion_dgcop,2026-06-09 23:24:58,,
1819,PLATSOBSE_DGCOP_PUENTES_PEATONALES_CALZ_DE_TLALPAN_TREN_LIGERO_NEZAHULPILLI_63,CALZ. DE TLALPAN -TREN LIGERO NEZAHULPILLI,REHABILITACION Y CONSTRUCCION DE PUENTES PEATONALES,,DGCOP,SUPERFICIE DE INTERVENCIÓN,171,,METROS CUADRADOS,actualizacion_dgcop,2026-06-09 23:24:58,,
1821,PLATSOBSE_DGCOP_PUENTES_PEATONALES_AV_HEROICA_ESCUELA_NAVAL_MILITAR_ENTRE_TEPETLAPA_Y_MIRAMONTES_COAPA_26,AV. HEROICA ESCUELA NAVAL MILITAR ENTRE TEPETLAPA Y MIRAMONTES COAPA,REHABILITACION Y CONSTRUCCION DE PUENTES PEATONALES,,DGCOP,LONGITUD,53,,METROS LINEALES,actualizacion_dgcop,2026-06-09 23:27:17,,
1822,PLATSOBSE_DGCOP_PUENTES_PEATONALES_AV_HEROICA_ESCUELA_NAVAL_MILITAR_ENTRE_TEPETLAPA_Y_MIRAMONTES_COAPA_26,AV. HEROICA ESCUELA NAVAL MILITAR ENTRE TEPETLAPA Y MIRAMONTES COAPA,REHABILITACION Y CONSTRUCCION DE PUENTES PEATONALES,,DGCOP,SUPERFICIE DE INTERVENCIÓN,115,,METROS CUADRADOS,actualizacion_dgcop,2026-06-09 23:27:17,,
1824,PLATSOBSE_DGCOP_PUENTES_PEATONALES_CTO_INTERIOR_RIO_CONSULADO_ENTRE_CHOPO_Y_OYAMEL_O_ALAMO_29,CTO. INTERIOR (RIO CONSULADO) - ENTRE CHOPO Y OYAMEL O ALAMO,REHABILITACION Y CONSTRUCCION DE PUENTES PEATONALES,,DGCOP,LONGITUD,66,,METROS LINEALES,actualizacion_dgcop,2026-06-09 23:29:32,,
1825,PLATSOBSE_DGCOP_PUENTES_PEATONALES_CTO_INTERIOR_RIO_CONSULADO_ENTRE_CHOPO_Y_OYAMEL_O_ALAMO_29,CTO. INTERIOR (RIO CONSULADO) - ENTRE CHOPO Y OYAMEL O ALAMO,REHABILITACION Y CONSTRUCCION DE PUENTES PEATONALES,,DGCOP,SUPERFICIE DE INTERVENCIÓN,154,,METROS CUADRADOS,actualizacion_dgcop,2026-06-09 23:29:32,,
1827,PLATSOBSE_DGCOP_PUENTES_VEHICULARES_SEGUNDO_PISO_DEL_ANILLO_PERIFERICO_ADOLFO_LOPEZ_MATEOS_TIZAPAN_SAN_ANGEL_91,SEGUNDO PISO DEL ANILLO PERIFERICO ADOLFO LOPEZ MATEOS (TIZAPAN SAN ANGEL),REHABILITACION Y CONSTRUCCION DE PUENTES VEHICULARES,,DGCOP,LONGITUD,983,,METROS LINEALES,actualizacion_dgcop,2026-06-09 23:31:31,,
1828,PLATSOBSE_DGCOP_PUENTES_VEHICULARES_SEGUNDO_PISO_DEL_ANILLO_PERIFERICO_ADOLFO_LOPEZ_MATEOS_TIZAPAN_SAN_ANGEL_91,SEGUNDO PISO DEL ANILLO PERIFERICO ADOLFO LOPEZ MATEOS (TIZAPAN SAN ANGEL),REHABILITACION Y CONSTRUCCION DE PUENTES VEHICULARES,,DGCOP,SUPERFICIE DE INTERVENCIÓN,8491,,METROS CUADRADOS,actualizacion_dgcop,2026-06-09 23:31:31,,
1830,PLATSOBSE_DGCOP_PUENTES_PEATONALES_AV_RIO_CHURUBUSCO_ENTRE_PRIV_CORINA_Y_PAZ_MONTES_DE_OCA_45,AV. RIO CHURUBUSCO ENTRE PRIV. CORINA Y PAZ MONTES DE OCA.,REHABILITACION Y CONSTRUCCION DE PUENTES PEATONALES,,DGCOP,LONGITUD,40,,METROS LINEALES,actualizacion_dgcop,2026-06-09 23:31:48,,
1831,PLATSOBSE_DGCOP_PUENTES_PEATONALES_AV_RIO_CHURUBUSCO_ENTRE_PRIV_CORINA_Y_PAZ_MONTES_DE_OCA_45,AV. RIO CHURUBUSCO ENTRE PRIV. CORINA Y PAZ MONTES DE OCA.,REHABILITACION Y CONSTRUCCION DE PUENTES PEATONALES,,DGCOP,SUPERFICIE DE INTERVENCIÓN,68,,METROS CUADRADOS,actualizacion_dgcop,2026-06-09 23:31:48,,
1833,PLATSOBSE_DGCOP_PUENTES_PEATONALES_VDTO_TLALPAN_EJIDO_2,VDTO. TLALPAN - EJIDO,REHABILITACION Y CONSTRUCCION DE PUENTES PEATONALES,,DGCOP,LONGITUD,80,,METROS LINEALES,actualizacion_dgcop,2026-06-09 23:34:23,,
1834,PLATSOBSE_DGCOP_PUENTES_PEATONALES_VDTO_TLALPAN_EJIDO_2,VDTO. TLALPAN - EJIDO,REHABILITACION Y CONSTRUCCION DE PUENTES PEATONALES,,DGCOP,SUPERFICIE DE INTERVENCIÓN,151,,METROS CUADRADOS,actualizacion_dgcop,2026-06-09 23:34:23,,
1836,PLATSOBSE_DGCOP_PUENTES_PEATONALES_AV_RIO_CHURUBUSCO_Y_CALLE_6_8,AV. RIO CHURUBUSCO Y CALLE 6,REHABILITACION Y CONSTRUCCION DE PUENTES PEATONALES,,DGCOP,LONGITUD,191,,METROS LINEALES,actualizacion_dgcop,2026-06-09 23:39:16,,
1837,PLATSOBSE_DGCOP_PUENTES_PEATONALES_AV_RIO_CHURUBUSCO_Y_CALLE_6_8,AV. RIO CHURUBUSCO Y CALLE 6,REHABILITACION Y CONSTRUCCION DE PUENTES PEATONALES,,DGCOP,SUPERFICIE DE INTERVENCIÓN,373,,METROS CUADRADOS,actualizacion_dgcop,2026-06-09 23:39:16,,
1839,PLATSOBSE_DGCOP_PUENTES_PEATONALES_EJE_6_SUR_TINTORETO_AUGUSTO_RODIN_PLAZA_DE_TOROS_18,EJE 6 SUR (TINTORETO) - AUGUSTO RODIN ( PLAZA DE TOROS),REHABILITACION Y CONSTRUCCION DE PUENTES PEATONALES,,DGCOP,LONGITUD,41,,METROS LINEALES,actualizacion_dgcop,2026-06-09 23:44:53,,
1840,PLATSOBSE_DGCOP_PUENTES_PEATONALES_EJE_6_SUR_TINTORETO_AUGUSTO_RODIN_PLAZA_DE_TOROS_18,EJE 6 SUR (TINTORETO) - AUGUSTO RODIN ( PLAZA DE TOROS),REHABILITACION Y CONSTRUCCION DE PUENTES PEATONALES,,DGCOP,SUPERFICIE DE INTERVENCIÓN,52,,METROS CUADRADOS,actualizacion_dgcop,2026-06-09 23:44:53,,
1842,PLATSOBSE_DGCOP_PUENTES_PEATONALES_CIRCUITO_INTERIOR_COL_VALLEJO_37,"CIRCUITO INTERIOR, COL. VALLEJO",REHABILITACION Y CONSTRUCCION DE PUENTES PEATONALES,,DGCOP,LONGITUD,46,,METROS LINEALES,actualizacion_dgcop,2026-06-09 23:50:54,,
1843,PLATSOBSE_DGCOP_PUENTES_PEATONALES_CIRCUITO_INTERIOR_COL_VALLEJO_37,"CIRCUITO INTERIOR, COL. VALLEJO",REHABILITACION Y CONSTRUCCION DE PUENTES PEATONALES,,DGCOP,SUPERFICIE DE INTERVENCIÓN,62,,METROS CUADRADOS,actualizacion_dgcop,2026-06-09 23:50:54,,
1845,PLATSOBSE_DGCOP_PUENTES_PEATONALES_EJE_2_NORTE_MANUEL_GONZALEZ_ADELINA_PATTI_61,"EJE 2 NORTE (MANUEL GONZALEZ)-ADELINA PATTI,",REHABILITACION Y CONSTRUCCION DE PUENTES PEATONALES,,DGCOP,LONGITUD,49,,METROS LINEALES,actualizacion_dgcop,2026-06-10 0:02:52,,
1846,PLATSOBSE_DGCOP_PUENTES_PEATONALES_EJE_2_NORTE_MANUEL_GONZALEZ_ADELINA_PATTI_61,"EJE 2 NORTE (MANUEL GONZALEZ)-ADELINA PATTI,",REHABILITACION Y CONSTRUCCION DE PUENTES PEATONALES,,DGCOP,SUPERFICIE DE INTERVENCIÓN,142,,METROS CUADRADOS,actualizacion_dgcop,2026-06-10 0:02:52,,
1848,PLATSOBSE_DGCOP_PUENTES_VEHICULARES_BLVD_ADOLFO_LOPEZ_MATEOS_MOLINOS_A_SAN_JER_NIMO_ALVARO_OBREGON_CUADRANTE_3_PUENTE_JARDINES_DEL_PEDREGAL_PV_601_36,"BLVD. ADOLFO LOPEZ MATEOS, MOLINOS A SAN JERÓNIMO ALVARO OBREGON CUADRANTE 3 (PUENTE JARDINES DEL PEDREGAL) PV-601",REHABILITACION Y CONSTRUCCION DE PUENTES VEHICULARES,,DGCOP,LONGITUD,493,,METROS LINEALES,actualizacion_dgcop,2026-06-10 0:04:00,,
1849,PLATSOBSE_DGCOP_PUENTES_VEHICULARES_BLVD_ADOLFO_LOPEZ_MATEOS_MOLINOS_A_SAN_JER_NIMO_ALVARO_OBREGON_CUADRANTE_3_PUENTE_JARDINES_DEL_PEDREGAL_PV_601_36,"BLVD. ADOLFO LOPEZ MATEOS, MOLINOS A SAN JERÓNIMO ALVARO OBREGON CUADRANTE 3 (PUENTE JARDINES DEL PEDREGAL) PV-601",REHABILITACION Y CONSTRUCCION DE PUENTES VEHICULARES,,DGCOP,SUPERFICIE DE INTERVENCIÓN,6489,,METROS CUADRADOS,actualizacion_dgcop,2026-06-10 0:04:00,,
1851,PLATSOBSE_DGCOP_PUENTES_PEATONALES_VDTO_RIO_DE_LA_PIEDAD_ENTRE_FCO_DEL_PASO_Y_TRONCOSO_Y_ANIL_53,VDTO. RIO DE LA PIEDAD ENTRE FCO. DEL PASO Y TRONCOSO Y ANIL 512,REHABILITACION Y CONSTRUCCION DE PUENTES PEATONALES,,DGCOP,LONGITUD,41,,METROS LINEALES,actualizacion_dgcop,2026-06-10 0:05:02,,
1852,PLATSOBSE_DGCOP_PUENTES_PEATONALES_VDTO_RIO_DE_LA_PIEDAD_ENTRE_FCO_DEL_PASO_Y_TRONCOSO_Y_ANIL_53,VDTO. RIO DE LA PIEDAD ENTRE FCO. DEL PASO Y TRONCOSO Y ANIL 512,REHABILITACION Y CONSTRUCCION DE PUENTES PEATONALES,,DGCOP,SUPERFICIE DE INTERVENCIÓN,76,,METROS CUADRADOS,actualizacion_dgcop,2026-06-10 0:05:02,,
1857,PLATSOBSE_DGCOP_PUENTES_PEATONALES_EJE_1_ORIENTE_AV_DEL_TRABAJO_RIVERO_33,EJE 1 ORIENTE (AV. DEL TRABAJO) - RIVERO,REHABILITACION Y CONSTRUCCION DE PUENTES PEATONALES,,DGCOP,LONGITUD,65,,METROS LINEALES,actualizacion_dgcop,2026-06-10 0:06:40,,
1858,PLATSOBSE_DGCOP_PUENTES_PEATONALES_EJE_1_ORIENTE_AV_DEL_TRABAJO_RIVERO_33,EJE 1 ORIENTE (AV. DEL TRABAJO) - RIVERO,REHABILITACION Y CONSTRUCCION DE PUENTES PEATONALES,,DGCOP,SUPERFICIE DE INTERVENCIÓN,128,,METROS CUADRADOS,actualizacion_dgcop,2026-06-10 0:06:40,,
1860,PLATSOBSE_DGCOP_PUENTES_VEHICULARES_CALZ_TAXQUE_A_Y_CALZ_TLALPAN_LADO_SUR_DIRECCION_PONIENTE_92,"CALZ. TAXQUEÑA Y CALZ. TLALPAN, LADO SUR DIRECCION PONIENTE",REHABILITACION Y CONSTRUCCION DE PUENTES VEHICULARES,,DGCOP,LONGITUD,469,,METROS LINEALES,actualizacion_dgcop,2026-06-10 0:06:52,,
1861,PLATSOBSE_DGCOP_PUENTES_VEHICULARES_CALZ_TAXQUE_A_Y_CALZ_TLALPAN_LADO_SUR_DIRECCION_PONIENTE_92,"CALZ. TAXQUEÑA Y CALZ. TLALPAN, LADO SUR DIRECCION PONIENTE",REHABILITACION Y CONSTRUCCION DE PUENTES VEHICULARES,,DGCOP,SUPERFICIE DE INTERVENCIÓN,3579,,METROS CUADRADOS,actualizacion_dgcop,2026-06-10 0:06:52,,
1863,PLATSOBSE_DGCOP_PUENTES_VEHICULARES_CALZ_TAXQUE_A_TLALPAN_77,CALZ. TAXQUEÑA-TLALPAN,REHABILITACION Y CONSTRUCCION DE PUENTES VEHICULARES,,DGCOP,LONGITUD,285,,METROS LINEALES,actualizacion_dgcop,2026-06-10 0:07:33,,
1864,PLATSOBSE_DGCOP_PUENTES_VEHICULARES_CALZ_TAXQUE_A_TLALPAN_77,CALZ. TAXQUEÑA-TLALPAN,REHABILITACION Y CONSTRUCCION DE PUENTES VEHICULARES,,DGCOP,SUPERFICIE DE INTERVENCIÓN,527,,METROS CUADRADOS,actualizacion_dgcop,2026-06-10 0:07:33,,
1866,PLATSOBSE_DGCOP_PUENTES_VEHICULARES_CANAL_DE_APATLACO_Y_FRANCISCO_VILLA_EJE_3_ORIENTE_26,"CANAL DE APATLACO Y FRANCISCO VILLA, EJE 3 ORIENTE",REHABILITACION Y CONSTRUCCION DE PUENTES VEHICULARES,,DGCOP,LONGITUD,534,,METROS LINEALES,actualizacion_dgcop,2026-06-10 0:08:31,,
1867,PLATSOBSE_DGCOP_PUENTES_VEHICULARES_CANAL_DE_APATLACO_Y_FRANCISCO_VILLA_EJE_3_ORIENTE_26,"CANAL DE APATLACO Y FRANCISCO VILLA, EJE 3 ORIENTE",REHABILITACION Y CONSTRUCCION DE PUENTES VEHICULARES,,DGCOP,SUPERFICIE DE INTERVENCIÓN,4476,,METROS CUADRADOS,actualizacion_dgcop,2026-06-10 0:08:31,,
1869,PLATSOBSE_DGCOP_PUENTES_PEATONALES_CTO_INTERIOR_PASEO_DE_LAS_JACARANDAS_TILOS_O_GERANIO_30,CTO. INTERIOR (PASEO DE LAS JACARANDAS) - TILOS O GERANIO,REHABILITACION Y CONSTRUCCION DE PUENTES PEATONALES,,DGCOP,LONGITUD,86,,METROS LINEALES,actualizacion_dgcop,2026-06-10 0:09:00,,
1870,PLATSOBSE_DGCOP_PUENTES_PEATONALES_CTO_INTERIOR_PASEO_DE_LAS_JACARANDAS_TILOS_O_GERANIO_30,CTO. INTERIOR (PASEO DE LAS JACARANDAS) - TILOS O GERANIO,REHABILITACION Y CONSTRUCCION DE PUENTES PEATONALES,,DGCOP,SUPERFICIE DE INTERVENCIÓN,219,,METROS CUADRADOS,actualizacion_dgcop,2026-06-10 0:09:00,,
1872,PLATSOBSE_DGCOP_PUENTES_VEHICULARES_CANAL_DE_APATLACO_Y_NOVELISTAS_EJE_3_ORIENTE_107,"CANAL DE APATLACO Y NOVELISTAS, EJE 3 ORIENTE",REHABILITACION Y CONSTRUCCION DE PUENTES VEHICULARES,,DGCOP,LONGITUD,534,,METROS LINEALES,actualizacion_dgcop,2026-06-10 0:09:56,,
1873,PLATSOBSE_DGCOP_PUENTES_VEHICULARES_CANAL_DE_APATLACO_Y_NOVELISTAS_EJE_3_ORIENTE_107,"CANAL DE APATLACO Y NOVELISTAS, EJE 3 ORIENTE",REHABILITACION Y CONSTRUCCION DE PUENTES VEHICULARES,,DGCOP,SUPERFICIE DE INTERVENCIÓN,4476,,METROS CUADRADOS,actualizacion_dgcop,2026-06-10 0:09:56,,
1875,PLATSOBSE_DGCOP_PUENTES_PEATONALES_EJE_3_SUR_CALZ_CHABACANO_EJE_1_OTE_ANDRES_MOLINA_ENRIQUEZ_32,EJE 3 SUR (CALZ. CHABACANO) - EJE 1 OTE. ANDRES MOLINA ENRIQUEZ,REHABILITACION Y CONSTRUCCION DE PUENTES PEATONALES,,DGCOP,LONGITUD,88,,METROS LINEALES,actualizacion_dgcop,2026-06-10 0:12:51,,
1876,PLATSOBSE_DGCOP_PUENTES_PEATONALES_EJE_3_SUR_CALZ_CHABACANO_EJE_1_OTE_ANDRES_MOLINA_ENRIQUEZ_32,EJE 3 SUR (CALZ. CHABACANO) - EJE 1 OTE. ANDRES MOLINA ENRIQUEZ,REHABILITACION Y CONSTRUCCION DE PUENTES PEATONALES,,DGCOP,SUPERFICIE DE INTERVENCIÓN,155,,METROS CUADRADOS,actualizacion_dgcop,2026-06-10 0:12:51,,
1878,PLATSOBSE_DGCOP_PUENTES_VEHICULARES_ANILLO_PERIF_12_6_10,ANILLO PERIF. 12-6,REHABILITACION Y CONSTRUCCION DE PUENTES VEHICULARES,,DGCOP,LONGITUD,411,,METROS LINEALES,actualizacion_dgcop,2026-06-10 0:13:40,,
1879,PLATSOBSE_DGCOP_PUENTES_VEHICULARES_ANILLO_PERIF_12_6_10,ANILLO PERIF. 12-6,REHABILITACION Y CONSTRUCCION DE PUENTES VEHICULARES,,DGCOP,SUPERFICIE DE INTERVENCIÓN,5840,,METROS CUADRADOS,actualizacion_dgcop,2026-06-10 0:13:40,,
1881,PLATSOBSE_DGCOP_PUENTES_VEHICULARES_CANAL_DE_SAN_JUAN_ANILLO_PERIF_12_6_98,CANAL DE SAN JUAN ANILLO PERIF. 12-6,REHABILITACION Y CONSTRUCCION DE PUENTES VEHICULARES,,DGCOP,LONGITUD,411,,METROS LINEALES,actualizacion_dgcop,2026-06-10 0:14:08,,
1882,PLATSOBSE_DGCOP_PUENTES_VEHICULARES_CANAL_DE_SAN_JUAN_ANILLO_PERIF_12_6_98,CANAL DE SAN JUAN ANILLO PERIF. 12-6,REHABILITACION Y CONSTRUCCION DE PUENTES VEHICULARES,,DGCOP,SUPERFICIE DE INTERVENCIÓN,5840,,METROS CUADRADOS,actualizacion_dgcop,2026-06-10 0:14:08,,
1884,PLATSOBSE_DGCOP_PUENTES_VEHICULARES_CANAL_DE_TEZONTLE_1730_28,CANAL DE TEZONTLE 1730,REHABILITACION Y CONSTRUCCION DE PUENTES VEHICULARES,,DGCOP,LONGITUD,539,,METROS LINEALES,actualizacion_dgcop,2026-06-10 0:14:49,,
1885,PLATSOBSE_DGCOP_PUENTES_VEHICULARES_CANAL_DE_TEZONTLE_1730_28,CANAL DE TEZONTLE 1730,REHABILITACION Y CONSTRUCCION DE PUENTES VEHICULARES,,DGCOP,SUPERFICIE DE INTERVENCIÓN,10133,,METROS CUADRADOS,actualizacion_dgcop,2026-06-10 0:14:49,,
1887,PLATSOBSE_DGCOP_PUENTES_PEATONALES_AV_CENTRAL_AV_608_AV_605_46,AV. CENTRAL (AV. 608) - AV. 605,REHABILITACION Y CONSTRUCCION DE PUENTES PEATONALES,,DGCOP,LONGITUD,73,,METROS LINEALES,actualizacion_dgcop,2026-06-10 0:15:09,,
1888,PLATSOBSE_DGCOP_PUENTES_PEATONALES_AV_CENTRAL_AV_608_AV_605_46,AV. CENTRAL (AV. 608) - AV. 605,REHABILITACION Y CONSTRUCCION DE PUENTES PEATONALES,,DGCOP,SUPERFICIE DE INTERVENCIÓN,132,,METROS CUADRADOS,actualizacion_dgcop,2026-06-10 0:15:09,,
1890,PLATSOBSE_DGCOP_PUENTES_PEATONALES_CALZ_DE_TLALPAN_CRUCE_CON_DIVISION_DEL_NORTE_ESPARTACO_25,CALZ. DE TLALPAN CRUCE CON DIVISION DEL NORTE / ESPARTACO,REHABILITACION Y CONSTRUCCION DE PUENTES PEATONALES,,DGCOP,LONGITUD,125,,METROS LINEALES,actualizacion_dgcop,2026-06-10 0:19:11,,
1891,PLATSOBSE_DGCOP_PUENTES_PEATONALES_CALZ_DE_TLALPAN_CRUCE_CON_DIVISION_DEL_NORTE_ESPARTACO_25,CALZ. DE TLALPAN CRUCE CON DIVISION DEL NORTE / ESPARTACO,REHABILITACION Y CONSTRUCCION DE PUENTES PEATONALES,,DGCOP,SUPERFICIE DE INTERVENCIÓN,288,,METROS CUADRADOS,actualizacion_dgcop,2026-06-10 0:19:11,,
1893,PLATSOBSE_DGCOP_PUENTES_PEATONALES_VDTO_MIGUEL_ALEMAN_ENTRE_ASTRONOMOS_Y_AGRARISMO_31,VDTO. MIGUEL ALEMAN ENTRE ASTRONOMOS Y AGRARISMO,REHABILITACION Y CONSTRUCCION DE PUENTES PEATONALES,,DGCOP,LONGITUD,87,,METROS LINEALES,actualizacion_dgcop,2026-06-10 0:21:39,,
1894,PLATSOBSE_DGCOP_PUENTES_PEATONALES_VDTO_MIGUEL_ALEMAN_ENTRE_ASTRONOMOS_Y_AGRARISMO_31,VDTO. MIGUEL ALEMAN ENTRE ASTRONOMOS Y AGRARISMO,REHABILITACION Y CONSTRUCCION DE PUENTES PEATONALES,,DGCOP,SUPERFICIE DE INTERVENCIÓN,261,,METROS CUADRADOS,actualizacion_dgcop,2026-06-10 0:21:39,,
1896,PLATSOBSE_DGCOP_PUENTES_VEHICULARES_CEYLAN_Y_CALZ_AZCAPOTZALCO_LA_VILLA_PV_289_60,CEYLAN Y CALZ. AZCAPOTZALCO - LA VILLA PV-289,REHABILITACION Y CONSTRUCCION DE PUENTES VEHICULARES,,DGCOP,LONGITUD,460,,METROS LINEALES,actualizacion_dgcop,2026-06-11 22:06:01,,
1897,PLATSOBSE_DGCOP_PUENTES_VEHICULARES_CEYLAN_Y_CALZ_AZCAPOTZALCO_LA_VILLA_PV_289_60,CEYLAN Y CALZ. AZCAPOTZALCO - LA VILLA PV-289,REHABILITACION Y CONSTRUCCION DE PUENTES VEHICULARES,,DGCOP,SUPERFICIE DE INTERVENCIÓN,4448,,METROS CUADRADOS,actualizacion_dgcop,2026-06-11 22:06:01,,
1854,PLATSOBSE_DGCOP_PUENTES_VEHICULARES_CHURUBUSCO_Y_CALZ_DE_LA_VIGA_103,CHURUBUSCO Y CALZ. DE LA VIGA,REHABILITACION Y CONSTRUCCION DE PUENTES VEHICULARES,,DGCOP,LONGITUD,554,,METROS LINEALES,actualizacion_dgcop,2026-06-10 0:05:19,actualizacion_dgcop,2026-06-11 22:07:20
1855,PLATSOBSE_DGCOP_PUENTES_VEHICULARES_CHURUBUSCO_Y_CALZ_DE_LA_VIGA_103,CHURUBUSCO Y CALZ. DE LA VIGA,REHABILITACION Y CONSTRUCCION DE PUENTES VEHICULARES,,DGCOP,SUPERFICIE DE INTERVENCIÓN,10766,,METROS CUADRADOS,actualizacion_dgcop,2026-06-10 0:05:19,actualizacion_dgcop,2026-06-11 22:07:30
1902,PLATSOBSE_DGCOP_PUENTES_VEHICULARES_CNEL_BENITO_SAN_ZENEA_239_23,CNEL. BENITO SAN ZENEA 239,REHABILITACION Y CONSTRUCCION DE PUENTES VEHICULARES,,DGCOP,LONGITUD,520,,METROS LINEALES,actualizacion_dgcop,2026-06-11 22:10:41,,
1903,PLATSOBSE_DGCOP_PUENTES_VEHICULARES_CNEL_BENITO_SAN_ZENEA_239_23,CNEL. BENITO SAN ZENEA 239,REHABILITACION Y CONSTRUCCION DE PUENTES VEHICULARES,,DGCOP,SUPERFICIE DE INTERVENCIÓN,4386,,METROS CUADRADOS,actualizacion_dgcop,2026-06-11 22:10:41,,
1905,PLATSOBSE_DGCOP_PUENTES_VEHICULARES_CRISOSTOMO_BONILLA_100,CRISOSTOMO BONILLA,REHABILITACION Y CONSTRUCCION DE PUENTES VEHICULARES,,DGCOP,LONGITUD,244,,METROS LINEALES,actualizacion_dgcop,2026-06-11 22:11:48,,
1906,PLATSOBSE_DGCOP_PUENTES_VEHICULARES_CRISOSTOMO_BONILLA_100,CRISOSTOMO BONILLA,REHABILITACION Y CONSTRUCCION DE PUENTES VEHICULARES,,DGCOP,SUPERFICIE DE INTERVENCIÓN,8440,,METROS CUADRADOS,actualizacion_dgcop,2026-06-11 22:11:48,,
1908,PLATSOBSE_DGCOP_PUENTES_VEHICULARES_CTO_ESTADIO_AZTECA_AL_CRUCE_CON_ANILLO_PERIFERICO_109,CTO. ESTADIO AZTECA AL CRUCE CON ANILLO PERIFERICO,REHABILITACION Y CONSTRUCCION DE PUENTES VEHICULARES,,DGCOP,LONGITUD,396,,METROS LINEALES,actualizacion_dgcop,2026-06-11 22:12:34,,
1909,PLATSOBSE_DGCOP_PUENTES_VEHICULARES_CTO_ESTADIO_AZTECA_AL_CRUCE_CON_ANILLO_PERIFERICO_109,CTO. ESTADIO AZTECA AL CRUCE CON ANILLO PERIFERICO,REHABILITACION Y CONSTRUCCION DE PUENTES VEHICULARES,,DGCOP,SUPERFICIE DE INTERVENCIÓN,9134,,METROS CUADRADOS,actualizacion_dgcop,2026-06-11 22:12:34,,
1911,PLATSOBSE_DGCOP_PUENTES_VEHICULARES_CTO_ESTADIO_AZTECA_AL_CRUCE_CON_CALZ_TLALPAN_108,CTO. ESTADIO AZTECA AL CRUCE CON CALZ. TLALPAN,REHABILITACION Y CONSTRUCCION DE PUENTES VEHICULARES,,DGCOP,LONGITUD,373,,METROS LINEALES,actualizacion_dgcop,2026-06-11 22:14:11,,
1912,PLATSOBSE_DGCOP_PUENTES_VEHICULARES_CTO_ESTADIO_AZTECA_AL_CRUCE_CON_CALZ_TLALPAN_108,CTO. ESTADIO AZTECA AL CRUCE CON CALZ. TLALPAN,REHABILITACION Y CONSTRUCCION DE PUENTES VEHICULARES,,DGCOP,SUPERFICIE DE INTERVENCIÓN,3823,,METROS CUADRADOS,actualizacion_dgcop,2026-06-11 22:14:11,,
1914,PLATSOBSE_DGCOP_MOD_POLICIA_MODULO_TAXQUENA_1,MODULO TAXQUENA,MODULOS DE POLICIAS,,DGCOP,SUPERFICIE DE INTERVENCIÓN,32,,METROS CUADRADOS,actualizacion_dgcop,2026-06-12 16:25:50,,
1915,PLATSOBSE_DGCOP_MOD_POLICIA_MODULO_TAXQUENA_1,MODULO TAXQUENA,MODULOS DE POLICIAS,,DGCOP,POBLACION BENEFICIADA (500 M),7133,,PERSONAS,actualizacion_dgcop,2026-06-12 16:25:50,,
1917,PLATSOBSE_DGCOP_PUENTES_VEHICULARES_BLVD_ADOLFO_LOPEZ_MATEOS_CHAPULTEPEC_35,"BLVD. ADOLFO LOPEZ MATEOS, CHAPULTEPEC",REHABILITACION Y CONSTRUCCION DE PUENTES VEHICULARES,,DGCOP,LONGITUD,200,,METROS LINEALES,actualizacion_dgcop,2026-06-12 23:13:42,,
1918,PLATSOBSE_DGCOP_PUENTES_VEHICULARES_BLVD_ADOLFO_LOPEZ_MATEOS_CHAPULTEPEC_35,"BLVD. ADOLFO LOPEZ MATEOS, CHAPULTEPEC",REHABILITACION Y CONSTRUCCION DE PUENTES VEHICULARES,,DGCOP,SUPERFICIE DE INTERVENCIÓN,1714,,METROS CUADRADOS,actualizacion_dgcop,2026-06-12 23:13:42,,
1920,PLATSOBSE_DGCOP_PUENTES_VEHICULARES_DEL_17_PV_512_18,DEL 17 PV-512,REHABILITACION Y CONSTRUCCION DE PUENTES VEHICULARES,,DGCOP,LONGITUD,13,,METROS LINEALES,actualizacion_dgcop,2026-06-12 23:15:18,,
1921,PLATSOBSE_DGCOP_PUENTES_VEHICULARES_DEL_17_PV_512_18,DEL 17 PV-512,REHABILITACION Y CONSTRUCCION DE PUENTES VEHICULARES,,DGCOP,SUPERFICIE DE INTERVENCIÓN,70,,METROS CUADRADOS,actualizacion_dgcop,2026-06-12 23:15:18,,
1923,PLATSOBSE_DGCOP_PUENTES_VEHICULARES_EJE_3_ORIENTE_Y_ERMITA_IZTAPALAPA_7,EJE 3 ORIENTE Y ERMITA IZTAPALAPA,REHABILITACION Y CONSTRUCCION DE PUENTES VEHICULARES,,DGCOP,LONGITUD,366,,METROS LINEALES,actualizacion_dgcop,2026-06-12 23:16:07,,
1924,PLATSOBSE_DGCOP_PUENTES_VEHICULARES_EJE_3_ORIENTE_Y_ERMITA_IZTAPALAPA_7,EJE 3 ORIENTE Y ERMITA IZTAPALAPA,REHABILITACION Y CONSTRUCCION DE PUENTES VEHICULARES,,DGCOP,SUPERFICIE DE INTERVENCIÓN,2585,,METROS CUADRADOS,actualizacion_dgcop,2026-06-12 23:16:07,,
1926,PLATSOBSE_DGCOP_PUENTES_VEHICULARES_EJE_5_SUR_CON_RIO_BECERRA_NAPOLES_41,"EJE 5 SUR CON RIO BECERRA, NAPOLES",REHABILITACION Y CONSTRUCCION DE PUENTES VEHICULARES,,DGCOP,LONGITUD,363,,METROS LINEALES,actualizacion_dgcop,2026-06-12 23:18:12,,
1927,PLATSOBSE_DGCOP_PUENTES_VEHICULARES_EJE_5_SUR_CON_RIO_BECERRA_NAPOLES_41,"EJE 5 SUR CON RIO BECERRA, NAPOLES",REHABILITACION Y CONSTRUCCION DE PUENTES VEHICULARES,,DGCOP,SUPERFICIE DE INTERVENCIÓN,2263,,METROS CUADRADOS,actualizacion_dgcop,2026-06-12 23:18:12,,
1929,PLATSOBSE_DGCOP_PUENTES_VEHICULARES_EJE_6_SUR_Y_AV_RIO_CHURUBUSCO_44,EJE 6 SUR Y AV. RIO CHURUBUSCO,REHABILITACION Y CONSTRUCCION DE PUENTES VEHICULARES,,DGCOP,LONGITUD,180,,METROS LINEALES,actualizacion_dgcop,2026-06-12 23:19:04,,
1930,PLATSOBSE_DGCOP_PUENTES_VEHICULARES_EJE_6_SUR_Y_AV_RIO_CHURUBUSCO_44,EJE 6 SUR Y AV. RIO CHURUBUSCO,REHABILITACION Y CONSTRUCCION DE PUENTES VEHICULARES,,DGCOP,SUPERFICIE DE INTERVENCIÓN,897,,METROS CUADRADOS,actualizacion_dgcop,2026-06-12 23:19:04,,
1932,PLATSOBSE_DGCOP_PUENTES_VEHICULARES_EJE_6_SUR_Y_EJE_3_OTE_43,EJE 6 SUR Y EJE 3 OTE,REHABILITACION Y CONSTRUCCION DE PUENTES VEHICULARES,,DGCOP,LONGITUD,566,,METROS LINEALES,actualizacion_dgcop,2026-06-12 23:19:59,,
1933,PLATSOBSE_DGCOP_PUENTES_VEHICULARES_EJE_6_SUR_Y_EJE_3_OTE_43,EJE 6 SUR Y EJE 3 OTE,REHABILITACION Y CONSTRUCCION DE PUENTES VEHICULARES,,DGCOP,SUPERFICIE DE INTERVENCIÓN,5334,,METROS CUADRADOS,actualizacion_dgcop,2026-06-12 23:19:59,,
1935,PLATSOBSE_DGCOP_PUENTES_VEHICULARES_EJE_7_CALZ_DE_TLALPAN_75,EJE 7- CALZ. DE TLALPAN,REHABILITACION Y CONSTRUCCION DE PUENTES VEHICULARES,,DGCOP,LONGITUD,280,,METROS LINEALES,actualizacion_dgcop,2026-06-12 23:21:09,,
1936,PLATSOBSE_DGCOP_PUENTES_VEHICULARES_EJE_7_CALZ_DE_TLALPAN_75,EJE 7- CALZ. DE TLALPAN,REHABILITACION Y CONSTRUCCION DE PUENTES VEHICULARES,,DGCOP,SUPERFICIE DE INTERVENCIÓN,2004,,METROS CUADRADOS,actualizacion_dgcop,2026-06-12 23:21:09,,
1938,PLATSOBSE_DGCOP_PUENTES_VEHICULARES_EJE_7A_CALZ_DE_TLALPAN_76,EJE 7A- CALZ. DE TLALPAN,REHABILITACION Y CONSTRUCCION DE PUENTES VEHICULARES,,DGCOP,LONGITUD,262,,METROS LINEALES,actualizacion_dgcop,2026-06-12 23:22:11,,
1939,PLATSOBSE_DGCOP_PUENTES_VEHICULARES_EJE_7A_CALZ_DE_TLALPAN_76,EJE 7A- CALZ. DE TLALPAN,REHABILITACION Y CONSTRUCCION DE PUENTES VEHICULARES,,DGCOP,SUPERFICIE DE INTERVENCIÓN,1660,,METROS CUADRADOS,actualizacion_dgcop,2026-06-12 23:22:11,,
1941,PLATSOBSE_DGCOP_PUENTES_VEHICULARES_EJE_7_OTE_314_499_11,EJE 7 OTE 314-499,REHABILITACION Y CONSTRUCCION DE PUENTES VEHICULARES,,DGCOP,LONGITUD,400,,METROS LINEALES,actualizacion_dgcop,2026-06-12 23:24:26,,
1942,PLATSOBSE_DGCOP_PUENTES_VEHICULARES_EJE_7_OTE_314_499_11,EJE 7 OTE 314-499,REHABILITACION Y CONSTRUCCION DE PUENTES VEHICULARES,,DGCOP,SUPERFICIE DE INTERVENCIÓN,8180,,METROS CUADRADOS,actualizacion_dgcop,2026-06-12 23:24:26,,
1944,PLATSOBSE_DGCOP_PUENTES_VEHICULARES_EJE_CENTRAL_LAZARO_CARDENAS_227_105,EJE CENTRAL LAZARO CARDENAS 227,REHABILITACION Y CONSTRUCCION DE PUENTES VEHICULARES,,DGCOP,LONGITUD,493,,METROS LINEALES,actualizacion_dgcop,2026-06-12 23:32:19,,
1945,PLATSOBSE_DGCOP_PUENTES_VEHICULARES_EJE_CENTRAL_LAZARO_CARDENAS_227_105,EJE CENTRAL LAZARO CARDENAS 227,REHABILITACION Y CONSTRUCCION DE PUENTES VEHICULARES,,DGCOP,SUPERFICIE DE INTERVENCIÓN,7227,,METROS CUADRADOS,actualizacion_dgcop,2026-06-12 23:32:19,,
1947,PLATSOBSE_DGCOP_PUENTES_VEHICULARES_ERMITA_IZTAPALAPA_TREBOL_67,ERMITA IZTAPALAPA (TREBOL),REHABILITACION Y CONSTRUCCION DE PUENTES VEHICULARES,,DGCOP,LONGITUD,161,,METROS LINEALES,actualizacion_dgcop,2026-06-12 23:33:09,,
1948,PLATSOBSE_DGCOP_PUENTES_VEHICULARES_ERMITA_IZTAPALAPA_TREBOL_67,ERMITA IZTAPALAPA (TREBOL),REHABILITACION Y CONSTRUCCION DE PUENTES VEHICULARES,,DGCOP,SUPERFICIE DE INTERVENCIÓN,1647,,METROS CUADRADOS,actualizacion_dgcop,2026-06-12 23:33:09,,
1950,PLATSOBSE_DGCOP_PUENTES_VEHICULARES_FCO_DEL_PASO_Y_TRONCOSO_EJE_3_OTE_19,FCO. DEL PASO Y TRONCOSO (EJE 3 OTE),REHABILITACION Y CONSTRUCCION DE PUENTES VEHICULARES,,DGCOP,LONGITUD,725,,METROS LINEALES,actualizacion_dgcop,2026-06-12 23:35:31,,
1951,PLATSOBSE_DGCOP_PUENTES_VEHICULARES_FCO_DEL_PASO_Y_TRONCOSO_EJE_3_OTE_19,FCO. DEL PASO Y TRONCOSO (EJE 3 OTE),REHABILITACION Y CONSTRUCCION DE PUENTES VEHICULARES,,DGCOP,SUPERFICIE DE INTERVENCIÓN,5538,,METROS CUADRADOS,actualizacion_dgcop,2026-06-12 23:35:31,,
1953,PLATSOBSE_DGCOP_PUENTES_VEHICULARES_FCO_DEL_PASO_Y_TRONCOSO_MB_MIXIUHCA_27,FCO. DEL PASO Y TRONCOSO (MB MIXIUHCA),REHABILITACION Y CONSTRUCCION DE PUENTES VEHICULARES,,DGCOP,LONGITUD,725,,METROS LINEALES,actualizacion_dgcop,2026-06-12 23:37:50,,
1954,PLATSOBSE_DGCOP_PUENTES_VEHICULARES_FCO_DEL_PASO_Y_TRONCOSO_MB_MIXIUHCA_27,FCO. DEL PASO Y TRONCOSO (MB MIXIUHCA),REHABILITACION Y CONSTRUCCION DE PUENTES VEHICULARES,,DGCOP,SUPERFICIE DE INTERVENCIÓN,5538,,METROS CUADRADOS,actualizacion_dgcop,2026-06-12 23:37:50,,
1956,PLATSOBSE_DGCOP_PUENTES_VEHICULARES_INCORPORACION_DE_ANILLO_PERIFERICO_BLVD_ADOLFO_RUIZ_CORTINES_PV_016_B3_63,INCORPORACION DE ANILLO PERIFERICO BLVD. ADOLFO RUIZ CORTINES PV-016-B3,REHABILITACION Y CONSTRUCCION DE PUENTES VEHICULARES,,DGCOP,LONGITUD,558,,METROS LINEALES,actualizacion_dgcop,2026-06-12 23:38:41,,
1957,PLATSOBSE_DGCOP_PUENTES_VEHICULARES_INCORPORACION_DE_ANILLO_PERIFERICO_BLVD_ADOLFO_RUIZ_CORTINES_PV_016_B3_63,INCORPORACION DE ANILLO PERIFERICO BLVD. ADOLFO RUIZ CORTINES PV-016-B3,REHABILITACION Y CONSTRUCCION DE PUENTES VEHICULARES,,DGCOP,SUPERFICIE DE INTERVENCIÓN,4421,,METROS CUADRADOS,actualizacion_dgcop,2026-06-12 23:38:41,,
1959,PLATSOBSE_DGCOP_PUENTES_VEHICULARES_INCORPORACION_DE_CALLE_ALBA_ILES_A_DISTRIBUIDOR_VIAL_HEBERTO_CASTILLO_PROGRESISTA_1_4,INCORPORACION DE CALLE ALBAÑILES A DISTRIBUIDOR VIAL HEBERTO CASTILLO PROGRESISTA 1,REHABILITACION Y CONSTRUCCION DE PUENTES VEHICULARES,,DGCOP,LONGITUD,137,,METROS LINEALES,actualizacion_dgcop,2026-06-12 23:45:26,,
1960,PLATSOBSE_DGCOP_PUENTES_VEHICULARES_INCORPORACION_DE_CALLE_ALBA_ILES_A_DISTRIBUIDOR_VIAL_HEBERTO_CASTILLO_PROGRESISTA_1_4,INCORPORACION DE CALLE ALBAÑILES A DISTRIBUIDOR VIAL HEBERTO CASTILLO PROGRESISTA 1,REHABILITACION Y CONSTRUCCION DE PUENTES VEHICULARES,,DGCOP,SUPERFICIE DE INTERVENCIÓN,1871,,METROS CUADRADOS,actualizacion_dgcop,2026-06-12 23:45:26,,
1962,PLATSOBSE_DGCOP_PUENTES_VEHICULARES_INCORPORACION_DE_CALLE_ALBA_ILES_A_DISTRIBUIDOR_VIAL_HEBERTO_CASTILLO_PROGRESISTA_2_8,INCORPORACION DE CALLE ALBAÑILES A DISTRIBUIDOR VIAL HEBERTO CASTILLO PROGRESISTA 2,REHABILITACION Y CONSTRUCCION DE PUENTES VEHICULARES,,DGCOP,LONGITUD,343,,METROS LINEALES,actualizacion_dgcop,2026-06-12 23:48:31,,
1963,PLATSOBSE_DGCOP_PUENTES_VEHICULARES_INCORPORACION_DE_CALLE_ALBA_ILES_A_DISTRIBUIDOR_VIAL_HEBERTO_CASTILLO_PROGRESISTA_2_8,INCORPORACION DE CALLE ALBAÑILES A DISTRIBUIDOR VIAL HEBERTO CASTILLO PROGRESISTA 2,REHABILITACION Y CONSTRUCCION DE PUENTES VEHICULARES,,DGCOP,SUPERFICIE DE INTERVENCIÓN,2186,,METROS CUADRADOS,actualizacion_dgcop,2026-06-12 23:48:31,,
1965,PLATSOBSE_DGCOP_PUENTES_VEHICULARES_INDIOS_VERDES_ACUEDUCTO_74,INDIOS VERDES- ACUEDUCTO,REHABILITACION Y CONSTRUCCION DE PUENTES VEHICULARES,,DGCOP,LONGITUD,592,,METROS LINEALES,actualizacion_dgcop,2026-06-12 23:52:23,,
1966,PLATSOBSE_DGCOP_PUENTES_VEHICULARES_INDIOS_VERDES_ACUEDUCTO_74,INDIOS VERDES- ACUEDUCTO,REHABILITACION Y CONSTRUCCION DE PUENTES VEHICULARES,,DGCOP,SUPERFICIE DE INTERVENCIÓN,6574,,METROS CUADRADOS,actualizacion_dgcop,2026-06-12 23:52:23,,
1968,PLATSOBSE_DGCOP_PUENTES_VEHICULARES_JOSE_ANTONIO_ALZATE_PV_308_53,JOSE ANTONIO ALZATE PV-308,REHABILITACION Y CONSTRUCCION DE PUENTES VEHICULARES,,DGCOP,LONGITUD,582,,METROS LINEALES,actualizacion_dgcop,2026-06-12 23:53:38,,
1969,PLATSOBSE_DGCOP_PUENTES_VEHICULARES_JOSE_ANTONIO_ALZATE_PV_308_53,JOSE ANTONIO ALZATE PV-308,REHABILITACION Y CONSTRUCCION DE PUENTES VEHICULARES,,DGCOP,SUPERFICIE DE INTERVENCIÓN,12292,,METROS CUADRADOS,actualizacion_dgcop,2026-06-12 23:53:38,,
1971,PLATSOBSE_DGCOP_PUENTES_VEHICULARES_MIGUEL_BERNARD_25,MIGUEL BERNARD,REHABILITACION Y CONSTRUCCION DE PUENTES VEHICULARES,,DGCOP,LONGITUD,72,,METROS LINEALES,actualizacion_dgcop,2026-06-12 23:56:11,,
1972,PLATSOBSE_DGCOP_PUENTES_VEHICULARES_MIGUEL_BERNARD_25,MIGUEL BERNARD,REHABILITACION Y CONSTRUCCION DE PUENTES VEHICULARES,,DGCOP,SUPERFICIE DE INTERVENCIÓN,1588,,METROS CUADRADOS,actualizacion_dgcop,2026-06-12 23:56:11,,
1974,PLATSOBSE_DGCOP_PUENTES_VEHICULARES_MUYUGUARDA_VASO_DE_REGULACION_96,MUYUGUARDA (VASO DE REGULACION),REHABILITACION Y CONSTRUCCION DE PUENTES VEHICULARES,,DGCOP,LONGITUD,512,,METROS LINEALES,actualizacion_dgcop,2026-06-12 23:57:02,,
1975,PLATSOBSE_DGCOP_PUENTES_VEHICULARES_MUYUGUARDA_VASO_DE_REGULACION_96,MUYUGUARDA (VASO DE REGULACION),REHABILITACION Y CONSTRUCCION DE PUENTES VEHICULARES,,DGCOP,SUPERFICIE DE INTERVENCIÓN,3596,,METROS CUADRADOS,actualizacion_dgcop,2026-06-12 23:57:02,,
1977,PLATSOBSE_DGCOP_PUENTES_VEHICULARES_NORTE_184_PE_ON_DE_LOS_BA_OS_89,NORTE 184 (PEÑON DE LOS BAÑOS),REHABILITACION Y CONSTRUCCION DE PUENTES VEHICULARES,,DGCOP,LONGITUD,375,,METROS LINEALES,actualizacion_dgcop,2026-06-12 23:58:26,,
1978,PLATSOBSE_DGCOP_PUENTES_VEHICULARES_NORTE_184_PE_ON_DE_LOS_BA_OS_89,NORTE 184 (PEÑON DE LOS BAÑOS),REHABILITACION Y CONSTRUCCION DE PUENTES VEHICULARES,,DGCOP,SUPERFICIE DE INTERVENCIÓN,3787,,METROS CUADRADOS,actualizacion_dgcop,2026-06-12 23:58:26,,
1980,PLATSOBSE_DGCOP_PUENTES_VEHICULARES_PARQUE_ECOLOGICO_DE_XOCHIMILCO_PERIFERICO_73,PARQUE ECOLOGICO DE XOCHIMILCO PERIFERICO,REHABILITACION Y CONSTRUCCION DE PUENTES VEHICULARES,,DGCOP,LONGITUD,808,,METROS LINEALES,actualizacion_dgcop,2026-06-12 23:59:35,,
1981,PLATSOBSE_DGCOP_PUENTES_VEHICULARES_PARQUE_ECOLOGICO_DE_XOCHIMILCO_PERIFERICO_73,PARQUE ECOLOGICO DE XOCHIMILCO PERIFERICO,REHABILITACION Y CONSTRUCCION DE PUENTES VEHICULARES,,DGCOP,SUPERFICIE DE INTERVENCIÓN,8072,,METROS CUADRADOS,actualizacion_dgcop,2026-06-12 23:59:35,,
1983,PLATSOBSE_DGCOP_PUENTES_VEHICULARES_PASEO_DE_LAS_JACARANDAS_PV_007_B_49,PASEO DE LAS JACARANDAS PV-007-B,REHABILITACION Y CONSTRUCCION DE PUENTES VEHICULARES,,DGCOP,LONGITUD,383,,METROS LINEALES,actualizacion_dgcop,2026-06-13 0:01:08,,
1984,PLATSOBSE_DGCOP_PUENTES_VEHICULARES_PASEO_DE_LAS_JACARANDAS_PV_007_B_49,PASEO DE LAS JACARANDAS PV-007-B,REHABILITACION Y CONSTRUCCION DE PUENTES VEHICULARES,,DGCOP,SUPERFICIE DE INTERVENCIÓN,4043,,METROS CUADRADOS,actualizacion_dgcop,2026-06-13 0:01:08,,
1986,PLATSOBSE_DGCOP_PUENTES_VEHICULARES_PONIENTE_140_104,PONIENTE 140,REHABILITACION Y CONSTRUCCION DE PUENTES VEHICULARES,,DGCOP,LONGITUD,940,,METROS LINEALES,actualizacion_dgcop,2026-06-13 0:02:05,,
1987,PLATSOBSE_DGCOP_PUENTES_VEHICULARES_PONIENTE_140_104,PONIENTE 140,REHABILITACION Y CONSTRUCCION DE PUENTES VEHICULARES,,DGCOP,SUPERFICIE DE INTERVENCIÓN,6173,,METROS CUADRADOS,actualizacion_dgcop,2026-06-13 0:02:05,,
1989,PLATSOBSE_DGCOP_PUENTES_VEHICULARES_PROL_DIVISION_DEL_NTE_GLORIETA_DE_VAQUERITOS_78,PROL. DIVISION DEL NTE (GLORIETA DE VAQUERITOS),REHABILITACION Y CONSTRUCCION DE PUENTES VEHICULARES,,DGCOP,LONGITUD,563,,METROS LINEALES,actualizacion_dgcop,2026-06-13 0:02:52,,
1990,PLATSOBSE_DGCOP_PUENTES_VEHICULARES_PROL_DIVISION_DEL_NTE_GLORIETA_DE_VAQUERITOS_78,PROL. DIVISION DEL NTE (GLORIETA DE VAQUERITOS),REHABILITACION Y CONSTRUCCION DE PUENTES VEHICULARES,,DGCOP,SUPERFICIE DE INTERVENCIÓN,6592,,METROS CUADRADOS,actualizacion_dgcop,2026-06-13 0:02:52,,
1992,PLATSOBSE_DGCOP_PUENTES_VEHICULARES_PUENTE_EJE_4_NORTE_PV_289_50,PUENTE EJE 4 NORTE PV-289,REHABILITACION Y CONSTRUCCION DE PUENTES VEHICULARES,,DGCOP,LONGITUD,534,,METROS LINEALES,actualizacion_dgcop,2026-06-13 0:04:59,,
1993,PLATSOBSE_DGCOP_PUENTES_VEHICULARES_PUENTE_EJE_4_NORTE_PV_289_50,PUENTE EJE 4 NORTE PV-289,REHABILITACION Y CONSTRUCCION DE PUENTES VEHICULARES,,DGCOP,SUPERFICIE DE INTERVENCIÓN,6306,,METROS CUADRADOS,actualizacion_dgcop,2026-06-13 0:04:59,,
1995,PLATSOBSE_DGCOP_PUENTES_VEHICULARES_PUERTO_MEXICO_PE_ON_DE_LOS_BA_OS_84,PUERTO MEXICO (PEÑON DE LOS BAÑOS),REHABILITACION Y CONSTRUCCION DE PUENTES VEHICULARES,,DGCOP,LONGITUD,375,,METROS LINEALES,actualizacion_dgcop,2026-06-13 0:05:53,,
1996,PLATSOBSE_DGCOP_PUENTES_VEHICULARES_PUERTO_MEXICO_PE_ON_DE_LOS_BA_OS_84,PUERTO MEXICO (PEÑON DE LOS BAÑOS),REHABILITACION Y CONSTRUCCION DE PUENTES VEHICULARES,,DGCOP,SUPERFICIE DE INTERVENCIÓN,3787,,METROS CUADRADOS,actualizacion_dgcop,2026-06-13 0:05:53,,
1998,PLATSOBSE_DGCOP_PUENTES_VEHICULARES_REPUBLICA_FEDERAL_101,REPUBLICA FEDERAL,REHABILITACION Y CONSTRUCCION DE PUENTES VEHICULARES,,DGCOP,LONGITUD,472,,METROS LINEALES,actualizacion_dgcop,2026-06-13 0:06:30,,
1999,PLATSOBSE_DGCOP_PUENTES_VEHICULARES_REPUBLICA_FEDERAL_101,REPUBLICA FEDERAL,REHABILITACION Y CONSTRUCCION DE PUENTES VEHICULARES,,DGCOP,SUPERFICIE DE INTERVENCIÓN,5179,,METROS CUADRADOS,actualizacion_dgcop,2026-06-13 0:06:30,,
2002,PLATSOBSE_DGCOP_PUENTES_VEHICULARES_RIO_BECERRA_30,RIO BECERRA,REHABILITACION Y CONSTRUCCION DE PUENTES VEHICULARES,,DGCOP,LONGITUD,351,,METROS LINEALES,actualizacion_dgcop,2026-06-13 0:08:49,,
2003,PLATSOBSE_DGCOP_PUENTES_VEHICULARES_RIO_BECERRA_30,RIO BECERRA,REHABILITACION Y CONSTRUCCION DE PUENTES VEHICULARES,,DGCOP,SUPERFICIE DE INTERVENCIÓN,2527,,METROS CUADRADOS,actualizacion_dgcop,2026-06-13 0:08:49,,
2005,PLATSOBSE_DGCOP_PUENTES_VEHICULARES_RIO_CHURUBUSCO_Y_EJE_3_SUR_ANIL_24,RIO CHURUBUSCO Y EJE 3 SUR ANIL,REHABILITACION Y CONSTRUCCION DE PUENTES VEHICULARES,,DGCOP,LONGITUD,571,,METROS LINEALES,actualizacion_dgcop,2026-06-13 0:10:40,,
2006,PLATSOBSE_DGCOP_PUENTES_VEHICULARES_RIO_CHURUBUSCO_Y_EJE_3_SUR_ANIL_24,RIO CHURUBUSCO Y EJE 3 SUR ANIL,REHABILITACION Y CONSTRUCCION DE PUENTES VEHICULARES,,DGCOP,SUPERFICIE DE INTERVENCIÓN,7109,,METROS CUADRADOS,actualizacion_dgcop,2026-06-13 0:10:40,,
2007,PLATSOBSE_DGCOP_BALON_BARRIO_189_DEPORTIVO_100_METROS_189,"189 DEPORTIVO ""100 METROS""",EL BALON VUELVE AL BARRIO,,DGPEST,POBLACION BENEFICIADA (500 M),4500,,PERSONAS,actualizacion_dgpest,2026-06-13 0:27:14,,
2009,PLATSOBSE_DGCOP_REHABILITACION_CONSTRUCCION_CANAL_NACIONAL_PERIFERICO,CANAL NACIONAL - PERIFERICO PUENTE CIELITO LINDO,REHABILITACION Y CONSTRUCCION DE PUENTES VEHICULARES,,DGCOP,LONGITUD,543,,METROS LINEALES,actualizacion_dgcop,2026-06-13 0:31:03,,
2010,PLATSOBSE_DGCOP_REHABILITACION_CONSTRUCCION_CANAL_NACIONAL_PERIFERICO,CANAL NACIONAL - PERIFERICO PUENTE CIELITO LINDO,REHABILITACION Y CONSTRUCCION DE PUENTES VEHICULARES,,DGCOP,SUPERFICIE DE INTERVENCIÓN,6434,,METROS CUADRADOS,actualizacion_dgcop,2026-06-13 0:31:03,,
2012,PLATSOBSE_DGCOP_PUENTES_VEHICULARES_VDTO_RIO_BECERRA_Y_CALLE_OHIO_32,VDTO. RIO BECERRA Y CALLE OHIO,REHABILITACION Y CONSTRUCCION DE PUENTES VEHICULARES,,DGCOP,LONGITUD,457,,METROS LINEALES,actualizacion_dgcop,2026-06-13 0:37:05,,
2013,PLATSOBSE_DGCOP_PUENTES_VEHICULARES_VDTO_RIO_BECERRA_Y_CALLE_OHIO_32,VDTO. RIO BECERRA Y CALLE OHIO,REHABILITACION Y CONSTRUCCION DE PUENTES VEHICULARES,,DGCOP,SUPERFICIE DE INTERVENCIÓN,3260,,METROS CUADRADOS,actualizacion_dgcop,2026-06-13 0:37:05,,