IDENTIFICADOR,NOMBRE_OBRA,BLOQUE_MUNDIAL,CLAVE_EJE,NOMBRE_EJE,PROGRAMA,CLAVE_PROGRAMA,DG,ORIGEN DEL COMPROMISO,YEAR,FECHA ACTUALIZACION,USUARIO ACTUALIZACION,FECHA INAUGURACION,MOTIVO CANCELACION,ESTATUS,AVANCE REAL,RESPONSABLE_DG,TIPO,SUPERFICIE_M2,MATERIAL,OBSERVACIONES,SEGUIMIENTO,geom,URL DE GOOGLE MAPS,CALLE/DOMICILIO,ALCALDIA,COLONIA,clave_unica,id,estatus_registro,motivo_baja,observaciones_baja,fecha_baja,usuario_baja,creado_por,fecha_creacion
09DST0036O,ESCUELA SECUNDARIA TECNICA 36,,ESPACIO_PUBLICO,OBRAS QUE TRANSFORMAN EL ESPACIO PUBLICO Y CONTRIBUYEN AL DERECHO A LA CIUDAD,"1,2,3 POR MI ESCUELA RENOVAR PARA TRANSFORMAR","1,2,3_ESCUELAS",DGCOP,AUTORIDAD EDUCATIVA,2025,2026-06-10 18:08:23.687,actualizacion_dgcop,,,EN PROCESO,78.0,LUIS PEREZ,SECUNDARIA,,,,DGCOP,0101000020E61000005BEECC04C3C658C02D077AA86D6B3340,https://maps.app.goo.gl/qKM2QPzaPpD3gCwu9,6 DE GENARGO GARCIA,VENUSTIANO CARRANZA,JARDIN BALBUENA I,PLATSOBSE_DGCOP_1_2_3_ESCUELAS_ESCUELA_SECUNDARIA_TECNICA_36_09DST0036O_09DST0036O,2868,ACTIVO,,,,,,
09DST0020N,ESCUELA SECUNDARIA TECNICA 20,,ESPACIO_PUBLICO,OBRAS QUE TRANSFORMAN EL ESPACIO PUBLICO Y CONTRIBUYEN AL DERECHO A LA CIUDAD,"1,2,3 POR MI ESCUELA RENOVAR PARA TRANSFORMAR","1,2,3_ESCUELAS",DGCOP,CASA POR CASA,2025,2026-06-10 18:10:44.682,actualizacion_dgcop,,,EN PROCESO,71.0,LUIS PEREZ,SECUNDARIA,,,,DGCOP,0101000020E6100000D13E56F0DBC358C0452DCDAD106A3340,https://maps.app.goo.gl/Afx2gDjbGaRrVPpH8,CALLE 5,IZTACALCO,PANTITLAN II,PLATSOBSE_DGCOP_1_2_3_ESCUELAS_ESCUELA_SECUNDARIA_TECNICA_20_09DST0020N_09DST0020N,2863,ACTIVO,,,,,,
1,ESTACION CALLE 6- LINEA 4,,MOVILIDAD,OBRAS QUE TRANSFORMAN LA MOVILIDAD SUSTENTABLE,METROBUS,METROBUS,DGCOP,OBRAS EN GENERAL,2024,,,,,TERMINADO,100.0,LUIS PEREZ,ESTACION METROBUS,,,,DGCOP,0101000020E610000052635105BAC358C0CD3247B1AE6B3340,"https://www.google.com/maps/place/R%C3%ADo+Churubusco+%26+Calle+6/@19.4206175,-99.0580509,538m/data=!3m1!1e3!4m6!3m5!1s0x85d1fc621407e13d:0x305ed177a3b4d040!8m2!3d19.42066!4d-99.05815!16s%2Fg%2F11vs_ckqpl!5m1!1e2?authuser=0&entry=ttu&g_ep=EgoyMDI2MDYwMy4xIKXMDSoASAFQAw%3D%3D",AV. CHIMALHUACAN,IZTACALCO,PANTITLAN II,PLATSOBSE_DGCOP_SIN_PROG_ESTACION_METROBUS_1,3937,ACTIVO,,,,,,
09DJN0139I,KANTUNIL,,ESPACIO_PUBLICO,OBRAS QUE TRANSFORMAN EL ESPACIO PUBLICO Y CONTRIBUYEN AL DERECHO A LA CIUDAD,"1,2,3 POR MI ESCUELA RENOVAR PARA TRANSFORMAR","1,2,3_ESCUELAS",DGCOP,CASA POR CASA,2025,2026-06-10 17:31:31.818,actualizacion_dgcop,,,EN PROCESO,92.0,LUIS PEREZ,PREESCOLAR,,,,DGCOP,0101000020E610000074EB353D28CF58C092770E65A8463340,https://maps.app.goo.gl/Tb2aPso2KunpL2n37,AV MANI 204,TLALPAN,PEDREGAL DE SN NICOLAS 4A SECC I,PLATSOBSE_DGCOP_1_2_3_ESCUELAS_KANTUNIL_09DJN0139I_09DJN0139I,2864,ACTIVO,,,,,,
09DPR2025K,ENRIQUE C. REBSAMEN,,ESPACIO_PUBLICO,OBRAS QUE TRANSFORMAN EL ESPACIO PUBLICO Y CONTRIBUYEN AL DERECHO A LA CIUDAD,"1,2,3 POR MI ESCUELA RENOVAR PARA TRANSFORMAR","1,2,3_ESCUELAS",DGCOP,CASA POR CASA,2025,2026-06-03 18:58:23.313,actualizacion_dgcop,,,TERMINADO,100.0,LUIS PEREZ,PRIMARIA,,,,DGCOP,0101000020E6100000EBE2361AC0C058C07C7BD7A02F413340,https://maps.app.goo.gl/onkRFjwYHbtRC9ry9,IGNACIO ZARAGOZA,XOCHIMILCO,SANTIAGO TULYEHUALCO (PBLO),PLATSOBSE_DGCOP_1_2_3_ESCUELAS_ENRIQUE_C_REBSAMEN_09DPR2025K_09DPR2025K,2859,ACTIVO,,,,,,
09DPR2495B,PROFRA. ELMIRA ROCHA GARCIA,,ESPACIO_PUBLICO,OBRAS QUE TRANSFORMAN EL ESPACIO PUBLICO Y CONTRIBUYEN AL DERECHO A LA CIUDAD,"1,2,3 POR MI ESCUELA RENOVAR PARA TRANSFORMAR","1,2,3_ESCUELAS",DGCOP,CASA POR CASA,2025,2026-06-10 17:52:12.449,actualizacion_dgcop,,,EN PROCESO,88.1,LUIS PEREZ,PRIMARIA,,,,DGCOP,0101000020E6100000F7065F984CCD58C04B598638D6813340,https://maps.app.goo.gl/FnJ2JPPzV1ZiDkth9,OSA MAYOR,AZCAPOTZALCO,EL ROSARIO C (U HAB),PLATSOBSE_DGCOP_1_2_3_ESCUELAS_PROFRA_ELMIRA_ROCHA_GARCIA_09DPR2495B_09DPR2495B,2818,ACTIVO,,,,,,
09DJN1222O,CUICACALLI,,ESPACIO_PUBLICO,OBRAS QUE TRANSFORMAN EL ESPACIO PUBLICO Y CONTRIBUYEN AL DERECHO A LA CIUDAD,"1,2,3 POR MI ESCUELA RENOVAR PARA TRANSFORMAR","1,2,3_ESCUELAS",DGCOP,CASA POR CASA,2025,2026-06-10 18:10:55.532,actualizacion_dgcop,,,EN PROCESO,68.11,LUIS PEREZ,PREESCOLAR,,,,DGCOP,0101000020E61000004260E5D022C458C0D61BB5C2F4413340,https://maps.app.goo.gl/oSCviPMbXJYAn42n8,EMILIANO ZAPATA,XOCHIMILCO,SAN GREGORIO ATLAPULCO (PBLO),PLATSOBSE_DGCOP_1_2_3_ESCUELAS_CUICACALLI_09DJN1222O_09DJN1222O,2852,ACTIVO,,,,,,
09DES0338R,ESCUELA SECUNDARIA DIURNA JUAN ALVAREZ,,ESPACIO_PUBLICO,OBRAS QUE TRANSFORMAN EL ESPACIO PUBLICO Y CONTRIBUYEN AL DERECHO A LA CIUDAD,"1,2,3 POR MI ESCUELA RENOVAR PARA TRANSFORMAR","1,2,3_ESCUELAS",DGCOP,CASA POR CASA,2025,2026-06-10 18:19:30.975,actualizacion_dgcop,,,EN PROCESO,70.06,LUIS PEREZ,SECUNDARIA,,,,DGCOP,0101000020E6100000C43E011423C458C025B37A87DB413340,https://maps.app.goo.gl/sg8XDezu4Q6GRnjZ8,GUSTAVO DIAZ ORDAZ,XOCHIMILCO,SAN GREGORIO ATLAPULCO (PBLO),PLATSOBSE_DGCOP_1_2_3_ESCUELAS_ESCUELA_SECUNDARIA_DIURNA_JUAN_ALVAREZ_09DES0338R_09DES0338R,2862,ACTIVO,,,,,,
09DJN1090N,ENRIQUE DUNANT,,ESPACIO_PUBLICO,OBRAS QUE TRANSFORMAN EL ESPACIO PUBLICO Y CONTRIBUYEN AL DERECHO A LA CIUDAD,"1,2,3 POR MI ESCUELA RENOVAR PARA TRANSFORMAR","1,2,3_ESCUELAS",DGCOP,CASA POR CASA,2025,2026-06-10 18:24:28.368,actualizacion_dgcop,,,EN PROCESO,49.48,LUIS PEREZ,PREESCOLAR,,,,DGCOP,0101000020E6100000C7293A92CBC958C092B245D26E8C3340,https://maps.app.goo.gl/aAraTagHf54Hiqen7,GUADALUPE,GUSTAVO A. MADERO,CHALMA DE GUADALUPE II,PLATSOBSE_DGCOP_1_2_3_ESCUELAS_ENRIQUE_DUNANT_09DJN1090N_09DJN1090N,2861,ACTIVO,,,,,,
198,198 CALZ. VALLEJO,13.0,GRANDES_OBRAS,GRANDES OBRAS QUE TRANSFORMAN LA CAPITAL,EL BALON VUELVE AL BARRIO,BALON_BARRIO,DGCOP,OBRAS DEL MUNDIAL,2026,,,,,TERMINADO,100.0,LUIS PEREZ,FUTBOL RAPIDO,1200.0,CONCRETO,,DGPEST,0101000020E6100000CD58349D9DCA58C0C3B645990D863340,https://maps.app.goo.gl/yJRZsDvD9xhudWhPA,"ATHLETIC FIELD, SANTA ROSA, 07630 CIUDAD DE MÉXICO, CDMX",GUSTAVO A. MADERO,SAN JOSE DE LA ESCALERA,PLATSOBSE_DGCOP_BALON_BARRIO_198_CALZ_VALLEJO_198,2472,ACTIVO,,,,,,
259,259 AV LEON DE LOS ALMADA Y OTUMBA,13.0,GRANDES_OBRAS,GRANDES OBRAS QUE TRANSFORMAN LA CAPITAL,EL BALON VUELVE AL BARRIO,BALON_BARRIO,DGOT,OBRAS DEL MUNDIAL,2026,,,,,TERMINADO,100.0,LUIS PEREZ,FUTBOL RAPIDO,1200.0,CONCRETO,,DGPEST,0101000020E6100000BF654E97C5C458C0AA436E861B803340,https://maps.app.goo.gl/YJQ5gC88PUUJtTmU8,AV. LEÓN DE LOS ALDAMA Y OTUMBA,GUSTAVO A. MADERO,SAN FELIPE DE JESUS,PLATSOBSE_DGOT_BALON_BARRIO_259_AV_LEON_DE_LOS_ALMADA_Y_OTUMBA_259,2474,ACTIVO,,,,,,
16,PLUTARCO ELIAS CALLLES,,ECONOMIA,OBRAS QUE TRANSFORMAN LA ECONOMIA LOCAL Y FOMENTAN EL EMPLEO,MANTENIMIENTO A MERCADOS PUBLICOS (CAPTACION DE AGUA DE LLUVIA EN MERCADOS),CAP_LLUVIA_MERC,DGCOP,GABINETE,2025,,,,,TERMINADO,100.0,LUIS PEREZ,MERCADO,,,,DGCOP,0101000020E6100000EC4FE27327CC58C08FC360FE0A693340,https://maps.app.goo.gl/Q63ifvNfcnpg5EE79,GOBERNADOR JOSE CEBALLOS,MIGUEL HIDALGO,SAN MIGUEL CHAPULTEPEC I,PLATSOBSE_DGCOP_CAP_LLUVIA_MERC_PLUTARCO_ELIAS_CALLLES_16,3119,ACTIVO,,,,,,
123,123 EL COLISEO,13.0,GRANDES_OBRAS,GRANDES OBRAS QUE TRANSFORMAN LA CAPITAL,EL BALON VUELVE AL BARRIO,BALON_BARRIO,DGSUS,OBRAS DEL MUNDIAL,2026,2026-05-13 19:02:30.015,actualizacion_dgpest,2026-03-31,,INAUGURADA,100.0,LUIS PEREZ,FUTBOL 7,1750.0,PASTO SINTETICO,,DGPEST,0101000020E6100000C971A774B0C058C0D2E0B6B6F0603340,https://maps.app.goo.gl/TTBSAHriCB9E6PzF7,"AV. TEXCOCO MZ 192-LT 1, ZONA URBANA EJIDAL SANTA MARTHA ACATITLA NTE., IZTAPALAPA, 09140 CIUDAD DE MÉXICO, CDMX",IZTAPALAPA,SANTA MARTHA ACATITLA NORTE,PLATSOBSE_DGSUS_BALON_BARRIO_123_EL_COLISEO_123,2480,ACTIVO,,,,,,
09DST0083Z,ESCUELA SECUNDARIA TECNICA 83,,ESPACIO_PUBLICO,OBRAS QUE TRANSFORMAN EL ESPACIO PUBLICO Y CONTRIBUYEN AL DERECHO A LA CIUDAD,"1,2,3 POR MI ESCUELA RENOVAR PARA TRANSFORMAR","1,2,3_ESCUELAS",DGCOP,CASA POR CASA,2025,2026-06-03 18:32:04.911,actualizacion_dgcop,,,TERMINADO,100.0,LUIS PEREZ,SECUNDARIA,,,,DGCOP,0101000020E61000001A36CAFACDC358C08CBAD6DEA7663340,https://maps.app.goo.gl/LUiM7XikbKfsk2Sv5,AV PUEBLA,IZTACALCO,PANTITLAN V,PLATSOBSE_DGCOP_1_2_3_ESCUELAS_ESCUELA_SECUNDARIA_TECNICA_83_09DST0083Z_09DST0083Z,2876,ACTIVO,,,,,,
09DST0040A,ESCUELA SECUNDARIA TECNICA 40,,ESPACIO_PUBLICO,OBRAS QUE TRANSFORMAN EL ESPACIO PUBLICO Y CONTRIBUYEN AL DERECHO A LA CIUDAD,"1,2,3 POR MI ESCUELA RENOVAR PARA TRANSFORMAR","1,2,3_ESCUELAS",DGCOP,AUTORIDAD EDUCATIVA FEDERAL,2025,2026-06-10 18:05:15.343,actualizacion_dgcop,,,EN PROCESO,90.0,LUIS PEREZ,SECUNDARIA,,,,DGCOP,0101000020E610000024D40CA9A2C758C08EC9E2FE234B3340,https://maps.app.goo.gl/w1LJJ8DesXbxBENU8,AV. DEL ARBOLILLO,TLALPAN,NARCISO MENDOZA VILLA COAPA SUPERMANZANA 8 (U HAB),PLATSOBSE_DGCOP_1_2_3_ESCUELAS_ESCUELA_SECUNDARIA_TECNICA_40_09DST0040A_09DST0040A,2870,ACTIVO,,,,,,
8,8 PARQUE PLAYA CUYUTLAN,13.0,GRANDES_OBRAS,GRANDES OBRAS QUE TRANSFORMAN LA CAPITAL,EL BALON VUELVE AL BARRIO,BALON_BARRIO,DGOIV,OBRAS DEL MUNDIAL,2026,,,,,TERMINADO,100.0,LUIS PEREZ,FUTBOL RAPIDO,1200.0,CONCRETO,,DGPEST,0101000020E6100000FC523F6F2AC858C0315EF3AACE623340,https://maps.app.goo.gl/gR2D9GVzZN3hCqyo8,"Playa Erizo 112, Santiago Sur, Iztacalco, 08800 Ciudad de México, CDMX",IZTACALCO,SANTIAGO SUR,PLATSOBSE_DGOIV_BALON_BARRIO_8_PARQUE_PLAYA_CUYUTLAN_8,2482,ACTIVO,,,,,,
180,180 EJE 3 OTE / E. MOLINA,13.0,GRANDES_OBRAS,GRANDES OBRAS QUE TRANSFORMAN LA CAPITAL,EL BALON VUELVE AL BARRIO,BALON_BARRIO,DGCOP,OBRAS DEL MUNDIAL,2026,2026-05-13 19:19:28.426,actualizacion_dgpest,2026-04-01,,INAUGURADA,100.0,LUIS PEREZ,FUTBOL RAPIDO,1200.0,CONCRETO,,DGPEST,0101000020E6100000C30DF8FC30C658C0983270404B7B3340,https://maps.app.goo.gl/ijyEufdAK78nksY1A,EDUARDO MOLINA ENTRE GABINO Y ANCHA,GUSTAVO A. MADERO,DM NACIONAL/NUEVA ATZACOALCO,PLATSOBSE_DGCOP_BALON_BARRIO_180_EJE_3_OTE_E_MOLINA_180,2481,ACTIVO,,,,,,
7,CONTADERO,,ECONOMIA,OBRAS QUE TRANSFORMAN LA ECONOMIA LOCAL Y FOMENTAN EL EMPLEO,MANTENIMIENTO A MERCADOS PUBLICOS (CAPTACION DE AGUA DE LLUVIA EN MERCADOS),CAP_LLUVIA_MERC,DGCOP,GABINETE,2025,,,,,TERMINADO,100.0,LUIS PEREZ,MERCADO,,,,DGCOP,0101000020E6100000DA38622D3ED358C0663046240A593340,https://maps.app.goo.gl/RxEevXxMwjSZWnLx6,PROL. 16 DE SEPTIEMBRE,CUAJIMALPA DE MORELOS,EL CONTADERO,PLATSOBSE_DGCOP_CAP_LLUVIA_MERC_CONTADERO_7,3127,ACTIVO,,,,,,
9,NARCISO BASSOLS,,ECONOMIA,OBRAS QUE TRANSFORMAN LA ECONOMIA LOCAL Y FOMENTAN EL EMPLEO,MANTENIMIENTO A MERCADOS PUBLICOS (CAPTACION DE AGUA DE LLUVIA EN MERCADOS),CAP_LLUVIA_MERC,DGCOP,GABINETE,2025,,,,,TERMINADO,100.0,LUIS PEREZ,MERCADO,,,,DGCOP,0101000020E610000058CB9D9960C358C0D175E107E7733340,https://maps.app.goo.gl/1GE6JwLTURB15bX46,AVENIDA 699,GUSTAVO A. MADERO,C T M ARAGON (U),PLATSOBSE_DGCOP_CAP_LLUVIA_MERC_NARCISO_BASSOLS_9,3129,ACTIVO,,,,,,
2,2 CANCHA 2 LAGO ARTIFICIAL,13.0,GRANDES_OBRAS,GRANDES OBRAS QUE TRANSFORMAN LA CAPITAL,EL BALON VUELVE AL BARRIO,BALON_BARRIO,DGOIV,OBRAS DEL MUNDIAL,2026,,,,,INAUGURADA,100.0,LUIS PEREZ,FUTBOL 11,4050.0,PASTO SINTETICO,,DGPEST,0101000020E610000099D36531B1C558C006D50627A2673340,https://maps.app.goo.gl/nuEvzRGotbXWEwf66,"PIT LN, GRANJAS MÉXICO, IZTACALCO, 08400 CIUDAD DE MÉXICO, CDMX",IZTACALCO,GRANJAS MEXICO,PLATSOBSE_DGOIV_BALON_BARRIO_2_CANCHA_2_LAGO_ARTIFICIAL_2,2475,ACTIVO,,,,,,
3,3 CANCHA 3 LAGO ARTIFICIAL,13.0,GRANDES_OBRAS,GRANDES OBRAS QUE TRANSFORMAN LA CAPITAL,EL BALON VUELVE AL BARRIO,BALON_BARRIO,DGOIV,OBRAS DEL MUNDIAL,2026,,,,,INAUGURADA,100.0,LUIS PEREZ,FUTBOL 11,4050.0,PASTO SINTETICO,,DGPEST,0101000020E61000000F9C33A2B4C558C04A9BAA7B64673340,https://maps.app.goo.gl/xpzwH9yn5cn7AXXa8,"PIT LN, GRANJAS MÉXICO, IZTACALCO, 08400 CIUDAD DE MÉXICO, CDMX",IZTACALCO,GRANJAS MEXICO,PLATSOBSE_DGOIV_BALON_BARRIO_3_CANCHA_3_LAGO_ARTIFICIAL_3,2476,ACTIVO,,,,,,
4,4 CANCHA 4 LAGO ARTIFICIAL,13.0,GRANDES_OBRAS,GRANDES OBRAS QUE TRANSFORMAN LA CAPITAL,EL BALON VUELVE AL BARRIO,BALON_BARRIO,DGOIV,OBRAS DEL MUNDIAL,2026,,,,,INAUGURADA,100.0,LUIS PEREZ,FUTBOL 11,4050.0,PASTO SINTETICO,,DGPEST,0101000020E6100000C80C54C6BFC558C06AA164726A673340,https://maps.app.goo.gl/SLhY92gYgNXbHfBL7,"PIT LN, GRANJAS MÉXICO, IZTACALCO, 08400 CIUDAD DE MÉXICO, CDMX",IZTACALCO,GRANJAS MEXICO,PLATSOBSE_DGOIV_BALON_BARRIO_4_CANCHA_4_LAGO_ARTIFICIAL_4,2477,ACTIVO,,,,,,
20,20 CANCHA AVENIDA JARDIN,13.0,GRANDES_OBRAS,GRANDES OBRAS QUE TRANSFORMAN LA CAPITAL,EL BALON VUELVE AL BARRIO,BALON_BARRIO,DGOIV,OBRAS DEL MUNDIAL,2026,2026-05-13 19:23:11.401,actualizacion_dgpest,2026-04-10,,INAUGURADA,100.0,LUIS PEREZ,FUTBOL RAPIDO,1200.0,PASTO SINTETICO,,DGPEST,0101000020E610000025581CCEFCCC58C0664D2CF015653340,https://maps.app.goo.gl/wkTBzsarVGz1dYxg8,"Minas Zoyopan M 4 L 11, Real del Monte, Álvaro Obregón, 01130 Ciudad de México, CDMX",ÁLVARO OBREGÓN,REAL DEL MONTE / PINO SUAREZ,PLATSOBSE_DGOIV_BALON_BARRIO_20_CANCHA_AVENIDA_JARDIN_20,2465,ACTIVO,,,,,,
135,135 CALPULLI,13.0,GRANDES_OBRAS,GRANDES OBRAS QUE TRANSFORMAN LA CAPITAL,EL BALON VUELVE AL BARRIO,BALON_BARRIO,DGSUS,OBRAS DEL MUNDIAL,2026,2026-05-20 17:43:08.492,actualizacion_dgpest,,,TERMINADO,100.0,LUIS PEREZ,MULTICANCHA,600.0,CONCRETO,,DGPEST,0101000020E6100000B75D68AED3CC58C04D68925852823340,https://maps.app.goo.gl/LnsbWmsntGTVHpKp8,"C. ALBAÑILES, EL ROSARIO, AZCAPOTZALCO, 02100 CIUDAD DE MÉXICO, CDMX",AZCAPOTZALCO,EL ROSARIO,PLATSOBSE_DGSUS_BALON_BARRIO_135_CALPULLI_135,2470,ACTIVO,,,,,,
118,118 CANCHA APATLACO,13.0,GRANDES_OBRAS,GRANDES OBRAS QUE TRANSFORMAN LA CAPITAL,EL BALON VUELVE AL BARRIO,BALON_BARRIO,DGSUS,OBRAS DEL MUNDIAL,2026,2026-05-20 17:39:23.699,actualizacion_dgpest,,,TERMINADO,100.0,LUIS PEREZ,FUTBOL RAPIDO,1200.0,CONCRETO,,DGPEST,0101000020E61000009B030473F4C658C067B5C01E13613340,https://maps.app.goo.gl/D985AMqT7x9hhzxm8,"PURÍSIMA ATLAZOLPA, IZTAPALAPA, 09429 CIUDAD DE MÉXICO, CDMX",IZTAPALAPA,PURISIMA ATLAZOLPA,PLATSOBSE_DGSUS_BALON_BARRIO_118_CANCHA_APATLACO_118,2469,ACTIVO,,,,,,
101,101 ANTIGUO PARQUE GIRASOL,13.0,GRANDES_OBRAS,GRANDES OBRAS QUE TRANSFORMAN LA CAPITAL,EL BALON VUELVE AL BARRIO,BALON_BARRIO,DGSUS,OBRAS DEL MUNDIAL,2026,2026-05-22 23:06:40.568,actualizacion_dgpest,2026-05-03,,INAUGURADA,100.0,LUIS PEREZ,FUTBOL 11,4050.0,TIERRA,,DGPEST,0101000020E610000017F19D98F5C658C03716140665623340,https://maps.app.goo.gl/3jitPvYn7GBsr98cA,AV. GIRASOL Y CORTEZA ENTRE VEREDAS,IZTACALCO,INFONAVIT IZTACALCO,PLATSOBSE_DGSUS_BALON_BARRIO_101_ANTIGUO_PARQUE_GIRASOL_101,2468,ACTIVO,,,,,,
10,10 CANCHA CALLE DALIA,13.0,GRANDES_OBRAS,GRANDES OBRAS QUE TRANSFORMAN LA CAPITAL,EL BALON VUELVE AL BARRIO,BALON_BARRIO,DGOIV,OBRAS DEL MUNDIAL,2026,,,,,TERMINADO,100.0,LUIS PEREZ,FUTBOL RAPIDO,1200.0,CONCRETO,,DGPEST,0101000020E61000009D685721E5BF58C0FD6B79E57A3F3340,https://maps.app.goo.gl/AtUGUNAoQwjyAMjN9,"Zinnia 10, Francisco, Tláhuac, 13500 Ciudad de México, CDMX",TLÁHUAC,SAN FRANCISCO TLAHUAC,PLATSOBSE_DGOIV_BALON_BARRIO_10_CANCHA_CALLE_DALIA_10,2483,ACTIVO,,,,,,
09DES0181H,PUERTO DE ALVARADO,,ESPACIO_PUBLICO,OBRAS QUE TRANSFORMAN EL ESPACIO PUBLICO Y CONTRIBUYEN AL DERECHO A LA CIUDAD,"1,2,3 POR MI ESCUELA RENOVAR PARA TRANSFORMAR","1,2,3_ESCUELAS",DGCOP,CASA POR CASA,2025,2026-05-20 17:00:25.441,actualizacion_dgcop,,,TERMINADO,100.0,LUIS PEREZ,SECUNDARIA,,,,DGCOP,0101000020E610000078B5DC9909CF58C055849B8C2A473340,https://maps.app.goo.gl/H7JewWrwSW1d9e8F7,TIXMEHUAC,TLALPAN,PEDREGAL DE SN NICOLAS 4A SECC II,PLATSOBSE_DGCOP_1_2_3_ESCUELAS_PUERTO_DE_ALVARADO_09DES0181H_09DES0181H,2883,ACTIVO,,,,,,
09DES0186C,RAFAEL MOLINA BETANCOURT,,ESPACIO_PUBLICO,OBRAS QUE TRANSFORMAN EL ESPACIO PUBLICO Y CONTRIBUYEN AL DERECHO A LA CIUDAD,"1,2,3 POR MI ESCUELA RENOVAR PARA TRANSFORMAR","1,2,3_ESCUELAS",DGCOP,CASA POR CASA,2025,2026-05-20 17:30:32.159,actualizacion_dgcop,,,TERMINADO,100.0,LUIS PEREZ,SECUNDARIA,,,,DGCOP,0101000020E61000002E7D5CD94DC758C08465AE0439623340,https://maps.app.goo.gl/7j4M6tZPko51G6XF7,JUAN DE DIOS NARVAEZ,IZTACALCO,CAMPAMENTO 2 DE OCTUBRE I,PLATSOBSE_DGCOP_1_2_3_ESCUELAS_RAFAEL_MOLINA_BETANCOURT_09DES0186C_09DES0186C,2884,ACTIVO,,,,,,
4,INDEPENDENCIA,,ECONOMIA,OBRAS QUE TRANSFORMAN LA ECONOMIA LOCAL Y FOMENTAN EL EMPLEO,MANTENIMIENTO A MERCADOS PUBLICOS (CAPTACION DE AGUA DE LLUVIA EN MERCADOS),CAP_LLUVIA_MERC,DGCOP,GABINETE,2025,,,,,TERMINADO,100.0,LUIS PEREZ,MERCADO,,,,DGCOP,0101000020E6100000085740A19EC958C05E9CF86A47613340,https://maps.app.goo.gl/A7eihm7PGf3Cq5uB8,ANGEL URRAZA,BENITO JUÁREZ,INDEPENDENCIA,PLATSOBSE_DGCOP_CAP_LLUVIA_MERC_INDEPENDENCIA_4,3124,ACTIVO,,,,,,
09DPR2454B,FRANCISCO GINER DE LOS RIOS,,ESPACIO_PUBLICO,OBRAS QUE TRANSFORMAN EL ESPACIO PUBLICO Y CONTRIBUYEN AL DERECHO A LA CIUDAD,"1,2,3 POR MI ESCUELA RENOVAR PARA TRANSFORMAR","1,2,3_ESCUELAS",DGCOP,CASA POR CASA,2025,2026-06-10 16:36:43.613,actualizacion_dgcop,,,EN PROCESO,95.0,LUIS PEREZ,PRIMARIA,,,,DGCOP,0101000020E6100000DFA5D425E3C858C0890B40A374693340,https://maps.app.goo.gl/xBgwfhwdX8P1Awk47,ISABEL LA CATOLICA,CUAUHTÉMOC,OBRERA IV,PLATSOBSE_DGCOP_1_2_3_ESCUELAS_FRANCISCO_GINER_DE_LOS_RIOS_09DPR2454B_09DPR2454B,2878,ACTIVO,,,,,,
09DPR2594B,PROFR. SALVADOR VARELA RESENDIZ,,ESPACIO_PUBLICO,OBRAS QUE TRANSFORMAN EL ESPACIO PUBLICO Y CONTRIBUYEN AL DERECHO A LA CIUDAD,"1,2,3 POR MI ESCUELA RENOVAR PARA TRANSFORMAR","1,2,3_ESCUELAS",DGCOP,CASA POR CASA,2025,2026-06-10 17:37:40.972,actualizacion_dgcop,,,EN PROCESO,91.0,LUIS PEREZ,PRIMARIA,,,,DGCOP,0101000020E6100000B1A6B228ECCC58C0698D412784823340,https://maps.app.goo.gl/ZSUPrgA7XUnNJLLV6,HIDROGENO,AZCAPOTZALCO,EL ROSARIO C (U HAB),PLATSOBSE_DGCOP_1_2_3_ESCUELAS_PROFR_SALVADOR_VARELA_RESENDIZ_09DPR2594B_09DPR2594B,2897,ACTIVO,,,,,,
09DML0056Z,CENTRO DE ATENCION MULTIPLE No. 86,,ESPACIO_PUBLICO,OBRAS QUE TRANSFORMAN EL ESPACIO PUBLICO Y CONTRIBUYEN AL DERECHO A LA CIUDAD,"1,2,3 POR MI ESCUELA RENOVAR PARA TRANSFORMAR","1,2,3_ESCUELAS",DGCOP,AUTORIDAD EDUCATIVA,2025,2026-06-10 18:11:07.530,actualizacion_dgcop,,,EN PROCESO,68.0,LUIS PEREZ,CAM,,,,DGCOP,0101000020E61000002AC423F1F2C658C077137CD3F46D3340,https://maps.app.goo.gl/i3nMLQazm4mB2iME7,MARTIN DEL CAMPO,VENUSTIANO CARRANZA,MOCTEZUMA 1A SECCION,PLATSOBSE_DGCOP_1_2_3_ESCUELAS_CENTRO_DE_ATENCION_MULTIPLE_NO_86_09DML0056Z_09DML0056Z,2931,ACTIVO,,,,,,
09DPR1020I,AUGUSTO CESAR SANDINO,,ESPACIO_PUBLICO,OBRAS QUE TRANSFORMAN EL ESPACIO PUBLICO Y CONTRIBUYEN AL DERECHO A LA CIUDAD,"1,2,3 POR MI ESCUELA RENOVAR PARA TRANSFORMAR","1,2,3_ESCUELAS",DGCOP,CASA POR CASA,2025,2026-06-03 18:29:44.024,actualizacion_dgcop,,,TERMINADO,100.0,LUIS PEREZ,PRIMARIA,,,,DGCOP,0101000020E610000039D0436D1BC458C02BDB87BCE56A3340,https://maps.app.goo.gl/NqrzMLb6kAmtoru46,CALLE 3,IZTACALCO,PANTITLAN I,PLATSOBSE_DGCOP_1_2_3_ESCUELAS_AUGUSTO_CESAR_SANDINO_09DPR1020I_09DPR1020I,2898,ACTIVO,,,,,,
53,53 DEPORTIVO BENITO JUAREZ,13.0,GRANDES_OBRAS,GRANDES OBRAS QUE TRANSFORMAN LA CAPITAL,EL BALON VUELVE AL BARRIO,BALON_BARRIO,DGOIV,OBRAS DEL MUNDIAL,2026,,,,,TERMINADO,100.0,LUIS PEREZ,MULTICANCHA,600.0,CONCRETO,,DGPEST,0101000020E610000082FFAD64C7CA58C0E0A0BDFA784C3340,https://maps.app.goo.gl/CFGQ4mD69mFZJKmL7,"ESQUINA VICENTE GUERRERO, LAS FUENTES, TORIELLO GUERRA, 14050 CIUDAD DE MÉXICO, CDMX",TLALPAN,AMPLIACION ISIDRO FABELA,PLATSOBSE_DGOIV_BALON_BARRIO_53_DEPORTIVO_BENITO_JUAREZ_53,2501,ACTIVO,,,,,,
09DJN0653X,COCOXOCHITL,,ESPACIO_PUBLICO,OBRAS QUE TRANSFORMAN EL ESPACIO PUBLICO Y CONTRIBUYEN AL DERECHO A LA CIUDAD,"1,2,3 POR MI ESCUELA RENOVAR PARA TRANSFORMAR","1,2,3_ESCUELAS",DGCOP,CASA POR CASA,2025,2026-06-03 18:39:48.092,actualizacion_dgcop,,,TERMINADO,100.0,LUIS PEREZ,PREESCOLAR,,,,DGCOP,0101000020E6100000B64AB0389CC358C093AB58FCA6403340,https://maps.app.goo.gl/nnsAvGExSYRu4w1p8,AV. CUAUHTEMOC,XOCHIMILCO,SAN GREGORIO ATLAPULCO (PBLO),PLATSOBSE_DGCOP_1_2_3_ESCUELAS_COCOXOCHITL_09DJN0653X_09DJN0653X,2903,ACTIVO,,,,,,
09DPR2059A,ESCUELA PRIMARIA INGENIERO MIGUEL BERNARD,,ESPACIO_PUBLICO,OBRAS QUE TRANSFORMAN EL ESPACIO PUBLICO Y CONTRIBUYEN AL DERECHO A LA CIUDAD,"1,2,3 POR MI ESCUELA RENOVAR PARA TRANSFORMAR","1,2,3_ESCUELAS",DGCOP,CASA POR CASA,2025,2026-06-03 18:39:59.135,actualizacion_dgcop,,,TERMINADO,100.0,LUIS PEREZ,PRIMARIA,,,,DGCOP,0101000020E6100000BFF4F6E7A2C358C06E6DE179A9403340,https://maps.app.goo.gl/wq79Wj6DNdQS6e7q8,MIGUEL HIDALGO,XOCHIMILCO,SAN GREGORIO ATLAPULCO (PBLO),PLATSOBSE_DGCOP_1_2_3_ESCUELAS_ESCUELA_PRIMARIA_INGENIERO_MIGUEL_BERNARD_09DPR2059A_09DPR2059A,2907,ACTIVO,,,,,,
42,42 A. AMACUZAC,13.0,GRANDES_OBRAS,GRANDES OBRAS QUE TRANSFORMAN LA CAPITAL,EL BALON VUELVE AL BARRIO,BALON_BARRIO,DGOIV,OBRAS DEL MUNDIAL,2026,,,,,INAUGURADA,100.0,LUIS PEREZ,FUTBOL RAPIDO,1200.0,CONCRETO,,DGPEST,0101000020E610000040DEAB5626C858C09E98F562285F3340,"https://maps.app.goo.gl/JMg39MHGMayR4WVNA
","Av. Amacuzac 832, El Retoño, Iztapalapa, 09440 Ciudad de México, CDMX",IZTAPALAPA,EL RETOÑO,PLATSOBSE_DGOIV_BALON_BARRIO_42_A_AMACUZAC_42,2496,ACTIVO,,,,,,
09DJN0569Z,PILTZILLI,,ESPACIO_PUBLICO,OBRAS QUE TRANSFORMAN EL ESPACIO PUBLICO Y CONTRIBUYEN AL DERECHO A LA CIUDAD,"1,2,3 POR MI ESCUELA RENOVAR PARA TRANSFORMAR","1,2,3_ESCUELAS",DGCOP,CASA POR CASA,2025,2026-06-03 18:42:33.506,actualizacion_dgcop,,,TERMINADO,100.0,LUIS PEREZ,PREESCOLAR,,,,DGCOP,0101000020E61000001F2E39EE94CB58C075CAA31B617D3340,https://maps.app.goo.gl/YpvuBbnDaeyUoZtTA,EJE 4 NTE,AZCAPOTZALCO,SAN ANDRES (BARR),PLATSOBSE_DGCOP_1_2_3_ESCUELAS_PILTZILLI_09DJN0569Z_09DJN0569Z,2891,ACTIVO,,,,,,
09DPR3082I,PROFR. VICTORIANO GONZALEZ GARZON,,ESPACIO_PUBLICO,OBRAS QUE TRANSFORMAN EL ESPACIO PUBLICO Y CONTRIBUYEN AL DERECHO A LA CIUDAD,"1,2,3 POR MI ESCUELA RENOVAR PARA TRANSFORMAR","1,2,3_ESCUELAS",DGCOP,CASA POR CASA,2025,2026-06-03 19:14:42.928,actualizacion_dgcop,,,TERMINADO,100.0,LUIS PEREZ,PRIMARIA,,,,DGCOP,0101000020E610000002D71533C2C358C09E60FF756E6E3340,https://maps.app.goo.gl/d6XGFvVtRdVzKm3u7,XICO,VENUSTIANO CARRANZA,EL ARENAL 4A SECCION,PLATSOBSE_DGCOP_1_2_3_ESCUELAS_PROFR_VICTORIANO_GONZALEZ_GARZON_09DPR3082I_09DPR3082I,2895,ACTIVO,,,,,,
09DJN1036T,ITZEL LUCERO,,ESPACIO_PUBLICO,OBRAS QUE TRANSFORMAN EL ESPACIO PUBLICO Y CONTRIBUYEN AL DERECHO A LA CIUDAD,"1,2,3 POR MI ESCUELA RENOVAR PARA TRANSFORMAR","1,2,3_ESCUELAS",DGCOP,CASA POR CASA,2025,2026-06-10 18:01:41.602,actualizacion_dgcop,,,EN PROCESO,82.03,LUIS PEREZ,PREESCOLAR,,,,DGCOP,0101000020E6100000EFE6A90EB9C358C010CEA78E556E3340,https://maps.app.goo.gl/Je1r8AvC4SkWnkhc7,XANES,VENUSTIANO CARRANZA,EL ARENAL 4A SECCION,PLATSOBSE_DGCOP_1_2_3_ESCUELAS_ITZEL_LUCERO_09DJN1036T_09DJN1036T,2932,ACTIVO,,,,,,
09DIX0002N,EJERCITO MEXICANO,,ESPACIO_PUBLICO,OBRAS QUE TRANSFORMAN EL ESPACIO PUBLICO Y CONTRIBUYEN AL DERECHO A LA CIUDAD,"1,2,3 POR MI ESCUELA RENOVAR PARA TRANSFORMAR","1,2,3_ESCUELAS",DGCOP,AUTORIDAD EDUCATIVA,2025,2026-06-10 18:07:35.605,actualizacion_dgcop,,,EN PROCESO,80.0,LUIS PEREZ,PRIMARIA,,,,DGCOP,0101000020E6100000F50F221972CB58C07590D783497D3340,https://maps.app.goo.gl/pE7MhbxtoNpmNiAw5,CALZ. AZCAPOTZALCO - LA VILLA,AZCAPOTZALCO,SANTO TOMAS,PLATSOBSE_DGCOP_1_2_3_ESCUELAS_EJERCITO_MEXICANO_09DIX0002N_09DIX0002N,2909,ACTIVO,,,,,,
09DPR1685M,RAFAELA SUAREZ,,ESPACIO_PUBLICO,OBRAS QUE TRANSFORMAN EL ESPACIO PUBLICO Y CONTRIBUYEN AL DERECHO A LA CIUDAD,"1,2,3 POR MI ESCUELA RENOVAR PARA TRANSFORMAR","1,2,3_ESCUELAS",DGCOP,SIN PROCEDENCIA,2025,,,,,TERMINADO,100.0,LUIS PEREZ,PRIMARIA,,,,DGCOP,0101000020E6100000B40584D6C3CB58C03CA2427573753340,https://maps.app.goo.gl/KWrm8W364cm4YWQF9,MAR BAFFIN,MIGUEL HIDALGO,TACUBA,PLATSOBSE_DGCOP_1_2_3_ESCUELAS_RAFAELA_SUAREZ_09DPR1685M_09DPR1685M,2934,ACTIVO,,,,,,
09DES0260U,IZKALOTZIN,,ESPACIO_PUBLICO,OBRAS QUE TRANSFORMAN EL ESPACIO PUBLICO Y CONTRIBUYEN AL DERECHO A LA CIUDAD,"1,2,3 POR MI ESCUELA RENOVAR PARA TRANSFORMAR","1,2,3_ESCUELAS",DGCOP,CASA POR CASA,2025,2026-05-20 17:51:05.868,actualizacion_dgcop,,,TERMINADO,100.0,LUIS PEREZ,SECUNDARIA,,,,DGCOP,0101000020E6100000B9895A9A5BCC58C0CBA145B6F3713340,https://maps.app.goo.gl/uau6JYd8M3KfSU3K7,C. LAGO GINEBRA,MIGUEL HIDALGO,CUAUHTEMOC PENSIL,PLATSOBSE_DGCOP_1_2_3_ESCUELAS_IZKALOTZIN_09DES0260U_09DES0260U,2925,ACTIVO,,,,,,
09DES0019F,DOLORES ANGELA CASTILLO,,ESPACIO_PUBLICO,OBRAS QUE TRANSFORMAN EL ESPACIO PUBLICO Y CONTRIBUYEN AL DERECHO A LA CIUDAD,"1,2,3 POR MI ESCUELA RENOVAR PARA TRANSFORMAR","1,2,3_ESCUELAS",DGCOP,AUTORIDAD EDUCATIVA FEDERAL,2025,,,,,TERMINADO,100.0,LUIS PEREZ,SECUNDARIA,,,,DGCOP,0101000020E6100000D6389B8E00D358C0E0D74812845B3340,https://maps.app.goo.gl/o7bmjV9Er9bsk5cG6,CDA. DE JUAREZ,CUAJIMALPA DE MORELOS,SAN PEDRO CUAJIMALPA (PBLO),PLATSOBSE_DGCOP_1_2_3_ESCUELAS_DOLORES_ANGELA_CASTILLO_09DES0019F_09DES0019F,2951,ACTIVO,,,,,,
09DJN0005T,HERMANOS GRIMM,,ESPACIO_PUBLICO,OBRAS QUE TRANSFORMAN EL ESPACIO PUBLICO Y CONTRIBUYEN AL DERECHO A LA CIUDAD,"1,2,3 POR MI ESCUELA RENOVAR PARA TRANSFORMAR","1,2,3_ESCUELAS",DGCOP,CASA POR CASA,2025,,,,,TERMINADO,100.0,LUIS PEREZ,PREESCOLAR,,,,DGCOP,0101000020E61000001F69705B5BC658C0EBE3A1EF6E713340,https://maps.app.goo.gl/MqGx8vayHbYSXTdo8,C. MARRUECOS,VENUSTIANO CARRANZA,ROMERO RUBIO,PLATSOBSE_DGCOP_1_2_3_ESCUELAS_HERMANOS_GRIMM_09DJN0005T_09DJN0005T,2952,ACTIVO,,,,,,
09DPR3030C,GRAL. FRANCISCO VILLA,,ESPACIO_PUBLICO,OBRAS QUE TRANSFORMAN EL ESPACIO PUBLICO Y CONTRIBUYEN AL DERECHO A LA CIUDAD,"1,2,3 POR MI ESCUELA RENOVAR PARA TRANSFORMAR","1,2,3_ESCUELAS",DGCOP,CASA POR CASA,2025,2026-06-03 18:37:08.315,actualizacion_dgcop,,,TERMINADO,100.0,LUIS PEREZ,PRIMARIA,,,,DGCOP,0101000020E6100000DB368C82E0CC58C0CBF44BC45B833340,https://maps.app.goo.gl/SMJ9puZTa86ZZhNY6,AGRICULTORES,AZCAPOTZALCO,EL ROSARIO B (U HAB),PLATSOBSE_DGCOP_1_2_3_ESCUELAS_GRAL_FRANCISCO_VILLA_09DPR3030C_09DPR3030C,2915,ACTIVO,,,,,,
09DJN0400U,ITZCALLI,,ESPACIO_PUBLICO,OBRAS QUE TRANSFORMAN EL ESPACIO PUBLICO Y CONTRIBUYEN AL DERECHO A LA CIUDAD,"1,2,3 POR MI ESCUELA RENOVAR PARA TRANSFORMAR","1,2,3_ESCUELAS",DGCOP,CASA POR CASA,2025,2026-06-10 17:31:11.696,actualizacion_dgcop,,,EN PROCESO,92.6,JUAN HERNANDEZ,PREESCOLAR,,,,DGCOP,0101000020E61000002766BD18CACB58C0BFB5132521493340,https://maps.app.goo.gl/H4cfs89Tfp4jS3iC6,GUADALAJARA,TLALPAN,MIGUEL HIDALGO,PLATSOBSE_DGCOP_1_2_3_ESCUELAS_ITZCALLI_09DJN0400U_09DJN0400U,2923,ACTIVO,,,,,,
65,65 CANCHA PINO / ENCINO,13.0,GRANDES_OBRAS,GRANDES OBRAS QUE TRANSFORMAN LA CAPITAL,EL BALON VUELVE AL BARRIO,BALON_BARRIO,DGOIV,OBRAS DEL MUNDIAL,2026,2026-06-10 17:35:40.038,actualizacion_dgpest,,,TERMINADO,100.0,JUAN HERNANDEZ,FUTBOL 11,4050.0,TIERRA,,DGPEST,0101000020E6100000E23E726BD2C758C0BC92E4B9BE373340,https://maps.app.goo.gl/nGaSqctiH2VQ83pG6,"C. PINO 401, GUADALUPE, XOCHIMILCO, 16860 GUADALUPE, CDMX, MÉXICO",XOCHIMILCO,SAN MATEO XALPA / GUADALUPE,PLATSOBSE_DGOIV_BALON_BARRIO_65_CANCHA_PINO_ENCINO_65,2505,ACTIVO,,,,,,
09DPR3187C,MANUEL SABINO CRESPO,,ESPACIO_PUBLICO,OBRAS QUE TRANSFORMAN EL ESPACIO PUBLICO Y CONTRIBUYEN AL DERECHO A LA CIUDAD,"1,2,3 POR MI ESCUELA RENOVAR PARA TRANSFORMAR","1,2,3_ESCUELAS",DGCOP,CASA POR CASA,2025,2026-06-10 18:31:52.055,actualizacion_dgcop,,,EN PROCESO,36.46,JUAN HERNANDEZ,PRIMARIA,,,,DGCOP,0101000020E6100000DF1797AAB4C958C02F8672A25D8D3340,https://maps.app.goo.gl/mmjYRMa7CyqN33EBA,AGUASCALIENTES,GUSTAVO A. MADERO,CHALMA DE GUADALUPE II,PLATSOBSE_DGCOP_1_2_3_ESCUELAS_MANUEL_SABINO_CRESPO_09DPR3187C_09DPR3187C,2928,ACTIVO,,,,,,
09DJN0322G,ITLATIUH,,ESPACIO_PUBLICO,OBRAS QUE TRANSFORMAN EL ESPACIO PUBLICO Y CONTRIBUYEN AL DERECHO A LA CIUDAD,"1,2,3 POR MI ESCUELA RENOVAR PARA TRANSFORMAR","1,2,3_ESCUELAS",DGCOP,CASA POR CASA,2025,2026-06-10 18:51:54.389,actualizacion_dgcop,,,EN PROCESO,27.21,JUAN HERNANDEZ,PREESCOLAR,,,,DGCOP,0101000020E61000007F85CC9541CD58C0DFA815A6EF813340,https://maps.app.goo.gl/6kWJu1dZPZLVWGx37,3ER ANDADOR OSA MAYOR,AZCAPOTZALCO,EL ROSARIO C (U HAB),PLATSOBSE_DGCOP_1_2_3_ESCUELAS_ITLATIUH_09DJN0322G_09DJN0322G,2924,ACTIVO,,,,,,
86,86 DEPORTIVO NICOLAS BRAVO,13.0,GRANDES_OBRAS,GRANDES OBRAS QUE TRANSFORMAN LA CAPITAL,EL BALON VUELVE AL BARRIO,BALON_BARRIO,DGOIV,OBRAS DEL MUNDIAL,2026,,,,,TERMINADO,100.0,JUAN HERNANDEZ,FUTBOL 7,1750.0,PASTO SINTETICO,,DGPEST,0101000020E6100000B0389CF9D5C658C0558847E2E57D3340,https://maps.app.goo.gl/idcFqmEhicX2mBZv9,"Triunfo de la República, Gustavo A. Madero, 07069 Ciudad de México, CDMX",GUSTAVO A. MADERO,TRIUNFO DE LA REPUBLICA,PLATSOBSE_DGOIV_BALON_BARRIO_86_DEPORTIVO_NICOLAS_BRAVO_86,2512,ACTIVO,,,,,,
5,MIXCOAC,,ECONOMIA,OBRAS QUE TRANSFORMAN LA ECONOMIA LOCAL Y FOMENTAN EL EMPLEO,MANTENIMIENTO A MERCADOS PUBLICOS (CAPTACION DE AGUA DE LLUVIA EN MERCADOS),CAP_LLUVIA_MERC,DGCOP,GABINETE,2025,,,,,TERMINADO,100.0,JUAN HERNANDEZ,MERCADO,,,,DGCOP,0101000020E610000018B0E42A16CC58C074D0251C7A5F3340,https://maps.app.goo.gl/PBEin1LH5pCXiSKA9,AV. REVOLUCION,BENITO JUÁREZ,MIXCOAC,PLATSOBSE_DGCOP_CAP_LLUVIA_MERC_MIXCOAC_5,3125,ACTIVO,,,,,,
48,48 CONSTITUYENTES,13.0,GRANDES_OBRAS,GRANDES OBRAS QUE TRANSFORMAN LA CAPITAL,EL BALON VUELVE AL BARRIO,BALON_BARRIO,DGOIV,OBRAS DEL MUNDIAL,2026,,,,,TERMINADO,100.0,JUAN HERNANDEZ,FUTBOL RAPIDO,1200.0,PASTO SINTETICO,,DGPEST,0101000020E61000003BC269C18BCC58C0CDCCCCCCCC683340,https://maps.app.goo.gl/Sbd6bGRhrMGsDD536,"GOBERNADOR JOSÉCEBALLOS 41, DANIEL GARZA AL PONIENTE, MIGUEL HIDALGO, 11840 CIUDAD DE MÉXICO, CDMX",MIGUEL HIDALGO,DANIEL GARZA,PLATSOBSE_DGOIV_BALON_BARRIO_48_CONSTITUYENTES_48,2499,ACTIVO,,,,,,
09DPR0119L,JOSE RUBEN ROMERO,,ESPACIO_PUBLICO,OBRAS QUE TRANSFORMAN EL ESPACIO PUBLICO Y CONTRIBUYEN AL DERECHO A LA CIUDAD,"1,2,3 POR MI ESCUELA RENOVAR PARA TRANSFORMAR","1,2,3_ESCUELAS",DGCOP,CASA POR CASA,2025,2026-05-20 16:50:52.809,actualizacion_dgcop,,,TERMINADO,100.0,JUAN HERNANDEZ,PRIMARIA,,,,DGCOP,0101000020E61000005D8AABCABEC358C0177FDB13246A3340,https://maps.app.goo.gl/dw6Tpfh7VGaFvqWD8,CALLE 6,IZTACALCO,PANTITLAN II,PLATSOBSE_DGCOP_1_2_3_ESCUELAS_JOSE_RUBEN_ROMERO_09DPR0119L_09DPR0119L,2939,ACTIVO,,,,,,
09DPR2944Q?,ESCUELA PRIMARIA MARTIRES DE TACUBAYA,,ESPACIO_PUBLICO,OBRAS QUE TRANSFORMAN EL ESPACIO PUBLICO Y CONTRIBUYEN AL DERECHO A LA CIUDAD,"1,2,3 POR MI ESCUELA RENOVAR PARA TRANSFORMAR","1,2,3_ESCUELAS",DGCOP,AUTORIDAD EDUCATIVA,2025,,,,,INAUGURADA,100.0,JUAN HERNANDEZ,PRIMARIA,,,,DGCOP,0101000020E610000067D5E76A2BCC58C0E27327D87F693340,https://maps.app.goo.gl/dWA4LowK9W62rHY96,GOBERNADOR MELCHOR MUZQUIZ,MIGUEL HIDALGO,SAN MIGUEL CHAPULTEPEC I,PLATSOBSE_DGCOP_1_2_3_ESCUELAS_ESCUELA_PRIMARIA_MARTIRES_DE_TACUBAYA_09DPR2944Q_09DPR2944Q_,2958,ACTIVO,,,,,,
09DPR1080X,GRAL. JUAN DE LA LUZ ENRIQUEZ,,ESPACIO_PUBLICO,OBRAS QUE TRANSFORMAN EL ESPACIO PUBLICO Y CONTRIBUYEN AL DERECHO A LA CIUDAD,"1,2,3 POR MI ESCUELA RENOVAR PARA TRANSFORMAR","1,2,3_ESCUELAS",DGCOP,CASA POR CASA,2025,,,,,INAUGURADA,100.0,JUAN HERNANDEZ,PRIMARIA,,,,DGCOP,0101000020E61000002D6002B7EEC358C0EB73B515FB673340,https://maps.app.goo.gl/Kzf54ZRttxjeoujT8,CALLE 5,IZTACALCO,PANTITLAN V,PLATSOBSE_DGCOP_1_2_3_ESCUELAS_GRAL_JUAN_DE_LA_LUZ_ENRIQUEZ_09DPR1080X_09DPR1080X,2959,ACTIVO,,,,,,
09DES0175X,PONCIANO ARRIAGA,,ESPACIO_PUBLICO,OBRAS QUE TRANSFORMAN EL ESPACIO PUBLICO Y CONTRIBUYEN AL DERECHO A LA CIUDAD,"1,2,3 POR MI ESCUELA RENOVAR PARA TRANSFORMAR","1,2,3_ESCUELAS",DGCOP,CASA POR CASA,2025,,,,,INAUGURADA,100.0,JUAN HERNANDEZ,SECUNDARIA,,,,DGCOP,0101000020E610000014799274CDC958C01F2FA4C3438C3340,https://maps.app.goo.gl/DmoAzENTSnVHEnDWA,MICHOACAN,GUSTAVO A. MADERO,CHALMA DE GUADALUPE II,PLATSOBSE_DGCOP_1_2_3_ESCUELAS_PONCIANO_ARRIAGA_09DES0175X_09DES0175X,2960,ACTIVO,,,,,,
09DPR2645S,JOSE LOPEZ PORTILLO Y ROJAS,,ESPACIO_PUBLICO,OBRAS QUE TRANSFORMAN EL ESPACIO PUBLICO Y CONTRIBUYEN AL DERECHO A LA CIUDAD,"1,2,3 POR MI ESCUELA RENOVAR PARA TRANSFORMAR","1,2,3_ESCUELAS",DGCOP,CASA POR CASA,2025,2026-06-10 18:04:19.090,actualizacion_dgcop,,,EN PROCESO,83.0,JUAN HERNANDEZ,PRIMARIA,,,,DGCOP,0101000020E6100000F84F3750E0C358C02157EA59106A3340,https://maps.app.goo.gl/98wT7Vck19okb4bb9,CDA. 5 DE MAYO,IZTACALCO,PANTITLAN II,PLATSOBSE_DGCOP_1_2_3_ESCUELAS_JOSE_LOPEZ_PORTILLO_Y_ROJAS_09DPR2645S_09DPR2645S,2940,ACTIVO,,,,,,
50,50 SAN BARTOLO XICOMULCO,13.0,GRANDES_OBRAS,GRANDES OBRAS QUE TRANSFORMAN LA CAPITAL,EL BALON VUELVE AL BARRIO,BALON_BARRIO,DGOIV,OBRAS DEL MUNDIAL,2026,,,,,TERMINADO,100.0,JUAN HERNANDEZ,FUTBOL 11,4050.0,PASTO SINTETICO,NO SE HAN INICIADO TRABAJOS,DGPEST,0101000020E6100000068195438BC458C083F6EAE3A1333340,https://maps.app.goo.gl/hiKEZMxjUsDFXpeB6,"Venustiano Carranza 46, San Bartolomé Xicomulco, Milpa Alta, 12250 San Bartolomé Xicomulco, CDMX",MILPA ALTA,SAN BARTOLO XICOMULCO,PLATSOBSE_DGOIV_BALON_BARRIO_50_SAN_BARTOLO_XICOMULCO_50,2500,ACTIVO,,,,,,
09DPR1580S,15 DE SEPTIEMBRE,,ESPACIO_PUBLICO,OBRAS QUE TRANSFORMAN EL ESPACIO PUBLICO Y CONTRIBUYEN AL DERECHO A LA CIUDAD,"1,2,3 POR MI ESCUELA RENOVAR PARA TRANSFORMAR","1,2,3_ESCUELAS",DGCOP,AUTORIDAD EDUCATIVA,2025,2026-06-10 18:06:01.868,actualizacion_dgcop,,,EN PROCESO,78.0,JUAN HERNANDEZ,PRIMARIA,,,,DGCOP,0101000020E610000037A8FDD64ECA58C09F758D9603793340,https://maps.app.goo.gl/5TKbH8zoTpnRJ1xZ7,"ESQ CON, AV. CUITLAHUAC, AVENIDA CEYLAN",AZCAPOTZALCO,COSMOPOLITA (AMPL),PLATSOBSE_DGCOP_1_2_3_ESCUELAS_15_DE_SEPTIEMBRE_09DPR1580S_09DPR1580S,2964,ACTIVO,,,,,,
43,43 PILARES SAN ANDRES TETEPILCO,13.0,GRANDES_OBRAS,GRANDES OBRAS QUE TRANSFORMAN LA CAPITAL,EL BALON VUELVE AL BARRIO,BALON_BARRIO,DGOIV,OBRAS DEL MUNDIAL,2026,2026-05-13 20:13:02.762,actualizacion_dgpest,2026-04-01,,INAUGURADA,100.0,JUAN HERNANDEZ,FUTBOL 11,4050.0,PASTO SINTETICO,,DGPEST,0101000020E6100000C39E76F86BC858C0DC9C4A06805E3340,https://maps.app.goo.gl/PNmu9VQNbbzyPfgA7,"Av. Andrés Molina Enríquez S/N, San Andrés Tetepilco, Iztapalapa, 09440 Ciudad de México, CDMX",IZTAPALAPA,SAN ANDRES TETEPILCO,PLATSOBSE_DGOIV_BALON_BARRIO_43_PILARES_SAN_ANDRES_TETEPILCO_43,2497,ACTIVO,,,,,,
09DPR2348S,FRAY MELCHOR DE TALAMANTES,,ESPACIO_PUBLICO,OBRAS QUE TRANSFORMAN EL ESPACIO PUBLICO Y CONTRIBUYEN AL DERECHO A LA CIUDAD,"1,2,3 POR MI ESCUELA RENOVAR PARA TRANSFORMAR","1,2,3_ESCUELAS",DGCOP,CASA POR CASA,2025,2026-06-03 18:40:26.593,actualizacion_dgcop,,,TERMINADO,100.0,JUAN HERNANDEZ,PRIMARIA,,,,DGCOP,0101000020E6100000B3D1393FC5C758C003D0285DFA6F3340,https://maps.app.goo.gl/T791CrXaKUZ6gLb2A,AV. FERROCARRIL,VENUSTIANO CARRANZA,MORELOS I,PLATSOBSE_DGCOP_1_2_3_ESCUELAS_FRAY_MELCHOR_DE_TALAMANTES_09DPR2348S_09DPR2348S,2956,ACTIVO,,,,,,
09DPR0937T,MTRO. LUIS CHAVEZ OROZCO,,ESPACIO_PUBLICO,OBRAS QUE TRANSFORMAN EL ESPACIO PUBLICO Y CONTRIBUYEN AL DERECHO A LA CIUDAD,"1,2,3 POR MI ESCUELA RENOVAR PARA TRANSFORMAR","1,2,3_ESCUELAS",DGCOP,CASA POR CASA,2025,2026-06-10 18:07:13.291,actualizacion_dgcop,,,EN PROCESO,77.98,JUAN HERNANDEZ,PRIMARIA,,,,DGCOP,0101000020E6100000047289230FC658C0430070ECD9633340,https://maps.app.goo.gl/Z8Zsg63gxdxNpm2a9,SUR 163,IZTACALCO,RAMOS MILLAN BRAMADERO I,PLATSOBSE_DGCOP_1_2_3_ESCUELAS_MTRO_LUIS_CHAVEZ_OROZCO_09DPR0937T_09DPR0937T,2943,ACTIVO,,,,,,
09DPR1360G,MANUEL GUTIERREZ NAJERA,,ESPACIO_PUBLICO,OBRAS QUE TRANSFORMAN EL ESPACIO PUBLICO Y CONTRIBUYEN AL DERECHO A LA CIUDAD,"1,2,3 POR MI ESCUELA RENOVAR PARA TRANSFORMAR","1,2,3_ESCUELAS",DGCOP,CASA POR CASA,2025,2026-06-10 17:54:46.531,actualizacion_dgcop,,,EN PROCESO,88.45,JUAN HERNANDEZ,PRIMARIA,,,,DGCOP,0101000020E61000002497FF907EC558C01BBD1AA034803340,https://maps.app.goo.gl/XQPtDR5KebPmaLgTA,CALLE 311,GUSTAVO A. MADERO,NUEVA ATZACOALCO II,PLATSOBSE_DGCOP_1_2_3_ESCUELAS_MANUEL_GUTIERREZ_NAJERA_09DPR1360G_09DPR1360G,2944,ACTIVO,,,,,,
09DPR2327F,MTRO. SALVADOR M. LIMA,,ESPACIO_PUBLICO,OBRAS QUE TRANSFORMAN EL ESPACIO PUBLICO Y CONTRIBUYEN AL DERECHO A LA CIUDAD,"1,2,3 POR MI ESCUELA RENOVAR PARA TRANSFORMAR","1,2,3_ESCUELAS",DGCOP,CASA POR CASA,2025,2026-06-10 18:02:42.376,actualizacion_dgcop,,,EN PROCESO,85.0,JUAN HERNANDEZ,PRIMARIA,,,,DGCOP,0101000020E610000046787B1002C858C0FE7C5BB054733340,https://maps.app.goo.gl/Tc4egPAy2k1fvLq58,JARCERIA,VENUSTIANO CARRANZA,MORELOS I,PLATSOBSE_DGCOP_1_2_3_ESCUELAS_MTRO_SALVADOR_M_LIMA_09DPR2327F_09DPR2327F,2946,ACTIVO,,,,,,
18,MIXQUIC,,ECONOMIA,OBRAS QUE TRANSFORMAN LA ECONOMIA LOCAL Y FOMENTAN EL EMPLEO,MANTENIMIENTO A MERCADOS PUBLICOS (CAPTACION DE AGUA DE LLUVIA EN MERCADOS),CAP_LLUVIA_MERC,DGCOP,GABINETE,2025,,,,,TERMINADO,100.0,JUAN HERNANDEZ,MERCADO,,,,DGCOP,0101000020E61000003048FAB48ABD58C079E57ADB4C393340,https://maps.app.goo.gl/qupZn7jGqBpqhVxD7,CANAL SECO,TLÁHUAC,SAN ANDRES MIXQUIC (PBLO),PLATSOBSE_DGCOP_CAP_LLUVIA_MERC_MIXQUIC_18,3131,ACTIVO,,,,,,
09DES0082H,ABRAHAM LINCOLN,,ESPACIO_PUBLICO,OBRAS QUE TRANSFORMAN EL ESPACIO PUBLICO Y CONTRIBUYEN AL DERECHO A LA CIUDAD,"1,2,3 POR MI ESCUELA RENOVAR PARA TRANSFORMAR","1,2,3_ESCUELAS",DGCOP,CASA POR CASA,2025,2026-05-20 17:43:48.379,actualizacion_dgcop,,,TERMINADO,100.0,JUAN HERNANDEZ,SECUNDARIA,,,,DGCOP,0101000020E6100000AC3B16DBA4C858C04F75C8CD706B3340,https://maps.app.goo.gl/AbroV17Q2h25MT85A,FERNANDO DE ALVA IXTLILXOCHITL,CUAUHTÉMOC,OBRERA I,PLATSOBSE_DGCOP_1_2_3_ESCUELAS_ABRAHAM_LINCOLN_09DES0082H_09DES0082H,2962,ACTIVO,,,,,,
09DES0281G,TLACOTALPAN,,ESPACIO_PUBLICO,OBRAS QUE TRANSFORMAN EL ESPACIO PUBLICO Y CONTRIBUYEN AL DERECHO A LA CIUDAD,"1,2,3 POR MI ESCUELA RENOVAR PARA TRANSFORMAR","1,2,3_ESCUELAS",DGCOP,AUTORIDAD EDUCATIVA,2025,2026-06-03 18:36:40.487,actualizacion_dgcop,,,TERMINADO,100.0,JUAN HERNANDEZ,SECUNDARIA,,,,DGCOP,0101000020E6100000BF1072DEFFCD58C039F2406491463340,https://maps.app.goo.gl/uaSX2qACkZxhvMfUA,CHAPULTENANGO,TLALPAN,CUCHILLA DE PADIERNA,PLATSOBSE_DGCOP_1_2_3_ESCUELAS_TLACOTALPAN_09DES0281G_09DES0281G,2975,ACTIVO,,,,,,
09DPR3200G,PROFR. Y LIC. GENARO V. VAZQUEZ QUIROZ,,ESPACIO_PUBLICO,OBRAS QUE TRANSFORMAN EL ESPACIO PUBLICO Y CONTRIBUYEN AL DERECHO A LA CIUDAD,"1,2,3 POR MI ESCUELA RENOVAR PARA TRANSFORMAR","1,2,3_ESCUELAS",DGCOP,CASA POR CASA,2025,2026-06-03 18:37:22.591,actualizacion_dgcop,,,TERMINADO,100.0,JUAN HERNANDEZ,PRIMARIA,,,,DGCOP,0101000020E61000006E85B01A4BC458C0A1BB24CE8A683340,https://maps.app.goo.gl/Qp4yd5hu6UpkNKm97,CALLE 2,IZTACALCO,PANTITLAN IV,PLATSOBSE_DGCOP_1_2_3_ESCUELAS_PROFR_Y_LIC_GENARO_V_VAZQUEZ_QUIROZ_09DPR3200G_09DPR3200G,2972,ACTIVO,,,,,,
58,58 PILARES FRAMBOYANES,13.0,GRANDES_OBRAS,GRANDES OBRAS QUE TRANSFORMAN LA CAPITAL,EL BALON VUELVE AL BARRIO,BALON_BARRIO,DGOIV,OBRAS DEL MUNDIAL,2026,2026-06-10 17:33:08.792,actualizacion_dgpest,,,TERMINADO,100.0,JUAN HERNANDEZ,FUTBOL RAPIDO,1200.0,PASTO SINTETICO,,DGPEST,0101000020E61000002332ACE28DCE58C0F566D47C954C3340,https://maps.app.goo.gl/1g11HVLH1Je8MiAw8,BALANCAN S/N,TLALPAN,LOS FRAMBOYANES,PLATSOBSE_DGOIV_BALON_BARRIO_58_PILARES_FRAMBOYANES_58,2502,ACTIVO,,,,,,
09DPR2200Z,SIRIA,,ESPACIO_PUBLICO,OBRAS QUE TRANSFORMAN EL ESPACIO PUBLICO Y CONTRIBUYEN AL DERECHO A LA CIUDAD,"1,2,3 POR MI ESCUELA RENOVAR PARA TRANSFORMAR","1,2,3_ESCUELAS",DGCOP,CASA POR CASA,2025,2026-06-10 17:54:28.241,actualizacion_dgcop,,,EN PROCESO,86.85,JUAN HERNANDEZ,PRIMARIA,,,,DGCOP,0101000020E6100000ECFA05BB61C658C0F7E978CC40713340,https://maps.app.goo.gl/1PR8MoLbi8T2SSzD9,JAPON,VENUSTIANO CARRANZA,ROMERO RUBIO,PLATSOBSE_DGCOP_1_2_3_ESCUELAS_SIRIA_09DPR2200Z_09DPR2200Z,2971,ACTIVO,,,,,,
PLATSOBSE_DGCOP_REHABILITACION_CONSTRUCCION_CANAL_NACIONAL_PERIFERICO,CANAL NACIONAL - PERIFERICO PUENTE CIELITO LINDO,,ESPACIO_PUBLICO,OBRAS QUE TRANSFORMAN EL ESPACIO PUBLICO Y CONTRIBUYEN AL DERECHO A LA CIUDAD,REHABILITACION Y CONSTRUCCION DE PUENTES VEHICULARES,PUENTES_VEHICULARES,DGCOP,,2025,,,,,TERMINADA,100.0,JUAN HERNANDEZ,PUENTES VEHICULARES,,,,DGCOP,0101000020E6100000139ED0EB4FC658C0FB76542DD04B3340,https://maps.app.goo.gl/ZoWUQiogWLUyAyVd8,,TLALPAN,"GRANJAS COAPA, CUEMANCO",PLATSOBSE_DGCOP_REHABILITACION_CONSTRUCCION_CANAL_NACIONAL_PERIFERICO,3945,ACTIVO,,,,,geoestadistica,2026-06-03 23:51:06.603945+00
PLATSOBSE_DGCOP_REHABILITACION_CONSTRUCCION_EJE_6_SUR,EJE 6 SUR - PERIFERICO,,ESPACIO_PUBLICO,OBRAS QUE TRANSFORMAN EL ESPACIO PUBLICO Y CONTRIBUYEN AL DERECHO A LA CIUDAD,REHABILITACION Y CONSTRUCCION DE PUENTES VEHICULARES,PUENTES_VEHICULARES,DGCOP,,2025,,,,,TERMINADA,100.0,JUAN HERNANDEZ,PUENTES VEHICULARES,,,,DGCOP,0101000020E61000008A5B81F8ABC358C092BC6BB7FA5C3340,https://maps.app.goo.gl/FN3wAmcSSUKADstL8,,TLALPAN,"VICENTE GUERRERO, PURISIMA I",PLATSOBSE_DGCOP_REHABILITACION_CONSTRUCCION_EJE_6_SUR,3944,ACTIVO,,,,,geoestadistica,2026-06-03 23:46:37.357082+00
09DES0339Q,ESCUELA SECUNDARIA DIURNA 339 QUIRINO MENDOZA CORTES,,ESPACIO_PUBLICO,OBRAS QUE TRANSFORMAN EL ESPACIO PUBLICO Y CONTRIBUYEN AL DERECHO A LA CIUDAD,"1,2,3 POR MI ESCUELA RENOVAR PARA TRANSFORMAR","1,2,3_ESCUELAS",DGCOP,CASA POR CASA,2025,2026-06-10 16:27:49.915,actualizacion_dgcop,,,EN PROCESO,98.0,JUAN HERNANDEZ,SECUNDARIA,,,,DGCOP,0101000020E61000006552431B80C658C0C03E3A75E5433340,https://maps.app.goo.gl/4yHLEMavyWRydcmM6,PROL. JOSEFA ORTIZ DE DOMINGUEZ,XOCHIMILCO,LA GUADALUPITA (BARR),PLATSOBSE_DGCOP_1_2_3_ESCUELAS_SECUNDARIA_FEDERAL_09DES0339Q_09DES0339Q,2967,ACTIVO,,,,,,
09DPR1044S,PLAN DE AYUTLA,,ESPACIO_PUBLICO,OBRAS QUE TRANSFORMAN EL ESPACIO PUBLICO Y CONTRIBUYEN AL DERECHO A LA CIUDAD,"1,2,3 POR MI ESCUELA RENOVAR PARA TRANSFORMAR","1,2,3_ESCUELAS",DGCOP,CASA POR CASA,2025,2026-06-10 17:49:58.127,actualizacion_dgcop,,,EN PROCESO,90.0,JUAN HERNANDEZ,PRIMARIA,,,,DGCOP,0101000020E6100000F3AB394030C658C03B38D89B18723340,https://maps.app.goo.gl/q2QaHq55sQUCRbay8,TRANSVAAL,VENUSTIANO CARRANZA,ROMERO RUBIO,PLATSOBSE_DGCOP_1_2_3_ESCUELAS_PLAN_DE_AYUTLA_09DPR1044S_09DPR1044S,2989,ACTIVO,,,,,,
09DPR1544N,GRAL. MIGUEL NEGRETE,,ESPACIO_PUBLICO,OBRAS QUE TRANSFORMAN EL ESPACIO PUBLICO Y CONTRIBUYEN AL DERECHO A LA CIUDAD,"1,2,3 POR MI ESCUELA RENOVAR PARA TRANSFORMAR","1,2,3_ESCUELAS",DGCOP,CASA POR CASA,2025,2026-06-10 18:04:05.778,actualizacion_dgcop,,,EN PROCESO,80.26,JUAN HERNANDEZ,PRIMARIA,,,,DGCOP,0101000020E6100000BE4F55A181C558C0A301BC0512803340,https://maps.app.goo.gl/na7jRS1ooCSKVvXG7,C. 311,GUSTAVO A. MADERO,NUEVA ATZACOALCO II,PLATSOBSE_DGCOP_1_2_3_ESCUELAS_GRAL_MIGUEL_NEGRETE_09DPR1544N_09DPR1544N,2993,ACTIVO,,,,,,
09DIX0035E,ESCUELA DE PARTICIPACION SOCIAL NUMERO 5,,ESPACIO_PUBLICO,OBRAS QUE TRANSFORMAN EL ESPACIO PUBLICO Y CONTRIBUYEN AL DERECHO A LA CIUDAD,"1,2,3 POR MI ESCUELA RENOVAR PARA TRANSFORMAR","1,2,3_ESCUELAS",DGCOP,AUTORIDAD EDUCATIVA,2025,2026-05-20 16:42:01.440,actualizacion_dgcop,,,TERMINADO,100.0,JUAN HERNANDEZ,PRIMARIA,,,,DGCOP,0101000020E6100000A83AE466B8CA58C03DBB7CEBC34A3340,https://maps.app.goo.gl/YPGnYAr19F7LmfPu9,AV. SAN FERNANDO,TLALPAN,TLALPAN CENTRO,PLATSOBSE_DGCOP_1_2_3_ESCUELAS_ESCUELA_DE_PARTICIPACION_SOCIAL_NUMERO_5_09DIX0035E_09DIX0035E,2774,ACTIVO,,,,,,
61,61 CANCHA CERRO SAN PEDRO,13.0,GRANDES_OBRAS,GRANDES OBRAS QUE TRANSFORMAN LA CAPITAL,EL BALON VUELVE AL BARRIO,BALON_BARRIO,DGOIV,OBRAS DEL MUNDIAL,2026,,,,,TERMINADO,100.0,JUAN HERNANDEZ,FUTBOL RAPIDO,1200.0,CONCRETO,,DGPEST,0101000020E6100000AEB6627FD9CB58C01C2444F982423340,https://maps.app.goo.gl/gynoQuUaUjiFP8ZY7,"CERRO DE LAS BATALLAS S/N, TLALMILLE, TLALPAN, 14657 CIUDAD DE MÉXICO, CDMX",TLALPAN,TLALMILLE,PLATSOBSE_DGOIV_BALON_BARRIO_61_CANCHA_CERRO_SAN_PEDRO_61,2563,ACTIVO,,,,,,
09DPR3027P,PROFR. EFREN NUNEZ MATA,,ESPACIO_PUBLICO,OBRAS QUE TRANSFORMAN EL ESPACIO PUBLICO Y CONTRIBUYEN AL DERECHO A LA CIUDAD,"1,2,3 POR MI ESCUELA RENOVAR PARA TRANSFORMAR","1,2,3_ESCUELAS",DGCOP,CASA POR CASA,2025,2026-06-10 18:10:24.423,actualizacion_dgcop,,,EN PROCESO,70.53,JUAN HERNANDEZ,PRIMARIA,,,,DGCOP,0101000020E6100000F92CCF83BBCB58C060048D9944493340,https://maps.app.goo.gl/ycqDQU4GjMQrwpqT6,QUERETARO,TLALPAN,MIGUEL HIDALGO,PLATSOBSE_DGCOP_1_2_3_ESCUELAS_PROFR_EFREN_NUNEZ_MATA_09DPR3027P_09DPR3027P,2992,ACTIVO,,,,,,
09DPR2229E,MAESTROS DE MEXICO,,ESPACIO_PUBLICO,OBRAS QUE TRANSFORMAN EL ESPACIO PUBLICO Y CONTRIBUYEN AL DERECHO A LA CIUDAD,"1,2,3 POR MI ESCUELA RENOVAR PARA TRANSFORMAR","1,2,3_ESCUELAS",DGCOP,CASA POR CASA,2025,2026-06-03 18:33:44.727,actualizacion_dgcop,,,TERMINADO,100.0,JUAN HERNANDEZ,PRIMARIA,,,,DGCOP,0101000020E610000093E4B9BE0FD258C0CBA2B08BA2573340,https://maps.app.goo.gl/6dLxmNP4hdHJ4DVq5,MINA,CUAJIMALPA DE MORELOS,SAN MATEO TLALTENANGO (PBLO),PLATSOBSE_DGCOP_1_2_3_ESCUELAS_MAESTROS_DE_MEXICO_09DPR2229E_09DPR2229E,2955,ACTIVO,,,,,,
09DES0088B,SECUNDARIA DIURNA 88 DR NABOR CARRILLO,,ESPACIO_PUBLICO,OBRAS QUE TRANSFORMAN EL ESPACIO PUBLICO Y CONTRIBUYEN AL DERECHO A LA CIUDAD,"1,2,3 POR MI ESCUELA RENOVAR PARA TRANSFORMAR","1,2,3_ESCUELAS",DGCOP,JEFA DE GOBIERNO,2025,2026-06-03 19:09:33.007,actualizacion_dgcop,,,TERMINADO,100.0,JUAN HERNANDEZ,SECUNDARIA,,,,DGCOP,0101000020E61000003543AA285EC658C0C9586DFE5F693340,https://maps.app.goo.gl/hA8DWoLrzV9AnC9x9,AV. DEL TALLER,VENUSTIANO CARRANZA,JARDIN BALBUENA III,PLATSOBSE_DGCOP_1_2_3_ESCUELAS_SECUNDARIA_DIURNA_88_DR_NABOR_CARRILLO_09DES0088B_09DES0088B,2995,ACTIVO,,,,,,
502,502 CENTRO DE DESARROLLO COMUNITARIO DIF MIGUEL HIDALGO,13.0,GRANDES_OBRAS,GRANDES OBRAS QUE TRANSFORMAN LA CAPITAL,EL BALON VUELVE AL BARRIO,BALON_BARRIO,DGOIV,OBRAS DEL MUNDIAL,2026,,,,,TERMINADO,100.0,JUAN HERNANDEZ,FUTBOL 11,4050.0,PASTO SINTETICO,,DGPEST,0101000020E610000069BE94CB90CC58C007CCE8EC09493340,https://maps.app.goo.gl/pdCrSpyBPkxZ1vg97,"Miguel Hidalgo 2da Secc, Tlalpan, 14250 Ciudad de México, CDMX",TLALPAN,MIGUEL HIDALGO 2A SECC,PLATSOBSE_DGOIV_BALON_BARRIO_502_CENTRO_DE_DESARROLLO_COMUNITARIO_DIF_MIGUEL_HIDALGO_502,2568,ACTIVO,,,,,,
09DJN0639D,TOPILLI,,ESPACIO_PUBLICO,OBRAS QUE TRANSFORMAN EL ESPACIO PUBLICO Y CONTRIBUYEN AL DERECHO A LA CIUDAD,"1,2,3 POR MI ESCUELA RENOVAR PARA TRANSFORMAR","1,2,3_ESCUELAS",DGCOP,TERRITORIOS DE PAZ,2025,2026-06-10 18:00:52.912,actualizacion_dgcop,,,EN PROCESO,85.0,JUAN HERNANDEZ,PREESCOLAR,,,,DGCOP,0101000020E6100000A2B3CC2214C958C002840F255A323340,https://maps.app.goo.gl/bEWV33WFpKt28s7o8,STA. CRUZ,TLALPAN,SAN MIGUEL TOPILEJO (PBLO),PLATSOBSE_DGCOP_1_2_3_ESCUELAS_TOPILLI_09DJN0639D_09DJN0639D,2986,ACTIVO,,,,,,
72,72 DEPORTIVO TEPEPAN,13.0,GRANDES_OBRAS,GRANDES OBRAS QUE TRANSFORMAN LA CAPITAL,EL BALON VUELVE AL BARRIO,BALON_BARRIO,DGOIV,OBRAS DEL MUNDIAL,2026,2026-05-13 20:19:17.856,actualizacion_dgpest,2026-05-09,,INAUGURADA,100.0,JUAN HERNANDEZ,FUTBOL 11,4050.0,PASTO SINTETICO,,DGPEST,0101000020E610000069A9BC1DE1C858C0AA7CCF4884463340,https://maps.app.goo.gl/wkMVerhvMLhVbx2RA,"Priv. Cuauhtémoc 196, Santa María Tepepan, Xochimilco, 16020 Ciudad de México, CDMX",XOCHIMILCO,SANTA MARIA TEPEPAN,PLATSOBSE_DGOIV_BALON_BARRIO_72_DEPORTIVO_TEPEPAN_72,2509,ACTIVO,,,,,,
09DES0173Z,"YURI A, GAGARIN",,ESPACIO_PUBLICO,OBRAS QUE TRANSFORMAN EL ESPACIO PUBLICO Y CONTRIBUYEN AL DERECHO A LA CIUDAD,"1,2,3 POR MI ESCUELA RENOVAR PARA TRANSFORMAR","1,2,3_ESCUELAS",DGCOP,SIN PROCEDENCIA,2025,2026-06-10 18:03:57.546,actualizacion_dgcop,,,EN PROCESO,80.34,JUAN HERNANDEZ,SECUNDARIA,,,,DGCOP,0101000020E610000061C5A9D6C2CB58C077F86BB246493340,https://maps.app.goo.gl/fd72HUsjrv41DXDRA,QUERETARO,TLALPAN,MIGUEL HIDALGO,PLATSOBSE_DGCOP_1_2_3_ESCUELAS_YURI_A_GAGARIN_09DES0173Z_09DES0173Z,2988,ACTIVO,,,,,,
09DPR2563I,TLAMACHIHUAPAN,,ESPACIO_PUBLICO,OBRAS QUE TRANSFORMAN EL ESPACIO PUBLICO Y CONTRIBUYEN AL DERECHO A LA CIUDAD,"1,2,3 POR MI ESCUELA RENOVAR PARA TRANSFORMAR","1,2,3_ESCUELAS",DGCOP,CASA POR CASA,2025,2026-06-10 18:32:37.122,actualizacion_dgcop,,,EN PROCESO,28.27,JUAN HERNANDEZ,PRIMARIA,,,,DGCOP,0101000020E610000087342A70B2C458C0629D2ADF333E3340,https://maps.app.goo.gl/Rktc3QyNnoLQqt877,2 DE ABRIL,XOCHIMILCO,SANTA CRUZ ACALPIXCA (PBLO),PLATSOBSE_DGCOP_1_2_3_ESCUELAS_TLAMACHIHUAPAN_09DPR2563I_09DPR2563I,2978,ACTIVO,,,,,,
09DES0340F,WENCESLAO VICTORIA SOTO,,ESPACIO_PUBLICO,OBRAS QUE TRANSFORMAN EL ESPACIO PUBLICO Y CONTRIBUYEN AL DERECHO A LA CIUDAD,"1,2,3 POR MI ESCUELA RENOVAR PARA TRANSFORMAR","1,2,3_ESCUELAS",DGCOP,AUTORIDAD EDUCATIVA FEDERAL,2025,2026-06-10 17:40:01.698,actualizacion_dgcop,,,EN PROCESO,94.36,JUAN HERNANDEZ,SECUNDARIA,,,,DGCOP,0101000020E610000085B4C6A013C858C0C34659BF998C3340,https://maps.app.goo.gl/95W8bYUt8yDQ7PjH9,WENCESLAO,GUSTAVO A. MADERO,TLALPEXCO,PLATSOBSE_DGCOP_1_2_3_ESCUELAS_WENCESLAO_VICTORIA_SOTO_09DES0340F_09DES0340F,2987,ACTIVO,,,,,,
09DPR3091Q,PROFR. ELISEO BANDALA FERNANDEZ,,ESPACIO_PUBLICO,OBRAS QUE TRANSFORMAN EL ESPACIO PUBLICO Y CONTRIBUYEN AL DERECHO A LA CIUDAD,"1,2,3 POR MI ESCUELA RENOVAR PARA TRANSFORMAR","1,2,3_ESCUELAS",DGCOP,CASA POR CASA,2025,2026-06-10 18:21:43.987,actualizacion_dgcop,,,EN PROCESO,53.0,JUAN HERNANDEZ,PRIMARIA,,,,DGCOP,0101000020E6100000A8902BF52CCF58C07F2F8507CD4A3340,https://maps.app.goo.gl/bapnZ8SGSy85k2mZ8,SINANCHE MZ114,TLALPAN,PEDREGAL DE SN NICOLAS 1A SECC,PLATSOBSE_DGCOP_1_2_3_ESCUELAS_PROFR_ELISEO_BANDALA_FERNANDEZ_09DPR3091Q_09DPR3091Q,2882,ACTIVO,,,,,,
PLATSOBSE_DGCOP_REHABILITACION_CONSTRUCCION_AV_TLAHUAC_CANAL,AV. TLAHUAC - CANAL DE GARAY,,ESPACIO_PUBLICO,OBRAS QUE TRANSFORMAN EL ESPACIO PUBLICO Y CONTRIBUYEN AL DERECHO A LA CIUDAD,REHABILITACION Y CONSTRUCCION DE PUENTES VEHICULARES,PUENTES_VEHICULARES,DGCOP,,2025,,,,,TERMINADA,100.0,JUAN HERNANDEZ,PUENTES VEHICULARES,,,,DGCOP,0101000020E6100000F5880B1FD5C458C076CC50478D513340,https://maps.app.goo.gl/APEwuqxsivR1QtLe9,AV. CANAL DE GARAY,IZTAPALAPA,MIRASOLES (U HAB),PLATSOBSE_DGCOP_REHABILITACION_CONSTRUCCION_AV_TLAHUAC_CANAL,3947,ACTIVO,,,,,geoestadistica,2026-06-03 23:57:51.803123+00
38,38 COMPOSITORES MEXICANOS,13.0,GRANDES_OBRAS,GRANDES OBRAS QUE TRANSFORMAN LA CAPITAL,EL BALON VUELVE AL BARRIO,BALON_BARRIO,DGOIV,OBRAS DEL MUNDIAL,2026,,,,,INAUGURADA,100.0,JUAN HERNANDEZ,MULTICANCHA,600.0,CONCRETO,,DGPEST,0101000020E6100000E292E34EE9C858C04E0E9F7422913340,https://maps.app.goo.gl/ggBGKrfkcyHZpLZ6A,"FOLKLÓRICOS MEXICANOS S/N, COMPOSITORES MEXICANOS, GUSTAVO A. MADERO, 07130 CIUDAD DE MÉXICO, CDMX",GUSTAVO A. MADERO,COMPOSITORES MEXICANOS,PLATSOBSE_DGOIV_BALON_BARRIO_38_COMPOSITORES_MEXICANOS_38,2576,ACTIVO,,,,,,
1,UNIVERSIDAD DE LAS ARTES,,GRANDES_OBRAS,GRANDES OBRAS QUE TRANSFORMAN LA CAPITAL,UNIVERSIDAD DE LAS ARTES,UNIV_ARTES,DGOT,OBRAS EN GENERAL,2025,2026-06-10 20:47:17.744,actualizacion_dgot,,,EN PROCESO,1.2,JUAN HERNANDEZ,UNIVERSIDAD DE LAS ARTES,,,38.30 % de Anteproyecto y 0.30 % de Preliminares,DGOT,0101000020E6100000A4CA81519EC858C03BDBB714346C3340,https://maps.app.goo.gl/gUxEnxRsmrSUF2Gv8,CHIMALPOPOCA,CUAUHTÉMOC,CENTRO,PLATSOBSE_DGOT_UNIV_ARTES_UNIVERSIDAD_DE_LAS_ARTES_1,3492,ACTIVO,,,,,,
PLATSOBSE_DGCOP_REHABILITACION_CONSTRUCCION_AVENIDA_MEXICO_PERIFERICO,AVENIDA MEXICO - PERIFERICO PUENTE TEC DE MONTERREY,,ESPACIO_PUBLICO,OBRAS QUE TRANSFORMAN EL ESPACIO PUBLICO Y CONTRIBUYEN AL DERECHO A LA CIUDAD,REHABILITACION Y CONSTRUCCION DE PUENTES VEHICULARES,PUENTES_VEHICULARES,DGCOP,,2025,,,,,TERMINADA,100.0,JUAN HERNANDEZ,PUENTES VEHICULARES,,,,DGCOP,0101000020E61000001AFB2F63CCC858C0F317612748483340,https://maps.app.goo.gl/ARybpEtJKCxHoT5v9,,COYOACÁN,ESPARTACO,PLATSOBSE_DGCOP_REHABILITACION_CONSTRUCCION_AVENIDA_MEXICO_PERIFERICO,3948,ACTIVO,,,,,geoestadistica,2026-06-04 00:00:53.761334+00
09DPR2406S,GRAL. MIGUEL ALEMAN,,ESPACIO_PUBLICO,OBRAS QUE TRANSFORMAN EL ESPACIO PUBLICO Y CONTRIBUYEN AL DERECHO A LA CIUDAD,"1,2,3 POR MI ESCUELA RENOVAR PARA TRANSFORMAR","1,2,3_ESCUELAS",DGCOP,CASA POR CASA,2025,2026-05-20 16:12:55.759,actualizacion_dgcop,,,TERMINADO,100.0,JUAN HERNANDEZ,PRIMARIA,,,,DGCOP,0101000020E610000035B6D782DEC758C0EC4B361E6C713340,https://maps.app.goo.gl/BTDECjsm4Z6mNAYw9,AV. DEL TRABAJO,VENUSTIANO CARRANZA,MORELOS I,PLATSOBSE_DGCOP_1_2_3_ESCUELAS_GRAL_MIGUEL_ALEMAN_09DPR2406S_09DPR2406S,2808,ACTIVO,,,,,,
09DJN1128J,GENARO ESTRADA,,ESPACIO_PUBLICO,OBRAS QUE TRANSFORMAN EL ESPACIO PUBLICO Y CONTRIBUYEN AL DERECHO A LA CIUDAD,"1,2,3 POR MI ESCUELA RENOVAR PARA TRANSFORMAR","1,2,3_ESCUELAS",DGCOP,CASA POR CASA,2025,2026-05-20 16:36:40.686,actualizacion_dgcop,,,TERMINADO,100.0,JUAN HERNANDEZ,PREESCOLAR,,,,DGCOP,0101000020E61000007AE1CE8591C758C02009FB7612713340,https://maps.app.goo.gl/7h6KsKSMHYbFMFW29,IMPRENTA,VENUSTIANO CARRANZA,MORELOS II,PLATSOBSE_DGCOP_1_2_3_ESCUELAS_GENARO_ESTRADA_09DJN1128J_09DJN1128J,2913,ACTIVO,,,,,,
09DES0123R,REPUBLICA ARGENTINA,,ESPACIO_PUBLICO,OBRAS QUE TRANSFORMAN EL ESPACIO PUBLICO Y CONTRIBUYEN AL DERECHO A LA CIUDAD,"1,2,3 POR MI ESCUELA RENOVAR PARA TRANSFORMAR","1,2,3_ESCUELAS",DGCOP,CASA POR CASA,2025,2026-06-03 18:27:56.605,actualizacion_dgcop,,,TERMINADO,100.0,JUAN HERNANDEZ,SECUNDARIA,,,,DGCOP,0101000020E610000044A67C08AAC758C06DE4BA29E5613340,https://maps.app.goo.gl/gwuZv8vfsexpjFCB6,AV CANAL DE APATLACO,IZTACALCO,CAMPAMENTO 2 DE OCTUBRE II,PLATSOBSE_DGCOP_1_2_3_ESCUELAS_REPUBLICA_ARGENTINA_09DES0123R_09DES0123R,2825,ACTIVO,,,,,,
09DJN0010E,PROFR. TADEO DE LA GARZA GUTIERREZ,,ESPACIO_PUBLICO,OBRAS QUE TRANSFORMAN EL ESPACIO PUBLICO Y CONTRIBUYEN AL DERECHO A LA CIUDAD,"1,2,3 POR MI ESCUELA RENOVAR PARA TRANSFORMAR","1,2,3_ESCUELAS",DGCOP,CASA POR CASA,2025,2026-06-10 17:51:10.612,actualizacion_dgcop,,,EN PROCESO,88.95,JUAN HERNANDEZ,PREESCOLAR,,,,DGCOP,0101000020E610000032E5435035CD58C0C2120F289B823340,https://maps.app.goo.gl/BGWZALgSyLXCqBon6,CINEMATOGRAFIA,AZCAPOTZALCO,EL ROSARIO A (U HAB),PLATSOBSE_DGCOP_1_2_3_ESCUELAS_PROFR_TADEO_DE_LA_GARZA_GUTIERREZ_09DJN0010E_09DJN0010E,2973,ACTIVO,,,,,,
09DJN0284U,PILTZIN CALLI,,ESPACIO_PUBLICO,OBRAS QUE TRANSFORMAN EL ESPACIO PUBLICO Y CONTRIBUYEN AL DERECHO A LA CIUDAD,"1,2,3 POR MI ESCUELA RENOVAR PARA TRANSFORMAR","1,2,3_ESCUELAS",DGCOP,CASA POR CASA,2025,2026-06-10 16:34:18.164,actualizacion_dgcop,,,EN PROCESO,96.5,JUAN HERNANDEZ,PREESCOLAR,,,,DGCOP,0101000020E6100000A20A7F8637CC58C07D1F0E12A2743340,https://maps.app.goo.gl/KpHg54kJ69of6oct9,LAGO MICHIGAN,MIGUEL HIDALGO,TACUBA,PLATSOBSE_DGCOP_1_2_3_ESCUELAS_PILTZIN_CALLI_09DJN0284U_09DJN0284U,2828,ACTIVO,,,,,,
33,33 PILARES CONTADERO,13.0,GRANDES_OBRAS,GRANDES OBRAS QUE TRANSFORMAN LA CAPITAL,EL BALON VUELVE AL BARRIO,BALON_BARRIO,DGOIV,OBRAS DEL MUNDIAL,2026,2026-05-20 01:17:17.841,admin,2026-03-30,,INAUGURADA,100.0,JUAN HERNANDEZ,MULTICANCHA,600.0,CONCRETO,,DGPEST,0101000020E6100000ECFA05BB61D358C08196AE601B593340,https://maps.app.goo.gl/QJ1TR3Myc8HR7Co58,"PROL. 16 DE SEPTIEMBRE S/N, CONTADERO, CUAJIMALPA DE MORELOS, 05500 CIUDAD DE MÉXICO, CDMX",CUAJIMALPA DE MORELOS,CONTADERO,PLATSOBSE_DGOIV_BALON_BARRIO_33_PILARES_CONTADERO_33,2573,ACTIVO,,,,,,
57,57 CANCHA AVENIDA DE LAS TORRES,13.0,GRANDES_OBRAS,GRANDES OBRAS QUE TRANSFORMAN LA CAPITAL,EL BALON VUELVE AL BARRIO,BALON_BARRIO,DGOIV,OBRAS DEL MUNDIAL,2026,2026-05-20 01:26:11.012,admin,2026-03-29,,INAUGURADA,100.0,JUAN HERNANDEZ,FUTBOL RAPIDO,1200.0,CONCRETO,,DGPEST,0101000020E61000008655BC9179CC58C00057B26323483340,https://maps.app.goo.gl/KpUnDphrFGCY1Y9M9,"MIGUEL HIDALGO 2DA SECC, TLALPAN, 14260 CIUDAD DE MÉXICO, CDMX",TLALPAN,MIGUEL HIDALGO 1A SECC,PLATSOBSE_DGOIV_BALON_BARRIO_57_CANCHA_AVENIDA_DE_LAS_TORRES_57,2584,ACTIVO,,,,,,
09DPR2276P,COCONENCALLI,,ESPACIO_PUBLICO,OBRAS QUE TRANSFORMAN EL ESPACIO PUBLICO Y CONTRIBUYEN AL DERECHO A LA CIUDAD,"1,2,3 POR MI ESCUELA RENOVAR PARA TRANSFORMAR","1,2,3_ESCUELAS",DGCOP,CASA POR CASA,2025,2026-06-10 18:01:00.823,actualizacion_dgcop,,,EN PROCESO,83.42,JUAN HERNANDEZ,PRIMARIA,,,,DGCOP,0101000020E6100000B212F3ACA4C358C0F645425BCE6D3340,https://maps.app.goo.gl/jeRYTsKDQwDGvC368,XOCHITLAN SUR,VENUSTIANO CARRANZA,EL ARENAL 4A SECCION,PLATSOBSE_DGCOP_1_2_3_ESCUELAS_COCONENCALLI_09DPR2276P_09DPR2276P,2786,ACTIVO,,,,,,
09DST0062M,ESCUELA SECUNDARIA TECNICA 62,,ESPACIO_PUBLICO,OBRAS QUE TRANSFORMAN EL ESPACIO PUBLICO Y CONTRIBUYEN AL DERECHO A LA CIUDAD,"1,2,3 POR MI ESCUELA RENOVAR PARA TRANSFORMAR","1,2,3_ESCUELAS",DGCOP,CASA POR CASA,2025,2026-06-03 18:31:58.845,actualizacion_dgcop,,,TERMINADO,100.0,JUAN HERNANDEZ,SECUNDARIA,,,,DGCOP,0101000020E61000000B1B12B5BCCB58C0615363194D7F3340,https://maps.app.goo.gl/T7EPHfUgDwUDmkex8,CALZ. DE LOS ANGELES,AZCAPOTZALCO,SANTA BARBARA (PBLO),PLATSOBSE_DGCOP_1_2_3_ESCUELAS_ESCUELA_SECUNDARIA_TECNICA_62_09DST0062M_09DST0062M,2776,ACTIVO,,,,,,
09DPR1726W,DAVID G. BERLANGA,,ESPACIO_PUBLICO,OBRAS QUE TRANSFORMAN EL ESPACIO PUBLICO Y CONTRIBUYEN AL DERECHO A LA CIUDAD,"1,2,3 POR MI ESCUELA RENOVAR PARA TRANSFORMAR","1,2,3_ESCUELAS",DGCOP,AUTORIDAD EDUCATIVA FEDERAL,2025,2026-06-10 18:01:14.154,actualizacion_dgcop,,,EN PROCESO,82.81,JUAN HERNANDEZ,PRIMARIA,,,,DGCOP,0101000020E61000006DC7D45DD9CA58C045F295404A703340,https://maps.app.goo.gl/h5t2ZyjhHohLFcjy9,TIZOC,MIGUEL HIDALGO,TLAXPANA,PLATSOBSE_DGCOP_1_2_3_ESCUELAS_DAVID_G_BERLANGA_09DPR1726W_09DPR1726W,2785,ACTIVO,,,,,,
09DES0315G,JOSE VASCONCELOS,,ESPACIO_PUBLICO,OBRAS QUE TRANSFORMAN EL ESPACIO PUBLICO Y CONTRIBUYEN AL DERECHO A LA CIUDAD,"1,2,3 POR MI ESCUELA RENOVAR PARA TRANSFORMAR","1,2,3_ESCUELAS",DGCOP,AUTORIDAD EDUCATIVA,2025,2026-06-10 18:10:06.519,actualizacion_dgcop,,,EN PROCESO,70.73,JUAN HERNANDEZ,SECUNDARIA,,,,DGCOP,0101000020E6100000CD5B751DAAC558C08F71C5C551553340,https://maps.app.goo.gl/R5aEpe4hnnUtWjRn7,CERRADA SAN JUAN K,IZTAPALAPA,SAN JUAN XALPA II,PLATSOBSE_DGCOP_1_2_3_ESCUELAS_JOSE_VASCONCELOS_09DES0315G_09DES0315G,2893,ACTIVO,,,,,,
1,ERUM Y DGIT,,GRANDES_OBRAS,GRANDES OBRAS QUE TRANSFORMAN LA CAPITAL,INSTALACIONES ADMINISTRATIVAS DEL SSC,INST_ADM_SSC,DGOT,GABINETE,2025,2026-06-10 20:46:46.445,actualizacion_dgot,,,EN PROCESO,14.0,JUAN HERNANDEZ,ERUM Y DGIT,,,"77 % Anteproyecto, 0.80 % de estructura y 15 % de preliminares",DGOT,0101000020E6100000A98277279AC858C09D3030E5036C3340,,OBRERA I,CUAUHTEMOC,OBRERA,PLATSOBSE_DGOT_INST_ADM_SSC_ERUM_Y_DGIT_1,3187,ACTIVO,,,,,,
21,SAN GREGORIO ATLAPULCO,,ECONOMIA,OBRAS QUE TRANSFORMAN LA ECONOMIA LOCAL Y FOMENTAN EL EMPLEO,MANTENIMIENTO A MERCADOS PUBLICOS (CAPTACION DE AGUA DE LLUVIA EN MERCADOS),CAP_LLUVIA_MERC,DGCOP,GABINETE,2025,2026-05-20 00:55:04.185,admin,2026-03-05,,INAUGURADA,100.0,JUAN HERNANDEZ,MERCADO,,,,DGCOP,0101000020E610000036902E36ADC358C013B875374F413340,https://maps.app.goo.gl/JAMQgJMPtTwqgQ3R7,C. FERNANDO MONTES DE OCA ESQ SAN GREGORIO ATLAPULCO,XOCHIMILCO,SAN GREGORIO ATLAPULCO (PBLO),PLATSOBSE_DGCOP_CAP_LLUVIA_MERC_SAN_GREGORIO_ATLAPULCO_21,3130,ACTIVO,,,,,,
7,AVENIDA DEL TALLER (JOSE T. CUELLAR),5.0,GRANDES_OBRAS,GRANDES OBRAS QUE TRANSFORMAN LA CAPITAL,REHABILITACION DE PASOS A DESNIVEL,PASOS_DESNIVEL,DGOT,OBRAS DEL MUNDIAL,2026,2026-06-10 20:48:14.881,actualizacion_dgot,,,EN PROCESO,29.23,JUAN HERNANDEZ,PASOS A DESNIVEL,,,,DGOT,0101000020E61000005FB87361A4C858C0711C78B5DC693340,,,CUAUHTÉMOC,,PLATSOBSE_DGOT_PASOS_DESNIVEL_AVENIDA_DEL_TALLER_JOSE_T_CUELLAR_7,3338,ACTIVO,,,,,,
09DES0274X,LIBRADO RIVERA GODINEZ,,ESPACIO_PUBLICO,OBRAS QUE TRANSFORMAN EL ESPACIO PUBLICO Y CONTRIBUYEN AL DERECHO A LA CIUDAD,"1,2,3 POR MI ESCUELA RENOVAR PARA TRANSFORMAR","1,2,3_ESCUELAS",DGCOP,JEFATURA DE GOBIERNO,2025,2026-06-03 18:33:37.989,actualizacion_dgcop,,,TERMINADO,100.0,JUAN HERNANDEZ,SECUNDARIA,,,,DGCOP,0101000020E6100000D927806264C258C0F19D98F562603340,https://maps.app.goo.gl/SMjrNkjU3iF3X5LB8,BATALLA DE OJITOS,IZTAPALAPA,PARAISO,PLATSOBSE_DGCOP_1_2_3_ESCUELAS_LIBRADO_RIVERA_GODINEZ_09DES0274X_09DES0274X,2778,ACTIVO,,,,,,
09DJN1193J,REPUBLICA DE URUGUAY,,ESPACIO_PUBLICO,OBRAS QUE TRANSFORMAN EL ESPACIO PUBLICO Y CONTRIBUYEN AL DERECHO A LA CIUDAD,"1,2,3 POR MI ESCUELA RENOVAR PARA TRANSFORMAR","1,2,3_ESCUELAS",DGCOP,CASA POR CASA,2025,2026-06-03 18:35:58.795,actualizacion_dgcop,,,TERMINADO,100.0,JUAN HERNANDEZ,PREESCOLAR,,,,DGCOP,0101000020E610000045BC75FEEDC558C094162EABB07D3340,https://maps.app.goo.gl/wPYjvZTuDxwydBPj7,EDUARDO MOLINA,GUSTAVO A. MADERO,NUEVA ATZACOALCO III,PLATSOBSE_DGCOP_1_2_3_ESCUELAS_REPUBLICA_DE_URUGUAY_09DJN1193J_09DJN1193J,2780,ACTIVO,,,,,,
09DES0337S,SECUNDARIA FEDERAL,,ESPACIO_PUBLICO,OBRAS QUE TRANSFORMAN EL ESPACIO PUBLICO Y CONTRIBUYEN AL DERECHO A LA CIUDAD,"1,2,3 POR MI ESCUELA RENOVAR PARA TRANSFORMAR","1,2,3_ESCUELAS",DGCOP,CASA POR CASA,2025,2026-06-03 18:36:15.110,actualizacion_dgcop,,,TERMINADO,100.0,JUAN HERNANDEZ,SECUNDARIA,,,,DGCOP,0101000020E610000099F221A81AD258C0A0E1CD1ABC573340,https://maps.app.goo.gl/qZG9zP5DXtNqP5qa8,MINA,CUAJIMALPA DE MORELOS,SAN MATEO TLALTENANGO (PBLO),PLATSOBSE_DGCOP_1_2_3_ESCUELAS_SECUNDARIA_FEDERAL_09DES0337S_09DES0337S,2790,ACTIVO,,,,,,
09DJN1173W,TEMACHTILOYAN,,ESPACIO_PUBLICO,OBRAS QUE TRANSFORMAN EL ESPACIO PUBLICO Y CONTRIBUYEN AL DERECHO A LA CIUDAD,"1,2,3 POR MI ESCUELA RENOVAR PARA TRANSFORMAR","1,2,3_ESCUELAS",DGCOP,CASA POR CASA,2025,2026-06-03 18:36:33.810,actualizacion_dgcop,,,TERMINADO,100.0,JUAN HERNANDEZ,PREESCOLAR,,,,DGCOP,0101000020E610000083C2A04CA3C358C0B9347EE195503340,https://maps.app.goo.gl/3WjMEhnUcyjFGi4b7,AMOZOC,IZTAPALAPA,LOMAS DE SAN LORENZO I,PLATSOBSE_DGCOP_1_2_3_ESCUELAS_TEMACHTILOYAN_09DJN1173W_09DJN1173W,2781,ACTIVO,,,,,,
09DJN0241W,TLAZOCIHUALPILLI,,ESPACIO_PUBLICO,OBRAS QUE TRANSFORMAN EL ESPACIO PUBLICO Y CONTRIBUYEN AL DERECHO A LA CIUDAD,"1,2,3 POR MI ESCUELA RENOVAR PARA TRANSFORMAR","1,2,3_ESCUELAS",DGCOP,CASA POR CASA,2025,2026-06-10 17:57:20.380,actualizacion_dgcop,,,EN PROCESO,85.0,JUAN HERNANDEZ,PREESCOLAR,,,,DGCOP,0101000020E6100000FF9254A698C058C0C520B07268413340,https://maps.app.goo.gl/j7n1bWNAmuiiAm87A,ISIDRO TAPIA,XOCHIMILCO,SANTIAGO TULYEHUALCO (PBLO),PLATSOBSE_DGCOP_1_2_3_ESCUELAS_TLAZOCIHUALPILLI_09DJN0241W_09DJN0241W,2890,ACTIVO,,,,,,
26,26 CANCHA CELLINI,13.0,GRANDES_OBRAS,GRANDES OBRAS QUE TRANSFORMAN LA CAPITAL,EL BALON VUELVE AL BARRIO,BALON_BARRIO,DGOIV,OBRAS DEL MUNDIAL,2026,2026-05-13 19:56:43.017,actualizacion_dgpest,2026-05-11,,INAUGURADA,100.0,JUAN HERNANDEZ,FUTBOL 7,1750.0,CONCRETO,,DGPEST,0101000020E61000008EE9094B3CCC58C09A05DA1D52603340,https://maps.app.goo.gl/qiFu2fnEN72uu8vc6,"BENVENUTO CELLINI 21, MIXCOAC, BENITO JUÁREZ, 03910 CIUDAD DE MÉXICO, CDMX, MÉXICO",BENITO JUÁREZ,MIXCOAC,PLATSOBSE_DGOIV_BALON_BARRIO_26_CANCHA_CELLINI_26,2491,ACTIVO,,,,,,
09DTV0101L,TELESECUNDARIA NUMERO 101,,ESPACIO_PUBLICO,OBRAS QUE TRANSFORMAN EL ESPACIO PUBLICO Y CONTRIBUYEN AL DERECHO A LA CIUDAD,"1,2,3 POR MI ESCUELA RENOVAR PARA TRANSFORMAR","1,2,3_ESCUELAS",DGCOP,CASA POR CASA,2025,2026-06-10 18:09:03.672,actualizacion_dgcop,,,EN PROCESO,71.46,JUAN HERNANDEZ,SECUNDARIA,,,,DGCOP,0101000020E6100000ECA2E8818FCB58C033C34659BF493340,https://maps.app.goo.gl/kTJ2hPaMNVTRPKUa9,AYUNTAMIENTO,TLALPAN,MIGUEL HIDALGO,PLATSOBSE_DGCOP_1_2_3_ESCUELAS_TELESECUNDARIA_NUMERO_101_09DTV0101L_09DTV0101L,2799,ACTIVO,,,,,,
44,44 CANCHA DE FUTBOL RAPIDO MODULO DEPORTIVO: OJO DE AGUA,13.0,GRANDES_OBRAS,GRANDES OBRAS QUE TRANSFORMAN LA CAPITAL,EL BALON VUELVE AL BARRIO,BALON_BARRIO,DGOIV,OBRAS DEL MUNDIAL,2026,2026-05-22 23:20:23.093,actualizacion_dgpest,2026-04-23,,INAUGURADA,100.0,JUAN HERNANDEZ,MULTICANCHA,600.0,CONCRETO,,DGPEST,0101000020E6100000C217265305D158C0C8B260E28F4E3340,https://maps.app.goo.gl/weFVTDQH1vsz9UVPA,"AV. OJO DE AGUA, AMPLIACIÓN LOMAS DE SAN BERNABÉ, LOMAS DE SAN BERNABÉ, LA MAGDALENA CONTRERAS, 10369 CIUDAD DE MÉXICO, CDMX",LA MAGDALENA CONTRERAS,AMPLIACION LOMAS DE SAN BERNABE,PLATSOBSE_DGOIV_BALON_BARRIO_44_CANCHA_DE_FUTBOL_RAPIDO_MODULO_DEPORTIVO_OJO_DE_AGUA_44,2498,ACTIVO,,,,,,
09DPR1704K,LIC. JOAQUIN BARANDA,,ESPACIO_PUBLICO,OBRAS QUE TRANSFORMAN EL ESPACIO PUBLICO Y CONTRIBUYEN AL DERECHO A LA CIUDAD,"1,2,3 POR MI ESCUELA RENOVAR PARA TRANSFORMAR","1,2,3_ESCUELAS",DGCOP,CASA POR CASA,2025,,,,,TERMINADO,100.0,JUAN HERNANDEZ,PRIMARIA,,,,DGCOP,0101000020E6100000B7EEE6A90ECC58C0F1660DDE57753340,https://maps.app.goo.gl/9efSHUvggkLY9VEs7,JARDIN CENTRAL,MIGUEL HIDALGO,TACUBA,PLATSOBSE_DGCOP_1_2_3_ESCUELAS_LIC_JOAQUIN_BARANDA_09DPR1704K_09DPR1704K,2803,ACTIVO,,,,,,
09DJN0643Q,CUAILAMA,,ESPACIO_PUBLICO,OBRAS QUE TRANSFORMAN EL ESPACIO PUBLICO Y CONTRIBUYEN AL DERECHO A LA CIUDAD,"1,2,3 POR MI ESCUELA RENOVAR PARA TRANSFORMAR","1,2,3_ESCUELAS",DGCOP,CASA POR CASA,2025,2026-06-10 18:32:07.310,actualizacion_dgcop,,,EN PROCESO,33.04,JUAN HERNANDEZ,PREESCOLAR,,,,DGCOP,0101000020E610000061F1E54F65C458C0D3927D46D83E3340,https://maps.app.goo.gl/xvHp9u77w8rymJEA6,LIMITE DEL DEPORTIVO,XOCHIMILCO,SANTA CRUZ ACALPIXCA (PBLO),PLATSOBSE_DGCOP_1_2_3_ESCUELAS_CUAILAMA_09DJN0643Q_09DJN0643Q,2797,ACTIVO,,,,,,
09DES0133Y,ALBERT SCHWEITZER,,ESPACIO_PUBLICO,OBRAS QUE TRANSFORMAN EL ESPACIO PUBLICO Y CONTRIBUYEN AL DERECHO A LA CIUDAD,"1,2,3 POR MI ESCUELA RENOVAR PARA TRANSFORMAR","1,2,3_ESCUELAS",DGCOP,CASA POR CASA,2025,,,,,TERMINADO,100.0,JUAN HERNANDEZ,SECUNDARIA,,,,DGCOP,0101000020E610000052D7DAFB54C458C0C39ACAA2B0673340,https://maps.app.goo.gl/D12xRt3SyZXDpbGbA,CALLE 2,IZTACALCO,PANTITLAN IV,PLATSOBSE_DGCOP_1_2_3_ESCUELAS_ALBERT_SCHWEITZER_09DES0133Y_09DES0133Y,2815,ACTIVO,,,,,,
09DPR1593W,MAESTRA JUANA PALACIOS,,ESPACIO_PUBLICO,OBRAS QUE TRANSFORMAN EL ESPACIO PUBLICO Y CONTRIBUYEN AL DERECHO A LA CIUDAD,"1,2,3 POR MI ESCUELA RENOVAR PARA TRANSFORMAR","1,2,3_ESCUELAS",DGCOP,CASA POR CASA,2025,2026-06-10 18:52:31.446,actualizacion_dgcop,,,EN PROCESO,21.46,JUAN HERNANDEZ,PRIMARIA,,,,DGCOP,0101000020E6100000AAD381ACA7C958C0158DB5BFB3793340,https://maps.app.goo.gl/HUyo2sLsiwyiy3nz8,CENTRAL SUR,AZCAPOTZALCO,PRO HOGAR I,PLATSOBSE_DGCOP_1_2_3_ESCUELAS_MAESTRA_JUANA_PALACIOS_09DPR1593W_09DPR1593W,2798,ACTIVO,,,,,,
09DPR0918E,REPUBLICA DE RUANDA,,ESPACIO_PUBLICO,OBRAS QUE TRANSFORMAN EL ESPACIO PUBLICO Y CONTRIBUYEN AL DERECHO A LA CIUDAD,"1,2,3 POR MI ESCUELA RENOVAR PARA TRANSFORMAR","1,2,3_ESCUELAS",DGCOP,CASA POR CASA,2025,2026-06-03 18:39:33.748,actualizacion_dgcop,,,TERMINADO,100.0,JUAN HERNANDEZ,PRIMARIA,,,,DGCOP,0101000020E6100000EC4CA1F31AC658C055D97745F0633340,https://maps.app.goo.gl/4e4g6QLfkHhM7EUT6,SUR 159,IZTACALCO,RAMOS MILLAN BRAMADERO I,PLATSOBSE_DGCOP_1_2_3_ESCUELAS_REPUBLICA_DE_RUANDA_09DPR0918E_09DPR0918E,2826,ACTIVO,,,,,,
09DJN0048R,CONCEPCION GONZALEZ NARANJO,,ESPACIO_PUBLICO,OBRAS QUE TRANSFORMAN EL ESPACIO PUBLICO Y CONTRIBUYEN AL DERECHO A LA CIUDAD,"1,2,3 POR MI ESCUELA RENOVAR PARA TRANSFORMAR","1,2,3_ESCUELAS",DGCOP,CASA POR CASA,2025,2026-06-10 16:29:51.348,actualizacion_dgcop,,,EN PROCESO,97.0,JUAN HERNANDEZ,PREESCOLAR,,,,DGCOP,0101000020E61000007AE3A430EFC358C0AB9509BFD4673340,https://maps.app.goo.gl/qLn5P6AtpEbqm7gX9,CALLE 5,IZTACALCO,PANTITLAN V,PLATSOBSE_DGCOP_1_2_3_ESCUELAS_CONCEPCION_GONZALEZ_NARANJO_09DJN0048R_09DJN0048R,2789,ACTIVO,,,,,,
09DJN0067F,MEXITLI,,ESPACIO_PUBLICO,OBRAS QUE TRANSFORMAN EL ESPACIO PUBLICO Y CONTRIBUYEN AL DERECHO A LA CIUDAD,"1,2,3 POR MI ESCUELA RENOVAR PARA TRANSFORMAR","1,2,3_ESCUELAS",DGCOP,CASA POR CASA,2025,2026-06-03 19:05:21.688,actualizacion_dgcop,,,TERMINADO,100.0,JUAN HERNANDEZ,PREESCOLAR,,,,DGCOP,0101000020E61000002079E75086C758C0950ED6FF39643340,https://maps.app.goo.gl/1kvReeGgJztTxVeE8,PASCUAL OROZCO,IZTACALCO,SAN MIGUEL (BARR),PLATSOBSE_DGCOP_1_2_3_ESCUELAS_MEXITLI_09DJN0067F_09DJN0067F,2805,ACTIVO,,,,,,
09DPR2063N,JUAREZ Y CONSTITUCION,,ESPACIO_PUBLICO,OBRAS QUE TRANSFORMAN EL ESPACIO PUBLICO Y CONTRIBUYEN AL DERECHO A LA CIUDAD,"1,2,3 POR MI ESCUELA RENOVAR PARA TRANSFORMAR","1,2,3_ESCUELAS",DGCOP,CASA POR CASA,2025,2026-06-03 19:14:13.565,actualizacion_dgcop,,,TERMINADO,100.0,JUAN HERNANDEZ,PRIMARIA,,,,DGCOP,0101000020E6100000A81DFE9AACC058C0EED0B01875413340,https://maps.app.goo.gl/ujMSEV8F14GiLfFG8,FRANCISCO PRESA ESQUINA CALLE CANAL NACIONAL AMECAMECA,XOCHIMILCO,SANTIAGO TULYEHUALCO (PBLO),PLATSOBSE_DGCOP_1_2_3_ESCUELAS_JUAREZ_Y_CONSTITUCION_09DPR2063N_09DPR2063N,2804,ACTIVO,,,,,,
PLATSOBSE_DGCOP_REHABILITACION_CONSTRUCCION_EJE_5_SUR,EJE 5 SUR - EJE 3 ORIENTE,,ESPACIO_PUBLICO,OBRAS QUE TRANSFORMAN EL ESPACIO PUBLICO Y CONTRIBUYEN AL DERECHO A LA CIUDAD,REHABILITACION Y CONSTRUCCION DE PUENTES VEHICULARES,PUENTES_VEHICULARES,DGCOP,,2025,,,,,TERMINADA,100.0,JUAN HERNANDEZ,PUENTES VEHICULARES,,,,DGCOP,0101000020E61000004A0A0B7200C758C0661258AD0A613340,https://maps.app.goo.gl/YyyZ3NUqaGGnmP8X7,,IZTAPALAPA,EL PRADO,PLATSOBSE_DGCOP_REHABILITACION_CONSTRUCCION_EJE_5_SUR,3946,ACTIVO,,,,,geoestadistica,2026-06-03 23:55:21.001401+00
09DJN0391C,RUDYARD KIPLING,,ESPACIO_PUBLICO,OBRAS QUE TRANSFORMAN EL ESPACIO PUBLICO Y CONTRIBUYEN AL DERECHO A LA CIUDAD,"1,2,3 POR MI ESCUELA RENOVAR PARA TRANSFORMAR","1,2,3_ESCUELAS",DGCOP,CASA POR CASA,2025,2026-06-10 16:29:31.229,actualizacion_dgcop,,,EN PROCESO,97.25,JUAN HERNANDEZ,PREESCOLAR,,,,DGCOP,0101000020E61000007C7F83F6EACC58C0DA9255116E823340,https://maps.app.goo.gl/TjrmBrU7Dxp41sXq6,HIDROGENO,AZCAPOTZALCO,EL ROSARIO C (U HAB),PLATSOBSE_DGCOP_1_2_3_ESCUELAS_RUDYARD_KIPLING_09DJN0391C_09DJN0391C,2792,ACTIVO,,,,,,
09DPR2002Z,SALVADOR TREJO ESCOBEDO,,ESPACIO_PUBLICO,OBRAS QUE TRANSFORMAN EL ESPACIO PUBLICO Y CONTRIBUYEN AL DERECHO A LA CIUDAD,"1,2,3 POR MI ESCUELA RENOVAR PARA TRANSFORMAR","1,2,3_ESCUELAS",DGCOP,TERRITORIOS DE PAZ,2025,2026-06-10 18:06:31.502,actualizacion_dgcop,,,EN PROCESO,77.74,JUAN HERNANDEZ,PRIMARIA,,,,DGCOP,0101000020E61000007349D57613C958C0C713419C87333340,https://maps.app.goo.gl/FzLJti8vk373TuqG6,CALLE VICENTE GUERRERO,TLALPAN,SAN MIGUEL TOPILEJO (PBLO),PLATSOBSE_DGCOP_1_2_3_ESCUELAS_SALVADOR_TREJO_ESCOBEDO_09DPR2002Z_09DPR2002Z,2831,ACTIVO,,,,,,
68,68 DEPORTIVO SAN ANDRES AHUAYUCAN,13.0,GRANDES_OBRAS,GRANDES OBRAS QUE TRANSFORMAN LA CAPITAL,EL BALON VUELVE AL BARRIO,BALON_BARRIO,DGOIV,OBRAS DEL MUNDIAL,2026,2026-05-22 23:22:00.761,actualizacion_dgpest,2026-05-01,,TERMINADO,100.0,JUAN HERNANDEZ,FUTBOL 11,4050.0,PASTO SINTETICO,,DGPEST,0101000020E6100000CD069964E4C658C0029A081B9E3A3340,https://maps.app.goo.gl/Dhosn4YD7x4e5CSJ8,"CAM. REAL SAN ANDRÉS A SAN LUCAS, SAN ANDRÉS AHUAYUCAN, XOCHIMILCO, 16810 CIUDAD DE MÉXICO, CDMX",XOCHIMILCO,SAN ANDRES AHUAYUCAN (PBLO),PLATSOBSE_DGOIV_BALON_BARRIO_68_DEPORTIVO_SAN_ANDRES_AHUAYUCAN_68,2506,ACTIVO,,,,,,
128,128 PARQUE CERRITO TEZONTLE,13.0,GRANDES_OBRAS,GRANDES OBRAS QUE TRANSFORMAN LA CAPITAL,EL BALON VUELVE AL BARRIO,BALON_BARRIO,DGSUS,OBRAS DEL MUNDIAL,2026,2026-05-13 19:04:11.693,actualizacion_dgpest,2026-04-21,,INAUGURADA,100.0,JUAN HERNANDEZ,FUTBOL RAPIDO,1200.0,PASTO SINTETICO,,DGPEST,0101000020E610000057B2632310C158C0FE0B040132583340,https://maps.app.goo.gl/LdPp3aEe3RV8j9Wr8,"XALPA, IZTAPALAPA, 09640 CIUDAD DE MÉXICO, CDMX",IZTAPALAPA,XALPA,PLATSOBSE_DGSUS_BALON_BARRIO_128_PARQUE_CERRITO_TEZONTLE_128,2521,ACTIVO,,,,,,
129,129 CANCHA PARQUE HIGUERA,13.0,GRANDES_OBRAS,GRANDES OBRAS QUE TRANSFORMAN LA CAPITAL,EL BALON VUELVE AL BARRIO,BALON_BARRIO,DGSUS,OBRAS DEL MUNDIAL,2026,2026-05-13 19:04:38.872,actualizacion_dgpest,2026-04-22,,INAUGURADA,100.0,JUAN HERNANDEZ,FUTBOL RAPIDO,1200.0,CONCRETO,SE ENTREGÓ OFICIO A LA ALCALDÍA. AÚN NO SE LIBERA.,DGPEST,0101000020E61000007E350708E6C058C0371C96067E543340,https://maps.app.goo.gl/9UVBgydKtevgeVw68,"Piscis S/N, Xalpa, Iztapalapa, 09640 Ciudad de México, CDMX",IZTAPALAPA,LOMAS DE LA ESTANCIA,PLATSOBSE_DGSUS_BALON_BARRIO_129_CANCHA_PARQUE_HIGUERA_129,2522,ACTIVO,,,,,,
161,161 PARQUE DE LOS VENADOS,13.0,GRANDES_OBRAS,GRANDES OBRAS QUE TRANSFORMAN LA CAPITAL,EL BALON VUELVE AL BARRIO,BALON_BARRIO,DGSUS,OBRAS DEL MUNDIAL,2026,2026-05-13 19:11:19.695,actualizacion_dgpest,2026-04-07,,INAUGURADA,100.0,JUAN HERNANDEZ,MULTICANCHA,600.0,CONCRETO,,DGPEST,0101000020E61000001FD4EA50F2C958C042469B3E965F3340,https://maps.app.goo.gl/pym8JFiAqCykstwc9,"Miguel Laurent, Letran Valle, Benito Juárez, 03303 Ciudad de México, CDMX",BENITO JUÁREZ,PORTALES NORTE,PLATSOBSE_DGSUS_BALON_BARRIO_161_PARQUE_DE_LOS_VENADOS_161,2722,ACTIVO,,,,,,
152,"152 MODULO DEPORTIVO ""TECPALLO""",13.0,GRANDES_OBRAS,GRANDES OBRAS QUE TRANSFORMAN LA CAPITAL,EL BALON VUELVE AL BARRIO,BALON_BARRIO,DGSUS,OBRAS DEL MUNDIAL,2026,,,,,TERMINADO,100.0,JUAN HERNANDEZ,MULTICANCHA,600.0,CONCRETO,OBRA POR ADMINISTRACION,DGPEST,0101000020E6100000C173EFE192BF58C0B35C363AE72F3340,https://maps.app.goo.gl/xBX5GaWij4UnZ6FQA,"S/N, PROL. VICENTE GUERRERO SUR, SAN JUAN TEPENAHUAC, MILPA ALTA, 12800 SAN FRANCISCO TECOXPA, CDMX",MILPA ALTA,SAN JUAN TEPENAHUAC,PLATSOBSE_DGSUS_BALON_BARRIO_152_MODULO_DEPORTIVO_TECPALLO_152,2525,ACTIVO,,,,,,
09DPR2312D,REPUBLICA DE ARGELIA,,ESPACIO_PUBLICO,OBRAS QUE TRANSFORMAN EL ESPACIO PUBLICO Y CONTRIBUYEN AL DERECHO A LA CIUDAD,"1,2,3 POR MI ESCUELA RENOVAR PARA TRANSFORMAR","1,2,3_ESCUELAS",DGCOP,CASA POR CASA,2025,2026-06-03 18:28:01.034,actualizacion_dgcop,,,TERMINADO,100.0,JUAN HERNANDEZ,PRIMARIA,,,,DGCOP,0101000020E6100000168733BF9AC758C0AC0320EEEA613340,https://maps.app.goo.gl/cZorY5A5cjEUsiHQA,ALFREDO CHAVERO,IZTACALCO,CAMPAMENTO 2 DE OCTUBRE II,PLATSOBSE_DGCOP_1_2_3_ESCUELAS_REPUBLICA_DE_ARGELIA_09DPR2312D_09DPR2312D,2824,ACTIVO,,,,,,
120,120 DEPORTIVO LA JOYA IZTAPALAPA,13.0,GRANDES_OBRAS,GRANDES OBRAS QUE TRANSFORMAN LA CAPITAL,EL BALON VUELVE AL BARRIO,BALON_BARRIO,DGSUS,OBRAS DEL MUNDIAL,2026,2026-06-10 17:32:50.349,actualizacion_dgpest,,,TERMINADO,100.0,JUAN HERNANDEZ,FUTBOL 11,4050.0,PASTO SINTETICO,,DGPEST,0101000020E6100000DE59BBED42BF58C0F73E5585065A3340,https://maps.app.goo.gl/ybL6rAVrvPJAejhz9,"SAN MIGUEL TEOTONGO, IZTAPALAPA, 09630 CIUDAD DE MÉXICO, CDMX",IZTAPALAPA,SAN MIGUEL TEOTONGO SECC PUENTE,PLATSOBSE_DGSUS_BALON_BARRIO_120_DEPORTIVO_LA_JOYA_IZTAPALAPA_120,2519,ACTIVO,,,,,,
09DPR5157W,ATENEO DE LA JUVENTUD,,ESPACIO_PUBLICO,OBRAS QUE TRANSFORMAN EL ESPACIO PUBLICO Y CONTRIBUYEN AL DERECHO A LA CIUDAD,"1,2,3 POR MI ESCUELA RENOVAR PARA TRANSFORMAR","1,2,3_ESCUELAS",DGCOP,TERRITORIOS DE PAZ,2025,2026-06-10 17:31:50.439,actualizacion_dgcop,,,EN PROCESO,92.12,JUAN HERNANDEZ,PRIMARIA,,,,DGCOP,0101000020E61000008CD9925511C958C0F4FDD478E9323340,https://maps.app.goo.gl/tPuHs21aH4jQj7vS9,TETENCO,TLALPAN,SAN MIGUEL TOPILEJO (PBLO),PLATSOBSE_DGCOP_1_2_3_ESCUELAS_ATENEO_DE_LA_JUVENTUD_09DPR5157W_09DPR5157W,2847,ACTIVO,,,,,,
1,PANTEON MINISTERIAL SAN LORENZO TEZONCO,,GRANDES_OBRAS,GRANDES OBRAS QUE TRANSFORMAN LA CAPITAL,CENTRO DE RESGUARDO TEMPORAL,RESGUARDO_TEMP,DGCOP,,2026,,,,,SIN INICIAR,0.0,JUAN HERNANDEZ,,,,,DGCOP,0101000020E6100000BAE34A4EF9C358C058E5CF20904E3340,https://maps.app.goo.gl/JnMmGUUafogF1kxv9,AV TLAHUAC,IZTAPALAPA,PUEBLO SAN LORENZO TEZONCO,PLATSOBSE_DGCOP_RESGUARDO_TEMP_PANTEON_MINISTERIAL_SAN_LORENZO_TEZONCO_1,3765,ACTIVO,,,,,,
09DJN1080G,PACTO FEDERAL,,ESPACIO_PUBLICO,OBRAS QUE TRANSFORMAN EL ESPACIO PUBLICO Y CONTRIBUYEN AL DERECHO A LA CIUDAD,"1,2,3 POR MI ESCUELA RENOVAR PARA TRANSFORMAR","1,2,3_ESCUELAS",DGCOP,CASA POR CASA,2025,2026-06-10 16:31:04.239,actualizacion_dgcop,,,EN PROCESO,97.0,JUAN HERNANDEZ,PREESCOLAR,,,,DGCOP,0101000020E61000006B2DCC423BCD58C02B323A2009833340,https://maps.app.goo.gl/9xVmsYKwJGaiFbyx6,ASTRONOMIA,AZCAPOTZALCO,EL ROSARIO A (U HAB),PLATSOBSE_DGCOP_1_2_3_ESCUELAS_PACTO_FEDERAL_09DJN1080G_09DJN1080G,2806,ACTIVO,,,,,,
113,113 PARQUE PERIFERICO ORIENTE TENOCHTITLAN,13.0,GRANDES_OBRAS,GRANDES OBRAS QUE TRANSFORMAN LA CAPITAL,EL BALON VUELVE AL BARRIO,BALON_BARRIO,DGSUS,OBRAS DEL MUNDIAL,2026,2026-06-10 17:33:53.301,actualizacion_dgpest,,,TERMINADO,100.0,JUAN HERNANDEZ,FUTBOL RAPIDO,1200.0,PASTO SINTETICO,,DGPEST,0101000020E61000002041F163CCC358C041295AB917603340,https://maps.app.goo.gl/wFJ681qfgF3aEovt7,"CHINAM PAC DE JUÁREZ, IZTAPALAPA, 09208 CIUDAD DE MÉXICO, CDMX",IZTAPALAPA,CHINAM PAC DE JUÁREZ,PLATSOBSE_DGSUS_BALON_BARRIO_113_PARQUE_PERIFERICO_ORIENTE_TENOCHTITLAN_113,2515,ACTIVO,,,,,,
71,71 CANCHA LAZARO CARDENAS,13.0,GRANDES_OBRAS,GRANDES OBRAS QUE TRANSFORMAN LA CAPITAL,EL BALON VUELVE AL BARRIO,BALON_BARRIO,DGOIV,OBRAS DEL MUNDIAL,2026,2026-06-10 17:34:43.065,actualizacion_dgpest,,,EN PROCESO,89.0,JUAN HERNANDEZ,FUTBOL 11,4050.0,PASTO SINTETICO,,DGPEST,0101000020E610000034A2B437F8C458C0D1CB28965B3E3340,https://maps.app.goo.gl/zH1wxJRKPtgQhHrM7,"ALCANFOR 377, SANTA CRUZ ACALPIXCA, XOCHIMILCO, 16520 CIUDAD DE MÉXICO, CDMX",XOCHIMILCO,SANTA CRUZ ACALPIXCA (PBLO),PLATSOBSE_DGOIV_BALON_BARRIO_71_CANCHA_LAZARO_CARDENAS_71,2508,ACTIVO,,,,,,
09DES0282F,GILBERTO BORJA NAVARRETE,,ESPACIO_PUBLICO,OBRAS QUE TRANSFORMAN EL ESPACIO PUBLICO Y CONTRIBUYEN AL DERECHO A LA CIUDAD,"1,2,3 POR MI ESCUELA RENOVAR PARA TRANSFORMAR","1,2,3_ESCUELAS",DGCOP,CASA POR CASA,2025,2026-06-10 18:06:51.691,actualizacion_dgcop,,,EN PROCESO,76.38,JUAN HERNANDEZ,SECUNDARIA,,,,DGCOP,0101000020E6100000BC9179E40FC558C058C9C7EE02813340,https://maps.app.goo.gl/Yjj9CnLL4hSsjVwVA,C. 329,GUSTAVO A. MADERO,NUEVA ATZACOALCO I,PLATSOBSE_DGCOP_1_2_3_ESCUELAS_GILBERTO_BORJA_NAVARRETE_09DES0282F_09DES0282F,2809,ACTIVO,,,,,,
09DPR3168O,PROFR. RUBEN MOREIRA COBOS,,ESPACIO_PUBLICO,OBRAS QUE TRANSFORMAN EL ESPACIO PUBLICO Y CONTRIBUYEN AL DERECHO A LA CIUDAD,"1,2,3 POR MI ESCUELA RENOVAR PARA TRANSFORMAR","1,2,3_ESCUELAS",DGCOP,CASA POR CASA,2025,2026-05-13 19:22:12.052,actualizacion_dgcop,,,TERMINADO,100.0,JUAN HERNANDEZ,PRIMARIA,,,,DGCOP,0101000020E6100000B344679945C458C04436902E36693340,https://maps.app.goo.gl/2yxjeyon5Qb6BNEPA,CALLE 2,IZTACALCO,PANTITLAN IV,PLATSOBSE_DGCOP_1_2_3_ESCUELAS_PROFR_RUBEN_MOREIRA_COBOS_09DPR3168O_09DPR3168O,2841,ACTIVO,,,,,,
299,299 CANCHA CEHUANTEPEC,13.0,GRANDES_OBRAS,GRANDES OBRAS QUE TRANSFORMAN LA CAPITAL,EL BALON VUELVE AL BARRIO,BALON_BARRIO,DGPEST,OBRAS DEL MUNDIAL,2026,2026-05-20 01:23:30.766,admin,2026-03-29,,INAUGURADA,100.0,JUAN HERNANDEZ,FUTBOL RAPIDO,1200.0,CONCRETO,,DGPEST,0101000020E61000001D2098A3C7CB58C06F4A79AD84463340,https://maps.app.goo.gl/Wu9kxK632F3E4EP38,"C. 2 CEHUANTEPEC 139, MESA LOS HORNOS, TLALPAN, 14420 CIUDAD DE MÉXICO, CDMX",TLALPAN,MESA DE LOS HORNOS,PLATSOBSE_DGPEST_BALON_BARRIO_299_CANCHA_CEHUANTEPEC_299,2644,ACTIVO,,,,,,
115,115 PILARES FACUNDO CABRAL,13.0,GRANDES_OBRAS,GRANDES OBRAS QUE TRANSFORMAN LA CAPITAL,EL BALON VUELVE AL BARRIO,BALON_BARRIO,DGSUS,OBRAS DEL MUNDIAL,2026,2026-05-20 17:36:44.033,actualizacion_dgpest,,,TERMINADO,100.0,JUAN HERNANDEZ,FUTBOL 11,4050.0,TIERRA,NO LE HA LLEGADO EL ALCANCE A LA ADMINISTRADRA DE PILARES.PENDIENTE DE VISITA AL SITIO.,DGPEST,0101000020E61000008A93FB1D8AC658C0AB2688BA0F583340,https://maps.app.goo.gl/kBEgpFPuYG8yF58i8,MOCTEZUMA S/N,IZTAPALAPA,LOS REYES,PLATSOBSE_DGSUS_BALON_BARRIO_115_PILARES_FACUNDO_CABRAL_115,2517,ACTIVO,,,,,,
1,CENTRO DE TRANSFERENCIA MODAL (CETRAM) INDIOS VERDES,,ESPACIO_PUBLICO,OBRAS QUE TRANSFORMAN EL ESPACIO PUBLICO Y CONTRIBUYEN AL DERECHO A LA CIUDAD,REHABILITACION Y CONSTRUCCION DE PUENTES PEATONALES,PUENTES_PEATONALES,DGCOP,ATENCION CIUDADANA,2025,,,,,TERMINADO,100.0,JUAN HERNANDEZ,PUENTES PEATONALES,,,,DGCOP,0101000020E610000095B54DF1B8C758C0D3838252B47E3340,https://maps.app.goo.gl/8d5UH4WCz3ZtNwPj8,AV. INSURGENTES NORTE,GUSTAVO A. MADERO,RESIDENCIAL ZACATENCO,PLATSOBSE_DGCOP_PUENTES_PEATONALES_CENTRO_DE_TRANSFERENCIA_MODAL_CETRAM_INDIOS_VERDES_1,3353,ACTIVO,,,,,,
83,83 CANCHA DEPORTIVO EDUARDO MOLINA,13.0,GRANDES_OBRAS,GRANDES OBRAS QUE TRANSFORMAN LA CAPITAL,EL BALON VUELVE AL BARRIO,BALON_BARRIO,DGOIV,OBRAS DEL MUNDIAL,2026,2026-05-20 17:38:47.565,actualizacion_dgpest,,,TERMINADO,100.0,JUAN HERNANDEZ,FUTBOL 7,1750.0,PASTO SINTETICO,,DGPEST,0101000020E6100000327216F6B4C758C020D26F5F076A3340,https://maps.app.goo.gl/tx9vaZL1HhLK8Wg9A,"Eduardo Molina 189-local 2, 20 de Noviembre, Venustiano Carranza, 15300 Ciudad de México, CDMX",VENUSTIANO CARRANZA,20 DE NOVIEMBRE,PLATSOBSE_DGOIV_BALON_BARRIO_83_CANCHA_DEPORTIVO_EDUARDO_MOLINA_83,2511,ACTIVO,,,,,,
3,CARRETERA FEDERAL A TOLUCA- CARLOS ECHANOVE,,ESPACIO_PUBLICO,OBRAS QUE TRANSFORMAN EL ESPACIO PUBLICO Y CONTRIBUYEN AL DERECHO A LA CIUDAD,REHABILITACION Y CONSTRUCCION DE PUENTES PEATONALES,PUENTES_PEATONALES,DGCOP,ATENCION CIUDADANA,2025,,,,,TERMINADO,100.0,JUAN HERNANDEZ,PUENTES PEATONALES,,,,DGCOP,0101000020E61000006FDDE7B5FFD158C0CC0A0F3A175D3340,https://maps.app.goo.gl/JzzX1nBFvC1zxRqW8,CARRETERA FEDERAL A TOLUCA - CARLOS ECHANOVE,CUAJIMALPA DE MORELOS,LOMAS DE VISTA HERMOSA,PLATSOBSE_DGCOP_PUENTES_PEATONALES_CARRETERA_FEDERAL_A_TOLUCA_CARLOS_ECHANOVE_3,3354,ACTIVO,,,,,,
10,BLVD. PUERTO AEREO Y CALLE NORTE 25,,ESPACIO_PUBLICO,OBRAS QUE TRANSFORMAN EL ESPACIO PUBLICO Y CONTRIBUYEN AL DERECHO A LA CIUDAD,REHABILITACION Y CONSTRUCCION DE PUENTES PEATONALES,PUENTES_PEATONALES,DGCOP,EMERGENCIAS,2025,,,,,TERMINADO,100.0,JUAN HERNANDEZ,PUENTES PEATONALES,,,,DGCOP,0101000020E61000000BB8E7F9D3C558C0035B25581C6E3340,https://maps.app.goo.gl/LKtXRJbbmiNLFWpz5,BLVD. PUERTO AEREO,VENUSTIANO CARRANZA,MOCTEZUMA 2A SECCION II,PLATSOBSE_DGCOP_PUENTES_PEATONALES_BLVD_PUERTO_AEREO_Y_CALLE_NORTE_25_10,3361,ACTIVO,,,,,,
5,RIO DE LA MAGDALENA CASI ESQUINA CON ACOPATITLA,,ESPACIO_PUBLICO,OBRAS QUE TRANSFORMAN EL ESPACIO PUBLICO Y CONTRIBUYEN AL DERECHO A LA CIUDAD,REHABILITACION Y CONSTRUCCION DE PUENTES PEATONALES,PUENTES_PEATONALES,DGCOP,EMERGENCIAS,2025,,,,,TERMINADO,100.0,JUAN HERNANDEZ,PUENTES PEATONALES,,,,DGCOP,0101000020E610000007EF39089ACC58C0DE9CC0585B563340,https://maps.app.goo.gl/4rwvEQwvMfpqWfEc9,RIO DE LA MAGDALENA,ÁLVARO OBREGÓN,TIZAPAN_TIZAPAN SAN ANGEL,PLATSOBSE_DGCOP_PUENTES_PEATONALES_RIO_DE_LA_MAGDALENA_CASI_ESQUINA_CON_ACOPATITLA_5,3356,ACTIVO,,,,,,
09DPR0122Z,PRESIDENTE VICENTE ROCAFUERTE,,ESPACIO_PUBLICO,OBRAS QUE TRANSFORMAN EL ESPACIO PUBLICO Y CONTRIBUYEN AL DERECHO A LA CIUDAD,"1,2,3 POR MI ESCUELA RENOVAR PARA TRANSFORMAR","1,2,3_ESCUELAS",DGCOP,CASA POR CASA,2025,2026-06-10 18:09:37.978,actualizacion_dgcop,,,EN PROCESO,70.94,JUAN HERNANDEZ,PRIMARIA,,,,DGCOP,0101000020E610000001C22E659DC358C0E0BB018A676C3340,https://maps.app.goo.gl/2yzWqpeXvuc9A99r7,COXCOX,VENUSTIANO CARRANZA,EL ARENAL 2A SECCION,PLATSOBSE_DGCOP_1_2_3_ESCUELAS_PRESIDENTE_VICENTE_ROCAFUERTE_09DPR0122Z_09DPR0122Z,2830,ACTIVO,,,,,,
09DPR2377N,LORENZA ROSALES,,ESPACIO_PUBLICO,OBRAS QUE TRANSFORMAN EL ESPACIO PUBLICO Y CONTRIBUYEN AL DERECHO A LA CIUDAD,"1,2,3 POR MI ESCUELA RENOVAR PARA TRANSFORMAR","1,2,3_ESCUELAS",DGCOP,CASA POR CASA,2025,2026-06-10 17:53:40.650,actualizacion_dgcop,,,EN PROCESO,90.0,JUAN HERNANDEZ,PRIMARIA,,,,DGCOP,0101000020E6100000620FED6305C858C09AEC9FA701733340,https://maps.app.goo.gl/1X3qRi4etJjJxWhW6,JARCIERIA,VENUSTIANO CARRANZA,MORELOS I,PLATSOBSE_DGCOP_1_2_3_ESCUELAS_LORENZA_ROSALES_09DPR2377N_09DPR2377N,2833,ACTIVO,,,,,,
09DPR3273Z,AMALIA GONZALEZ CABALLERO,,ESPACIO_PUBLICO,OBRAS QUE TRANSFORMAN EL ESPACIO PUBLICO Y CONTRIBUYEN AL DERECHO A LA CIUDAD,"1,2,3 POR MI ESCUELA RENOVAR PARA TRANSFORMAR","1,2,3_ESCUELAS",DGCOP,CASA POR CASA,2025,2026-06-10 17:40:19.445,actualizacion_dgcop,,,EN PROCESO,97.0,JUAN HERNANDEZ,PRIMARIA,,,,DGCOP,0101000020E6100000B328ECA2E8CC58C06DCA15DEE5823340,https://maps.app.goo.gl/jx6SL3M6Xpjw4z71A,TEJEDORES,AZCAPOTZALCO,EL ROSARIO B (U HAB),PLATSOBSE_DGCOP_1_2_3_ESCUELAS_AMALIA_GONZALEZ_CABALLERO_09DPR3273Z_09DPR3273Z,2837,ACTIVO,,,,,,
09DPR2286W,ACAMAPICHTLI,,ESPACIO_PUBLICO,OBRAS QUE TRANSFORMAN EL ESPACIO PUBLICO Y CONTRIBUYEN AL DERECHO A LA CIUDAD,"1,2,3 POR MI ESCUELA RENOVAR PARA TRANSFORMAR","1,2,3_ESCUELAS",DGCOP,CASA POR CASA,2025,2026-06-10 18:03:09.210,actualizacion_dgcop,,,EN PROCESO,81.0,JUAN HERNANDEZ,PRIMARIA,,,,DGCOP,0101000020E61000006919A9F754C458C0EA23F0879F673340,https://maps.app.goo.gl/VTf76Xrtca965P4N9,CALLE 2,IZTACALCO,PANTITLAN IV,PLATSOBSE_DGCOP_1_2_3_ESCUELAS_ACAMAPICHTLI_09DPR2286W_09DPR2286W,2838,ACTIVO,,,,,,
17,AV. OTE. 160 UNIDAD MODELO,,ESPACIO_PUBLICO,OBRAS QUE TRANSFORMAN EL ESPACIO PUBLICO Y CONTRIBUYEN AL DERECHO A LA CIUDAD,MODULOS DE POLICIAS,MOD_POLICIA,DGCOP,GABINETE,2025,,,,,TERMINADO,100.0,JUAN HERNANDEZ,MODULO DE POLICIAS,,,,DGCOP,0101000020E6100000FF976BD102C858C0F1660DDE575D3340,https://maps.app.goo.gl/vCRtuvsgugEwEioj9,AVENIDA ORIENTE 160,IZTAPALAPA,MODELO (U),PLATSOBSE_DGCOP_MOD_POLICIA_AV_OTE_160_UNIDAD_MODELO_17,3169,ACTIVO,,,,,,
20,AV. TETIZ,,ESPACIO_PUBLICO,OBRAS QUE TRANSFORMAN EL ESPACIO PUBLICO Y CONTRIBUYEN AL DERECHO A LA CIUDAD,MODULOS DE POLICIAS,MOD_POLICIA,DGCOP,CASA POR CASA,2025,,,,,TERMINADO,100.0,JUAN HERNANDEZ,MODULO DE POLICIAS,,,,DGCOP,0101000020E610000096438B6CE7CE58C0DEC9A7C7B6483340,https://maps.app.goo.gl/W6PEaXvQMJKx5XJZ7,AV. TETIZ,TLALPAN,PEDREGAL DE SN NICOLAS 3A SECC,PLATSOBSE_DGCOP_MOD_POLICIA_AV_TETIZ_20,3173,ACTIVO,,,,,,
14,CALZ. CAMARONES - EJE 2 NORTE,,ESPACIO_PUBLICO,OBRAS QUE TRANSFORMAN EL ESPACIO PUBLICO Y CONTRIBUYEN AL DERECHO A LA CIUDAD,REHABILITACION Y CONSTRUCCION DE PUENTES PEATONALES,PUENTES_PEATONALES,DGCOP,ATENCION CIUDADANA,2025,,,,,TERMINADO,100.0,JUAN HERNANDEZ,PUENTES PEATONALES,,,,DGCOP,0101000020E61000003688CE3FE6CA58C080A85131ED753340,https://maps.app.goo.gl/s2jfCo39npYcqSAj7,CALZ. CAMARONES,AZCAPOTZALCO,SANTA MARIA MALINALCO (PBLO),PLATSOBSE_DGCOP_PUENTES_PEATONALES_CALZ_CAMARONES_EJE_2_NORTE_14,3365,ACTIVO,,,,,,
15,CALZ. CAMARONES ESQ. GALEANA,,ESPACIO_PUBLICO,OBRAS QUE TRANSFORMAN EL ESPACIO PUBLICO Y CONTRIBUYEN AL DERECHO A LA CIUDAD,REHABILITACION Y CONSTRUCCION DE PUENTES PEATONALES,PUENTES_PEATONALES,DGCOP,ATENCION CIUDADANA,2025,,,,,TERMINADO,100.0,JUAN HERNANDEZ,PUENTES PEATONALES,,,,DGCOP,0101000020E610000095B01C45B5CB58C0814E6579CF793340,https://maps.app.goo.gl/13xGi6unNmXd83YSA,CALZ. CAMARONES,AZCAPOTZALCO,SAN SALVADOR XOCHIMANCA,PLATSOBSE_DGCOP_PUENTES_PEATONALES_CALZ_CAMARONES_ESQ_GALEANA_15,3366,ACTIVO,,,,,,
85,85 ESTADIO SAN PEDRO MARTIR,13.0,GRANDES_OBRAS,GRANDES OBRAS QUE TRANSFORMAN LA CAPITAL,EL BALON VUELVE AL BARRIO,BALON_BARRIO,DGOIV,OBRAS DEL MUNDIAL,2026,2026-05-20 17:39:02.619,actualizacion_dgpest,,,TERMINADO,100.0,JUAN HERNANDEZ,MULTICANCHA,600.0,PASTO SINTETICO,SE COMENTA QUE ES UNA CANCHA PRIVADA,DGPEST,0101000020E6100000EBDF9AE040CB58C0F990A630A5443340,https://maps.app.goo.gl/YSMnECXSQf4jB2DB6,"El Mirador 59, Mirador 1ra Secc, Tlalpan, 14449 Ciudad de México, CDMX",TLALPAN,SAN PEDRO MARTIR,PLATSOBSE_DGOIV_BALON_BARRIO_85_ESTADIO_SAN_PEDRO_MARTIR_85,2656,ACTIVO,,,,,,
16,EJE 3 NTO.ESQ. TOCHTLI,,ESPACIO_PUBLICO,OBRAS QUE TRANSFORMAN EL ESPACIO PUBLICO Y CONTRIBUYEN AL DERECHO A LA CIUDAD,REHABILITACION Y CONSTRUCCION DE PUENTES PEATONALES,PUENTES_PEATONALES,DGCOP,ATENCION CIUDADANA,2025,,,,,TERMINADO,100.0,JUAN HERNANDEZ,PUENTES PEATONALES,,,,DGCOP,0101000020E6100000C74B378941CC58C0B24AE9995E7A3340,https://maps.app.goo.gl/CtQbKDGGuBAbEnML6,TOCHTLI,AZCAPOTZALCO,SANTA APOLONIA (BARR),PLATSOBSE_DGCOP_PUENTES_PEATONALES_EJE_3_NTO_ESQ_TOCHTLI_16,3367,ACTIVO,,,,,,
36,"AV. GALINDO Y VILLA, JARDIN BALBUENA",,ESPACIO_PUBLICO,OBRAS QUE TRANSFORMAN EL ESPACIO PUBLICO Y CONTRIBUYEN AL DERECHO A LA CIUDAD,REHABILITACION Y CONSTRUCCION DE PUENTES PEATONALES,PUENTES_PEATONALES,DGCOP,SUAC,2025,2026-05-20 01:02:51.028,admin,2025-02-12,,INAUGURADA,100.0,JUAN HERNANDEZ,PUENTES PEATONALES,,,,DGCOP,0101000020E61000002A46B9024BC658C05549E26A166A3340,https://maps.app.goo.gl/NPzpsXMQBTQtyDw48,AV. GALINDO Y VILLA,VENUSTIANO CARRANZA,JARDIN BALBUENA III,PLATSOBSE_DGCOP_PUENTES_PEATONALES_AV_GALINDO_Y_VILLA_JARDIN_BALBUENA_36,3383,ACTIVO,,,,,,
8,CARRETERA FEDERAL MEXICO-TOLUCA,,ESPACIO_PUBLICO,OBRAS QUE TRANSFORMAN EL ESPACIO PUBLICO Y CONTRIBUYEN AL DERECHO A LA CIUDAD,MODULOS DE POLICIAS,MOD_POLICIA,DGCOP,GABINETE,2025,,,,,TERMINADO,100.0,JUAN HERNANDEZ,MODULO DE POLICIAS,,,,DGCOP,0101000020E6100000C6DFF60489D058C040506EDBF7603340,https://maps.app.goo.gl/75QWBGqGxXd6iG6h9,ESQUINA CARRETERA FEDERAL MEXICO-TOLUCA,CUAJIMALPA DE MORELOS,PALO ALTO (GRANJAS),PLATSOBSE_DGCOP_MOD_POLICIA_CARRETERA_FEDERAL_MEXICO_TOLUCA_8,3175,ACTIVO,,,,,,
18,MARINA NACIONAL,,ESPACIO_PUBLICO,OBRAS QUE TRANSFORMAN EL ESPACIO PUBLICO Y CONTRIBUYEN AL DERECHO A LA CIUDAD,MODULOS DE POLICIAS,MOD_POLICIA,DGCOP,GABINETE,2025,,,,,TERMINADO,100.0,JUAN HERNANDEZ,MODULO DE POLICIAS,,,,DGCOP,0101000020E61000007FC16ED8B6CB58C0D769A4A5F2723340,https://maps.app.goo.gl/VgJifvnzbHgkToia7,AV. MARINA NACIONAL,MIGUEL HIDALGO,POPOTLA II,PLATSOBSE_DGCOP_MOD_POLICIA_MARINA_NACIONAL_18,3178,ACTIVO,,,,,,
116,116 PILARES CALMECAC,13.0,GRANDES_OBRAS,GRANDES OBRAS QUE TRANSFORMAN LA CAPITAL,EL BALON VUELVE AL BARRIO,BALON_BARRIO,DGSUS,OBRAS DEL MUNDIAL,2026,2026-05-13 19:01:11.057,actualizacion_dgpest,2026-04-21,,INAUGURADA,100.0,JUAN HERNANDEZ,MULTICANCHA,600.0,CONCRETO,,DGPEST,0101000020E6100000F241CF66D5BF58C068226C787A553340,https://maps.app.goo.gl/5Qw73kdbDjwJPK2M6,AVENIDA VALLE DE MEXICO S/N,IZTAPALAPA,MIRAVALLE,PLATSOBSE_DGSUS_BALON_BARRIO_116_PILARES_CALMECAC_116,2518,ACTIVO,,,,,,
106,106 PILARES ERNESTO CHE GUEVARA,13.0,GRANDES_OBRAS,GRANDES OBRAS QUE TRANSFORMAN LA CAPITAL,EL BALON VUELVE AL BARRIO,BALON_BARRIO,DGSUS,OBRAS DEL MUNDIAL,2026,2026-05-22 23:07:05.041,actualizacion_dgpest,2026-05-07,,INAUGURADA,100.0,JUAN HERNANDEZ,MULTICANCHA,600.0,CONCRETO,,DGPEST,0101000020E610000052616C21C8C158C03BC43F6CE95D3340,https://maps.app.goo.gl/zSywNi6Souhe8HhF7,CARLOS PACHECO S/N,IZTAPALAPA,EJERCITO DE ORIENTE ZONA PENON,PLATSOBSE_DGSUS_BALON_BARRIO_106_PILARES_ERNESTO_CHE_GUEVARA_106,2513,ACTIVO,,,,,,
13,C. ESTADO DE MEXICO S/N,,ESPACIO_PUBLICO,OBRAS QUE TRANSFORMAN EL ESPACIO PUBLICO Y CONTRIBUYEN AL DERECHO A LA CIUDAD,MODULOS DE POLICIAS,MOD_POLICIA,DGCOP,CASA POR CASA,2025,2026-05-20 01:00:43.171,admin,2026-02-22,,INAUGURADA,100.0,JUAN HERNANDEZ,MODULO DE POLICIAS,,,,DGCOP,0101000020E61000007CD45FAFB0C958C0D0B7054B758D3340,https://maps.app.goo.gl/mUzT4BEWwE2kqxaM9,ESTADO DE MEXICO,GUSTAVO A. MADERO,CHALMA DE GUADALUPE,PLATSOBSE_DGCOP_MOD_POLICIA_C_ESTADO_DE_MEXICO_S_N_13,3176,ACTIVO,,,,,,
166,166 CANCHA TACUBA,13.0,GRANDES_OBRAS,GRANDES OBRAS QUE TRANSFORMAN LA CAPITAL,EL BALON VUELVE AL BARRIO,BALON_BARRIO,DGCOP,OBRAS DEL MUNDIAL,2026,2026-05-13 19:15:47.571,actualizacion_dgpest,2026-04-29,,INAUGURADA,100.0,JUAN HERNANDEZ,MULTICANCHA,600.0,CONCRETO,,DGPEST,0101000020E6100000B98D06F016CC58C0D8614CFA7B753340,https://maps.app.goo.gl/3DavDYQ4868bmLjZ7,"AV. AQUILES SERDÁN 477, TACUBA, MIGUEL HIDALGO, 11410 CIUDAD DE MÉXICO, CDMX",MIGUEL HIDALGO,TACUBA,PLATSOBSE_DGCOP_BALON_BARRIO_166_CANCHA_TACUBA_166,2535,ACTIVO,,,,,,
3,BARRANCA DEL MUERTO 127,,ESPACIO_PUBLICO,OBRAS QUE TRANSFORMAN EL ESPACIO PUBLICO Y CONTRIBUYEN AL DERECHO A LA CIUDAD,MODULOS DE POLICIAS,MOD_POLICIA,DGCOP,GABINETE,2025,,,,,TERMINADO,100.0,JUAN HERNANDEZ,MODULO DE POLICIAS,,,,DGCOP,0101000020E6100000CBA145B6F3CB58C0D1CABDC0AC5C3340,https://maps.app.goo.gl/9YuKV4aDEPQYSJ6n9,BARRANCA DEL MUERTO,ÁLVARO OBREGÓN,GUADALUPE INN,PLATSOBSE_DGCOP_MOD_POLICIA_BARRANCA_DEL_MUERTO_127_3,3167,ACTIVO,,,,,,
127,127 PILARES VALLE DE LUCES,13.0,GRANDES_OBRAS,GRANDES OBRAS QUE TRANSFORMAN LA CAPITAL,EL BALON VUELVE AL BARRIO,BALON_BARRIO,DGSUS,OBRAS DEL MUNDIAL,2026,2026-06-10 17:34:08.999,actualizacion_dgpest,,,TERMINADO,100.0,JUAN HERNANDEZ,FUTBOL RAPIDO,1200.0,CONCRETO,,DGPEST,0101000020E61000005CE674594CC658C055698B6B7C563340,https://maps.app.goo.gl/JT3SoLvzbhowH1mT7,VALLE DEL PARAISO LT. 18,IZTAPALAPA,VALLE DE LUCES,PLATSOBSE_DGSUS_BALON_BARRIO_127_PILARES_VALLE_DE_LUCES_127,2520,ACTIVO,,,,,,
64,ALBNIZ Y RIO CONSULADO,,ESPACIO_PUBLICO,OBRAS QUE TRANSFORMAN EL ESPACIO PUBLICO Y CONTRIBUYEN AL DERECHO A LA CIUDAD,REHABILITACION Y CONSTRUCCION DE PUENTES PEATONALES,PUENTES_PEATONALES,DGCOP,OBRAS EN GENERAL,2025,,,,,TERMINADO,100.0,JUAN HERNANDEZ,PUENTES PEATONALES,,,,DGCOP,0101000020E610000021205F4205C958C0B282DF8618773340,https://maps.app.goo.gl/BvbZMKVK7e5Qpn1Z6,"EJE 1 PTE, PERALVILLO, CUAUHTEMOC, 06220 CIUDAD DE MEXICO, CDMX",CUAUHTÉMOC,SAN SIMON TOLNAHUAC,PLATSOBSE_DGCOP_PUENTES_PEATONALES_ALBNIZ_Y_RIO_CONSULADO_64,3352,ACTIVO,,,,,,
34,CTO. INTERIOR (AV. INSTITUTO TECNICO INDUSTRIAL) - 2A. CDA DE 7A. DE NOGAL,,ESPACIO_PUBLICO,OBRAS QUE TRANSFORMAN EL ESPACIO PUBLICO Y CONTRIBUYEN AL DERECHO A LA CIUDAD,REHABILITACION Y CONSTRUCCION DE PUENTES PEATONALES,PUENTES_PEATONALES,DGCOP,ATENCION CIUDADANA,2025,,,,,TERMINADO,100.0,JUAN HERNANDEZ,PUENTES PEATONALES,,,,DGCOP,0101000020E6100000A6AE2E3D82CA58C0D78C3550F3733340,https://maps.app.goo.gl/LmRC8jrAKngZgc8R6,CTO. INTERIOR,CUAUHTÉMOC,SANTA MARIA LA RIBERA I,PLATSOBSE_DGCOP_PUENTES_PEATONALES_CTO_INTERIOR_AV_INSTITUTO_TECNICO_INDUSTRIAL_2A_CDA_DE_7A_DE_NOGAL_34,3376,ACTIVO,,,,,,
156,"156 UTOPIA ""LIBERTAD""",13.0,GRANDES_OBRAS,GRANDES OBRAS QUE TRANSFORMAN LA CAPITAL,EL BALON VUELVE AL BARRIO,BALON_BARRIO,DGSUS,OBRAS DEL MUNDIAL,2026,,,,,TERMINADO,100.0,JUAN HERNANDEZ,MULTICANCHA,600.0,CONCRETO,OBRA POR ADMINISTRACION,DGPEST,0101000020E61000005CACA8C134C458C07AFCDEA63F533340,https://maps.app.goo.gl/5xrQ8vZCD8jEq7aG8,"Río Nilo, Lomas de San Lorenzo, Iztapalapa, 09780 Ciudad de México, CDMX",IZTAPALAPA,LOMAS DE SAN LORENZO,PLATSOBSE_DGSUS_BALON_BARRIO_156_UTOPIA_LIBERTAD_156,2527,ACTIVO,,,,,,
60,HUIPULCO ESTADIO AZTECA,6.0,ESPACIO_PUBLICO,OBRAS QUE TRANSFORMAN EL ESPACIO PUBLICO Y CONTRIBUYEN AL DERECHO A LA CIUDAD,REHABILITACION Y CONSTRUCCION DE PUENTES PEATONALES,PUENTES_PEATONALES,DGCOP,OBRAS DEL MUNDIAL,2025,2026-05-20 01:03:29.185,admin,2026-03-25,,INAUGURADA,100.0,JUAN HERNANDEZ,PUENTES PEATONALES,,,,DGCOP,0101000020E6100000E5D1AC396AC958C0C9AAE692044D3340,https://maps.app.goo.gl/f5buzFhoWa9K88y19,CALZ. DE TLALPAN,TLALPAN,SAN LORENZO HUIPULCO,PLATSOBSE_DGCOP_PUENTES_PEATONALES_HUIPULCO_ESTADIO_AZTECA_60,3393,ACTIVO,,,,,,
09DJN0790Z,CLOTILDE GONZALEZ GARCIA,,ESPACIO_PUBLICO,OBRAS QUE TRANSFORMAN EL ESPACIO PUBLICO Y CONTRIBUYEN AL DERECHO A LA CIUDAD,"1,2,3 POR MI ESCUELA RENOVAR PARA TRANSFORMAR","1,2,3_ESCUELAS",DGCOP,CASA POR CASA,2025,2026-05-20 01:05:42.583,admin,2026-02-26,,INAUGURADA,100.0,JUAN HERNANDEZ,PREESCOLAR,,,,DGCOP,0101000020E6100000832753C1C0CB58C0148FB50D0A7F3340,https://maps.app.goo.gl/ZiZLbgWXsotg58fT6,AV. REAL DE SAN MARTIN,AZCAPOTZALCO,SANTA BARBARA (PBLO),PLATSOBSE_DGCOP_1_2_3_ESCUELAS_CLOTILDE_GONZALEZ_GARCIA_09DJN0790Z_09DJN0790Z,2953,ACTIVO,,,,,,
157,"157 PILARES ""CENTRAL DE ABASTO""",13.0,GRANDES_OBRAS,GRANDES OBRAS QUE TRANSFORMAN LA CAPITAL,EL BALON VUELVE AL BARRIO,BALON_BARRIO,DGSUS,OBRAS DEL MUNDIAL,2026,,,,,TERMINADO,100.0,JUAN HERNANDEZ,FUTBOL RAPIDO,1200.0,CONCRETO,OBRA POR ADMINISTRACION,DGPEST,0101000020E61000009C8A54185BC658C068CA4E3FA85F3340,https://maps.app.goo.gl/bCQW6GxnCY7KN9ZN8,"CANAL RÍO CHURUBUSCO S/N, CEDA, IZTAPALAPA, 09040 CIUDAD DE MÉXICO, CDMX",IZTAPALAPA,CENTRAL DE ABASTO,PLATSOBSE_DGSUS_BALON_BARRIO_157_PILARES_CENTRAL_DE_ABASTO_157,2528,ACTIVO,,,,,,
158,"158 PILARES ""LA FORTALEZA""",13.0,GRANDES_OBRAS,GRANDES OBRAS QUE TRANSFORMAN LA CAPITAL,EL BALON VUELVE AL BARRIO,BALON_BARRIO,DGSUS,OBRAS DEL MUNDIAL,2026,,,,,TERMINADO,100.0,JUAN HERNANDEZ,MULTICANCHA,600.0,CONCRETO,OBRA POR ADMINISTRACION,DGPEST,0101000020E610000016359886E1C558C0ABD1AB014A633340,https://maps.app.goo.gl/39uVPKMiz3jw6vSV6,"C. OTE. 116, GABRIEL RAMOS MILLÁN SECC CUCHILLA, IZTACALCO, 08030 CIUDAD DE MÉXICO, CDMX",IZTACALCO,GABRIEL RAMOS MILLAN SECCION CUCHILLA,PLATSOBSE_DGSUS_BALON_BARRIO_158_PILARES_LA_FORTALEZA_158,2529,ACTIVO,,,,,,
159,159 PILARES COLTONGO,13.0,GRANDES_OBRAS,GRANDES OBRAS QUE TRANSFORMAN LA CAPITAL,EL BALON VUELVE AL BARRIO,BALON_BARRIO,DGSUS,OBRAS DEL MUNDIAL,2026,,,,,TERMINADO,100.0,JUAN HERNANDEZ,MULTICANCHA,600.0,CONCRETO,OBRA POR ADMINISTRACION,DGPEST,0101000020E610000039EE940ED6C958C08B6D52D1587B3340,https://maps.app.goo.gl/YCqs5SCy4jiGLZaX6,"CALZ COLTONGO PROLONGACIÓN NORTE 100 METROS &, COLTONGO, 02630 CIUDAD DE MÉXICO, CDMX",AZCAPOTZALCO,NUEVA SANTA MARIA,PLATSOBSE_DGSUS_BALON_BARRIO_159_PILARES_COLTONGO_159,2530,ACTIVO,,,,,,
160,160 PILARES RICHARD WAGNER,13.0,GRANDES_OBRAS,GRANDES OBRAS QUE TRANSFORMAN LA CAPITAL,EL BALON VUELVE AL BARRIO,BALON_BARRIO,DGSUS,OBRAS DEL MUNDIAL,2026,,,,,TERMINADO,100.0,JUAN HERNANDEZ,MULTICANCHA,600.0,CONCRETO,OBRA POR ADMINISTRACION,DGPEST,0101000020E6100000C009850838C858C09F008A9125773340,https://maps.app.goo.gl/3yG5hrv5JfL7F8Em9,"CLAVE S/N, VALLEJO, GUSTAVO A. MADERO, 07870 CIUDAD DE MÉXICO, CDMX",GUSTAVO A. MADERO,VALLEJO,PLATSOBSE_DGSUS_BALON_BARRIO_160_PILARES_RICHARD_WAGNER_160,2531,ACTIVO,,,,,,
175,175 PARQUE DEPORTIVO EL DURITO,13.0,GRANDES_OBRAS,GRANDES OBRAS QUE TRANSFORMAN LA CAPITAL,EL BALON VUELVE AL BARRIO,BALON_BARRIO,DGCOP,OBRAS DEL MUNDIAL,2026,2026-05-13 19:18:24.858,actualizacion_dgpest,2026-04-21,,INAUGURADA,100.0,JUAN HERNANDEZ,FUTBOL RAPIDO,1200.0,CONCRETO,"Durante los trabajos de demolicion de piso de concreto el dia 23 de enero se localizo un socavon de una superficie aproximada de 4 x 10 my una altura de 6 m, por lo que se pidio el apoyo de SEGIAGUA, el cual manifiesta debido a las caracteristicas presentadas se estima un periodo de mas de dos meses para la reparacion de un colector de drenaje de 1.8 m de diametro.",DGPEST,0101000020E6100000B48EAA2688C458C08DEF8B4B554A3340,https://maps.app.goo.gl/WDmBpN3LiucXjTgB6,"PREDIO EL MOLINO, IZTAPALAPA, 09960 CIUDAD DE MÉXICO, CDMX",IZTAPALAPA,PREDIO EL MOLINO,PLATSOBSE_DGCOP_BALON_BARRIO_175_PARQUE_DEPORTIVO_EL_DURITO_175,2538,ACTIVO,,,,,,
22,22 PILARES LA AGUILAS,13.0,GRANDES_OBRAS,GRANDES OBRAS QUE TRANSFORMAN LA CAPITAL,EL BALON VUELVE AL BARRIO,BALON_BARRIO,DGOIV,OBRAS DEL MUNDIAL,2026,2026-05-13 19:26:39.306,actualizacion_dgpest,2026-04-08,,INAUGURADA,100.0,JUAN HERNANDEZ,FUTBOL RAPIDO,1200.0,CONCRETO,,DGPEST,0101000020E6100000B324404D2DCD58C05796E82CB35C3340,https://maps.app.goo.gl/YDC4gnDQYoqGSEVXA,"CALLE PROL. BARRANCA DEL MUERTO S/N, ÁGUILAS SECC HORNOS, ÁLVARO OBREGÓN, 01710 CIUDAD DE MÉXICO, CDMX",ÁLVARO OBREGÓN,LAS AGUILAS SECCION HORNOS,PLATSOBSE_DGOIV_BALON_BARRIO_22_PILARES_LA_AGUILAS_22,2672,ACTIVO,,,,,,
19,LOS OLIVOS,,ESPACIO_PUBLICO,OBRAS QUE TRANSFORMAN EL ESPACIO PUBLICO Y CONTRIBUYEN AL DERECHO A LA CIUDAD,MODULOS DE POLICIAS,MOD_POLICIA,DGCOP,GABINETE,2025,,,,,TERMINADO,100.0,JUAN HERNANDEZ,MODULO DE POLICIAS,,,,DGCOP,0101000020E610000085268925E5C358C04F029B73F04C3340,https://maps.app.goo.gl/tfiBd2S7hbu1Qrk5A,GUPIES,TLÁHUAC,LOS OLIVOS,PLATSOBSE_DGCOP_MOD_POLICIA_LOS_OLIVOS_19,3179,ACTIVO,,,,,,
10,CUAUHTEMOC TLATELOLCO,,ESPACIO_PUBLICO,OBRAS QUE TRANSFORMAN EL ESPACIO PUBLICO Y CONTRIBUYEN AL DERECHO A LA CIUDAD,MODULOS DE POLICIAS,MOD_POLICIA,DGCOP,TLATELOLCO MI AMOR,2025,,,,,INAUGURADA,100.0,PAULA LOPEZ,MODULO DE POLICIAS,,,,DGCOP,0101000020E610000041D7BE805EC958C0384A5E9D63743340,https://maps.app.goo.gl/stU2bEASYoDqgbJv8,EJE 1 PTE,CUAUHTÉMOC,TLATELOLCO,PLATSOBSE_DGCOP_MOD_POLICIA_CUAUHTEMOC_TLATELOLCO_10,3184,ACTIVO,,,,,,
16,PASEOS DE CHURUBUSCO,,ESPACIO_PUBLICO,OBRAS QUE TRANSFORMAN EL ESPACIO PUBLICO Y CONTRIBUYEN AL DERECHO A LA CIUDAD,MODULOS DE POLICIAS,MOD_POLICIA,DGCOP,GABINETE,2025,,,,,TERMINADO,100.0,PAULA LOPEZ,MODULO DE POLICIAS,,,,DGCOP,0101000020E6100000A4A5F27684C558C042EC4CA1F3623340,https://maps.app.goo.gl/XVpMQiepdH17Jg6g8,RIO TUXPAN,IZTAPALAPA,PASEOS DE CHURUBUSCO,PLATSOBSE_DGCOP_MOD_POLICIA_PASEOS_DE_CHURUBUSCO_16,3164,ACTIVO,,,,,,
09DPR4243L,ANTONIO SANCHEZ MOLINA,,ESPACIO_PUBLICO,OBRAS QUE TRANSFORMAN EL ESPACIO PUBLICO Y CONTRIBUYEN AL DERECHO A LA CIUDAD,"1,2,3 POR MI ESCUELA RENOVAR PARA TRANSFORMAR","1,2,3_ESCUELAS",DGCOP,CASA POR CASA,2025,2026-06-03 18:29:54.282,actualizacion_dgcop,,,TERMINADO,100.0,PAULA LOPEZ,PRIMARIA,,,,DGCOP,0101000020E61000004ED53DB2B9CE58C0FEF2C98AE14A3340,https://maps.app.goo.gl/F6LCrVJebgAFkWQRA,CHICOASEN,TLALPAN,PEDREGAL DE SN NICOLAS 1A SECC,PLATSOBSE_DGCOP_1_2_3_ESCUELAS_ANTONIO_SANCHEZ_MOLINA_09DPR4243L_09DPR4243L,2842,ACTIVO,,,,,,
7,SAN JOSE DE LOS CEDROS,,ESPACIO_PUBLICO,OBRAS QUE TRANSFORMAN EL ESPACIO PUBLICO Y CONTRIBUYEN AL DERECHO A LA CIUDAD,MODULOS DE POLICIAS,MOD_POLICIA,DGCOP,GABINETE,2025,,,,,TERMINADO,100.0,PAULA LOPEZ,MODULO DE POLICIAS,,,,DGCOP,0101000020E6100000018A912573D258C089EAAD81AD5E3340,https://maps.app.goo.gl/yzTrRc4h3V7v8vYc7,SAN JOSE DE LOS CEDROS,CUAJIMALPA DE MORELOS,SAN JOSE DE LOS CEDROS II,PLATSOBSE_DGCOP_MOD_POLICIA_SAN_JOSE_DE_LOS_CEDROS_7,3174,ACTIVO,,,,,,
12,SAN JUAN DE ARAGON V SECC,,ESPACIO_PUBLICO,OBRAS QUE TRANSFORMAN EL ESPACIO PUBLICO Y CONTRIBUYEN AL DERECHO A LA CIUDAD,MODULOS DE POLICIAS,MOD_POLICIA,DGCOP,GABINETE,2025,,,,,TERMINADO,100.0,PAULA LOPEZ,MODULO DE POLICIAS,,,,DGCOP,0101000020E6100000DF1AD82AC1C358C039F06AB933733340,https://maps.app.goo.gl/VZYJxfjpaSZfejcT9,AV. 602 CAMELLON CENTRAL CRUCE CON AV. 601,GUSTAVO A. MADERO,SAN JUAN DE ARAGON,PLATSOBSE_DGCOP_MOD_POLICIA_SAN_JUAN_DE_ARAGON_V_SECC_12,3177,ACTIVO,,,,,,
24,REPUBLICA DE CHILE 44,,ESPACIO_PUBLICO,OBRAS QUE TRANSFORMAN EL ESPACIO PUBLICO Y CONTRIBUYEN AL DERECHO A LA CIUDAD,MODULOS DE POLICIAS,MOD_POLICIA,DGCOP,GABINETE,2025,,,,,TERMINADO,100.0,PAULA LOPEZ,MODULO DE POLICIAS,,,,DGCOP,0101000020E6100000A703594FADC858C04777103B53703340,https://maps.app.goo.gl/kfJV2ykEh4WjbPHG7,REPUBLICA DE CHILE,CUAUHTÉMOC,CENTRO IV,PLATSOBSE_DGCOP_MOD_POLICIA_REPUBLICA_DE_CHILE_44_24,3170,ACTIVO,,,,,,
26,ANZURES,,ESPACIO_PUBLICO,OBRAS QUE TRANSFORMAN EL ESPACIO PUBLICO Y CONTRIBUYEN AL DERECHO A LA CIUDAD,MODULOS DE POLICIAS,MOD_POLICIA,DGCOP,GABINETE,2024,,,,,TERMINADO,100.0,PAULA LOPEZ,MODULO DE POLICIAS,,,,DGCOP,0101000020E61000001556099A3FCB58C0547634EDE66F3340,https://maps.app.goo.gl/MS1ik2sJ4tH4fGyD6,BAHIA DE SANTA BARBARA,MIGUEL HIDALGO,ANZURES,PLATSOBSE_DGCOP_MOD_POLICIA_ANZURES_26,3171,ACTIVO,,,,,,
27,AMACUZAC,,ESPACIO_PUBLICO,OBRAS QUE TRANSFORMAN EL ESPACIO PUBLICO Y CONTRIBUYEN AL DERECHO A LA CIUDAD,MODULOS DE POLICIAS,MOD_POLICIA,DGCOP,CASA POR CASA,2024,2026-05-20 01:01:17.694,admin,2025-10-09,,INAUGURADA,100.0,PAULA LOPEZ,MODULO DE POLICIAS,,,,DGCOP,0101000020E6100000E525A4DA4CC858C00230F9FAB5583340,https://maps.app.goo.gl/DihoK9CArK2QxuEm8,CERRO QUINCEO,COYOACÁN,HERMOSILLO,PLATSOBSE_DGCOP_MOD_POLICIA_AMACUZAC_27,3172,ACTIVO,,,,,,
74,74 CAMPO XOCHITL,13.0,GRANDES_OBRAS,GRANDES OBRAS QUE TRANSFORMAN LA CAPITAL,EL BALON VUELVE AL BARRIO,BALON_BARRIO,DGOIV,OBRAS DEL MUNDIAL,2026,,,,,TERMINADO,100.0,PAULA LOPEZ,FUTBOL 11,4050.0,TIERRA,,DGPEST,0101000020E6100000969526A5A0CB58C08AE59656434A3340,https://maps.app.goo.gl/wKjhvqPq65eYmecJ6,"MIGUEL HIDALGO 1RA SECC, 14250 CIUDAD DE MÉXICO, CDMX",TLALPAN,MIGUEL HIDALGO,PLATSOBSE_DGOIV_BALON_BARRIO_74_CAMPO_XOCHITL_74,2692,ACTIVO,,,,,,
235,235 CANCHA PLAZA CIVICA Y RECREATIVA ARBOLES,13.0,GRANDES_OBRAS,GRANDES OBRAS QUE TRANSFORMAN LA CAPITAL,EL BALON VUELVE AL BARRIO,BALON_BARRIO,DGOT,OBRAS DEL MUNDIAL,2026,2026-05-13 19:28:58.487,actualizacion_dgpest,2026-04-12,,INAUGURADA,100.0,PAULA LOPEZ,MULTICANCHA,600.0,CONCRETO,,DGPEST,0101000020E61000006F0D6C9560C558C053AF5B04C66A3340,https://maps.app.goo.gl/D4mXExgEi3kRCxmL9,"4 ARBOLES, VENUSTIANO CARRANZA, 15730 CIUDAD DE MÉXICO, CDMX",VENUSTIANO CARRANZA,CUATRO ARBOLES,PLATSOBSE_DGOT_BALON_BARRIO_235_CANCHA_PLAZA_CIVICA_Y_RECREATIVA_ARBOLES_235,2743,ACTIVO,,,,,,
164,164 DEPORTIVO MARACANA EBANO,13.0,GRANDES_OBRAS,GRANDES OBRAS QUE TRANSFORMAN LA CAPITAL,EL BALON VUELVE AL BARRIO,BALON_BARRIO,DGSUS,OBRAS DEL MUNDIAL,2026,,,,,TERMINADO,100.0,PAULA LOPEZ,MULTICANCHA,600.0,CONCRETO,OBRA POR ADMINISTRACION,DGPEST,0101000020E61000002D5BEB8B84D258C08A03E8F7FD5F3340,https://maps.app.goo.gl/wxzQwUJQhD52QWS28,"RETAMA 37, EL ÉBANO, CUAJIMALPA DE MORELOS, 05200 CIUDAD DE MÉXICO, CDMX",CUAJIMALPA DE MORELOS,EBANO,PLATSOBSE_DGSUS_BALON_BARRIO_164_DEPORTIVO_MARACANA_EBANO_164,2533,ACTIVO,,,,,,
119,119 CANCHAS SALOMON,13.0,GRANDES_OBRAS,GRANDES OBRAS QUE TRANSFORMAN LA CAPITAL,EL BALON VUELVE AL BARRIO,BALON_BARRIO,DGSUS,OBRAS DEL MUNDIAL,2026,2026-05-13 19:01:42.024,actualizacion_dgpest,2026-04-22,,INAUGURADA,100.0,PAULA LOPEZ,FUTBOL RAPIDO,1200.0,CONCRETO,,DGPEST,0101000020E610000049D74CBED9BE58C0AEBCE47FF2573340,https://maps.app.goo.gl/hzkzMVEA4QBMcp5h6,"CDA. NOGALES, SAN MIGUEL TEOTONGO, IZTAPALAPA, 09630 CIUDAD DE MÉXICO, CDMX",IZTAPALAPA,SAN MIGUEL TEOTONGO SECC GUADALUPE,PLATSOBSE_DGSUS_BALON_BARRIO_119_CANCHAS_SALOMON_119,2680,ACTIVO,,,,,,
PLATSOBSE_DGCOP_REHABILITACION_CONSTRUCCION_AV_ERMITA_IZTAPALAPA,AV. ERMITA IZTAPALAPA Y FCO. DEL PASO Y TRONCOSO (EJE 3 OTE.) PUENTE ERMITA IZTAPALAPA - EJE 3 ORIENTE,,ESPACIO_PUBLICO,OBRAS QUE TRANSFORMAN EL ESPACIO PUBLICO Y CONTRIBUYEN AL DERECHO A LA CIUDAD,REHABILITACION Y CONSTRUCCION DE PUENTES VEHICULARES,PUENTES_VEHICULARES,DGCOP,,2025,,,,,TERMINADA,100.0,PAULA LOPEZ,PUENTES VEHICULARES,,,,DGCOP,0101000020E6100000C14BBA771EC758C06F2543A74A5B3340,https://maps.app.goo.gl/agZeA3xSu4Vg5rAC6,,IZTAPALAPA,"ESCUADRON 201, GRANJAS SAN ANTONIO, MINERVA, PROGRESO DEL SUR",PLATSOBSE_DGCOP_REHABILITACION_CONSTRUCCION_AV_ERMITA_IZTAPALAPA,3949,ACTIVO,,,,,geoestadistica,2026-06-04 00:01:02.841935+00
09DST0073S,ESCUELA SECUNDARIA TECNICA 73,,ESPACIO_PUBLICO,OBRAS QUE TRANSFORMAN EL ESPACIO PUBLICO Y CONTRIBUYEN AL DERECHO A LA CIUDAD,"1,2,3 POR MI ESCUELA RENOVAR PARA TRANSFORMAR","1,2,3_ESCUELAS",DGCOP,AUTORIDAD EDUCATIVA FEDERAL,2025,2026-06-03 18:30:42.262,actualizacion_dgcop,,,TERMINADO,100.0,PAULA LOPEZ,SECUNDARIA,,,,DGCOP,0101000020E610000061191BBAD9D458C0887FD8D2A3553340,https://maps.app.goo.gl/FMxAk4fFXRgPE9Gi8,MONERUCO,CUAJIMALPA DE MORELOS,SAN LORENZO ACOPILCO (PBLO),PLATSOBSE_DGCOP_1_2_3_ESCUELAS_ESCUELA_SECUNDARIA_TECNICA_73_09DST0073S_09DST0073S,2873,ACTIVO,,,,,,
3,AV. RIO SAN JOAQUIN ANAHUAC PV-796-B1,,ESPACIO_PUBLICO,OBRAS QUE TRANSFORMAN EL ESPACIO PUBLICO Y CONTRIBUYEN AL DERECHO A LA CIUDAD,REHABILITACION Y CONSTRUCCION DE PUENTES VEHICULARES,PUENTES_VEHICULARES,DGCOP,OBRAS EN GENERAL,2025,,,,,TERMINADO,100.0,PAULA LOPEZ,PUENTES VEHICULARES,,,,DGCOP,0101000020E6100000A3E8818FC1CB58C0F7031E1840703340,https://maps.app.goo.gl/A9T1BowXm79gHBen9,AV. RIO SAN JOAQUIN,MIGUEL HIDALGO,GRANADA,PLATSOBSE_DGCOP_PUENTES_VEHICULARES_AV_RIO_SAN_JOAQUIN_ANAHUAC_PV_796_B1_3,3228,ACTIVO,,,,,,
1,AV. RIO CHURUBUSCO AL CRUCE CON AV. UNIVERSIDAD,,ESPACIO_PUBLICO,OBRAS QUE TRANSFORMAN EL ESPACIO PUBLICO Y CONTRIBUYEN AL DERECHO A LA CIUDAD,REHABILITACION Y CONSTRUCCION DE PUENTES VEHICULARES,PUENTES_VEHICULARES,DGCOP,OBRAS EN GENERAL,2025,,,,,TERMINADO,100.0,PAULA LOPEZ,PUENTES VEHICULARES,,,,DGCOP,0101000020E61000001A18795913CB58C0E277D32D3B5C3340,https://maps.app.goo.gl/gzd3wuvbpkqkxgqea,AV. RIO CHURUBUSCO,ÁLVARO OBREGÓN,AXOTLA,PLATSOBSE_DGCOP_PUENTES_VEHICULARES_AV_RIO_CHURUBUSCO_AL_CRUCE_CON_AV_UNIVERSIDAD_1,3226,ACTIVO,,,,,,
184,184 SANTA ISABEL TOLA,13.0,GRANDES_OBRAS,GRANDES OBRAS QUE TRANSFORMAN LA CAPITAL,EL BALON VUELVE AL BARRIO,BALON_BARRIO,DGCOP,OBRAS DEL MUNDIAL,2026,,,,,TERMINADO,100.0,PAULA LOPEZ,FUTBOL RAPIDO,1200.0,CONCRETO,,DGPEST,0101000020E6100000FD9FC37C79C758C051F52B9D0F7F3340,https://maps.app.goo.gl/zw6ibb82SgYUeyDM7,AV. HUITZILITL,GUSTAVO A. MADERO,SANTA ISABEL TOLA,PLATSOBSE_DGCOP_BALON_BARRIO_184_SANTA_ISABEL_TOLA_184,2540,ACTIVO,,,,,,
09DJN0438G,HERMILO NOVELO,,ESPACIO_PUBLICO,OBRAS QUE TRANSFORMAN EL ESPACIO PUBLICO Y CONTRIBUYEN AL DERECHO A LA CIUDAD,"1,2,3 POR MI ESCUELA RENOVAR PARA TRANSFORMAR","1,2,3_ESCUELAS",DGCOP,CASA POR CASA,2025,2026-06-10 16:30:42.385,actualizacion_dgcop,,,EN PROCESO,97.0,PAULA LOPEZ,PREESCOLAR,,,,DGCOP,0101000020E6100000F3E505D847C758C0D029C8CF46623340,https://maps.app.goo.gl/bmgCwGyu9SDymwLSA,GUILLERMO PRIETO,IZTACALCO,CAMPAMENTO 2 DE OCTUBRE I,PLATSOBSE_DGCOP_1_2_3_ESCUELAS_HERMILO_NOVELO_09DJN0438G_09DJN0438G,2936,ACTIVO,,,,,,
182,182 PILARES GABRIEL HERNANDEZ (TIXTLA),13.0,GRANDES_OBRAS,GRANDES OBRAS QUE TRANSFORMAN LA CAPITAL,EL BALON VUELVE AL BARRIO,BALON_BARRIO,DGCOP,OBRAS DEL MUNDIAL,2026,2026-05-22 23:11:14.228,actualizacion_dgpest,2026-05-05,,INAUGURADA,100.0,PAULA LOPEZ,FUTBOL RAPIDO,1200.0,CONCRETO,,DGPEST,0101000020E6100000E674594C6CC658C0446D1B4641803340,https://maps.app.goo.gl/8feYBgt5sejEMoWn6,CABO SAN LUCAS MZ 14 B,GUSTAVO A. MADERO,GABRIEL HERNANDEZ,PLATSOBSE_DGCOP_BALON_BARRIO_182_PILARES_GABRIEL_HERNANDEZ_TIXTLA_182,2539,ACTIVO,,,,,,
187,187 PILARES PROGRESO NACIONAL,13.0,GRANDES_OBRAS,GRANDES OBRAS QUE TRANSFORMAN LA CAPITAL,EL BALON VUELVE AL BARRIO,BALON_BARRIO,DGCOP,OBRAS DEL MUNDIAL,2026,,,,,TERMINADO,100.0,PAULA LOPEZ,FUTBOL RAPIDO,1200.0,PASTO SINTETICO,,DGPEST,0101000020E610000020240B98C0C958C03D2B69C537843340,https://maps.app.goo.gl/cTYZcmjtNYRWj2Jc9,AVENIDA RIO DE LOS REMEDIOS,GUSTAVO A. MADERO,PROGRESO NACIONAL,PLATSOBSE_DGCOP_BALON_BARRIO_187_PILARES_PROGRESO_NACIONAL_187,2541,ACTIVO,,,,,,
192,192 CANCHAS DEPORTIVAS PARQUE NUEVA VALLEJO,13.0,GRANDES_OBRAS,GRANDES OBRAS QUE TRANSFORMAN LA CAPITAL,EL BALON VUELVE AL BARRIO,BALON_BARRIO,DGCOP,OBRAS DEL MUNDIAL,2026,,,,,TERMINADO,100.0,PAULA LOPEZ,MULTICANCHA,600.0,CONCRETO,,DGPEST,0101000020E610000045BB0A293FC958C037177FDB137C3340,https://maps.app.goo.gl/BD8dzjrfbweoGoMm6,"NUEVA VALLEJO I SECC, GUSTAVO A. MADERO, 07760 CIUDAD DE MÉXICO, CDMX",GUSTAVO A. MADERO,MAGDALENA DE LAS SALINAS,PLATSOBSE_DGCOP_BALON_BARRIO_192_CANCHAS_DEPORTIVAS_PARQUE_NUEVA_VALLEJO_192,2543,ACTIVO,,,,,,
225,225 PARQUE INFANTIL TLATELOLCO / CUAUHTEMOC,13.0,GRANDES_OBRAS,GRANDES OBRAS QUE TRANSFORMAN LA CAPITAL,EL BALON VUELVE AL BARRIO,BALON_BARRIO,DGOT,OBRAS DEL MUNDIAL,2026,2026-05-27 19:16:21.698,actualizacion_dgpest,2026-05-25,,INAUGURADA,100.0,PAULA LOPEZ,FUTBOL RAPIDO,1200.0,PASTO SINTETICO,,DGPEST,0101000020E610000076FD82DDB0C958C09354A69883743340,https://maps.app.goo.gl/1pVvFxFJDf2aE71v8,"Geranio 458, Atlampa, Cuauhtémoc, 06450 Ciudad de México, CDMX",CUAUHTÉMOC,TLATELOLCO,PLATSOBSE_DGOT_BALON_BARRIO_225_PARQUE_INFANTIL_TLATELOLCO_CUAUHTEMOC_225,2551,ACTIVO,,,,,,
226,226 PARQUE INFANTIL TLATELOLCO,13.0,GRANDES_OBRAS,GRANDES OBRAS QUE TRANSFORMAN LA CAPITAL,EL BALON VUELVE AL BARRIO,BALON_BARRIO,DGOT,OBRAS DEL MUNDIAL,2026,2026-05-27 19:16:28.766,actualizacion_dgpest,2026-05-25,,INAUGURADA,100.0,PAULA LOPEZ,MULTICANCHA,600.0,CONCRETO,,DGPEST,0101000020E6100000210725CCB4C958C088A06AF46A743340,https://maps.app.goo.gl/2hk8qkiyBpJrzaV18,INSURGENTES NORTE Y RICARDO FLORES MAGON,CUAUHTÉMOC,TLATELOLCO,PLATSOBSE_DGOT_BALON_BARRIO_226_PARQUE_INFANTIL_TLATELOLCO_226,2552,ACTIVO,,,,,,
69,69 CANCHA LAZARO CARDENAS 2,13.0,GRANDES_OBRAS,GRANDES OBRAS QUE TRANSFORMAN LA CAPITAL,EL BALON VUELVE AL BARRIO,BALON_BARRIO,DGOIV,OBRAS DEL MUNDIAL,2026,,,,,TERMINADO,100.0,PAULA LOPEZ,FUTBOL 11,4050.0,PASTO SINTETICO,,DGPEST,0101000020E6100000FB7953910AC558C02C45F295403E3340,https://maps.app.goo.gl/ynGwRqxJDTFhTTg3A,"ALCANFOR 377, SANTA CRUZ ACALPIXCA, XOCHIMILCO, 16520 CIUDAD DE MÉXICO, CDMX",XOCHIMILCO,SANTA CRUZ ACALPIXCA (PBLO),PLATSOBSE_DGOIV_BALON_BARRIO_69_CANCHA_LAZARO_CARDENAS_2_69,2697,ACTIVO,,,,,,
65,MERCADO CETRAM HUIPULCO,12.0,ECONOMIA,OBRAS QUE TRANSFORMAN LA ECONOMIA LOCAL Y FOMENTAN EL EMPLEO,MANTENIMIENTO A MERCADOS PUBLICOS,MTTO_MERCADOS,DGCOP,OBRAS DEL MUNDIAL,2025,,,,,TERMINADO,100.0,PAULA LOPEZ,MERCADO,,,,DGCOP,0101000020E610000038309C736DC958C0228FFCC4DE4C3340,https://maps.app.goo.gl/bSdwzgzL4mn8KcqX9,ACOXPA CALZADA DE TLALPAN,TLALPAN,SAN LORENZO HUIPULCO,PLATSOBSE_DGCOP_MTTO_MERCADOS_MERCADO_CETRAM_HUIPULCO_65,3474,ACTIVO,,,,,,
34,SAN FELIPE DE JESUS,,ECONOMIA,OBRAS QUE TRANSFORMAN LA ECONOMIA LOCAL Y FOMENTAN EL EMPLEO,MANTENIMIENTO A MERCADOS PUBLICOS,MTTO_MERCADOS,DGCOP,CASA POR CASA,2025,,,,,TERMINADO,100.0,PAULA LOPEZ,MERCADO,,,,DGCOP,0101000020E6100000543A58FFE7C458C07CB8E4B8537E3340,https://maps.app.goo.gl/h1QSRa1wZZHeEh726,AV. DOLORES HIDALGO,GUSTAVO A. MADERO,SAN FELIPE DE JESUS IV,PLATSOBSE_DGCOP_MTTO_MERCADOS_SAN_FELIPE_DE_JESUS_34,3469,ACTIVO,,,,,,
38,PROVIDENCIA,,ECONOMIA,OBRAS QUE TRANSFORMAN LA ECONOMIA LOCAL Y FOMENTAN EL EMPLEO,MANTENIMIENTO A MERCADOS PUBLICOS,MTTO_MERCADOS,DGCOP,CASA POR CASA,2025,,,,,TERMINADO,100.0,PAULA LOPEZ,MERCADO,,,,DGCOP,0101000020E6100000B5A84F7287C458C05C381092057C3340,Mercado De La Providencia,ESTADO DE ZACATECAS,GUSTAVO A. MADERO,PROVIDENCIA III,PLATSOBSE_DGCOP_MTTO_MERCADOS_PROVIDENCIA_38,3471,ACTIVO,,,,,,
09DPR2640X,PROFR. PEDRO LOREDO ORTEGA,,ESPACIO_PUBLICO,OBRAS QUE TRANSFORMAN EL ESPACIO PUBLICO Y CONTRIBUYEN AL DERECHO A LA CIUDAD,"1,2,3 POR MI ESCUELA RENOVAR PARA TRANSFORMAR","1,2,3_ESCUELAS",DGCOP,CASA POR CASA,2025,2026-06-03 18:34:23.601,actualizacion_dgcop,,,TERMINADO,100.0,PAULA LOPEZ,PRIMARIA,,,,DGCOP,0101000020E61000001EC18D942DCF58C04BCB48BDA74A3340,https://maps.app.goo.gl/Y24CWqkVHzrRCPeC9,CHEMAX,TLALPAN,PEDREGAL DE SN NICOLAS 1A SECC,PLATSOBSE_DGCOP_1_2_3_ESCUELAS_PROFR_PEDRO_LOREDO_ORTEGA_09DPR2640X_09DPR2640X,2966,ACTIVO,,,,,,
109,CTO. ESTADIO AZTECA AL CRUCE CON ANILLO PERIFERICO,7.0,ESPACIO_PUBLICO,OBRAS QUE TRANSFORMAN EL ESPACIO PUBLICO Y CONTRIBUYEN AL DERECHO A LA CIUDAD,REHABILITACION Y CONSTRUCCION DE PUENTES VEHICULARES,PUENTES_VEHICULARES,DGCOP,OBRAS DEL MUNDIAL,2025,2026-05-20 01:04:20.216,admin,2026-03-25,,INAUGURADA,100.0,PAULA LOPEZ,PUENTES VEHICULARES,,,,DGCOP,0101000020E61000007593180456CA58C0020D36751E4D3340,https://maps.app.goo.gl/wd8qqpgm1l1m3yjm9,CIRCUITO ESTADIO AZTECA,COYOACÁN,CANTERA PUENTE DE PIEDRA,PLATSOBSE_DGCOP_PUENTES_VEHICULARES_CTO_ESTADIO_AZTECA_AL_CRUCE_CON_ANILLO_PERIFERICO_109,3334,ACTIVO,,,,,,
09DPR1732G,CENTRO ESCOLAR MEXICO 09DPR1732G,,ESPACIO_PUBLICO,OBRAS QUE TRANSFORMAN EL ESPACIO PUBLICO Y CONTRIBUYEN AL DERECHO A LA CIUDAD,"1,2,3 POR MI ESCUELA RENOVAR PARA TRANSFORMAR","1,2,3_ESCUELAS",DGCOP,CASA POR CASA,2025,2026-06-10 16:34:51.315,actualizacion_dgcop,,,EN PROCESO,96.08,PAULA LOPEZ,PRIMARIA,,,,DGCOP,0101000020E61000004AB8904770CC58C053E9279CDD723340,https://maps.app.goo.gl/UbP3qtrqq71Ko3UB6,DANIEL CABRERA,MIGUEL HIDALGO,REFORMA PENSIL,PLATSOBSE_DGCOP_1_2_3_ESCUELAS_CENTRO_ESCOLAR_MEXICO_09DPR1732G_09DPR1732G_09DPR1732G,2904,ACTIVO,,,,,,
150,"150 PILARES ""TEQUISTLATECOS""",13.0,GRANDES_OBRAS,GRANDES OBRAS QUE TRANSFORMAN LA CAPITAL,EL BALON VUELVE AL BARRIO,BALON_BARRIO,DGSUS,OBRAS DEL MUNDIAL,2026,,,,,TERMINADO,100.0,PAULA LOPEZ,MULTICANCHA,600.0,CONCRETO,OBRA POR ADMINISTRACION,DGPEST,0101000020E6100000C30DF8FC30CC58C02FA86F99D3453340,https://maps.app.goo.gl/aPKXmh4gCDD2p63t5,TEQUIXTLATECOS Y CHEYENES,TLALPAN,SAN JUAN TEPEXIMILPA,PLATSOBSE_DGSUS_BALON_BARRIO_150_PILARES_TEQUISTLATECOS_150,2715,ACTIVO,,,,,,
210,210 UTOPIA HERMANOS GALEANA,13.0,GRANDES_OBRAS,GRANDES OBRAS QUE TRANSFORMAN LA CAPITAL,EL BALON VUELVE AL BARRIO,BALON_BARRIO,DGCOP,OBRAS DEL MUNDIAL,2026,,,,,TERMINADO,100.0,PAULA LOPEZ,FUTBOL 11,4050.0,PASTO SINTETICO,PRESUPUESTO UTOPIAS,DGPEST,0101000020E6100000D8F50B76C3C458C00DA9A27895793340,https://maps.app.goo.gl/yGaAYCS56MNMTCmX8,"AV. JOSÉ LORETO FABELA 190, SAN JUAN DE ARAGÓN VII SECC, GUSTAVO A. MADERO, 07910 CIUDAD DE MÉXICO, CDMX",GUSTAVO A. MADERO,SAN JUAN DE ARAGON,PLATSOBSE_DGCOP_BALON_BARRIO_210_UTOPIA_HERMANOS_GALEANA_210,2548,ACTIVO,,,,,,
215,215 UTOPIA TOPILEJO,13.0,GRANDES_OBRAS,GRANDES OBRAS QUE TRANSFORMAN LA CAPITAL,EL BALON VUELVE AL BARRIO,BALON_BARRIO,DGCOP,OBRAS DEL MUNDIAL,2026,,,,,TERMINADO,100.0,PAULA LOPEZ,MULTICANCHA,600.0,CONCRETO,PRESUPUESTO UTOPIAS,DGPEST,0101000020E6100000D00F238447C958C0187AC4E8B9313340,https://maps.app.goo.gl/E3Gxjoonf5W4NzDE6,"STA. CRUZ 885, SAN MIGUEL TOPILEJO, TLALPAN, 14500 SAN MIGUEL TOPILEJO, CDMX",TLALPAN,TOPILEJO,PLATSOBSE_DGCOP_BALON_BARRIO_215_UTOPIA_TOPILEJO_215,2549,ACTIVO,,,,,,
193,193 PILARES PUERTO DE MAZATLAN,13.0,GRANDES_OBRAS,GRANDES OBRAS QUE TRANSFORMAN LA CAPITAL,EL BALON VUELVE AL BARRIO,BALON_BARRIO,DGCOP,OBRAS DEL MUNDIAL,2026,2026-05-22 17:28:17.261,actualizacion_dgpest,,,TERMINADO,100.0,PAULA LOPEZ,MULTICANCHA,600.0,CONCRETO,,DGPEST,0101000020E610000037FDD98F14C958C03543AA285E853340,https://maps.app.goo.gl/1sCAhEFaBBoZ2xUdA,"CANDELARIA TICOMAN, 07310 CIUDAD DE MÉXICO, CDMX",GUSTAVO A. MADERO,LA PASTORA,PLATSOBSE_DGCOP_BALON_BARRIO_193_PILARES_PUERTO_DE_MAZATLAN_193,2544,ACTIVO,,,,,,
56,56 CAMPO DEPORTIVO SAN MIGUEL AJUSCO,13.0,GRANDES_OBRAS,GRANDES OBRAS QUE TRANSFORMAN LA CAPITAL,EL BALON VUELVE AL BARRIO,BALON_BARRIO,DGOIV,OBRAS DEL MUNDIAL,2026,,,,,TERMINADO,100.0,PAULA LOPEZ,FUTBOL 11,4050.0,TIERRA,,DGPEST,0101000020E6100000F4FDD478E9CC58C059A5F44C2F393340,https://maps.app.goo.gl/pLPBHQwyv259cnQA8,"TLALPAN, 14700 SAN MIGUEL AJUSCO, CDMX",TLALPAN,SAN MIGUEL AJUSCO (PBLO),PLATSOBSE_DGOIV_BALON_BARRIO_56_CAMPO_DEPORTIVO_SAN_MIGUEL_AJUSCO_56,2553,ACTIVO,,,,,,
196,196 PILARES 100 METROS,13.0,GRANDES_OBRAS,GRANDES OBRAS QUE TRANSFORMAN LA CAPITAL,EL BALON VUELVE AL BARRIO,BALON_BARRIO,DGCOP,OBRAS DEL MUNDIAL,2026,2026-05-22 23:15:06.870,actualizacion_dgpest,2026-05-13,,INAUGURADA,100.0,PAULA LOPEZ,FUTBOL 7,1750.0,PASTO SINTETICO,,DGPEST,0101000020E6100000A01A2FDD24CA58C087E0B88C9B863340,https://maps.app.goo.gl/HJrQz93Yp61tjMAN9,"VENTISCA 328, SANTIAGO ATEPETLAC, GUSTAVO A. MADERO, 07640 CIUDAD DE MÉXICO, CDMX",GUSTAVO A. MADERO,SAN JOSE DE LA ESCALERA,PLATSOBSE_DGCOP_BALON_BARRIO_196_PILARES_100_METROS_196,2545,ACTIVO,,,,,,
189,"189 DEPORTIVO ""100 METROS""",13.0,GRANDES_OBRAS,GRANDES OBRAS QUE TRANSFORMAN LA CAPITAL,EL BALON VUELVE AL BARRIO,BALON_BARRIO,DGCOP,OBRAS DEL MUNDIAL,2026,2026-05-13 18:32:14.610,actualizacion_dgpest,,,TERMINADO,100.0,PAULA LOPEZ,MULTICANCHA,600.0,CONCRETO,,DGPEST,0101000020E610000008944DB9C2C958C032022A1C41823340,https://maps.app.goo.gl/FUQzBzYUNjfxiNh58,"NUEVA INDUSTRIAL VALLEJO, GUSTAVO A. MADERO, 07700 CIUDAD DE MÉXICO, CDMX",GUSTAVO A. MADERO,NUEVA INDUSTRIAL VALLEJO,PLATSOBSE_DGCOP_BALON_BARRIO_189_DEPORTIVO_100_METROS_189,2542,ACTIVO,,,,,,
31,VDTO. RIO BECERRA Y CALLE NEBRASKA,,ESPACIO_PUBLICO,OBRAS QUE TRANSFORMAN EL ESPACIO PUBLICO Y CONTRIBUYEN AL DERECHO A LA CIUDAD,REHABILITACION Y CONSTRUCCION DE PUENTES VEHICULARES,PUENTES_VEHICULARES,DGCOP,OBRAS EN GENERAL,2025,,,,,TERMINADO,100.0,PAULA LOPEZ,PUENTES VEHICULARES,,,,DGCOP,0101000020E610000023BE13B35ECB58C012BD8C62B9653340,https://maps.app.goo.gl/xQnaatSwpvpQvRWN7,VIADUCTO RIO BECERRA,BENITO JUÁREZ,NAPOLES,PLATSOBSE_DGCOP_PUENTES_VEHICULARES_VDTO_RIO_BECERRA_Y_CALLE_NEBRASKA_31,3256,ACTIVO,,,,,,
32,VDTO. RIO BECERRA Y CALLE OHIO,,ESPACIO_PUBLICO,OBRAS QUE TRANSFORMAN EL ESPACIO PUBLICO Y CONTRIBUYEN AL DERECHO A LA CIUDAD,REHABILITACION Y CONSTRUCCION DE PUENTES VEHICULARES,PUENTES_VEHICULARES,DGCOP,OBRAS EN GENERAL,2025,,,,,TERMINADO,100.0,PAULA LOPEZ,PUENTES VEHICULARES,,,,DGCOP,0101000020E6100000B3CD8DE909CB58C08201840F25663340,https://maps.app.goo.gl/vPwutBY6wBa5i9996,NAPOLES,BENITO JUÁREZ,NAPOLES,PLATSOBSE_DGCOP_PUENTES_VEHICULARES_VDTO_RIO_BECERRA_Y_CALLE_OHIO_32,3257,ACTIVO,,,,,,
202,202 IZTACCIHUATL,13.0,GRANDES_OBRAS,GRANDES OBRAS QUE TRANSFORMAN LA CAPITAL,EL BALON VUELVE AL BARRIO,BALON_BARRIO,DGCOP,OBRAS DEL MUNDIAL,2026,2026-05-22 23:15:28.878,actualizacion_dgpest,2026-05-07,,INAUGURADA,100.0,PAULA LOPEZ,FUTBOL RAPIDO,1200.0,CONCRETO,"La empresa informa que se tiene que realizar un mejoramiento de terreno, dictaminación de un D.R.O y construcción de cimentación derivado a que se encuentra solo con un terreno de relleno",DGPEST,0101000020E6100000F4328AE596C858C09FCA694FC9913340,https://maps.app.goo.gl/gA9iNEFGcUowXwTt7,"IZTACCIHUATL 73, LOMAS DE CUAUTEPEC, GUSTAVO A. MADERO, 07110 CIUDAD DE MÉXICO, CDMX",GUSTAVO A. MADERO,LOMAS DE CUAUTEPEC,PLATSOBSE_DGCOP_BALON_BARRIO_202_IZTACCIHUATL_202,2547,ACTIVO,,,,,,
33,VDTO. RIO BECERRA ACCESO PATRIOTISMO,,ESPACIO_PUBLICO,OBRAS QUE TRANSFORMAN EL ESPACIO PUBLICO Y CONTRIBUYEN AL DERECHO A LA CIUDAD,REHABILITACION Y CONSTRUCCION DE PUENTES VEHICULARES,PUENTES_VEHICULARES,DGCOP,OBRAS EN GENERAL,2025,,,,,TERMINADO,100.0,PAULA LOPEZ,PUENTES VEHICULARES,,,,DGCOP,0101000020E610000031242713B7CB58C0AAB69BE09B623340,https://maps.app.goo.gl/oBcnh7LqYcGG3rTh9,RIO BECERRA,BENITO JUÁREZ,CIUDAD DE LOS DEPORTES,PLATSOBSE_DGCOP_PUENTES_VEHICULARES_VDTO_RIO_BECERRA_ACCESO_PATRIOTISMO_33,3258,ACTIVO,,,,,,
91,SEGUNDO PISO DEL ANILLO PERIFERICO ADOLFO LOPEZ MATEOS (TIZAPAN SAN ANGEL),,ESPACIO_PUBLICO,OBRAS QUE TRANSFORMAN EL ESPACIO PUBLICO Y CONTRIBUYEN AL DERECHO A LA CIUDAD,REHABILITACION Y CONSTRUCCION DE PUENTES VEHICULARES,PUENTES_VEHICULARES,DGCOP,OBRAS EN GENERAL,2025,,,,,TERMINADO,100.0,PAULA LOPEZ,PUENTES VEHICULARES,,,,DGCOP,0101000020E610000063F20698F9CC58C0CE380D5185573340,https://maps.app.goo.gl/wd3rPQmnJupU3Tuo6,ANILLO PERIF. BLVD. ADOLFO LOPEZ MATEOS,ÁLVARO OBREGÓN,PROGRESO TIZAPAN,PLATSOBSE_DGCOP_PUENTES_VEHICULARES_SEGUNDO_PISO_DEL_ANILLO_PERIFERICO_ADOLFO_LOPEZ_MATEOS_TIZAPAN_SAN_ANGEL_91,3316,ACTIVO,,,,,,
261,261 PILARES CENTENARIO,13.0,GRANDES_OBRAS,GRANDES OBRAS QUE TRANSFORMAN LA CAPITAL,EL BALON VUELVE AL BARRIO,BALON_BARRIO,DGOT,OBRAS DEL MUNDIAL,2026,2026-05-22 23:17:35.952,actualizacion_dgpest,2026-04-29,,INAUGURADA,100.0,PAULA LOPEZ,FUTBOL RAPIDO,1200.0,CONCRETO,,DGPEST,0101000020E6100000849ECDAACFC558C05F07CE1951823340,https://maps.app.goo.gl/JEDRaQQD74BeXPxX7,"BAJO PUENTE AV. CENTENARIO, AV. RÍO DE LOS REMEDIOS ESQ, JUAN GONZÁLEZ ROMERO, GUSTAVO A. MADERO, 07410 CIUDAD DE MÉXICO, CDMX",GUSTAVO A. MADERO,JUAN GONZALEZ ROMERO,PLATSOBSE_DGOT_BALON_BARRIO_261_PILARES_CENTENARIO_261,2554,ACTIVO,,,,,,
273,273 CANCHA DE FUTBOL RAPIDO ORIENTE,13.0,GRANDES_OBRAS,GRANDES OBRAS QUE TRANSFORMAN LA CAPITAL,EL BALON VUELVE AL BARRIO,BALON_BARRIO,DGPEST,OBRAS DEL MUNDIAL,2026,2026-05-22 23:17:58.268,actualizacion_dgpest,2026-04-29,,INAUGURADA,100.0,PAULA LOPEZ,FUTBOL RAPIDO,1200.0,PASTO SINTETICO,,DGPEST,0101000020E6100000CE8DE9094BC458C0B1DD3D40F7513340,https://maps.app.goo.gl/j5vFiCguDNpywnar8,"LOTE 9 MAZANA 40, C. LAS TORRES, LOMAS DE SAN LORENZO, IZTAPALAPA, 09780 CIUDAD DE MÉXICO, CDMX",IZTAPALAPA,LOMAS DE SAN LORENZO,PLATSOBSE_DGPEST_BALON_BARRIO_273_CANCHA_DE_FUTBOL_RAPIDO_ORIENTE_273,2555,ACTIVO,,,,,,
278,278 CENTRO COMUNITARIO SEMBRANDO LIBERTAD,13.0,GRANDES_OBRAS,GRANDES OBRAS QUE TRANSFORMAN LA CAPITAL,EL BALON VUELVE AL BARRIO,BALON_BARRIO,DGPEST,OBRAS DEL MUNDIAL,2026,,,,,TERMINADO,100.0,PAULA LOPEZ,FUTBOL RAPIDO,1200.0,CONCRETO,,DGPEST,0101000020E61000004BAB21718FC558C01DE38A8BA35A3340,https://maps.app.goo.gl/qSLdCgsmU35C9mcS6,"FRANCISCO SARABIA 56, PLAN DE IGUALA, IZTAPALAPA, 09838 CIUDAD DE MÉXICO, CDMX",IZTAPALAPA,PLAN DE IGUALA,PLATSOBSE_DGPEST_BALON_BARRIO_278_CENTRO_COMUNITARIO_SEMBRANDO_LIBERTAD_278,2559,ACTIVO,,,,,,
95,VIAD. RIO DE LA PIEDAD Y MARCOS CARRILLO,,ESPACIO_PUBLICO,OBRAS QUE TRANSFORMAN EL ESPACIO PUBLICO Y CONTRIBUYEN AL DERECHO A LA CIUDAD,REHABILITACION Y CONSTRUCCION DE PUENTES VEHICULARES,PUENTES_VEHICULARES,DGCOP,OBRAS EN GENERAL,2025,,,,,TERMINADO,100.0,PAULA LOPEZ,PUENTES VEHICULARES,,,,DGCOP,0101000020E610000063B9A5D590C858C07DAF21382E673340,https://maps.app.goo.gl/7THqgHuDC2NVHxtH6,VIAD. RIO DE LA PIEDAD,IZTACALCO,VIADUCTO PIEDAD,PLATSOBSE_DGCOP_PUENTES_VEHICULARES_VIAD_RIO_DE_LA_PIEDAD_Y_MARCOS_CARRILLO_95,3320,ACTIVO,,,,,,
7,PILARES ARBOL DEL CONOCIMIENTO,,CUIDADO,OBRAS QUE TRANSFORMAN LAS TAREAS DEL CUIDADO Y EL BIENESTAR,"SISTEMA PUBLICO DE CUIDADOS ""CASA DE LAS 3RS""",CASA_3R,DGCOP,OBRAS EN GENERAL,2025,2026-06-10 16:36:05.734,actualizacion_dgcop,,,EN PROCESO,74.55,PAULA LOPEZ,CASA DE LAS 3R,,,,DGCOP,0101000020E610000021AE9CBD33CE58C051DA1B7C61623340,https://maps.app.goo.gl/3DaobC9knk1FKM7z6,CHICAGO,ÁLVARO OBREGÓN,LA CANADA,PLATSOBSE_DGCOP_CASA_3R_PILARES_ARBOL_DEL_CONOCIMIENTO_7,3141,ACTIVO,,,,,,
282,282 SANTA ANA TLACOTENCO,13.0,GRANDES_OBRAS,GRANDES OBRAS QUE TRANSFORMAN LA CAPITAL,EL BALON VUELVE AL BARRIO,BALON_BARRIO,DGPEST,OBRAS DEL MUNDIAL,2026,2026-06-10 23:10:00.871,actualizacion_dgpest,2026-06-10,,ENTREGADO,100.0,PAULA LOPEZ,FUTBOL 11,4050.0,PASTO SINTETICO,,DGPEST,0101000020E61000001D9430D3F6BF58C0A3AF20CD582C3340,https://maps.app.goo.gl/1vBWdHLgWCvfjixJA,"Niños Heroes, Santa Ana Tlacotenco, San Miguel, Milpa Alta, 12930 Ciudad de México, CDMX",MILPA ALTA,SANTA ANA TLACOTENCO,PLATSOBSE_DGPEST_BALON_BARRIO_282_SANTA_ANA_TLACOTENCO_282,2560,ACTIVO,,,,,,
09DJN0303S,TONATIUH,,ESPACIO_PUBLICO,OBRAS QUE TRANSFORMAN EL ESPACIO PUBLICO Y CONTRIBUYEN AL DERECHO A LA CIUDAD,"1,2,3 POR MI ESCUELA RENOVAR PARA TRANSFORMAR","1,2,3_ESCUELAS",DGCOP,AUTORIDAD EDUCATIVA,2025,2026-06-03 18:36:47.172,actualizacion_dgcop,,,TERMINADO,100.0,PAULA LOPEZ,PREESCOLAR,,,,DGCOP,0101000020E6100000B98D06F016C858C0DCB75A272E6F3340,https://maps.app.goo.gl/DMtP4Sr8PYR22aG3A,REPUBLICA DE GUATEMALA,CUAUHTÉMOC,CENTRO III,PLATSOBSE_DGCOP_1_2_3_ESCUELAS_TONATIUH_09DJN0303S_09DJN0303S,2784,ACTIVO,,,,,,
09DPR2446T,PROFRA. ROSA TORRE GONZALEZ,,ESPACIO_PUBLICO,OBRAS QUE TRANSFORMAN EL ESPACIO PUBLICO Y CONTRIBUYEN AL DERECHO A LA CIUDAD,"1,2,3 POR MI ESCUELA RENOVAR PARA TRANSFORMAR","1,2,3_ESCUELAS",DGCOP,CASA POR CASA,2025,2026-06-10 16:36:59.335,actualizacion_dgcop,,,EN PROCESO,94.85,PAULA LOPEZ,PRIMARIA,,,,DGCOP,0101000020E61000007AABAE4335CD58C09E60FF756E823340,https://maps.app.goo.gl/m1UHjNSr6iTHNSsV9,CINEMATOGRAFIA,AZCAPOTZALCO,EL ROSARIO A (U HAB),PLATSOBSE_DGCOP_1_2_3_ESCUELAS_PROFRA_ROSA_TORRE_GONZALEZ_09DPR2446T_09DPR2446T,2823,ACTIVO,,,,,,
290,290 CANCHA CAO DE LOS PUEBLOS,13.0,GRANDES_OBRAS,GRANDES OBRAS QUE TRANSFORMAN LA CAPITAL,EL BALON VUELVE AL BARRIO,BALON_BARRIO,DGPEST,OBRAS DEL MUNDIAL,2026,,,,,TERMINADO,100.0,PAULA LOPEZ,MULTICANCHA,600.0,CONCRETO,,DGPEST,0101000020E61000007C61325530CA58C0B9533A58FF3B3340,https://maps.app.goo.gl/N9XpD1P61xeNWrnc7,"AV. MÉXICO AJUSCO, SAN MIGUEL XICALCO, TLALPAN, 14490 CIUDAD DE MÉXICO, CDMX",TLALPAN,SAN MIGUEL XICALCO,PLATSOBSE_DGPEST_BALON_BARRIO_290_CANCHA_CAO_DE_LOS_PUEBLOS_290,2565,ACTIVO,,,,,,
167,167 DEPORTIVO JOSE MARIA MORELOS Y PAVON,13.0,GRANDES_OBRAS,GRANDES OBRAS QUE TRANSFORMAN LA CAPITAL,EL BALON VUELVE AL BARRIO,BALON_BARRIO,DGCOP,OBRAS DEL MUNDIAL,2026,2026-05-20 17:56:21.594,actualizacion_dgpest,,,TERMINADO,100.0,PAULA LOPEZ,FUTBOL RAPIDO,1200.0,PASTO SINTETICO,,DGPEST,0101000020E61000001F9DBAF259CC58C066D828EB37733340,https://maps.app.goo.gl/N8kmPzhLsMWxg9ye6,"LAGO TRASIMENO S/N, PENSIL NTE., MIGUEL HIDALGO, 11430 CIUDAD DE MÉXICO, CDMX",MIGUEL HIDALGO,REFORMA PENSIL,PLATSOBSE_DGCOP_BALON_BARRIO_167_DEPORTIVO_JOSE_MARIA_MORELOS_Y_PAVON_167,2536,ACTIVO,,,,,,
277,277 PILARES PARAJE SAN JUAN CERRO (CERRO DE LA ESTRELLA),13.0,GRANDES_OBRAS,GRANDES OBRAS QUE TRANSFORMAN LA CAPITAL,EL BALON VUELVE AL BARRIO,BALON_BARRIO,DGPEST,OBRAS DEL MUNDIAL,2026,2026-05-13 20:01:00.032,actualizacion_dgpest,2026-04-21,,INAUGURADA,100.0,PAULA LOPEZ,MULTICANCHA,600.0,CONCRETO,,DGPEST,0101000020E61000000938842A35C558C043E1B37570583340,https://maps.app.goo.gl/2gViK8SQoseDVYQU7,AVENIDA CHOCOLIN LT. 40,IZTAPALAPA,PARAJE SAN JUAN CERRO,PLATSOBSE_DGPEST_BALON_BARRIO_277_PILARES_PARAJE_SAN_JUAN_CERRO_CERRO_DE_LA_ESTRELLA_277,2558,ACTIVO,,,,,,
296,"296 MODULO DEPORTIVO ""SANTIAGO TEPALCATLALPAN""",13.0,GRANDES_OBRAS,GRANDES OBRAS QUE TRANSFORMAN LA CAPITAL,EL BALON VUELVE AL BARRIO,BALON_BARRIO,DGPEST,OBRAS DEL MUNDIAL,2026,2026-05-13 20:10:13.245,actualizacion_dgpest,2026-05-09,,INAUGURADA,100.0,PAULA LOPEZ,FUTBOL RAPIDO,1200.0,CONCRETO,,DGPEST,0101000020E61000008EAF3DB324C858C04F92AE997C3F3340,https://maps.app.goo.gl/QN6TGPoik1FXsgBh6,"CDA. LAS CANTERAS 13, SANTIAGO TEPALCATLALPAN, XOCHIMILCO, 16106 CIUDAD DE MÉXICO, CDMX",XOCHIMILCO,SANTIAGO TEPALCATLALPAN,PLATSOBSE_DGPEST_BALON_BARRIO_296_MODULO_DEPORTIVO_SANTIAGO_TEPALCATLALPAN_296,2566,ACTIVO,,,,,,
297,"297 PILARES ""SAN MARCOS""",13.0,GRANDES_OBRAS,GRANDES OBRAS QUE TRANSFORMAN LA CAPITAL,EL BALON VUELVE AL BARRIO,BALON_BARRIO,DGPEST,OBRAS DEL MUNDIAL,2026,2026-05-22 23:19:22.812,actualizacion_dgpest,2026-04-25,,INAUGURADA,100.0,PAULA LOPEZ,FUTBOL RAPIDO,1200.0,CONCRETO,,DGPEST,0101000020E6100000613255302AC758C0EB353D2828453340,https://maps.app.goo.gl/SNdCoMsv5uXYR2ar7,CALLE OLMOS 135,XOCHIMILCO,AMPLIACIÓN SAN MARCOS NORTE,PLATSOBSE_DGPEST_BALON_BARRIO_297_PILARES_SAN_MARCOS_297,2567,ACTIVO,,,,,,
285,285 CANCHAS ATLIXCO,13.0,GRANDES_OBRAS,GRANDES OBRAS QUE TRANSFORMAN LA CAPITAL,EL BALON VUELVE AL BARRIO,BALON_BARRIO,DGPEST,OBRAS DEL MUNDIAL,2026,,,,,TERMINADO,100.0,PAULA LOPEZ,FUTBOL RAPIDO,1200.0,CONCRETO,,DGPEST,0101000020E61000009B1BD31396C058C068757286E2463340,https://maps.app.goo.gl/YZabNXUQgchdc7598,"SAN RAFAEL ATLIXCO 3150, SANTA CECILIA, TLÁHUAC, 13010 CIUDAD DE MÉXICO, CDMX",TLÁHUAC,SANTA CECILIA,PLATSOBSE_DGPEST_BALON_BARRIO_285_CANCHAS_ATLIXCO_285,2562,ACTIVO,,,,,,
288,288 PILARES SELENE,13.0,GRANDES_OBRAS,GRANDES OBRAS QUE TRANSFORMAN LA CAPITAL,EL BALON VUELVE AL BARRIO,BALON_BARRIO,DGPEST,OBRAS DEL MUNDIAL,2026,,,,,TERMINADO,100.0,PAULA LOPEZ,FUTBOL RAPIDO,1200.0,CONCRETO,,DGPEST,0101000020E6100000ABB2EF8AE0BF58C0C097C283664B3340,https://maps.app.goo.gl/yvCvFgViZtsmemUEA,AV. ESTANISLAO RAMIREZ RUIZ 1,TLÁHUAC,SELENE,PLATSOBSE_DGPEST_BALON_BARRIO_288_PILARES_SELENE_288,2564,ACTIVO,,,,,,
13,PARROQUIA DE SANTA MARIA LA REDONDA,18.0,ESPACIO_PUBLICO,OBRAS QUE TRANSFORMAN EL ESPACIO PUBLICO Y CONTRIBUYEN AL DERECHO A LA CIUDAD,ILUMINACION ARTISTICA DE EDIFICIOS DEL CENTRO HISTORICO,ILUM_ART_CH,DGSUS,OBRAS DEL MUNDIAL,2025,2026-05-12 20:17:30.349,admin,2026-05-06,,ENTREGADO,100.0,PAULA LOPEZ,ILUMINACION DE EDIFICIOS,,,,DGSUS,0101000020E6100000818D902603C958C0B76C63A2F7703340,https://maps.app.goo.gl/MreTYGfgf6B4E4jR9,VICENTE RIVAS PALACIO #76,CUAUHTEMOC,GUERRERO IV,PLATSOBSE_DGSUS_ILUM_ART_CH_PARROQUIA_DE_SANTA_MARIA_LA_REDONDA_13,3157,ACTIVO,,,,,,
12,MUSEO DEL MARQUES DEL APARTADO,18.0,ESPACIO_PUBLICO,OBRAS QUE TRANSFORMAN EL ESPACIO PUBLICO Y CONTRIBUYEN AL DERECHO A LA CIUDAD,ILUMINACION ARTISTICA DE EDIFICIOS DEL CENTRO HISTORICO,ILUM_ART_CH,DGSUS,OBRAS DEL MUNDIAL,2025,2026-05-12 20:17:21.880,admin,2026-05-06,,ENTREGADO,100.0,PAULA LOPEZ,ILUMINACION DE EDIFICIOS,,,,DGSUS,0101000020E61000008BBE277B70C858C03D3B2A487D6F3340,https://maps.app.goo.gl/VYAGwqBnG1YFN45j8,DONCELES #107,CUAUHTEMOC,CENTRO IV,PLATSOBSE_DGSUS_ILUM_ART_CH_MUSEO_DEL_MARQUES_DEL_APARTADO_12,3156,ACTIVO,,,,,,
153,153 NUEVA TENOCHTITLAN,,GRANDES_OBRAS,GRANDES OBRAS QUE TRANSFORMAN LA CAPITAL,EL BALON VUELVE AL BARRIO,BALON_BARRIO,DGSUS,,2026,,,,,TERMINADO,100.0,PAULA LOPEZ,FUTBOL 7,,,,DGPEST,0101000020E61000004FF31B3431C658C0F686DD4D29773340,https://maps.app.goo.gl/NrYd1zRrwDdvqSiF7,NTE 94,GUSTAVO A. MADERO,GERTRUDIS SANCHEZ 2A SECCION,PLATSOBSE_SIN_DG_SIN_PROG_153_NUEVA_TENOCHTITLAN_153,3938,ACTIVO,,,,,,
7,TEMPLO DE SAN JUAN DE DIOS,18.0,ESPACIO_PUBLICO,OBRAS QUE TRANSFORMAN EL ESPACIO PUBLICO Y CONTRIBUYEN AL DERECHO A LA CIUDAD,ILUMINACION ARTISTICA DE EDIFICIOS DEL CENTRO HISTORICO,ILUM_ART_CH,DGSUS,OBRAS DEL MUNDIAL,2025,2026-05-12 20:18:00.665,admin,2026-05-06,,ENTREGADO,100.0,PAULA LOPEZ,ILUMINACION DE EDIFICIOS,,,,DGSUS,0101000020E61000007CBD569D30C958C0027FF8F9EF6F3340,https://maps.app.goo.gl/B2Xdc9qaD9hF1bPt6,AV VERACRUZ #51,CUAUHTEMOC,GUERRERO IV,PLATSOBSE_DGSUS_ILUM_ART_CH_TEMPLO_DE_SAN_JUAN_DE_DIOS_7,3151,ACTIVO,,,,,,
4,TEMPLO Y ANTIGUO CONVENTO DE SANTO DOMINGO,18.0,ESPACIO_PUBLICO,OBRAS QUE TRANSFORMAN EL ESPACIO PUBLICO Y CONTRIBUYEN AL DERECHO A LA CIUDAD,ILUMINACION ARTISTICA DE EDIFICIOS DEL CENTRO HISTORICO,ILUM_ART_CH,DGSUS,OBRAS DEL MUNDIAL,2025,2026-05-12 20:18:09.405,admin,2026-05-06,,ENTREGADO,100.0,PAULA LOPEZ,ILUMINACION DE EDIFICIOS,,,,DGSUS,0101000020E61000007B94B65D8DC858C0084F328342703340,https://maps.app.goo.gl/kiTv9XLfxsqNePNz8,REPUBLICA DE BRASIL #40,CUAUHTEMOC,CENTRO II,PLATSOBSE_DGSUS_ILUM_ART_CH_TEMPLO_Y_ANTIGUO_CONVENTO_DE_SANTO_DOMINGO_4,3148,ACTIVO,,,,,,
6,TEMPLO DE SAN BERNARDO,18.0,ESPACIO_PUBLICO,OBRAS QUE TRANSFORMAN EL ESPACIO PUBLICO Y CONTRIBUYEN AL DERECHO A LA CIUDAD,ILUMINACION ARTISTICA DE EDIFICIOS DEL CENTRO HISTORICO,ILUM_ART_CH,DGSUS,OBRAS DEL MUNDIAL,2025,2026-05-12 20:17:43.889,admin,2026-05-06,,ENTREGADO,100.0,PAULA LOPEZ,ILUMINACION DE EDIFICIOS,,,,DGSUS,0101000020E610000032607FC891C858C0DA97C7F54A6E3340,https://maps.app.goo.gl/8YJAKxkhMqxKTW7Y8,20 DE NOVIEMBRE #33,CUAUHTEMOC,CENTRO IV,PLATSOBSE_DGSUS_ILUM_ART_CH_TEMPLO_DE_SAN_BERNARDO_6,3150,ACTIVO,,,,,,
275,275 PILARES PARQUE NACIONAL,13.0,GRANDES_OBRAS,GRANDES OBRAS QUE TRANSFORMAN LA CAPITAL,EL BALON VUELVE AL BARRIO,BALON_BARRIO,DGPEST,OBRAS DEL MUNDIAL,2026,2026-06-10 17:35:20.851,actualizacion_dgpest,,,TERMINADO,100.0,PAULA LOPEZ,FUTBOL 7,1750.0,CONCRETO,,DGPEST,0101000020E6100000EE940ED6FFC558C021904B1C79543340,https://maps.app.goo.gl/vLApWT21xq5SabhN9,HERMANOS LUMIERE S/N,IZTAPALAPA,PARQUE NACIONAL CERRO DE LA ESTRELLA,PLATSOBSE_DGPEST_BALON_BARRIO_275_PILARES_PARQUE_NACIONAL_275,2556,ACTIVO,,,,,,
55,55 PARQUE CHAKTEMAL,13.0,GRANDES_OBRAS,GRANDES OBRAS QUE TRANSFORMAN LA CAPITAL,EL BALON VUELVE AL BARRIO,BALON_BARRIO,DGOIV,OBRAS DEL MUNDIAL,2026,2026-05-20 01:32:18.627,admin,2026-04-01,,INAUGURADA,100.0,PAULA LOPEZ,FUTBOL RAPIDO,1200.0,CONCRETO,,DGPEST,0101000020E6100000BD35B05582CD58C0A8ACA6EB89463340,https://maps.app.goo.gl/fpqTBTpJq3UpKDEG8,CALLE LAS TORRES ESQ C. 7,TLALPAN,MIGUEL HIDALGO 4TA SECC,PLATSOBSE_DGOIV_BALON_BARRIO_55_PARQUE_CHAKTEMAL_55,2583,ACTIVO,,,,,,
49,49 CANCHAS LAGO GINEBRA,13.0,GRANDES_OBRAS,GRANDES OBRAS QUE TRANSFORMAN LA CAPITAL,EL BALON VUELVE AL BARRIO,BALON_BARRIO,DGOIV,OBRAS DEL MUNDIAL,2026,2026-05-20 16:48:24.932,admin,2026-04-01,,INAUGURADA,100.0,PAULA LOPEZ,MULTICANCHA,600.0,CONCRETO,,DGPEST,0101000020E610000098A3C7EF6DCC58C03811FDDAFA713340,https://maps.app.goo.gl/wMJLngNHzqdPNimF9,"C. LAGO GINEBRA 62, CUAUHTÉMOC PENSIL, MIGUEL HIDALGO, 11490 CIUDAD DE MÉXICO, CDMX",MIGUEL HIDALGO,CUAUHTEMOC PENSIL,PLATSOBSE_DGOIV_BALON_BARRIO_49_CANCHAS_LAGO_GINEBRA_49,2582,ACTIVO,,,,,,
131,131 CHICOASEN,13.0,GRANDES_OBRAS,GRANDES OBRAS QUE TRANSFORMAN LA CAPITAL,EL BALON VUELVE AL BARRIO,BALON_BARRIO,DGSUS,OBRAS DEL MUNDIAL,2026,2026-05-20 01:22:55.246,admin,2026-04-01,,INAUGURADA,100.0,PAULA LOPEZ,FUTBOL RAPIDO,1200.0,PASTO SINTETICO,,DGPEST,0101000020E6100000D8D825AAB7CE58C053CE177B2F4A3340,https://maps.app.goo.gl/cs4UkwYYB5FpTKHo8,"Calle chicoasen y ACANCEH, Pedregal de San Nicolás 2da Secc, Tlalpan, 14240 Ciudad de México, CDMX",TLALPAN,PEDREGAL DE SN NICOLAS 2A SECC,PLATSOBSE_DGSUS_BALON_BARRIO_131_CHICOASEN_131,2602,ACTIVO,,,,,,
46,46 PARQUE LINEAL RIO SAN JOAQUIN,13.0,GRANDES_OBRAS,GRANDES OBRAS QUE TRANSFORMAN LA CAPITAL,EL BALON VUELVE AL BARRIO,BALON_BARRIO,DGOIV,OBRAS DEL MUNDIAL,2026,2026-05-20 16:48:49.433,admin,2026-04-01,,INAUGURADA,100.0,PAULA LOPEZ,MULTICANCHA,600.0,CONCRETO,,DGPEST,0101000020E6100000B5C35F9335CC58C097FE25A94C713340,https://maps.app.goo.gl/v55Lsn4KnbDHuHJT8,"LAGUNA DE MAYRAN ESQ. LAGO LADOGA, LAGUNA DE MAYRAN, DOS LAGOS, 11450 CIUDAD DE MÉXICO, CDMX",MIGUEL HIDALGO,DOS LAGOS,PLATSOBSE_DGOIV_BALON_BARRIO_46_PARQUE_LINEAL_RIO_SAN_JOAQUIN_46,2581,ACTIVO,,,,,,
39,39 CANCHA CALLE QUETZAL,13.0,GRANDES_OBRAS,GRANDES OBRAS QUE TRANSFORMAN LA CAPITAL,EL BALON VUELVE AL BARRIO,BALON_BARRIO,DGOIV,OBRAS DEL MUNDIAL,2026,2026-05-20 16:58:36.827,admin,2026-03-31,,INAUGURADA,100.0,PAULA LOPEZ,FUTBOL RAPIDO,1200.0,CONCRETO,,DGPEST,0101000020E6100000F94ECC7A31C258C021753BFBCA5F3340,https://maps.app.goo.gl/ojo3PMZhgngmrvxCA,"ESQUINA QUETZAL, DOMÍNGUEZ COTA, EL PARAÍSO, ÁLVARO OBREGÓN, IZTAPALAPA, 09230 CIUDAD DE MÉXICO, CDMX",IZTAPALAPA,ALVARO OBREGON,PLATSOBSE_DGOIV_BALON_BARRIO_39_CANCHA_CALLE_QUETZAL_39,2577,ACTIVO,,,,,,
40,40 PILARES VILLA CID,13.0,GRANDES_OBRAS,GRANDES OBRAS QUE TRANSFORMAN LA CAPITAL,EL BALON VUELVE AL BARRIO,BALON_BARRIO,DGOIV,OBRAS DEL MUNDIAL,2026,2026-05-20 16:58:59.242,admin,2026-03-21,,INAUGURADA,100.0,PAULA LOPEZ,FUTBOL RAPIDO,1200.0,CONCRETO,,DGPEST,0101000020E6100000E94317D4B7C258C040A374E95F523340,https://maps.app.goo.gl/4DZF6HfmiFjG36AQ8,"Villa Iris 112, Desarrollo Urbano Quetzalcóatl, Iztapalapa, 09700 Ciudad de México, CDMX",IZTAPALAPA,DESARROLLO URBANO QUETZALCOATL,PLATSOBSE_DGOIV_BALON_BARRIO_40_PILARES_VILLA_CID_40,2578,ACTIVO,,,,,,
41,41 CAMPO TIERRA Y LIBERTAD,13.0,GRANDES_OBRAS,GRANDES OBRAS QUE TRANSFORMAN LA CAPITAL,EL BALON VUELVE AL BARRIO,BALON_BARRIO,DGOIV,OBRAS DEL MUNDIAL,2026,2026-05-20 16:59:22.261,admin,2026-01-04,,INAUGURADA,100.0,PAULA LOPEZ,FUTBOL 11,4050.0,TIERRA,,DGPEST,0101000020E61000007862D68BA1BE58C00F5F268A90563340,https://maps.app.goo.gl/Hmgp3vKiGc8qU6BTA,"AMP EMILIANO ZAPATA, IZTAPALAPA, 09638 CIUDAD DE MÉXICO, CDMX",IZTAPALAPA,EMILIANO ZAPATA (AMPL),PLATSOBSE_DGOIV_BALON_BARRIO_41_CAMPO_TIERRA_Y_LIBERTAD_41,2579,ACTIVO,,,,,,
276,276 DEPORTIVO LOS ANGELES,13.0,GRANDES_OBRAS,GRANDES OBRAS QUE TRANSFORMAN LA CAPITAL,EL BALON VUELVE AL BARRIO,BALON_BARRIO,DGPEST,OBRAS DEL MUNDIAL,2026,2026-05-13 20:00:40.507,actualizacion_dgpest,2026-04-22,,INAUGURADA,100.0,PAULA LOPEZ,FUTBOL RAPIDO,1200.0,CONCRETO,,DGPEST,0101000020E6100000B8AF03E78CC458C0F296AB1F9B583340,https://maps.app.goo.gl/tWJVnkQWy9rKFaKD6,"ESPUELA, AV. DEL ROSAL 183, LOS ANGELES, IZTAPALAPA, 09830 CIUDAD DE MÉXICO, CDMX",IZTAPALAPA,LOS ANGELES,PLATSOBSE_DGPEST_BALON_BARRIO_276_DEPORTIVO_LOS_ANGELES_276,2557,ACTIVO,,,,,,
54,54 CANCHA 2 TORRES DE PADIERNA,13.0,GRANDES_OBRAS,GRANDES OBRAS QUE TRANSFORMAN LA CAPITAL,EL BALON VUELVE AL BARRIO,BALON_BARRIO,DGOIV,OBRAS DEL MUNDIAL,2026,2026-05-20 01:26:23.121,admin,2026-04-01,,INAUGURADA,100.0,PAULA LOPEZ,MULTICANCHA,600.0,CONCRETO,,DGPEST,0101000020E61000000D897B2C7DCE58C00F43AB9333483340,https://maps.app.goo.gl/mQymzvGhpJfQMKMi7,"TERRITORIO TORRES, HÉROES DE PADIERNA, CIUDAD DE MÉXICO, CDMX",TLALPAN,HEROES DE PADIERNA,PLATSOBSE_DGOIV_BALON_BARRIO_54_CANCHA_2_TORRES_DE_PADIERNA_54,2588,ACTIVO,,,,,,
97,97 CAMPAMENTO 2 DE OCTUBRE,13.0,GRANDES_OBRAS,GRANDES OBRAS QUE TRANSFORMAN LA CAPITAL,EL BALON VUELVE AL BARRIO,BALON_BARRIO,DGSUS,OBRAS DEL MUNDIAL,2026,2026-05-20 16:54:42.999,admin,2026-03-30,,INAUGURADA,100.0,PAULA LOPEZ,FUTBOL RAPIDO,1200.0,PASTO SINTETICO,,DGPEST,0101000020E610000053D0ED258DC758C013286211C3623340,https://maps.app.goo.gl/DKxM7KDsmfn3aSst6,"AV. JUAN N. ÁLVAREZ CAMPAMENTO 2 DE OCTUBRE, IZTACALCO",IZTACALCO,CAMPAMENTO 2 DE OCTUBRE,PLATSOBSE_DGSUS_BALON_BARRIO_97_CAMPAMENTO_2_DE_OCTUBRE_97,2593,ACTIVO,,,,,,
99,99 CAMPAMENTO 2 DE OCTUBRE,13.0,GRANDES_OBRAS,GRANDES OBRAS QUE TRANSFORMAN LA CAPITAL,EL BALON VUELVE AL BARRIO,BALON_BARRIO,DGSUS,OBRAS DEL MUNDIAL,2026,2026-05-20 16:55:01.320,admin,2026-03-30,,INAUGURADA,100.0,PAULA LOPEZ,FUTBOL RAPIDO,1200.0,CONCRETO,,DGPEST,0101000020E6100000EC17EC866DC758C04EB857E6AD623340,https://maps.app.goo.gl/EiYVRZo7jQxEFYD58,"AV. JUAN N. ÁLVAREZ CAMPAMENTO 2 DE OCTUBRE, IZTACALCO",IZTACALCO,CAMPAMENTO 2 DE OCTUBRE,PLATSOBSE_DGSUS_BALON_BARRIO_99_CAMPAMENTO_2_DE_OCTUBRE_99,2594,ACTIVO,,,,,,
103,103 CANCHA BATALLA DE CULIACAN,13.0,GRANDES_OBRAS,GRANDES OBRAS QUE TRANSFORMAN LA CAPITAL,EL BALON VUELVE AL BARRIO,BALON_BARRIO,DGSUS,OBRAS DEL MUNDIAL,2026,2026-05-20 17:00:12.463,admin,2026-04-02,,INAUGURADA,100.0,PAULA LOPEZ,FUTBOL RAPIDO,1200.0,CONCRETO,,DGPEST,0101000020E61000007C7E18213CC258C0BB0D6ABFB55F3340,https://maps.app.goo.gl/WqbV9u1zLZ6WRSUt8,"BATALLA DE CULIACAN 16, ÁLVARO OBREGÓN, IZTAPALAPA, 09230 CIUDAD DE MÉXICO, CDMX",IZTAPALAPA,ALVARO OBREGON,PLATSOBSE_DGSUS_BALON_BARRIO_103_CANCHA_BATALLA_DE_CULIACAN_103,2595,ACTIVO,,,,,,
107,107 CANCHA CIRCUNVALACION 1,13.0,GRANDES_OBRAS,GRANDES OBRAS QUE TRANSFORMAN LA CAPITAL,EL BALON VUELVE AL BARRIO,BALON_BARRIO,DGSUS,OBRAS DEL MUNDIAL,2026,2026-05-20 17:00:52.060,admin,2026-03-18,,INAUGURADA,100.0,PAULA LOPEZ,FUTBOL RAPIDO,1200.0,CONCRETO,,DGPEST,0101000020E610000035D252793BC258C0618907944D5D3340,https://maps.app.goo.gl/kct3dR8XuQ7wKaMZ6,"EJE 5 SUR S/N, ZONA URBANA EJIDAL SANTA MARÍA AZTAHUACAN, IZTAPALAPA, 09570 CIUDAD DE MÉXICO, CDMX",IZTAPALAPA,SANTA MARIA AZTAHUACAN,PLATSOBSE_DGSUS_BALON_BARRIO_107_CANCHA_CIRCUNVALACION_1_107,2596,ACTIVO,,,,,,
108,108 CANCHA CIRCUNVALACION 2,13.0,GRANDES_OBRAS,GRANDES OBRAS QUE TRANSFORMAN LA CAPITAL,EL BALON VUELVE AL BARRIO,BALON_BARRIO,DGSUS,OBRAS DEL MUNDIAL,2026,2026-05-20 17:01:08.041,admin,2026-03-18,,INAUGURADA,100.0,PAULA LOPEZ,FUTBOL RAPIDO,1200.0,CONCRETO,,DGPEST,0101000020E6100000632827DA55C258C0A5BC5642775D3340,https://maps.app.goo.gl/9EvfsqdkD842djma7,"EJE 5 SUR S/N, ZONA URBANA EJIDAL SANTA MARÍA AZTAHUACAN, IZTAPALAPA, 09570 CIUDAD DE MÉXICO, CDMX",IZTAPALAPA,SANTA MARIA AZTAHUACAN,PLATSOBSE_DGSUS_BALON_BARRIO_108_CANCHA_CIRCUNVALACION_2_108,2598,ACTIVO,,,,,,
81,NUMERO 17 BEETHOVEN,,ECONOMIA,OBRAS QUE TRANSFORMAN LA ECONOMIA LOCAL Y FOMENTAN EL EMPLEO,MANTENIMIENTO A MERCADOS PUBLICOS,MTTO_MERCADOS,DGCOP,GABINETE,2025,2026-06-10 17:52:10.219,actualizacion_dgcop,,,EN PROCESO,88.0,PAULA LOPEZ,MERCADO,,,,DGCOP,0101000020E6100000703E75AC52C858C0D1B01875AD753340,,ADELINA PATTI,CUAUHTÉMOC,PERALVILLO II,PLATSOBSE_DGCOP_MTTO_MERCADOS_NUMERO_17_BEETHOVEN_81,3461,ACTIVO,,,,,,
09DPR0954J,AMERICAS UNIDAS,,ESPACIO_PUBLICO,OBRAS QUE TRANSFORMAN EL ESPACIO PUBLICO Y CONTRIBUYEN AL DERECHO A LA CIUDAD,"1,2,3 POR MI ESCUELA RENOVAR PARA TRANSFORMAR","1,2,3_ESCUELAS",DGCOP,CASA POR CASA,2025,2026-06-10 17:56:43.639,actualizacion_dgcop,,,EN PROCESO,85.92,PAULA LOPEZ,PRIMARIA,,,,DGCOP,0101000020E61000009D64ABCB29C658C05E9CF86A47713340,https://maps.app.goo.gl/FQ3NVdxy4RZg4xVY7,MARRUECOS,VENUSTIANO CARRANZA,ROMERO RUBIO,PLATSOBSE_DGCOP_1_2_3_ESCUELAS_AMERICAS_UNIDAS_09DPR0954J_09DPR0954J,2773,ACTIVO,,,,,,
80,MORELOS,,ECONOMIA,OBRAS QUE TRANSFORMAN LA ECONOMIA LOCAL Y FOMENTAN EL EMPLEO,MANTENIMIENTO A MERCADOS PUBLICOS,MTTO_MERCADOS,DGCOP,GABINETE,2025,2026-06-10 17:46:14.553,actualizacion_dgcop,,,EN PROCESO,97.0,PAULA LOPEZ,MERCADO,,,,DGCOP,0101000020E610000003ECA35357C758C04EECA17DAC703340,,AV. CIRCUNVALACION,VENUSTIANO CARRANZA,MORELOS II,PLATSOBSE_DGCOP_MTTO_MERCADOS_MORELOS_80,3448,ACTIVO,,,,,,
09DPR1699P,LUIS R. ALARCON,,ESPACIO_PUBLICO,OBRAS QUE TRANSFORMAN EL ESPACIO PUBLICO Y CONTRIBUYEN AL DERECHO A LA CIUDAD,"1,2,3 POR MI ESCUELA RENOVAR PARA TRANSFORMAR","1,2,3_ESCUELAS",DGCOP,JEFA DE GOBIERNO,2025,2026-05-20 16:13:18.323,actualizacion_dgcop,,,TERMINADO,100.0,PAULA LOPEZ,PRIMARIA,,,,DGCOP,0101000020E6100000CBBC55D7A1CC58C09E0B23BDA85D3340,https://maps.app.goo.gl/HUyo2sLsiwyiy3nz8,AV. CENTENARIO,ÁLVARO OBREGÓN,MERCED GOMEZ,PLATSOBSE_DGCOP_1_2_3_ESCUELAS_LUIS_R_ALARCON_09DPR1699P_09DPR1699P,2865,ACTIVO,,,,,,
111,111 CANCHA AV. JALISCO,13.0,GRANDES_OBRAS,GRANDES OBRAS QUE TRANSFORMAN LA CAPITAL,EL BALON VUELVE AL BARRIO,BALON_BARRIO,DGSUS,OBRAS DEL MUNDIAL,2026,2026-05-20 17:01:56.669,admin,2026-01-04,,INAUGURADA,100.0,PAULA LOPEZ,FUTBOL RAPIDO,1200.0,CONCRETO,,DGPEST,0101000020E61000003FC6DCB584C458C0BDC62E51BD5D3340,https://maps.app.goo.gl/ugpRdkpNt6powNU67,"LEYES DE REFORMA 2DA SECC, IZTAPALAPA, 09310 CIUDAD DE MÉXICO, CDMX",IZTAPALAPA,LEYES DE REFORMA 2DA SECCION,PLATSOBSE_DGSUS_BALON_BARRIO_111_CANCHA_AV_JALISCO_111,2599,ACTIVO,,,,,,
122,122 PILARES SANTA MARIA AZTAHUACAN,13.0,GRANDES_OBRAS,GRANDES OBRAS QUE TRANSFORMAN LA CAPITAL,EL BALON VUELVE AL BARRIO,BALON_BARRIO,DGSUS,OBRAS DEL MUNDIAL,2026,2026-05-20 17:03:45.192,admin,2026-03-31,,INAUGURADA,100.0,PAULA LOPEZ,FUTBOL RAPIDO,1200.0,CONCRETO,,DGPEST,0101000020E61000003C1405FA44C258C09B046F48A35A3340,https://maps.app.goo.gl/vxbXKq8TP94a6y187,"C. AQUILES SERDÁN, ZONA URBANA EJIDAL SANTA MARÍA AZTAHUACAN, IZTAPALAPA, 09570 CIUDAD DE MÉXICO, CDMX",IZTAPALAPA,SANTA MARIA AZTAHUACAN,PLATSOBSE_DGSUS_BALON_BARRIO_122_PILARES_SANTA_MARIA_AZTAHUACAN_122,2600,ACTIVO,,,,,,
124,124 EL COLISEO,13.0,GRANDES_OBRAS,GRANDES OBRAS QUE TRANSFORMAN LA CAPITAL,EL BALON VUELVE AL BARRIO,BALON_BARRIO,DGSUS,OBRAS DEL MUNDIAL,2026,,,,,INAUGURADA,100.0,PAULA LOPEZ,FUTBOL 7,1750.0,PASTO SINTETICO,,DGPEST,0101000020E61000006D567DAEB6C058C0F0164850FC603340,https://maps.app.goo.gl/15wyEziKVyTYp9oQ9,"AV. TEXCOCO MZ 192-LT 1, ZONA URBANA EJIDAL SANTA MARTHA ACATITLA NTE., IZTAPALAPA, 09140 CIUDAD DE MÉXICO, CDMX",IZTAPALAPA,SANTA MARTHA ACATITLA NORTE,PLATSOBSE_DGSUS_BALON_BARRIO_124_EL_COLISEO_124,2601,ACTIVO,,,,,,
194,194 PILARES TLALPEXCO,13.0,GRANDES_OBRAS,GRANDES OBRAS QUE TRANSFORMAN LA CAPITAL,EL BALON VUELVE AL BARRIO,BALON_BARRIO,DGCOP,OBRAS DEL MUNDIAL,2026,,,,,INAUGURADA,100.0,PAULA LOPEZ,MULTICANCHA,600.0,CONCRETO,,DGPEST,0101000020E61000006B9F8EC70CC858C07A8D5DA27A8B3340,https://maps.app.goo.gl/D7v5YoP5Ans2bzTBA,SAUCES LT. 5,GUSTAVO A. MADERO,TLALPEXCO,PLATSOBSE_DGCOP_BALON_BARRIO_194_PILARES_TLALPEXCO_194,2605,ACTIVO,,,,,,
92,92 PARQUE DE LOS VENADOS,13.0,GRANDES_OBRAS,GRANDES OBRAS QUE TRANSFORMAN LA CAPITAL,EL BALON VUELVE AL BARRIO,BALON_BARRIO,DGSUS,OBRAS DEL MUNDIAL,2026,2026-05-13 20:23:20.250,actualizacion_dgpest,2026-04-07,,INAUGURADA,100.0,PAULA LOPEZ,FUTBOL 7,1750.0,CONCRETO,,DGPEST,0101000020E61000003D2CD49AE6C958C0600322C4955F3340,https://maps.app.goo.gl/K4QtQk1LVMMDftnn9,"C. DR. JOSÉMARÍA VÉRTIZ 1336, PORTALES NTE, BENITO JUÁREZ, 03300 CIUDAD DE MÉXICO, CDMX",BENITO JUÁREZ,PORTALES NORTE,PLATSOBSE_DGSUS_BALON_BARRIO_92_PARQUE_DE_LOS_VENADOS_92,2650,ACTIVO,,,,,,
181,181 PILARES MARTIN CARRERA,13.0,GRANDES_OBRAS,GRANDES OBRAS QUE TRANSFORMAN LA CAPITAL,EL BALON VUELVE AL BARRIO,BALON_BARRIO,DGCOP,OBRAS DEL MUNDIAL,2026,2026-05-20 01:20:44.375,admin,2026-03-31,,INAUGURADA,100.0,PAULA LOPEZ,FUTBOL RAPIDO,1200.0,PASTO SINTETICO,,DGPEST,0101000020E6100000ECA353573EC758C0D63730B9517C3340,https://maps.app.goo.gl/1E9tLgzXb1BCpRP57,FRANCISCO ECHEVERRIA 315,GUSTAVO A. MADERO,MARTIN CARRERA,PLATSOBSE_DGCOP_BALON_BARRIO_181_PILARES_MARTIN_CARRERA_181,2604,ACTIVO,,,,,,
195,195 PILARES LA MUELA,13.0,GRANDES_OBRAS,GRANDES OBRAS QUE TRANSFORMAN LA CAPITAL,EL BALON VUELVE AL BARRIO,BALON_BARRIO,DGCOP,OBRAS DEL MUNDIAL,2026,2026-05-20 01:21:17.737,admin,2026-04-05,,INAUGURADA,100.0,PAULA LOPEZ,FUTBOL 7,1750.0,PASTO SINTETICO,,DGPEST,0101000020E610000073BA2C2636C958C0888384285F883340,https://maps.app.goo.gl/pPKQSyCn79k5FxoZA,"VIRGINIA FÁBREGAS, ARBOLILLO II, GUSTAVO A. MADERO, 07420 CIUDAD DE MÉXICO, CDMX",GUSTAVO A. MADERO,ARBOLILLO II,PLATSOBSE_DGCOP_BALON_BARRIO_195_PILARES_LA_MUELA_195,2606,ACTIVO,,,,,,
197,197 PILARES CHALMA DE GUADALUPE,13.0,GRANDES_OBRAS,GRANDES OBRAS QUE TRANSFORMAN LA CAPITAL,EL BALON VUELVE AL BARRIO,BALON_BARRIO,DGCOP,OBRAS DEL MUNDIAL,2026,2026-05-20 01:21:35.563,admin,2026-03-29,,INAUGURADA,100.0,PAULA LOPEZ,MULTICANCHA,600.0,CONCRETO,,DGPEST,0101000020E61000003D9B559FABC958C0D34A21904B8C3340,https://maps.app.goo.gl/bHzNuhcdBsbBjHkt5,MORELOS S/N,GUSTAVO A. MADERO,CHALMA DE GUADALUPE,PLATSOBSE_DGCOP_BALON_BARRIO_197_PILARES_CHALMA_DE_GUADALUPE_197,2607,ACTIVO,,,,,,
199,199 PILARES EL VIVERO,13.0,GRANDES_OBRAS,GRANDES OBRAS QUE TRANSFORMAN LA CAPITAL,EL BALON VUELVE AL BARRIO,BALON_BARRIO,DGCOP,OBRAS DEL MUNDIAL,2026,2026-05-20 01:21:53.325,admin,2026-04-05,,INAUGURADA,100.0,PAULA LOPEZ,FUTBOL 11,4050.0,PASTO SINTETICO,,DGPEST,0101000020E61000000EBE30992AC858C0957D5704FF8F3340,https://maps.app.goo.gl/upMnJ3uit8mofzVw5,BLANCA ESTELA PAVON S/N,GUSTAVO A. MADERO,CUAUTEPEC,PLATSOBSE_DGCOP_BALON_BARRIO_199_PILARES_EL_VIVERO_199,2608,ACTIVO,,,,,,
200,200 PILARES TOKIO,13.0,GRANDES_OBRAS,GRANDES OBRAS QUE TRANSFORMAN LA CAPITAL,EL BALON VUELVE AL BARRIO,BALON_BARRIO,DGCOP,OBRAS DEL MUNDIAL,2026,2026-05-20 01:22:23.802,admin,2026-04-02,,INAUGURADA,100.0,PAULA LOPEZ,FUTBOL 7,1750.0,PASTO SINTETICO,,DGPEST,0101000020E610000046425BCEA5C858C07E39B35DA1933340,https://maps.app.goo.gl/vReZ4nydvUsaAXoMA,AV. TOKIO S/N,GUSTAVO A. MADERO,MALACATES,PLATSOBSE_DGCOP_BALON_BARRIO_200_PILARES_TOKIO_200,2609,ACTIVO,,,,,,
211,211 UTOPIA MIXHUCA,13.0,GRANDES_OBRAS,GRANDES OBRAS QUE TRANSFORMAN LA CAPITAL,EL BALON VUELVE AL BARRIO,BALON_BARRIO,DGCOP,OBRAS DEL MUNDIAL,2026,2026-05-20 16:55:27.427,admin,2026-03-22,,INAUGURADA,100.0,PAULA LOPEZ,FUTBOL 11,4050.0,PASTO SINTETICO,PRESUPUESTO UTOPIAS,DGPEST,0101000020E6100000CB2DAD86C4C558C09B745B2217683340,https://maps.app.goo.gl/R1QQ3oogxBna26HFA,"Viad. Río de la Piedad S/N-Puerta 6, Granjas México, Iztacalco, 08400 Ciudad de México, CDMX",IZTACALCO,GRANJAS MEXICO,PLATSOBSE_DGCOP_BALON_BARRIO_211_UTOPIA_MIXHUCA_211,2610,ACTIVO,,,,,,
172,172 CANCHA DEL PARQUE LA TORRE,13.0,GRANDES_OBRAS,GRANDES OBRAS QUE TRANSFORMAN LA CAPITAL,EL BALON VUELVE AL BARRIO,BALON_BARRIO,DGCOP,OBRAS DEL MUNDIAL,2026,2026-05-20 01:14:55.820,admin,2026-04-01,,INAUGURADA,100.0,PAULA LOPEZ,FUTBOL 7,1750.0,PASTO SINTETICO,LA ALCALDIA INTERVENDRA LA CANCHA,DGPEST,0101000020E6100000083BDFFBE8CC58C0BBCE9A53027F3340,https://maps.app.goo.gl/svipTiVRT5CcRJ2N8,"Athletic Field, Pdte Madero, 02420 Ciudad de México, CDMX",AZCAPOTZALCO,EL PRESIDENTE,PLATSOBSE_DGCOP_BALON_BARRIO_172_CANCHA_DEL_PARQUE_LA_TORRE_172,2603,ACTIVO,,,,,,
09DJN0519R,GABINO A. PALMA,,ESPACIO_PUBLICO,OBRAS QUE TRANSFORMAN EL ESPACIO PUBLICO Y CONTRIBUYEN AL DERECHO A LA CIUDAD,"1,2,3 POR MI ESCUELA RENOVAR PARA TRANSFORMAR","1,2,3_ESCUELAS",DGCOP,CASA POR CASA,2025,2026-06-03 18:29:01.854,actualizacion_dgcop,,,TERMINADO,100.0,PAULA LOPEZ,PREESCOLAR,,,,DGCOP,0101000020E6100000ACE122F774D458C0522CB7B41A5A3340,https://maps.app.goo.gl/488ZR1hMT6jCxjZr8,CONCORDIA,CUAJIMALPA DE MORELOS,SAN PABLO CHIMALPA (PBLO),PLATSOBSE_DGCOP_1_2_3_ESCUELAS_GABINO_A_PALMA_09DJN0519R_09DJN0519R,2930,ACTIVO,,,,,,
68,MINILLAS,,ECONOMIA,OBRAS QUE TRANSFORMAN LA ECONOMIA LOCAL Y FOMENTAN EL EMPLEO,MANTENIMIENTO A MERCADOS PUBLICOS,MTTO_MERCADOS,DGCOP,GABINETE,2025,2026-06-10 17:49:59.014,actualizacion_dgcop,,,EN PROCESO,92.65,PAULA LOPEZ,MERCADO,,,,DGCOP,0101000020E610000044DE72F563C758C0753FA7203F733340,https://maps.app.goo.gl/EMD9jkEc3SJq1CGy5,AV. CANAL DEL NTE.,VENUSTIANO CARRANZA,5TO TRAMO DE 20 DE NOVIEMBRE,PLATSOBSE_DGCOP_MTTO_MERCADOS_MINILLAS_68,3440,ACTIVO,,,,,,
212,212 UTOPIA MIXHUCA,13.0,GRANDES_OBRAS,GRANDES OBRAS QUE TRANSFORMAN LA CAPITAL,EL BALON VUELVE AL BARRIO,BALON_BARRIO,DGCOP,OBRAS DEL MUNDIAL,2026,2026-05-20 16:55:33.747,admin,2026-03-22,,INAUGURADA,100.0,PAULA LOPEZ,FUTBOL 11,4050.0,PASTO SINTETICO,PRESUPUESTO UTOPIAS,DGPEST,0101000020E610000039D1AE42CAC558C025CFF57D38683340,https://maps.app.goo.gl/DJYUf4Vg7pL8WeRH6,"Viad. Río de la Piedad S/N-Puerta 6, Granjas México, Iztacalco, 08400 Ciudad de México, CDMX",IZTACALCO,GRANJAS MEXICO,PLATSOBSE_DGCOP_BALON_BARRIO_212_UTOPIA_MIXHUCA_212,2611,ACTIVO,,,,,,
221,221 CANCHAS DE LA 245,13.0,GRANDES_OBRAS,GRANDES OBRAS QUE TRANSFORMAN LA CAPITAL,EL BALON VUELVE AL BARRIO,BALON_BARRIO,DGOT,OBRAS DEL MUNDIAL,2026,2026-05-20 16:56:00.302,admin,2026-03-30,,INAUGURADA,100.0,PAULA LOPEZ,MULTICANCHA,600.0,CONCRETO,,DGPEST,0101000020E61000007FF6234564C458C0F5BC1B0B0A673340,https://maps.app.goo.gl/xGjBGCFCUNpWCGWa9,"C. OTE. 245 97, AGRÍCOLA ORIENTAL, IZTACALCO, 08500 CIUDAD DE MÉXICO, CDMX",IZTACALCO,AGRICOLA ORIENTAL,PLATSOBSE_DGOT_BALON_BARRIO_221_CANCHAS_DE_LA_245_221,2612,ACTIVO,,,,,,
222,222 PILARES AGRICOLA PANTITLAN (TLALOC),13.0,GRANDES_OBRAS,GRANDES OBRAS QUE TRANSFORMAN LA CAPITAL,EL BALON VUELVE AL BARRIO,BALON_BARRIO,DGOT,OBRAS DEL MUNDIAL,2026,2026-05-20 16:56:11.739,admin,2026-04-01,,INAUGURADA,100.0,PAULA LOPEZ,FUTBOL RAPIDO,1200.0,CONCRETO,,DGPEST,0101000020E610000032C9C859D8C358C0B03C484F916B3340,https://maps.app.goo.gl/YUEbYNWNLSSNA85g7,"CALLE 5 NO. 425, ENTRE CALLE PROSPERIDAD Y EJE 4 ORIENTE CANAL",IZTACALCO,AGRICOLA PANTITLAN,PLATSOBSE_DGOT_BALON_BARRIO_222_PILARES_AGRICOLA_PANTITLAN_TLALOC_222,2613,ACTIVO,,,,,,
249,249 PARQUE MIME FAISAL,13.0,GRANDES_OBRAS,GRANDES OBRAS QUE TRANSFORMAN LA CAPITAL,EL BALON VUELVE AL BARRIO,BALON_BARRIO,DGOT,OBRAS DEL MUNDIAL,2026,2026-05-20 16:47:59.218,admin,2026-04-05,,INAUGURADA,100.0,PAULA LOPEZ,FUTBOL 7,1750.0,PASTO SINTETICO,,DGPEST,0101000020E6100000622D3E05C0C458C09F2287889B733340,https://maps.app.goo.gl/rSU44PbRjoQAV94z7,"1a. 585 3, San Juan de Aragón III Secc, Gustavo A. Madero, 07970 Ciudad de México, CDMX",GUSTAVO A. MADERO,SAN JUAN DE ARAGON,PLATSOBSE_DGOT_BALON_BARRIO_249_PARQUE_MIME_FAISAL_249,2626,ACTIVO,,,,,,
256,256 LIGA FUT-5 LA RETA,13.0,GRANDES_OBRAS,GRANDES OBRAS QUE TRANSFORMAN LA CAPITAL,EL BALON VUELVE AL BARRIO,BALON_BARRIO,DGOT,OBRAS DEL MUNDIAL,2026,2026-05-20 16:49:34.982,admin,2026-04-05,,INAUGURADA,100.0,PAULA LOPEZ,FUTBOL RAPIDO,1200.0,CONCRETO,,DGPEST,0101000020E61000003ACC971760C558C08CF7E3F6CB733340,https://maps.app.goo.gl/fJoXhv3agLMAzcDw5,"AV 559, AV. 561 SN, GUSTAVO A. MADERO, 07969 CDMX",GUSTAVO A. MADERO,SAN JUAN DE ARAGON 2A SECCION (U HAB) I,PLATSOBSE_DGOT_BALON_BARRIO_256_LIGA_FUT_5_LA_RETA_256,2628,ACTIVO,,,,,,
257,257 CANCHA NORTE 94,13.0,GRANDES_OBRAS,GRANDES OBRAS QUE TRANSFORMAN LA CAPITAL,EL BALON VUELVE AL BARRIO,BALON_BARRIO,DGOT,OBRAS DEL MUNDIAL,2026,2026-05-20 16:50:12.961,admin,2026-03-31,,INAUGURADA,100.0,PAULA LOPEZ,MULTICANCHA,600.0,CONCRETO,,DGPEST,0101000020E61000006DE2E47E87C658C0CB68E4F38A733340,https://maps.app.goo.gl/MdtA3JSdKDz2PzQVA,"NTE 94 4218, LA MALINCHE, GUSTAVO A. MADERO, 07899 CIUDAD DE MÉXICO, CDMX",GUSTAVO A. MADERO,EX ESCUELA DE TIRO,PLATSOBSE_DGOT_BALON_BARRIO_257_CANCHA_NORTE_94_257,2629,ACTIVO,,,,,,
264,264 PILARES SANTA MARIA AZTAHUACAN (GUELATAO),13.0,GRANDES_OBRAS,GRANDES OBRAS QUE TRANSFORMAN LA CAPITAL,EL BALON VUELVE AL BARRIO,BALON_BARRIO,DGPEST,OBRAS DEL MUNDIAL,2026,2026-05-20 17:01:32.595,admin,2026-03-18,,INAUGURADA,100.0,PAULA LOPEZ,FUTBOL 7,1750.0,CONCRETO,,DGPEST,0101000020E6100000BFD4CF9B8AC258C0DC645419C65D3340,https://maps.app.goo.gl/tXWG4m6hev2EnhgN8,XICOTENCATL 5-26,IZTAPALAPA,SANTA MARIA AZTAHUACAN,PLATSOBSE_DGPEST_BALON_BARRIO_264_PILARES_SANTA_MARIA_AZTAHUACAN_GUELATAO_264,2632,ACTIVO,,,,,,
263,263 PILARES SANTA MARIA AZTAHUACAN (GUELATAO),13.0,GRANDES_OBRAS,GRANDES OBRAS QUE TRANSFORMAN LA CAPITAL,EL BALON VUELVE AL BARRIO,BALON_BARRIO,DGPEST,OBRAS DEL MUNDIAL,2026,2026-05-20 17:01:43.344,admin,2026-03-18,,INAUGURADA,100.0,PAULA LOPEZ,FUTBOL 7,1750.0,CONCRETO,,DGPEST,0101000020E61000008351499D80C258C03C33C170AE5D3340,https://maps.app.goo.gl/TRWGMVHvD9AcGWuUA,XICOTENCATL 5-26,IZTAPALAPA,SANTA MARIA AZTAHUACAN,PLATSOBSE_DGPEST_BALON_BARRIO_263_PILARES_SANTA_MARIA_AZTAHUACAN_GUELATAO_263,2631,ACTIVO,,,,,,
262,262 PILARES SANTA MARIA AZTAHUACAN (GUELATAO),13.0,GRANDES_OBRAS,GRANDES OBRAS QUE TRANSFORMAN LA CAPITAL,EL BALON VUELVE AL BARRIO,BALON_BARRIO,DGPEST,OBRAS DEL MUNDIAL,2026,2026-05-20 17:01:53.365,admin,2026-03-18,,INAUGURADA,100.0,PAULA LOPEZ,FUTBOL 7,1750.0,CONCRETO,,DGPEST,0101000020E6100000B1506B9A77C258C0C3499A3FA65D3340,https://maps.app.goo.gl/wPRidqa7kzmRiHpX6,XICOTENCATL 5-26,IZTAPALAPA,SANTA MARIA AZTAHUACAN,PLATSOBSE_DGPEST_BALON_BARRIO_262_PILARES_SANTA_MARIA_AZTAHUACAN_GUELATAO_262,2630,ACTIVO,,,,,,
271,271 PARQUE HEROES DE CHURUBUSCO/IZT,13.0,GRANDES_OBRAS,GRANDES OBRAS QUE TRANSFORMAN LA CAPITAL,EL BALON VUELVE AL BARRIO,BALON_BARRIO,DGPEST,OBRAS DEL MUNDIAL,2026,,,,,INAUGURADA,100.0,PAULA LOPEZ,MULTICANCHA,600.0,CONCRETO,,DGPEST,0101000020E61000003EEDF0D764C758C036583849F35B3340,https://maps.app.goo.gl/pxD238J5AR6G98Ei8,"Jorge Enciso 1656, Héroes de Churubusco, Iztapalapa, 09099 Ciudad de México, CDMX",IZTAPALAPA,HEROES DE CHURUBUSCO,PLATSOBSE_DGPEST_BALON_BARRIO_271_PARQUE_HEROES_DE_CHURUBUSCO_IZT_271,2636,ACTIVO,,,,,,
294,"294 MODULO DEPORTIVO ""ZACAPA""",13.0,GRANDES_OBRAS,GRANDES OBRAS QUE TRANSFORMAN LA CAPITAL,EL BALON VUELVE AL BARRIO,BALON_BARRIO,DGPEST,OBRAS DEL MUNDIAL,2026,2026-05-20 01:12:52.646,admin,2026-04-01,,INAUGURADA,100.0,PAULA LOPEZ,MULTICANCHA,600.0,CONCRETO,,DGPEST,0101000020E6100000D942908312C658C0F8F9EFC16B3F3340,https://maps.app.goo.gl/SK7tcKnLQ2VLV9NVA,"ESQ. NUEVA CARRETERA XOCHIMILCO-TULYEHUALCO, ZACAPA, LOMAS DE TONALCO, 16410 CIUDAD DE MÉXICO, CDMX",XOCHIMILCO,PUEBLO SANTA MARÍA NATIVITAS,PLATSOBSE_DGPEST_BALON_BARRIO_294_MODULO_DEPORTIVO_ZACAPA_294,2642,ACTIVO,,,,,,
293,293 DEPORTIVO COMUNITARIO AHUALPA,13.0,GRANDES_OBRAS,GRANDES OBRAS QUE TRANSFORMAN LA CAPITAL,EL BALON VUELVE AL BARRIO,BALON_BARRIO,DGPEST,OBRAS DEL MUNDIAL,2026,2026-05-20 01:13:07.915,admin,2026-04-01,,INAUGURADA,100.0,PAULA LOPEZ,FUTBOL RAPIDO,1200.0,CONCRETO,,DGPEST,0101000020E61000000D897B2C7DC458C0A185048C2E3F3340,https://maps.app.goo.gl/Q2ocjsYsksLv99PT9,"C. AHUALAPA 41, SANTA CRUZ ACALPIXCA, XOCHIMILCO, 16533 CIUDAD DE MÉXICO, CDMX",XOCHIMILCO,BARRIO AHUALAPA,PLATSOBSE_DGPEST_BALON_BARRIO_293_DEPORTIVO_COMUNITARIO_AHUALPA_293,2641,ACTIVO,,,,,,
292,292 DEPORTIVO SAN LUCAS XOCHIMANCA,13.0,GRANDES_OBRAS,GRANDES OBRAS QUE TRANSFORMAN LA CAPITAL,EL BALON VUELVE AL BARRIO,BALON_BARRIO,DGPEST,OBRAS DEL MUNDIAL,2026,2026-05-20 01:13:23.118,admin,2026-02-27,,INAUGURADA,100.0,PAULA LOPEZ,FUTBOL 11,4050.0,TIERRA,,DGPEST,0101000020E6100000E197FA7953C758C067994528B63E3340,https://maps.app.goo.gl/aUgUNKzV1MMRBNt8A,"AV ACUEDUCTO &, CAMINO ANTIGUO A SAN LUCAS ESQUINA, SAN LUCAS XOCHIMANCA, XOCHIMILCO, 16300 CIUDAD DE MÉXICO, CDMX",XOCHIMILCO,SAN LUCAS XOCHIMANCA,PLATSOBSE_DGPEST_BALON_BARRIO_292_DEPORTIVO_SAN_LUCAS_XOCHIMANCA_292,2640,ACTIVO,,,,,,
291,291 DEPORTIVO SAN LUCAS XOCHIMANCA,13.0,GRANDES_OBRAS,GRANDES OBRAS QUE TRANSFORMAN LA CAPITAL,EL BALON VUELVE AL BARRIO,BALON_BARRIO,DGPEST,OBRAS DEL MUNDIAL,2026,2026-05-20 01:13:30.642,admin,2026-02-27,,INAUGURADA,100.0,PAULA LOPEZ,FUTBOL RAPIDO,1200.0,CONCRETO,,DGPEST,0101000020E6100000E59B6D6E4CC758C0C18D942D923E3340,https://maps.app.goo.gl/HwjNRFMJTZVs9m7p9,"AV. ACUEDUCTO 882, SAN LUCAS XOCHIMANCA, XOCHIMILCO, 16300 CIUDAD DE MÉXICO, CDMX",XOCHIMILCO,SAN LUCAS XOCHIMANCA,PLATSOBSE_DGPEST_BALON_BARRIO_291_DEPORTIVO_SAN_LUCAS_XOCHIMANCA_291,2639,ACTIVO,,,,,,
1,HOSPITAL DE POLICIAS (DEMOLICIONES Y REHUBICACION DE OFICINAS),,GRANDES_OBRAS,GRANDES OBRAS QUE TRANSFORMAN LA CAPITAL,OBRAS ADICIONALES,OBRAS_ADIC,DGCOP,OBRAS EN GENERAL,2025,2026-06-10 17:20:12.365,actualizacion_dgcop,,,EN PROCESO,76.96,PAULA LOPEZ,HOSPITAL DE POLICIA,,,,DGCOP,0101000020E610000042EE224C51C758C087FC3383F86C3340,https://maps.app.goo.gl/5RuYz49kQAWn5Etb8,CECILIO ROBELO,VENUSTIANO CARRANZA,EL PARQUE,PLATSOBSE_DGCOP_OBRAS_ADIC_HOSPITAL_DE_POLICIAS_DEMOLICIONES_Y_REHUBICACION_DE_OFICINAS_1,3208,ACTIVO,,,,,,
300,300 PARQUE ING. ALBERTO AARON PEREZ,13.0,GRANDES_OBRAS,GRANDES OBRAS QUE TRANSFORMAN LA CAPITAL,EL BALON VUELVE AL BARRIO,BALON_BARRIO,DGPEST,OBRAS DEL MUNDIAL,2026,2026-05-20 16:53:28.412,admin,2026-04-01,,INAUGURADA,100.0,PAULA LOPEZ,MULTICANCHA,600.0,CONCRETO,,DGPEST,0101000020E610000016A4198BA6C558C084F4143944543340,https://maps.app.goo.gl/r4H1AwyK31o4Lgtb7,"Montes Cipreces 6, San Juan Xalpa, Iztapalapa, 09850 Ciudad de México, CDMX",IZTAPALAPA,SAN JUAN XALPA,PLATSOBSE_DGPEST_BALON_BARRIO_300_PARQUE_ING_ALBERTO_AARON_PEREZ_300,2645,ACTIVO,,,,,,
513,513 P. ALEGRIA CAMELLON EJE 4 ORIENTE,13.0,GRANDES_OBRAS,GRANDES OBRAS QUE TRANSFORMAN LA CAPITAL,EL BALON VUELVE AL BARRIO,BALON_BARRIO,DGSUS,OBRAS DEL MUNDIAL,2026,2026-05-20 16:57:35.032,admin,2026-01-22,,INAUGURADA,100.0,PAULA LOPEZ,MULTICANCHA,,CONCRETO,,DGPEST,0101000020E6100000BF901F3BB9C458C0D74BF84AC5693340,https://maps.app.goo.gl/HkiRu3Chu9oC5ThL7,"""TODOS SOMOS Vóleibol"", Priv. de Río Churubusco, Agrícola Pantitlán, Iztacalco, 08100 Ciudad de México, CDMX",IZTACALCO,AGRICOLA PANTITLAN,PLATSOBSE_DGSUS_BALON_BARRIO_513_P_ALEGRIA_CAMELLON_EJE_4_ORIENTE_513,2646,ACTIVO,,,,,,
272,272 CANCHA AV. AMACUZAC 743,13.0,GRANDES_OBRAS,GRANDES OBRAS QUE TRANSFORMAN LA CAPITAL,EL BALON VUELVE AL BARRIO,BALON_BARRIO,DGPEST,OBRAS DEL MUNDIAL,2026,2026-05-20 16:59:14.331,admin,2026-03-31,,INAUGURADA,100.0,PAULA LOPEZ,FUTBOL RAPIDO,1200.0,CONCRETO,,DGPEST,0101000020E6100000CE3637A627C858C02FE065868D5E3340,https://maps.app.goo.gl/pGcThXVf6QK8d3AM8,"CALLE AMACUZAC, EMILIANO CARRANZA Y MUNICIPIO LIBRE",IZTAPALAPA,EL RETONO,PLATSOBSE_DGPEST_BALON_BARRIO_272_CANCHA_AV_AMACUZAC_743_272,2637,ACTIVO,,,,,,
269,269 CANCHA PARQUE CHINAMPAS,13.0,GRANDES_OBRAS,GRANDES OBRAS QUE TRANSFORMAN LA CAPITAL,EL BALON VUELVE AL BARRIO,BALON_BARRIO,DGPEST,OBRAS DEL MUNDIAL,2026,2026-05-20 17:00:26.418,admin,2026-04-05,,INAUGURADA,100.0,PAULA LOPEZ,MULTICANCHA,600.0,CONCRETO,,DGPEST,0101000020E610000097FF907EFBC258C00DDFC2BAF1523340,https://maps.app.goo.gl/xkB5KWFVvTFVVvsFA,"MANUEL CAÑAS S/N, MIXCOATL, IZTAPALAPA, 09708 CIUDAD DE MÉXICO, CDMX",IZTAPALAPA,MIXCOATL,PLATSOBSE_DGPEST_BALON_BARRIO_269_CANCHA_PARQUE_CHINAMPAS_269,2633,ACTIVO,,,,,,
268,268 CANCHA QUETZALCOATL,13.0,GRANDES_OBRAS,GRANDES OBRAS QUE TRANSFORMAN LA CAPITAL,EL BALON VUELVE AL BARRIO,BALON_BARRIO,DGPEST,OBRAS DEL MUNDIAL,2026,2026-05-20 17:00:41.364,admin,2026-04-05,,INAUGURADA,100.0,PAULA LOPEZ,MULTICANCHA,600.0,CONCRETO,,DGPEST,0101000020E6100000145E82531FC358C019219793AB533340,https://maps.app.goo.gl/oHeocV6r7RajCTAKA,"Esq. Aztecas, C. Villa Franqueza, Mixcoatl, Iztapalapa, 09708 Ciudad de México, CDMX",IZTAPALAPA,MIXCOTAL,PLATSOBSE_DGPEST_BALON_BARRIO_268_CANCHA_QUETZALCOATL_268,2634,ACTIVO,,,,,,
93,93 CENTRO SOCIAL Y DEPORTIVO SUR 20,13.0,GRANDES_OBRAS,GRANDES OBRAS QUE TRANSFORMAN LA CAPITAL,EL BALON VUELVE AL BARRIO,BALON_BARRIO,DGSUS,OBRAS DEL MUNDIAL,2026,2026-05-13 20:24:14.836,actualizacion_dgpest,2026-04-06,,INAUGURADA,100.0,PAULA LOPEZ,MULTICANCHA,600.0,CONCRETO,,DGPEST,0101000020E6100000645DDC4603C458C03FA7203F1B653340,https://maps.app.goo.gl/edzfU7rhTZB2rJnF7,"OTE. 257, AGRÍCOLA ORIENTAL, IZTACALCO, 08500 CIUDAD DE MÉXICO, CDMX",IZTACALCO,AGRICOLA ORIENTAL,PLATSOBSE_DGSUS_BALON_BARRIO_93_CENTRO_SOCIAL_Y_DEPORTIVO_SUR_20_93,2652,ACTIVO,,,,,,
94,94 CENTRO SOCIAL Y DEPORTIVO SUR 20,13.0,GRANDES_OBRAS,GRANDES OBRAS QUE TRANSFORMAN LA CAPITAL,EL BALON VUELVE AL BARRIO,BALON_BARRIO,DGSUS,OBRAS DEL MUNDIAL,2026,2026-05-13 20:25:02.717,actualizacion_dgpest,2026-04-06,,INAUGURADA,100.0,PAULA LOPEZ,MULTICANCHA,600.0,CONCRETO,,DGPEST,0101000020E61000000B46257502C458C060CAC0012D653340,https://maps.app.goo.gl/sz53RVmnvE82KXE98,"OTE. 257, AGRÍCOLA ORIENTAL, IZTACALCO, 08500 CIUDAD DE MÉXICO, CDMX",IZTACALCO,AGRICOLA ORIENTAL,PLATSOBSE_DGSUS_BALON_BARRIO_94_CENTRO_SOCIAL_Y_DEPORTIVO_SUR_20_94,2653,ACTIVO,,,,,,
95,95 CENTRO SOCIAL Y DEPORTIVO SUR 20,13.0,GRANDES_OBRAS,GRANDES OBRAS QUE TRANSFORMAN LA CAPITAL,EL BALON VUELVE AL BARRIO,BALON_BARRIO,DGSUS,OBRAS DEL MUNDIAL,2026,2026-05-13 20:25:16.798,actualizacion_dgpest,2026-04-06,,INAUGURADA,100.0,RODOLFO GONZALES,FUTBOL RAPIDO,1200.0,CONCRETO,,DGPEST,0101000020E6100000042159C004C458C0605628D2FD643340,https://maps.app.goo.gl/jA5CtoJ8SqT5Lfx4A,"OTE. 257, AGRÍCOLA ORIENTAL, IZTACALCO, 08500 CIUDAD DE MÉXICO, CDMX",IZTACALCO,AGRICOLA ORIENTAL,PLATSOBSE_DGSUS_BALON_BARRIO_95_CENTRO_SOCIAL_Y_DEPORTIVO_SUR_20_95,2655,ACTIVO,,,,,,
51,51 DEPORTIVO VILLA MILPA ALTA,13.0,GRANDES_OBRAS,GRANDES OBRAS QUE TRANSFORMAN LA CAPITAL,EL BALON VUELVE AL BARRIO,BALON_BARRIO,DGOIV,OBRAS DEL MUNDIAL,2026,,,,,TERMINADO,100.0,RODOLFO GONZALES,FUTBOL 11,4050.0,PASTO NATURAL,,DGPEST,0101000020E61000005DC47762D6C158C0007157AF22333340,https://maps.app.goo.gl/MQio64j3tXSLjJTT9,"Av. Tlaxaca s/n Barrio, Santa Martha, 12000 Villa Milpa Alta, CDMX",MILPA ALTA,VILLA MILPA ALTA (PBLO),PLATSOBSE_DGOIV_BALON_BARRIO_51_DEPORTIVO_VILLA_MILPA_ALTA_51,2659,ACTIVO,,,,,,
298,298 CJON LOS PATOS (ZACAPA),13.0,GRANDES_OBRAS,GRANDES OBRAS QUE TRANSFORMAN LA CAPITAL,EL BALON VUELVE AL BARRIO,BALON_BARRIO,DGPEST,OBRAS DEL MUNDIAL,2026,2026-05-22 23:19:33.439,actualizacion_dgpest,2026-04-16,,INAUGURADA,100.0,RODOLFO GONZALES,FUTBOL RAPIDO,1200.0,CONCRETO,,DGPEST,0101000020E6100000AB09A2EE03C658C02FC1A90F243F3340,https://maps.app.goo.gl/BrNUqHoKLbDduW5u5,"Santa María Nativitas, Xochimilco, 16450 Ciudad de México, CDMX",XOCHIMILCO,SANTA MARIA NATIVITAS,PLATSOBSE_DGPEST_BALON_BARRIO_298_CJON_LOS_PATOS_ZACAPA_298,2651,ACTIVO,,,,,,
16,16 PILARES LA COMUNA,13.0,GRANDES_OBRAS,GRANDES OBRAS QUE TRANSFORMAN LA CAPITAL,EL BALON VUELVE AL BARRIO,BALON_BARRIO,DGOIV,OBRAS DEL MUNDIAL,2026,,,,,TERMINADO,100.0,RODOLFO GONZALES,FUTBOL RAPIDO,1200.0,CONCRETO,,DGPEST,0101000020E610000096B20C71ACCD58C08657923CD75F3340,https://maps.app.goo.gl/5iHBk895sn2Pfon78,RICARDO FLORES MAGON S/N,ÁLVARO OBREGÓN,OLIVAR DEL CONDE 2A SECCION,PLATSOBSE_DGOIV_BALON_BARRIO_16_PILARES_LA_COMUNA_16,2648,ACTIVO,,,,,,
96,96 CAMPAMENTO 2 DE OCTUBRE,13.0,GRANDES_OBRAS,GRANDES OBRAS QUE TRANSFORMAN LA CAPITAL,EL BALON VUELVE AL BARRIO,BALON_BARRIO,DGSUS,OBRAS DEL MUNDIAL,2026,2026-05-20 16:54:33.900,admin,2026-03-30,,INAUGURADA,100.0,RODOLFO GONZALES,FUTBOL RAPIDO,1200.0,CONCRETO,,DGPEST,0101000020E6100000331B649291C758C07EAA0A0DC4623340,https://maps.app.goo.gl/7JHfqygd3b8wKNsp7,"AV. JUAN N. ÁLVAREZ CAMPAMENTO 2 DE OCTUBRE, IZTACALCO",IZTACALCO,CAMPAMENTO 2 DE OCTUBRE,PLATSOBSE_DGSUS_BALON_BARRIO_96_CAMPAMENTO_2_DE_OCTUBRE_96,2663,ACTIVO,,,,,,
47,47 CANCHA ALC MIGUEL HIDALGO,13.0,GRANDES_OBRAS,GRANDES OBRAS QUE TRANSFORMAN LA CAPITAL,EL BALON VUELVE AL BARRIO,BALON_BARRIO,DGOIV,OBRAS DEL MUNDIAL,2026,2026-05-13 20:13:55.881,actualizacion_dgpest,2026-04-10,,INAUGURADA,100.0,RODOLFO GONZALES,MULTICANCHA,600.0,CONCRETO,,DGPEST,0101000020E61000000E15E3FC4DCC58C0A181583673683340,https://maps.app.goo.gl/h9UtGX1qUunm5eoP8,"GRAL. SÓSTENES ROCHA 51, AMPLIACIÓN DANIEL GARZA, OBSERVATORIO, MIGUEL HIDALGO, 11840 CIUDAD DE MÉXICO, CDMX",MIGUEL HIDALGO,AMP DANIEL GARZA,PLATSOBSE_DGOIV_BALON_BARRIO_47_CANCHA_ALC_MIGUEL_HIDALGO_47,2677,ACTIVO,,,,,,
09DJN0168D,LIC. JOSE VASCONCELOS,,ESPACIO_PUBLICO,OBRAS QUE TRANSFORMAN EL ESPACIO PUBLICO Y CONTRIBUYEN AL DERECHO A LA CIUDAD,"1,2,3 POR MI ESCUELA RENOVAR PARA TRANSFORMAR","1,2,3_ESCUELAS",DGCOP,CASA POR CASA,2025,2026-06-10 17:53:25.579,actualizacion_dgcop,,,EN PROCESO,89.95,RODOLFO GONZALES,PREESCOLAR,,,,DGCOP,0101000020E61000009EB4705985C558C04772F90FE97F3340,https://maps.app.goo.gl/J5Xq1SXKKTQhpgvN7,C. 311,GUSTAVO A. MADERO,NUEVA ATZACOALCO II,PLATSOBSE_DGCOP_1_2_3_ESCUELAS_LIC_JOSE_VASCONCELOS_09DJN0168D_09DJN0168D,2945,ACTIVO,,,,,,
143,143 EJE 3 OTE / E. MOLINA,13.0,GRANDES_OBRAS,GRANDES OBRAS QUE TRANSFORMAN LA CAPITAL,EL BALON VUELVE AL BARRIO,BALON_BARRIO,DGSUS,OBRAS DEL MUNDIAL,2026,2026-06-10 17:35:04.682,actualizacion_dgpest,,,TERMINADO,100.0,RODOLFO GONZALES,FUTBOL RAPIDO,1200.0,CONCRETO,,DGPEST,0101000020E610000039EE940ED6C558C0B2BE81C98D7E3340,https://maps.app.goo.gl/C23vo8a8DtoDqKL38,"Eduardo Molina 1871, Nueva Atzacoalco, Gustavo A. Madero, 07420 Ciudad de México, CDMX",GUSTAVO A. MADERO,VASCO DE QUIROGA NUEVA ATZACOALCO,PLATSOBSE_DGSUS_BALON_BARRIO_143_EJE_3_OTE_E_MOLINA_143,2690,ACTIVO,,,,,,
305,305 PILARES EL VIVERO,13.0,GRANDES_OBRAS,GRANDES OBRAS QUE TRANSFORMAN LA CAPITAL,EL BALON VUELVE AL BARRIO,BALON_BARRIO,DGCOP,OBRAS DEL MUNDIAL,2026,2026-05-20 16:50:30.842,admin,2026-04-05,,INAUGURADA,100.0,RODOLFO GONZALES,MULTICANCHA,600.0,CONCRETO,,DGPEST,0101000020E61000004B3E761728C858C0441669E21D903340,https://maps.app.goo.gl/ZeRGxBJa7jVjWfj66,BLANCA ESTELA PAVON S/N,GUSTAVO A. MADERO,CUAUTEPEC,PLATSOBSE_DGCOP_BALON_BARRIO_305_PILARES_EL_VIVERO_305,2671,ACTIVO,,,,,,
302,302 PARQUE GUADALUPE,13.0,GRANDES_OBRAS,GRANDES OBRAS QUE TRANSFORMAN LA CAPITAL,EL BALON VUELVE AL BARRIO,BALON_BARRIO,DGPEST,OBRAS DEL MUNDIAL,2026,2026-05-20 16:53:01.094,admin,2026-03-31,,INAUGURADA,100.0,RODOLFO GONZALES,FUTBOL RAPIDO,1200.0,CONCRETO,,DGPEST,0101000020E6100000556AF6402BC858C099805F23495C3340,https://maps.app.goo.gl/ewdiGDSAHuA1zR9v9,"406 DE EX HDA DE GUADALUPE, MODELO, IZTAPALAPA, 09089 CIUDAD DE MÉXICO, CDMX",IZTAPALAPA,UNIDAD MODELO,PLATSOBSE_DGPEST_BALON_BARRIO_302_PARQUE_GUADALUPE_302,2669,ACTIVO,,,,,,
301,301 PARQUE HEROES DE CHURUBUSCO,13.0,GRANDES_OBRAS,GRANDES OBRAS QUE TRANSFORMAN LA CAPITAL,EL BALON VUELVE AL BARRIO,BALON_BARRIO,DGPEST,OBRAS DEL MUNDIAL,2026,2026-05-20 16:53:18.099,admin,2026-03-30,,INAUGURADA,100.0,RODOLFO GONZALES,MULTICANCHA,600.0,CONCRETO,,DGPEST,0101000020E61000001A170E8464C758C079AF5A99F05B3340,https://maps.app.goo.gl/MpS8aZ73sdKY6jhe6,"JORGE ENCISO 1656, HÉROES DE CHURUBUSCO, IZTAPALAPA, 09099 CIUDAD DE MÉXICO, CDMX",IZTAPALAPA,HEROES DE CHURUBUSCO,PLATSOBSE_DGPEST_BALON_BARRIO_301_PARQUE_HEROES_DE_CHURUBUSCO_301,2668,ACTIVO,,,,,,
117,117 PILARES PALMITAS,13.0,GRANDES_OBRAS,GRANDES OBRAS QUE TRANSFORMAN LA CAPITAL,EL BALON VUELVE AL BARRIO,BALON_BARRIO,DGSUS,OBRAS DEL MUNDIAL,2026,2026-05-20 17:02:50.066,admin,2026-04-01,,INAUGURADA,100.0,RODOLFO GONZALES,FUTBOL RAPIDO,1200.0,CONCRETO,,DGPEST,0101000020E6100000562B137EA9C158C09FB0C403CA563340,https://maps.app.goo.gl/y1Vu2Cb8oqUan175A,"MARGARITAS 23, ESQ. NATIVITAS, PALMITAS, IZTAPALAPA, 09670 CIUDAD DE MÉXICO, CDMX",IZTAPALAPA,PALMITAS,PLATSOBSE_DGSUS_BALON_BARRIO_117_PILARES_PALMITAS_117,2665,ACTIVO,,,,,,
121,121 PILARES COOPEREMOS PUEBLO (SANTA CRUZ MEYEHUALCO),13.0,GRANDES_OBRAS,GRANDES OBRAS QUE TRANSFORMAN LA CAPITAL,EL BALON VUELVE AL BARRIO,BALON_BARRIO,DGSUS,OBRAS DEL MUNDIAL,2026,2026-05-20 17:03:50.703,admin,2026-04-01,,INAUGURADA,100.0,RODOLFO GONZALES,FUTBOL RAPIDO,1200.0,CONCRETO,,DGPEST,0101000020E61000007B6649809AC258C07BBB253960573340,https://maps.app.goo.gl/cknxTSR65rxB8sCo6,"CUITLAHUAC 5, STA CRUZ MEYEHUALCO, IZTAPALAPA, 09700 CIUDAD DE MÉXICO, CDMX",IZTAPALAPA,SANTA CRUZ MEYEHUALCO (PUEBLO),PLATSOBSE_DGSUS_BALON_BARRIO_121_PILARES_COOPEREMOS_PUEBLO_SANTA_CRUZ_MEYEHUALCO_121,2666,ACTIVO,,,,,,
139,139 CAMPAMENTO 2 DE OCTUBRE,13.0,GRANDES_OBRAS,GRANDES OBRAS QUE TRANSFORMAN LA CAPITAL,EL BALON VUELVE AL BARRIO,BALON_BARRIO,DGSUS,OBRAS DEL MUNDIAL,2026,2026-05-20 17:40:31.177,actualizacion_dgpest,,,TERMINADO,100.0,RODOLFO GONZALES,MULTICANCHA,600.0,CONCRETO,,DGPEST,0101000020E61000003ACC971760C758C09F5912A0A6623340,https://maps.app.goo.gl/fTyvcE51JaWbbZUX6,"AV. JUAN N. ÁLVAREZ CAMPAMENTO 2 DE OCTUBRE, IZTACALCO",IZTACALCO,CAMPAMENTO 2 DE OCTUBRE,PLATSOBSE_DGSUS_BALON_BARRIO_139_CAMPAMENTO_2_DE_OCTUBRE_139,2683,ACTIVO,,,,,,
140,140 CAMPAMENTO 2 DE OCTUBRE,13.0,GRANDES_OBRAS,GRANDES OBRAS QUE TRANSFORMAN LA CAPITAL,EL BALON VUELVE AL BARRIO,BALON_BARRIO,DGSUS,OBRAS DEL MUNDIAL,2026,2026-05-20 17:40:44.892,actualizacion_dgpest,,,TERMINADO,100.0,RODOLFO GONZALES,FUTBOL RAPIDO,1200.0,CONCRETO,,DGPEST,0101000020E610000050E449D235C758C06F675F7990623340,https://maps.app.goo.gl/nqzGN4DxfFH8rkjp6,"AV. JUAN N. ÁLVAREZ CAMPAMENTO 2 DE OCTUBRE, IZTACALCO",IZTACALCO,CAMPAMENTO 2 DE OCTUBRE,PLATSOBSE_DGSUS_BALON_BARRIO_140_CAMPAMENTO_2_DE_OCTUBRE_140,2684,ACTIVO,,,,,,
295,"295 PILARES ""DOLORES OLMEDO""",13.0,GRANDES_OBRAS,GRANDES OBRAS QUE TRANSFORMAN LA CAPITAL,EL BALON VUELVE AL BARRIO,BALON_BARRIO,DGPEST,OBRAS DEL MUNDIAL,2026,2026-05-20 01:12:40.489,admin,2026-03-28,,INAUGURADA,100.0,RODOLFO GONZALES,FUTBOL RAPIDO,1200.0,PASTO SINTETICO,,DGPEST,0101000020E6100000234A7B832FC858C0E57D1CCD91453340,https://maps.app.goo.gl/CAcnuUongei3v57LA,FRANCISCO VILLA NO. 6,XOCHIMILCO,SAN JUAN TEPEPAN,PLATSOBSE_DGPEST_BALON_BARRIO_295_PILARES_DOLORES_OLMEDO_295,2643,ACTIVO,,,,,,
138,138 CAMPAMENTO 2 DE OCTUBRE,13.0,GRANDES_OBRAS,GRANDES OBRAS QUE TRANSFORMAN LA CAPITAL,EL BALON VUELVE AL BARRIO,BALON_BARRIO,DGSUS,OBRAS DEL MUNDIAL,2026,2026-05-20 17:40:15.990,actualizacion_dgpest,,,TERMINADO,100.0,RODOLFO GONZALES,MULTICANCHA,600.0,CONCRETO,,DGPEST,0101000020E6100000088F368E58C758C03082C64CA2623340,https://maps.app.goo.gl/veLNzgSDeTN6umrg6,"AV. JUAN N. ÁLVAREZ CAMPAMENTO 2 DE OCTUBRE, IZTACALCO",IZTACALCO,CAMPAMENTO 2 DE OCTUBRE,PLATSOBSE_DGSUS_BALON_BARRIO_138_CAMPAMENTO_2_DE_OCTUBRE_138,2682,ACTIVO,,,,,,
142,142 EJE 3 OTE / E. MOLINA,13.0,GRANDES_OBRAS,GRANDES OBRAS QUE TRANSFORMAN LA CAPITAL,EL BALON VUELVE AL BARRIO,BALON_BARRIO,DGSUS,OBRAS DEL MUNDIAL,2026,2026-05-20 17:56:46.672,actualizacion_dgpest,,,TERMINADO,100.0,RODOLFO GONZALES,MULTICANCHA,600.0,CONCRETO,,DGPEST,0101000020E610000007CE1951DAC558C0EA20AF07937E3340,https://maps.app.goo.gl/GoUAJFPoyfBU24hq7,"Eduardo Molina 1866, Vasco de Quiroga, Gustavo A. Madero, 07440 Ciudad de México, CDMX",GUSTAVO A. MADERO,VASCO DE QUIROGA NUEVA ATZACOALCO,PLATSOBSE_DGSUS_BALON_BARRIO_142_EJE_3_OTE_E_MOLINA_142,2691,ACTIVO,,,,,,
60,60 CAMPO DEPORTIVO SAN MIGUEL AJUSCO,13.0,GRANDES_OBRAS,GRANDES OBRAS QUE TRANSFORMAN LA CAPITAL,EL BALON VUELVE AL BARRIO,BALON_BARRIO,DGOIV,OBRAS DEL MUNDIAL,2026,2026-05-13 18:27:40.163,actualizacion_dgpest,,,TERMINADO,100.0,RODOLFO GONZALES,MULTICANCHA,600.0,CONCRETO,,DGPEST,0101000020E6100000A94D9CDCEFCC58C0C34483143C393340,https://maps.app.goo.gl/pBTrDYwe96uzAhxj7,"TLALPAN, 14700 SAN MIGUEL AJUSCO, CDMX",TLALPAN,SAN MIGUEL AJUSCO (PBLO),PLATSOBSE_DGOIV_BALON_BARRIO_60_CAMPO_DEPORTIVO_SAN_MIGUEL_AJUSCO_60,2686,ACTIVO,,,,,,
144,144 EJE 3 OTE / E. MOLINA,13.0,GRANDES_OBRAS,GRANDES OBRAS QUE TRANSFORMAN LA CAPITAL,EL BALON VUELVE AL BARRIO,BALON_BARRIO,DGSUS,OBRAS DEL MUNDIAL,2026,2026-05-13 18:28:42.990,actualizacion_dgpest,,,TERMINADO,100.0,RODOLFO GONZALES,FUTBOL RAPIDO,1200.0,CONCRETO,,DGPEST,0101000020E61000004451A04FE4C558C06E179AEB347E3340,https://maps.app.goo.gl/t4DEQ7QFCZXWEwgt7,"Fray Sebastián de Aparicio, Vasco de Quiroga, Gustavo A. Madero, 07440 Ciudad de México, CDMX",GUSTAVO A. MADERO,VASCO DE QUIROGA NUEVA ATZACOALCO,PLATSOBSE_DGSUS_BALON_BARRIO_144_EJE_3_OTE_E_MOLINA_144,2689,ACTIVO,,,,,,
09DJN0916Q,TIHUI,,ESPACIO_PUBLICO,OBRAS QUE TRANSFORMAN EL ESPACIO PUBLICO Y CONTRIBUYEN AL DERECHO A LA CIUDAD,"1,2,3 POR MI ESCUELA RENOVAR PARA TRANSFORMAR","1,2,3_ESCUELAS",DGCOP,CASA POR CASA,2025,2026-06-03 18:29:11.757,actualizacion_dgcop,,,TERMINADO,100.0,RODOLFO GONZALES,PREESCOLAR,,,,DGCOP,0101000020E61000005B99F04BFDD358C096B20C71AC573340,https://maps.app.goo.gl/nwBaVGToWBdHa13k9,1A. CERRADA,CUAJIMALPA DE MORELOS,LOMA DEL PADRE,PLATSOBSE_DGCOP_1_2_3_ESCUELAS_TIHUI_09DJN0916Q_09DJN0916Q,2977,ACTIVO,,,,,,
87,87 CANCHA PINO / ENCINO,13.0,GRANDES_OBRAS,GRANDES OBRAS QUE TRANSFORMAN LA CAPITAL,EL BALON VUELVE AL BARRIO,BALON_BARRIO,DGOIV,OBRAS DEL MUNDIAL,2026,2026-06-10 17:35:58.902,actualizacion_dgpest,,,TERMINADO,100.0,RODOLFO GONZALES,FÚTBOL 7,1200.0,CONCRETO,,DGPEST,0101000020E61000008520AC6BD9C758C07E816ACDA0373340,https://maps.app.goo.gl/Rriy9qoeL4qqbjfdA,"Encino, San Francisco Tlalnepantla, Xochimilco, 16860 Ciudad de México, CDMX",XOCHIMILCO,SAN MATEO XALPA / GUADALUPE,PLATSOBSE_DGOIV_BALON_BARRIO_87_CANCHA_PINO_ENCINO_87,2698,ACTIVO,,,,,,
133,133 CAMELLON LAS TORRES,13.0,GRANDES_OBRAS,GRANDES OBRAS QUE TRANSFORMAN LA CAPITAL,EL BALON VUELVE AL BARRIO,BALON_BARRIO,DGSUS,OBRAS DEL MUNDIAL,2026,2026-05-13 18:24:50.870,actualizacion_dgpest,,,TERMINADO,100.0,RODOLFO GONZALES,MULTICANCHA,600.0,CONCRETO,,DGPEST,0101000020E610000087BF266BD4CF58C0971E4DF564523340,https://maps.app.goo.gl/NGsJ9XzEQSjTTbQw9,"AV. DE LAS TORRES 33, LOS PADRES, LA MAGDALENA CONTRERAS, 10340 CIUDAD DE MÉXICO, CDMX",LA MAGDALENA CONTRERAS,LOS PADRES,PLATSOBSE_DGSUS_BALON_BARRIO_133_CAMELLON_LAS_TORRES_133,2679,ACTIVO,,,,,,
104,104 PARQUE FELIPE ANGELES,13.0,GRANDES_OBRAS,GRANDES OBRAS QUE TRANSFORMAN LA CAPITAL,EL BALON VUELVE AL BARRIO,BALON_BARRIO,DGSUS,OBRAS DEL MUNDIAL,2026,2026-05-20 17:44:38.188,actualizacion_dgpest,,,TERMINADO,100.0,RODOLFO GONZALES,FÚTBOL RÁPIDO,600.0,CONCRETO,,DGPEST,0101000020E6100000E1B4E0455FC758C0C97553CA6B613340,https://maps.app.goo.gl/KpXrvbYevL6VCHAk9,"FELIPE ÁNGELES 2, APATLACO, IZTAPALAPA, 09430 CIUDAD DE MÉXICO, CDMX",IZTAPALAPA,APATLACO,PLATSOBSE_DGSUS_BALON_BARRIO_104_PARQUE_FELIPE_ANGELES_104,2703,ACTIVO,,,,,,
110,110 PILARES IXTLAHUACAN,13.0,GRANDES_OBRAS,GRANDES OBRAS QUE TRANSFORMAN LA CAPITAL,EL BALON VUELVE AL BARRIO,BALON_BARRIO,DGSUS,OBRAS DEL MUNDIAL,2026,2026-05-22 23:07:29.694,actualizacion_dgpest,2026-04-22,,INAUGURADA,100.0,RODOLFO GONZALES,MULTICANCHA,600.0,CONCRETO,,DGPEST,0101000020E61000002F6EA301BCBF58C02843554CA5573340,https://maps.app.goo.gl/2jMeJ3WrmhcL12AK8,AVENIDA LAZARO CARDENAS S/N,IZTAPALAPA,IZTLAHUACAN,PLATSOBSE_DGSUS_BALON_BARRIO_110_PILARES_IXTLAHUACAN_110,2701,ACTIVO,,,,,,
102,102 CANCHA UCI GUELATAO,13.0,GRANDES_OBRAS,GRANDES OBRAS QUE TRANSFORMAN LA CAPITAL,EL BALON VUELVE AL BARRIO,BALON_BARRIO,DGSUS,OBRAS DEL MUNDIAL,2026,2026-05-13 18:55:35.557,actualizacion_dgpest,2026-04-20,,INAUGURADA,100.0,RODOLFO GONZALES,FUTBOL RAPIDO,1200.0,CONCRETO,,DGPEST,0101000020E610000058A835CD3BC258C044BFB67EFA5F3340,https://maps.app.goo.gl/CvrYR8xfwvZSmjKW8,"BATALLA ANGOSTURA, ÁLVARO OBREGÓN, IZTAPALAPA, 09230 CIUDAD DE MÉXICO, CDMX",IZTAPALAPA,ALVARO OBREGON,PLATSOBSE_DGSUS_BALON_BARRIO_102_CANCHA_UCI_GUELATAO_102,2702,ACTIVO,,,,,,
105,105 CANCHA PLAZA BUENAVISTA Y PLAZA GUARDIOLA,13.0,GRANDES_OBRAS,GRANDES OBRAS QUE TRANSFORMAN LA CAPITAL,EL BALON VUELVE AL BARRIO,BALON_BARRIO,DGSUS,OBRAS DEL MUNDIAL,2026,2026-05-13 18:56:15.532,actualizacion_dgpest,2026-03-31,,INAUGURADA,100.0,RODOLFO GONZALES,FUTBOL RAPIDO,1200.0,CONCRETO,,DGPEST,0101000020E6100000F0DC7BB8E4C458C059FD118601633340,https://maps.app.goo.gl/Cv98ZWW98E8DCgM8A,"PL. GUARDIOLA Y PL BUENAVISTA S/N 09020 DR. ALFONSO ORTIZ TIRADO, IZTAPALAPA",IZTAPALAPA,DR. ALFONSO ORTIZ TIRADO,PLATSOBSE_DGSUS_BALON_BARRIO_105_CANCHA_PLAZA_BUENAVISTA_Y_PLAZA_GUARDIOLA_105,2700,ACTIVO,,,,,,
81,81 PALO ALTO,13.0,GRANDES_OBRAS,GRANDES OBRAS QUE TRANSFORMAN LA CAPITAL,EL BALON VUELVE AL BARRIO,BALON_BARRIO,DGOIV,OBRAS DEL MUNDIAL,2026,,,,,TERMINADO,100.0,RODOLFO GONZALES,FUTBOL 11,4050.0,TIERRA,,DGPEST,0101000020E6100000F2D24D6210D058C0C042E6CAA0623340,https://maps.app.goo.gl/epL5LBn3WTfwnyKx5,"COOPERATIVA PALO ALTO, 05110 CIUDAD DE MÉXICO, CDMX",CUAJIMALPA DE MORELOS,COOPERATIVA PALO ALTO,PLATSOBSE_DGOIV_BALON_BARRIO_81_PALO_ALTO_81,2696,ACTIVO,,,,,,
125,125 EL COLISEO,13.0,GRANDES_OBRAS,GRANDES OBRAS QUE TRANSFORMAN LA CAPITAL,EL BALON VUELVE AL BARRIO,BALON_BARRIO,DGSUS,OBRAS DEL MUNDIAL,2026,2026-05-22 23:08:30.135,actualizacion_dgpest,2026-05-05,,INAUGURADA,100.0,RODOLFO GONZALES,FUTBOL 7,1750.0,PASTO SINTETICO,,DGPEST,0101000020E61000008D28ED0DBEC058C0C07B478D09613340,https://maps.app.goo.gl/1Ls8yB3QkEWpbv5p8,"AV. TEXCOCO MZ 192-LT 1, ZONA URBANA EJIDAL SANTA MARTHA ACATITLA NTE., IZTAPALAPA, 09140 CIUDAD DE MÉXICO, CDMX",IZTAPALAPA,SANTA MARTHA ACATITLA NORTE,PLATSOBSE_DGSUS_BALON_BARRIO_125_EL_COLISEO_125,2707,ACTIVO,,,,,,
148,148 PARQUE TECUICHE/CHESPIRITO,13.0,GRANDES_OBRAS,GRANDES OBRAS QUE TRANSFORMAN LA CAPITAL,EL BALON VUELVE AL BARRIO,BALON_BARRIO,DGSUS,OBRAS DEL MUNDIAL,2026,2026-05-13 19:08:48.484,actualizacion_dgpest,2026-03-25,,INAUGURADA,100.0,RODOLFO GONZALES,MULTICANCHA,600.0,CONCRETO,,DGPEST,0101000020E6100000FDF675E09CC958C0FF058200194E3340,https://maps.app.goo.gl/Ym25A5duUiVWhpQP9,"SAN ALEJANDRO S/N, PEDREGAL DE STA ÚRSULA, COYOACÁN, 04600 CIUDAD DE MÉXICO, CDMX",COYOACÁN,PEDREGAL DE SANTA URSULA,PLATSOBSE_DGSUS_BALON_BARRIO_148_PARQUE_TECUICHE_CHESPIRITO_148,2713,ACTIVO,,,,,,
169,169 CANCHA CASA DE LA MONEDA,13.0,GRANDES_OBRAS,GRANDES OBRAS QUE TRANSFORMAN LA CAPITAL,EL BALON VUELVE AL BARRIO,BALON_BARRIO,DGCOP,OBRAS DEL MUNDIAL,2026,2026-05-13 19:16:54.682,actualizacion_dgpest,2026-04-10,,INAUGURADA,100.0,RODOLFO GONZALES,FUTBOL RAPIDO,1200.0,CONCRETO,,DGPEST,0101000020E6100000058BC3995FCD58C013286211C3723340,https://maps.app.goo.gl/ZkVrmFHKKvotxHQJ7,"Av. Casa de La Moneda 364, 10 de Abril, Miguel Hidalgo, 11250 Ciudad de México, CDMX",MIGUEL HIDALGO,DIEZ DE ABRIL/LOMAS DE SOTELO,PLATSOBSE_DGCOP_BALON_BARRIO_169_CANCHA_CASA_DE_LA_MONEDA_169,2724,ACTIVO,,,,,,
170,170 PARQUE ARGENTINA,13.0,GRANDES_OBRAS,GRANDES OBRAS QUE TRANSFORMAN LA CAPITAL,EL BALON VUELVE AL BARRIO,BALON_BARRIO,DGCOP,OBRAS DEL MUNDIAL,2026,2026-05-13 19:17:44.517,actualizacion_dgpest,2026-04-01,,INAUGURADA,100.0,RODOLFO GONZALES,FUTBOL RAPIDO,1200.0,CONCRETO,,DGPEST,0101000020E61000006C95607138CD58C0F6083543AA743340,https://maps.app.goo.gl/skYzEN291sCxRebv6,"ESQ. CON PRIV.ANGEL SILVA, C. LAGO CANEGUÍN S/N, ARGENTINA ANTIGUA, MIGUEL HIDALGO, 11270 CIUDAD DE MÉXICO, CDMX",MIGUEL HIDALGO,ARGENTINA ANTIGUA,PLATSOBSE_DGCOP_BALON_BARRIO_170_PARQUE_ARGENTINA_170,2725,ACTIVO,,,,,,
188,"188 DEPORTIVO ""MARGARITA MAZA DE JUAREZ""",13.0,GRANDES_OBRAS,GRANDES OBRAS QUE TRANSFORMAN LA CAPITAL,EL BALON VUELVE AL BARRIO,BALON_BARRIO,DGCOP,OBRAS DEL MUNDIAL,2026,2026-05-13 19:20:54.322,actualizacion_dgpest,2026-04-02,,INAUGURADA,100.0,RODOLFO GONZALES,FUTBOL 7,1750.0,PASTO SINTETICO,,DGPEST,0101000020E610000047551344DDC958C0AA61BF27D6813340,https://maps.app.goo.gl/ZqEL39kWYnRecRU17,"EJE CENTRAL LÁZARO CÁRDENAS 492, LAZARO CARDENAS 1RA SECC, GUSTAVO A. MADERO, 07700 CIUDAD DE MÉXICO, CDMX",GUSTAVO A. MADERO,NUEVA INDUSTRIAL VALLEJO,PLATSOBSE_DGCOP_BALON_BARRIO_188_DEPORTIVO_MARGARITA_MAZA_DE_JUAREZ_188,2716,ACTIVO,,,,,,
208,208 UTOPIA CEYLAN,13.0,GRANDES_OBRAS,GRANDES OBRAS QUE TRANSFORMAN LA CAPITAL,EL BALON VUELVE AL BARRIO,BALON_BARRIO,DGCOP,OBRAS DEL MUNDIAL,2026,,,,,INAUGURADA,100.0,RODOLFO GONZALES,FUTBOL RAPIDO,1200.0,PASTO SINTETICO,PRESUPUESTO UTOPIAS,DGPEST,0101000020E61000001FBAA0BE65CA58C0C4060B27697A3340,https://maps.app.goo.gl/48YCcDmZNthGSrTW6,"EUZKADI, AZCAPOTZALCO, 02660 CIUDAD DE MÉXICO, CDMX",AZCAPOTZALCO,EUZKADI,PLATSOBSE_DGCOP_BALON_BARRIO_208_UTOPIA_CEYLAN_208,2719,ACTIVO,,,,,,
09DES0192N,VICENTE RIVA PALACIO GUERRERO,,ESPACIO_PUBLICO,OBRAS QUE TRANSFORMAN EL ESPACIO PUBLICO Y CONTRIBUYEN AL DERECHO A LA CIUDAD,"1,2,3 POR MI ESCUELA RENOVAR PARA TRANSFORMAR","1,2,3_ESCUELAS",DGCOP,CASA POR CASA,2025,2026-05-20 16:37:53.402,actualizacion_dgcop,,,TERMINADO,100.0,RODOLFO GONZALES,SECUNDARIA,,,,DGCOP,0101000020E61000003E22A64412CD58C0E7AA798EC8833340,https://maps.app.goo.gl/ReqU7s7CY9674AGNA,AV. DE LAS CIVILIZACIONES,AZCAPOTZALCO,EL ROSARIO B (U HAB),PLATSOBSE_DGCOP_1_2_3_ESCUELAS_VICENTE_RIVA_PALACIO_GUERRERO_09DES0192N_09DES0192N,2782,ACTIVO,,,,,,
168,168 DEPORTIVO JOSE MARIA MORELOS Y PAVON,13.0,GRANDES_OBRAS,GRANDES OBRAS QUE TRANSFORMAN LA CAPITAL,EL BALON VUELVE AL BARRIO,BALON_BARRIO,DGCOP,OBRAS DEL MUNDIAL,2026,2026-05-13 18:15:03.555,actualizacion_dgpest,,,TERMINADO,100.0,RODOLFO GONZALES,FUTBOL RAPIDO,1200.0,PASTO SINTETICO,,DGPEST,0101000020E6100000D1CB28965BCC58C057CF49EF1B733340,https://maps.app.goo.gl/smkETiBWNVaViXhm7,"LAGO TRASIMENO S/N, PENSIL NTE., MIGUEL HIDALGO, 11430 CIUDAD DE MÉXICO, CDMX",MIGUEL HIDALGO,REFORMA PENSIL,PLATSOBSE_DGCOP_BALON_BARRIO_168_DEPORTIVO_JOSE_MARIA_MORELOS_Y_PAVON_168,2723,ACTIVO,,,,,,
216,216 UTOPIA TOPILEJO,13.0,GRANDES_OBRAS,GRANDES OBRAS QUE TRANSFORMAN LA CAPITAL,EL BALON VUELVE AL BARRIO,BALON_BARRIO,DGCOP,OBRAS DEL MUNDIAL,2026,2026-05-22 17:30:47.016,actualizacion_dgpest,,,TERMINADO,100.0,RODOLFO GONZALES,FUTBOL 11,4050.0,PASTO SINTETICO,PRESUPUESTO UTOPIAS,DGPEST,0101000020E61000008121AB5B3DC958C052616C21C8313340,https://maps.app.goo.gl/7Ps5ENpMmHvJeuiB9,"STA. CRUZ 885, SAN MIGUEL TOPILEJO, TLALPAN, 14500 SAN MIGUEL TOPILEJO, CDMX",TLALPAN,TOPILEJO,PLATSOBSE_DGCOP_BALON_BARRIO_216_UTOPIA_TOPILEJO_216,2720,ACTIVO,,,,,,
136,136 CALPULLI,13.0,GRANDES_OBRAS,GRANDES OBRAS QUE TRANSFORMAN LA CAPITAL,EL BALON VUELVE AL BARRIO,BALON_BARRIO,DGSUS,OBRAS DEL MUNDIAL,2026,2026-05-20 17:44:21.398,actualizacion_dgpest,,,TERMINADO,100.0,RODOLFO GONZALES,MULTICANCHA,600.0,CONCRETO,,DGPEST,0101000020E61000002905DD5ED2CC58C045A165DD3F823340,https://maps.app.goo.gl/CGzd1w7QurGt7tSS9,"C. ALBAÑILES, EL ROSARIO, AZCAPOTZALCO, 02100 CIUDAD DE MÉXICO, CDMX",AZCAPOTZALCO,EL ROSARIO,PLATSOBSE_DGSUS_BALON_BARRIO_136_CALPULLI_136,2712,ACTIVO,,,,,,
203,203 PILARES ATLAMPA,13.0,GRANDES_OBRAS,GRANDES OBRAS QUE TRANSFORMAN LA CAPITAL,EL BALON VUELVE AL BARRIO,BALON_BARRIO,DGCOP,OBRAS DEL MUNDIAL,2026,2026-05-13 19:24:22.320,actualizacion_dgpest,2026-03-31,,INAUGURADA,100.0,LUIS PEREZ,MULTICANCHA,600.0,CONCRETO,,DGPEST,0101000020E6100000CE70033E3FCA58C03BA759A0DD753340,https://maps.app.goo.gl/dqB7Z6w2wi4Rc5eM9,CERRADA DE CEDRO 561,CUAUHTÉMOC,ATLAMPA,PLATSOBSE_DGCOP_BALON_BARRIO_203_PILARES_ATLAMPA_203,2731,ACTIVO,,,,,,
274,274 PILARES ANAHUAC,13.0,GRANDES_OBRAS,GRANDES OBRAS QUE TRANSFORMAN LA CAPITAL,EL BALON VUELVE AL BARRIO,BALON_BARRIO,DGPEST,OBRAS DEL MUNDIAL,2026,2026-05-13 20:00:17.492,actualizacion_dgpest,2026-04-07,,INAUGURADA,100.0,LUIS PEREZ,MULTICANCHA,600.0,CONCRETO,,DGPEST,0101000020E6100000132C0E677EC558C045D4449F8F523340,https://maps.app.goo.gl/Ac5whiH451gQHUPTA,MONZON S/N ESQ. CERRADA ANAHUAC,IZTAPALAPA,GRANJAS ESTRELLA,PLATSOBSE_DGPEST_BALON_BARRIO_274_PILARES_ANAHUAC_274,2757,ACTIVO,,,,,,
178,178 MULTICANCHA E. MOLINA Y OTE 87,13.0,GRANDES_OBRAS,GRANDES OBRAS QUE TRANSFORMAN LA CAPITAL,EL BALON VUELVE AL BARRIO,BALON_BARRIO,DGCOP,OBRAS DEL MUNDIAL,2026,2026-05-13 18:27:04.929,actualizacion_dgpest,,,TERMINADO,100.0,LUIS PEREZ,MULTICANCHA,600.0,CONCRETO,,DGPEST,0101000020E6100000B381CF6ADCC658C0E6797077D6743340,https://maps.app.goo.gl/xkFYs2JJ7LLW7hRw9,"Eduardo Molina, La Joya, Gustavo A. Madero, 07890 Ciudad de México, CDMX",GUSTAVO A. MADERO,LA JOYA,PLATSOBSE_DGCOP_BALON_BARRIO_178_MULTICANCHA_E_MOLINA_Y_OTE_87_178,2727,ACTIVO,,,,,,
185,"185 DEPORTIVO ""MANUEL M. PONCE""",13.0,GRANDES_OBRAS,GRANDES OBRAS QUE TRANSFORMAN LA CAPITAL,EL BALON VUELVE AL BARRIO,BALON_BARRIO,DGCOP,OBRAS DEL MUNDIAL,2026,2026-05-22 23:13:22.072,actualizacion_dgpest,2026-05-09,,INAUGURADA,100.0,LUIS PEREZ,MULTICANCHA,600.0,CONCRETO,,DGPEST,0101000020E6100000AED3484BE5C758C0B3EE1F0BD1813340,https://maps.app.goo.gl/yd7AA67QrG1Yo27K6,"ESQUINA VIÑA DEL MAR, SANTIAGO DE CHILE 9, SAN PEDRO ZACATENCO, GUSTAVO A. MADERO, 07360 CIUDAD DE MÉXICO, CDMX",GUSTAVO A. MADERO,SAN PEDRO ZACATENCO,PLATSOBSE_DGCOP_BALON_BARRIO_185_DEPORTIVO_MANUEL_M_PONCE_185,2729,ACTIVO,,,,,,
303,303 CANCHA CINTURON VERDE,13.0,GRANDES_OBRAS,GRANDES OBRAS QUE TRANSFORMAN LA CAPITAL,EL BALON VUELVE AL BARRIO,BALON_BARRIO,DGCOP,OBRAS DEL MUNDIAL,2026,2026-05-13 18:39:38.568,actualizacion_dgpest,,,TERMINADO,100.0,LUIS PEREZ,FUTBOL 11,4050.0,TIERRA,,DGPEST,0101000020E61000005C72DC291DC458C0BAA29410AC4A3340,https://maps.app.goo.gl/9WsSaagofbMHnvHi7,"Predio el Molino, Iztapalapa, 13270 Ciudad de México, CDMX",IZTAPALAPA,PREDIO EL MOLINO,PLATSOBSE_DGCOP_BALON_BARRIO_303_CANCHA_CINTURON_VERDE_303,2736,ACTIVO,,,,,,
84,84 MULTICANCHA GLORIETA QUIROGA,13.0,GRANDES_OBRAS,GRANDES OBRAS QUE TRANSFORMAN LA CAPITAL,EL BALON VUELVE AL BARRIO,BALON_BARRIO,DGOIV,OBRAS DEL MUNDIAL,2026,2026-05-20 01:13:55.448,admin,2026-03-29,,INAUGURADA,100.0,LUIS PEREZ,MULTICANCHA,600.0,CONCRETO,,DGPEST,0101000020E610000020B58993FBCF58C00458E4D70F613340,https://maps.app.goo.gl/hPAKZtYKvNUYW8CE9,"Simon Bolívar, Santa Fe, Carlos A. Madrazo, Álvaro Obregón, 01320 Ciudad de México, CDMX",ÁLVARO OBREGÓN,SANTA FE,PLATSOBSE_DGOIV_BALON_BARRIO_84_MULTICANCHA_GLORIETA_QUIROGA_84,2590,ACTIVO,,,,,,
191,191 PILARES MAGDALENA DE LAS SALINAS,13.0,GRANDES_OBRAS,GRANDES OBRAS QUE TRANSFORMAN LA CAPITAL,EL BALON VUELVE AL BARRIO,BALON_BARRIO,DGCOP,OBRAS DEL MUNDIAL,2026,2026-05-22 23:14:34.525,actualizacion_dgpest,2026-05-05,,INAUGURADA,100.0,LUIS PEREZ,MULTICANCHA,600.0,CONCRETO,,DGPEST,0101000020E6100000A12DE7525CC958C08410902FA17A3340,https://maps.app.goo.gl/8AnKaTU8C8846W1c6,PONIENTE 114 S/N,GUSTAVO A. MADERO,MAGDALENA DE LAS SALINAS,PLATSOBSE_DGCOP_BALON_BARRIO_191_PILARES_MAGDALENA_DE_LAS_SALINAS_191,2734,ACTIVO,,,,,,
252,252 NARCISO BASSOLS,13.0,GRANDES_OBRAS,GRANDES OBRAS QUE TRANSFORMAN LA CAPITAL,EL BALON VUELVE AL BARRIO,BALON_BARRIO,DGOT,OBRAS DEL MUNDIAL,2026,2026-05-13 19:32:11.361,actualizacion_dgpest,2026-04-15,,INAUGURADA,100.0,LUIS PEREZ,FUTBOL RAPIDO,1200.0,CONCRETO,,DGPEST,0101000020E61000007D0569C6A2C358C0048D9944BD743340,https://maps.app.goo.gl/mApqjewHcCuxpaZu6,"NARCISO BASSOLS, CIUDAD DE MÉXICO, CDMX",GUSTAVO A. MADERO,NARCISO BASSOLS,PLATSOBSE_DGOT_BALON_BARRIO_252_NARCISO_BASSOLS_252,2748,ACTIVO,,,,,,
253,253 NARCISO BASSOLS 2,13.0,GRANDES_OBRAS,GRANDES OBRAS QUE TRANSFORMAN LA CAPITAL,EL BALON VUELVE AL BARRIO,BALON_BARRIO,DGOT,OBRAS DEL MUNDIAL,2026,2026-05-13 19:32:30.875,actualizacion_dgpest,2026-04-15,,INAUGURADA,100.0,LUIS PEREZ,FUTBOL RAPIDO,1200.0,CONCRETO,,DGPEST,0101000020E6100000D61C2098A3C358C05AA0DD21C5743340,https://maps.app.goo.gl/9Stx7MpdmfQ746jT9,"NARCISO BASSOLS, CIUDAD DE MÉXICO, CDMX",GUSTAVO A. MADERO,NARCISO BASSOLS,PLATSOBSE_DGOT_BALON_BARRIO_253_NARCISO_BASSOLS_2_253,2749,ACTIVO,,,,,,
255,255 ATHLETIC FIELD,13.0,GRANDES_OBRAS,GRANDES OBRAS QUE TRANSFORMAN LA CAPITAL,EL BALON VUELVE AL BARRIO,BALON_BARRIO,DGOT,OBRAS DEL MUNDIAL,2026,2026-05-13 19:32:52.193,actualizacion_dgpest,2026-04-02,,INAUGURADA,100.0,LUIS PEREZ,FUTBOL RAPIDO,1200.0,CONCRETO,,DGPEST,0101000020E6100000A835CD3B4EC558C0AF93FAB2B4733340,https://maps.app.goo.gl/84EPMqCGFTg85sht8,"SAN JUAN DE ARAGÓN II SECC, 07969 CIUDAD DE MÉXICO, CDMX",GUSTAVO A. MADERO,SAN JUAN DE ARAGON 2A SECCION (U HAB) I,PLATSOBSE_DGOT_BALON_BARRIO_255_ATHLETIC_FIELD_255,2751,ACTIVO,,,,,,
267,267 CANCHAS MANUEL GONZALEZ,13.0,GRANDES_OBRAS,GRANDES OBRAS QUE TRANSFORMAN LA CAPITAL,EL BALON VUELVE AL BARRIO,BALON_BARRIO,DGPEST,OBRAS DEL MUNDIAL,2026,2026-05-13 19:58:37.479,actualizacion_dgpest,2026-04-01,,INAUGURADA,100.0,LUIS PEREZ,MULTICANCHA,600.0,CONCRETO,,DGPEST,0101000020E61000006BB75D68AEC358C05A2A6F4738553340,https://maps.app.goo.gl/nGCMSPrVKnXJhiZq8,"Manuel González 17, Presidentes de México, Iztapalapa, 09740 Ciudad de México, CDMX",IZTAPALAPA,PRESIDENTES DE MEXICO,PLATSOBSE_DGPEST_BALON_BARRIO_267_CANCHAS_MANUEL_GONZALEZ_267,2750,ACTIVO,,,,,,
284,284 SANTA ANA TLACOTENCO,13.0,GRANDES_OBRAS,GRANDES OBRAS QUE TRANSFORMAN LA CAPITAL,EL BALON VUELVE AL BARRIO,BALON_BARRIO,DGPEST,OBRAS DEL MUNDIAL,2026,2026-06-10 17:38:27.218,actualizacion_dgpest,2026-06-10,,ENTREGADO,100.0,LUIS PEREZ,MULTICANCHA,600.0,CONCRETO,,DGPEST,0101000020E6100000392861A6EDBF58C016DC0F78602C3340,https://maps.app.goo.gl/XwtpfX589PAvcVQJ9,"Niños Heroes, Santa Ana Tlacotenco, San Miguel, Milpa Alta, 12930 Ciudad de México, CDMX",MILPA ALTA,SANTA ANA TLACOTENCO,PLATSOBSE_DGPEST_BALON_BARRIO_284_SANTA_ANA_TLACOTENCO_284,2760,ACTIVO,,,,,,
09DPR2424H,MAO TSE TUNG,,ESPACIO_PUBLICO,OBRAS QUE TRANSFORMAN EL ESPACIO PUBLICO Y CONTRIBUYEN AL DERECHO A LA CIUDAD,"1,2,3 POR MI ESCUELA RENOVAR PARA TRANSFORMAR","1,2,3_ESCUELAS",DGCOP,CASA POR CASA,2025,2026-06-03 18:13:45.604,actualizacion_dgcop,,,TERMINADO,100.0,LUIS PEREZ,PRIMARIA,,,,DGCOP,0101000020E610000042EBE1CB44C758C03B38D89B18623340,https://maps.app.goo.gl/Nkr4s3ZoQvU7Svi19,SANTOS DEGOLLADO,IZTACALCO,CAMPAMENTO 2 DE OCTUBRE I,PLATSOBSE_DGCOP_1_2_3_ESCUELAS_MAO_TSE_TUNG_09DPR2424H_09DPR2424H,2927,ACTIVO,,,,,,
289,289 CANCHA C. CAPULIN,13.0,GRANDES_OBRAS,GRANDES OBRAS QUE TRANSFORMAN LA CAPITAL,EL BALON VUELVE AL BARRIO,BALON_BARRIO,DGPEST,OBRAS DEL MUNDIAL,2026,,,,,TERMINADO,100.0,LUIS PEREZ,FUTBOL RAPIDO,1200.0,CONCRETO,,DGPEST,0101000020E610000076FD82DDB0C958C047C7D5C8AE3C3340,https://maps.app.goo.gl/y1hBC1VNR151v8ww8,"PLAN DE AYALA, 14470 CIUDAD DE MÉXICO, CDMX",TLALPAN,PLAN DE AYALA,PLATSOBSE_DGPEST_BALON_BARRIO_289_CANCHA_C_CAPULIN_289,2756,ACTIVO,,,,,,
67,67 CANCHA AXALOTL SPORT / CAMELLON AV MEXICO,13.0,GRANDES_OBRAS,GRANDES OBRAS QUE TRANSFORMAN LA CAPITAL,EL BALON VUELVE AL BARRIO,BALON_BARRIO,DGOIV,OBRAS DEL MUNDIAL,2026,2026-05-20 01:15:04.365,admin,2026-03-31,,INAUGURADA,100.0,LUIS PEREZ,FUTBOL RAPIDO,1200.0,CONCRETO,,DGPEST,0101000020E6100000AAB706B64AC458C050FBAD9D28413340,https://maps.app.goo.gl/Apn4yZwV3Qrgfyqt7,"7W3M+R58 CIUDAD DE MÉXICO, CD. DE MÉXICO",XOCHIMILCO,SAN GREGORIO ATLAPULCO (PBLO),PLATSOBSE_DGOIV_BALON_BARRIO_67_CANCHA_AXALOTL_SPORT_CAMELLON_AV_MEXICO_67,2587,ACTIVO,,,,,,
258,258 PILARES CUCHILLA DEL TESORO,13.0,GRANDES_OBRAS,GRANDES OBRAS QUE TRANSFORMAN LA CAPITAL,EL BALON VUELVE AL BARRIO,BALON_BARRIO,DGOT,OBRAS DEL MUNDIAL,2026,2026-05-22 23:17:04.205,actualizacion_dgpest,2026-04-30,,INAUGURADA,100.0,LUIS PEREZ,FUTBOL RAPIDO,1200.0,CONCRETO,,DGPEST,0101000020E61000006F2A52616CC358C0E7A7380EBC723340,https://maps.app.goo.gl/xSWPVBbiTkUwKjwf9,AVENIDA NORTE 1 S/N,GUSTAVO A. MADERO,CUCHILLA DEL TESORO,PLATSOBSE_DGOT_BALON_BARRIO_258_PILARES_CUCHILLA_DEL_TESORO_258,2754,ACTIVO,,,,,,
260,260 PILARES BENITA GALEANA,13.0,GRANDES_OBRAS,GRANDES OBRAS QUE TRANSFORMAN LA CAPITAL,EL BALON VUELVE AL BARRIO,BALON_BARRIO,DGOT,OBRAS DEL MUNDIAL,2026,2026-05-22 23:17:23.118,actualizacion_dgpest,2026-05-05,,INAUGURADA,100.0,LUIS PEREZ,FUTBOL RAPIDO,1200.0,PASTO SINTETICO,,DGPEST,0101000020E61000002A00C63368C658C0DE03745FCE743340,https://maps.app.goo.gl/NZgrVa685kxGXX6p8,"NTE 94, NUEVA TENOCHTITLAN, GUSTAVO A. MADERO, 07890 CIUDAD DE MÉXICO, CDMX",GUSTAVO A. MADERO,NUEVA TENOCHTITLAN,PLATSOBSE_DGOT_BALON_BARRIO_260_PILARES_BENITA_GALEANA_260,2755,ACTIVO,,,,,,
280,280 CANCHAS BUENAVISTA,13.0,GRANDES_OBRAS,GRANDES OBRAS QUE TRANSFORMAN LA CAPITAL,EL BALON VUELVE AL BARRIO,BALON_BARRIO,DGPEST,OBRAS DEL MUNDIAL,2026,2026-05-13 20:02:17.602,actualizacion_dgpest,2026-04-10,,INAUGURADA,100.0,LUIS PEREZ,FUTBOL RAPIDO,1200.0,CONCRETO,,DGPEST,0101000020E61000008481E7DEC3C158C0FAD2DB9F8B523340,https://maps.app.goo.gl/e7x5K8e1agQZqRDX6,"LOMA LINDA MZ58CLT1, BUENAVISTA, IZTAPALAPA, 09700 CIUDAD DE MÉXICO, CDMX",IZTAPALAPA,BUENAVISTA,PLATSOBSE_DGPEST_BALON_BARRIO_280_CANCHAS_BUENAVISTA_280,2758,ACTIVO,,,,,,
1,1 CANCHA 1 LAGO ARTIFICIAL,13.0,GRANDES_OBRAS,GRANDES OBRAS QUE TRANSFORMAN LA CAPITAL,EL BALON VUELVE AL BARRIO,BALON_BARRIO,DGOIV,OBRAS DEL MUNDIAL,2026,,,,,INAUGURADA,100.0,LUIS PEREZ,FUTBOL 11,4050.0,PASTO SINTETICO,,DGPEST,0101000020E610000021A00C9FBEC558C0AE484C50C3673340,https://maps.app.goo.gl/kGtQJBFRDFgaXQ6K7,"PIT LN, GRANJAS MÉXICO, IZTACALCO, 08400 CIUDAD DE MÉXICO, CDMX",IZTACALCO,GRANJAS MEXICO,PLATSOBSE_DGOIV_BALON_BARRIO_1_CANCHA_1_LAGO_ARTIFICIAL_1,2763,ACTIVO,,,,,,
281,281 CANCHA FUTBOL RAPIDO COL. PREDIO DEGOLLADO,13.0,GRANDES_OBRAS,GRANDES OBRAS QUE TRANSFORMAN LA CAPITAL,EL BALON VUELVE AL BARRIO,BALON_BARRIO,DGPEST,OBRAS DEL MUNDIAL,2026,2026-05-13 20:02:34.260,actualizacion_dgpest,2026-04-10,,INAUGURADA,100.0,LUIS PEREZ,FUTBOL RAPIDO,1200.0,CONCRETO,,DGPEST,0101000020E61000001F2E39EE94C258C002284696CC513340,https://maps.app.goo.gl/cKo69XDh9q8CkXJk8,"YAYOTL, DESARROLLO URBANO QUETZALCÓATL, IZTAPALAPA, 09700 CIUDAD DE MÉXICO, CDMX",IZTAPALAPA,PREDIO DEGOLLADO,PLATSOBSE_DGPEST_BALON_BARRIO_281_CANCHA_FUTBOL_RAPIDO_COL_PREDIO_DEGOLLADO_281,2759,ACTIVO,,,,,,
509,509 CAMPAMENTO 2 DE OCTUBRE,13.0,GRANDES_OBRAS,GRANDES OBRAS QUE TRANSFORMAN LA CAPITAL,EL BALON VUELVE AL BARRIO,BALON_BARRIO,DGSUS,OBRAS DEL MUNDIAL,2026,,,,,TERMINADO,100.0,LUIS PEREZ,MULTICANCHA,600.0,CONCRETO,,DGPEST,0101000020E6100000D446753A90C758C0664E97C5C4623340,https://maps.app.goo.gl/t5QLww8dTZCnhknA9,"Campamento 2 de Octubre, Iztacalco, 08930 Ciudad de México, CDMX",IZTACALCO,CAMPAMENTO DOS DE OCTUBRE,PLATSOBSE_DGSUS_BALON_BARRIO_509_CAMPAMENTO_2_DE_OCTUBRE_509,2769,ACTIVO,,,,,,
306,306 DEPORTIVO SAN LUCAS XOCHIMANCA,13.0,GRANDES_OBRAS,GRANDES OBRAS QUE TRANSFORMAN LA CAPITAL,EL BALON VUELVE AL BARRIO,BALON_BARRIO,DGPEST,OBRAS DEL MUNDIAL,2026,2026-05-13 20:11:26.381,actualizacion_dgpest,2026-04-06,,INAUGURADA,100.0,LUIS PEREZ,MULTICANCHA,600.0,CONCRETO,,DGPEST,0101000020E6100000AEF204C24EC758C0923D42CD903E3340,https://maps.app.goo.gl/5pDBSmkjLDdXYL4T7,"AV ACUEDUCTO &, CAMINO ANTIGUO A SAN LUCAS ESQUINA, SAN LUCAS XOCHIMANCA, XOCHIMILCO, 16300 CIUDAD DE MÉXICO, CDMX",XOCHIMILCO,SAN LUCAS XOCHIMANCA,PLATSOBSE_DGPEST_BALON_BARRIO_306_DEPORTIVO_SAN_LUCAS_XOCHIMANCA_306,2765,ACTIVO,,,,,,
307,307 DEPORTIVO SAN LUCAS XOCHIMANCA,13.0,GRANDES_OBRAS,GRANDES OBRAS QUE TRANSFORMAN LA CAPITAL,EL BALON VUELVE AL BARRIO,BALON_BARRIO,DGPEST,OBRAS DEL MUNDIAL,2026,2026-05-13 20:11:40.294,actualizacion_dgpest,2026-04-06,,INAUGURADA,100.0,LUIS PEREZ,MULTICANCHA,600.0,CONCRETO,,DGPEST,0101000020E610000041D47D0052C758C081069B3A8F3E3340,https://maps.app.goo.gl/3Ec6TDK4mXN5kt977,"AV ACUEDUCTO &, CAMINO ANTIGUO A SAN LUCAS ESQUINA, SAN LUCAS XOCHIMANCA, XOCHIMILCO, 16300 CIUDAD DE MÉXICO, CDMX",XOCHIMILCO,SAN LUCAS XOCHIMANCA,PLATSOBSE_DGPEST_BALON_BARRIO_307_DEPORTIVO_SAN_LUCAS_XOCHIMANCA_307,2766,ACTIVO,,,,,,
511,511 CHICOASEN,13.0,GRANDES_OBRAS,GRANDES OBRAS QUE TRANSFORMAN LA CAPITAL,EL BALON VUELVE AL BARRIO,BALON_BARRIO,DGSUS,OBRAS DEL MUNDIAL,2026,2026-05-13 20:16:27.301,actualizacion_dgpest,2026-04-01,,INAUGURADA,100.0,LUIS PEREZ,MULTICANCHA,600.0,CONCRETO,,DGPEST,0101000020E61000004DBB9866BACE58C03D64CA87A04A3340,https://maps.app.goo.gl/49DovJ8tdoBagov4A,"Parque Canino Chicoasen, Av. Chicoasen 202, Lomas de Padierna, Tlalpan, 14240 Ciudad de México, CDMX",TLALPAN,PEDREGAL DE SN NICOLAS 2A SECC,PLATSOBSE_DGSUS_BALON_BARRIO_511_CHICOASEN_511,2771,ACTIVO,,,,,,
09DES0314H,BLAS GALINDO,,ESPACIO_PUBLICO,OBRAS QUE TRANSFORMAN EL ESPACIO PUBLICO Y CONTRIBUYEN AL DERECHO A LA CIUDAD,"1,2,3 POR MI ESCUELA RENOVAR PARA TRANSFORMAR","1,2,3_ESCUELAS",DGCOP,CASA POR CASA,2025,2026-06-10 18:08:54.765,actualizacion_dgcop,,,EN PROCESO,72.0,LUIS PEREZ,SECUNDARIA,,,,DGCOP,0101000020E61000001268B0A9F3C358C0CE6F986890523340,https://maps.app.goo.gl/pfAaH35DBdczk5d38,PALMAS,IZTAPALAPA,LOMAS DE SAN LORENZO II,PLATSOBSE_DGCOP_1_2_3_ESCUELAS_BLAS_GALINDO_09DES0314H_09DES0314H,2900,ACTIVO,,,,,,
09DJN0392B,LUIS BRAILLE,,ESPACIO_PUBLICO,OBRAS QUE TRANSFORMAN EL ESPACIO PUBLICO Y CONTRIBUYEN AL DERECHO A LA CIUDAD,"1,2,3 POR MI ESCUELA RENOVAR PARA TRANSFORMAR","1,2,3_ESCUELAS",DGCOP,CASA POR CASA,2025,2026-06-10 17:50:55.307,actualizacion_dgcop,,,EN PROCESO,89.54,LUIS PEREZ,PREESCOLAR,,,,DGCOP,0101000020E6100000FFB1101D02CD58C0D7A19A92AC833340,https://maps.app.goo.gl/RhV3FmkJDAoSkKJM9,ALDEBARAN,AZCAPOTZALCO,EL ROSARIO B (U HAB),PLATSOBSE_DGCOP_1_2_3_ESCUELAS_LUIS_BRAILLE_09DJN0392B_09DJN0392B,2894,ACTIVO,,,,,,
250,250 NTE 84,13.0,GRANDES_OBRAS,GRANDES OBRAS QUE TRANSFORMAN LA CAPITAL,EL BALON VUELVE AL BARRIO,BALON_BARRIO,DGOT,OBRAS DEL MUNDIAL,2026,2026-05-20 16:47:24.037,admin,2026-03-31,,INAUGURADA,100.0,LUIS PEREZ,FUTBOL RAPIDO,1200.0,CONCRETO,,DGPEST,0101000020E61000001F4B1FBAA0C658C0DCF0BBE996753340,https://maps.app.goo.gl/auvMEvNCw3ARQ8ur9,"CALLE NTE 84 4940, NUEVA TENOCHTITLAN, GUSTAVO A. MADERO, 07839 CIUDAD DE MÉXICO, CDMX",GUSTAVO A. MADERO,NUEVA TENOCHTITLAN,PLATSOBSE_DGOT_BALON_BARRIO_250_NTE_84_250,2627,ACTIVO,,,,,,
9,9 CAMPAMENTO 2 DE OCTUBRE,13.0,GRANDES_OBRAS,GRANDES OBRAS QUE TRANSFORMAN LA CAPITAL,EL BALON VUELVE AL BARRIO,BALON_BARRIO,DGOIV,OBRAS DEL MUNDIAL,2026,2026-05-20 16:52:31.491,admin,2026-03-30,,INAUGURADA,100.0,LUIS PEREZ,FUTBOL 11,4050.0,TIERRA,,DGPEST,0101000020E6100000014D840D4FC758C0C2120F289B623340,https://maps.app.goo.gl/RmjpdUfAH3mxGUNW9,"AV. JUAN N. ÁLVAREZ CAMPAMENTO 2 DE OCTUBRE, IZTACALCO",IZTACALCO,CAMPAMENTO 2 DE OCTUBRE,PLATSOBSE_DGOIV_BALON_BARRIO_9_CAMPAMENTO_2_DE_OCTUBRE_9,2660,ACTIVO,,,,,,
100,100 CAMPO DEPORTIVO IZTACALCO,13.0,GRANDES_OBRAS,GRANDES OBRAS QUE TRANSFORMAN LA CAPITAL,EL BALON VUELVE AL BARRIO,BALON_BARRIO,DGSUS,OBRAS DEL MUNDIAL,2026,2026-05-20 16:56:11.832,actualizacion_dgpest,,,TERMINADO,100.0,LUIS PEREZ,FUTBOL RAPIDO,1200.0,CONCRETO,,DGPEST,0101000020E6100000F73B1405FAC658C0C0B167CF65623340,https://maps.app.goo.gl/xvz1Ns1V7mg1LVmm9,"ESQ PEÑÓN, AVENIDA GIRASOL 20, INFONAVIT IZTACALCO, IZTACALCO, 08900 CIUDAD DE MÉXICO, CDMX",IZTACALCO,INFONAVIT IZTACALCO,PLATSOBSE_DGSUS_BALON_BARRIO_100_CAMPO_DEPORTIVO_IZTACALCO_100,2467,ACTIVO,,,,,,
09DPR1614S,ESTADO DE NUEVO LEON,,ESPACIO_PUBLICO,OBRAS QUE TRANSFORMAN EL ESPACIO PUBLICO Y CONTRIBUYEN AL DERECHO A LA CIUDAD,"1,2,3 POR MI ESCUELA RENOVAR PARA TRANSFORMAR","1,2,3_ESCUELAS",DGCOP,AUTORIDAD EDUCATIVA FEDERAL,2025,2026-06-03 18:32:12.081,actualizacion_dgcop,,,TERMINADO,100.0,LUIS PEREZ,PRIMARIA,,,,DGCOP,0101000020E61000001BD6541685CB58C05262D7F676773340,https://maps.app.goo.gl/TqB59cgjPAYvR7tb7,RIO NILO,AZCAPOTZALCO,CLAVERIA,PLATSOBSE_DGCOP_1_2_3_ESCUELAS_ESTADO_DE_NUEVO_LEON_09DPR1614S_09DPR1614S,2954,ACTIVO,,,,,,
,CUAHILAMA,,ESPACIO_PUBLICO,OBRAS QUE TRANSFORMAN EL ESPACIO PUBLICO Y CONTRIBUYEN AL DERECHO A LA CIUDAD,"1,2,3 POR MI ESCUELA RENOVAR PARA TRANSFORMAR","1,2,3_ESCUELAS",DGCOP,CASA POR CASA,2025,2026-06-10 18:06:41.940,actualizacion_dgcop,,,EN PROCESO,76.94,LUIS PEREZ,PRIMARIA,,,,DGCOP,0101000020E6100000F32CA187C8C458C090145554133F3340,https://maps.app.goo.gl/tnGXtfE2gNU1KjND8,CALLE LAZARO CARDENAS,XOCHIMILCO,SANTA CRUZ ACALPIXCA (PBLO),PLATSOBSE_DGCOP_1_2_3_ESCUELAS_CUAHILAMA_09DPR2044Z_09DPR2044Z,2905,ACTIVO,,,,,,
09DJN0520G,PORTUGAL,,ESPACIO_PUBLICO,OBRAS QUE TRANSFORMAN EL ESPACIO PUBLICO Y CONTRIBUYEN AL DERECHO A LA CIUDAD,"1,2,3 POR MI ESCUELA RENOVAR PARA TRANSFORMAR","1,2,3_ESCUELAS",DGCOP,CASA POR CASA,2025,2026-06-03 18:33:51.289,actualizacion_dgcop,,,TERMINADO,100.0,LUIS PEREZ,PREESCOLAR,,,,DGCOP,0101000020E610000060764F1E16D258C0882EA86F99573340,https://maps.app.goo.gl/Fgr8Yiu2y8jK9AWN8,MINA,CUAJIMALPA DE MORELOS,SAN MATEO TLALTENANGO (PBLO),PLATSOBSE_DGCOP_1_2_3_ESCUELAS_PORTUGAL_09DJN0520G_09DJN0520G,2880,ACTIVO,,,,,,
286,286 CANCHAS ATLIXCO,13.0,GRANDES_OBRAS,GRANDES OBRAS QUE TRANSFORMAN LA CAPITAL,EL BALON VUELVE AL BARRIO,BALON_BARRIO,DGPEST,OBRAS DEL MUNDIAL,2026,2026-05-13 18:25:59.146,actualizacion_dgpest,,,TERMINADO,100.0,LUIS PEREZ,FUTBOL RAPIDO,1200.0,CONCRETO,,DGPEST,0101000020E61000008D28ED0DBEC058C0200DA7CCCD473340,https://maps.app.goo.gl/gNBHrtMYfKEgHpqm7,"FRANCISCO SANTIAGO BORRAZ, SANTA CECILIA, TLÁHUAC, 13010 CIUDAD DE MÉXICO, CDMX",TLÁHUAC,SANTA CECILIA,PLATSOBSE_DGPEST_BALON_BARRIO_286_CANCHAS_ATLIXCO_286,2761,ACTIVO,,,,,,
508,508 PARQUE CERRITO TEZONTLE,13.0,GRANDES_OBRAS,GRANDES OBRAS QUE TRANSFORMAN LA CAPITAL,EL BALON VUELVE AL BARRIO,BALON_BARRIO,DGSUS,OBRAS DEL MUNDIAL,2026,2026-05-13 20:15:17.447,actualizacion_dgpest,2026-04-21,,INAUGURADA,100.0,LUIS PEREZ,MULTICANCHA,600.0,CONCRETO,,DGPEST,0101000020E6100000B9C1508715C158C074081C0934583340,https://maps.app.goo.gl/kmSUn5MSMdd25hvU9,"Piscis S/N, Xalpa, Iztapalapa, 09640 Ciudad de México, CDMX",IZTAPALAPA,XALPA,PLATSOBSE_DGSUS_BALON_BARRIO_508_PARQUE_CERRITO_TEZONTLE_508,2768,ACTIVO,,,,,,
09DJN0641S,FRANCISCO GOITIA,,ESPACIO_PUBLICO,OBRAS QUE TRANSFORMAN EL ESPACIO PUBLICO Y CONTRIBUYEN AL DERECHO A LA CIUDAD,"1,2,3 POR MI ESCUELA RENOVAR PARA TRANSFORMAR","1,2,3_ESCUELAS",DGCOP,AUTORIDAD EDUCATIVA,2025,2026-06-03 18:41:42.759,actualizacion_dgcop,,,TERMINADO,100.0,LUIS PEREZ,PREESCOLAR,,,,DGCOP,0101000020E61000009B8F6B43C5C658C07F164B917C413340,https://maps.app.goo.gl/K5ihVyjUQJRJxWbK7,SELVA,XOCHIMILCO,SAN PEDRO (BARR),PLATSOBSE_DGCOP_1_2_3_ESCUELAS_FRANCISCO_GOITIA_09DJN0641S_09DJN0641S,2916,ACTIVO,,,,,,
254,254 MODULO DEPORTIVO C. 607,13.0,GRANDES_OBRAS,GRANDES OBRAS QUE TRANSFORMAN LA CAPITAL,EL BALON VUELVE AL BARRIO,BALON_BARRIO,DGOT,OBRAS DEL MUNDIAL,2026,2026-05-20 16:48:23.978,admin,2026-04-05,,INAUGURADA,100.0,LUIS PEREZ,FUTBOL RAPIDO,1200.0,PASTO SINTETICO,,DGPEST,0101000020E61000002A00C63368C458C06C76A4FACE733340,https://maps.app.goo.gl/AY9HVafcVkY5GDrE8,"SAN JUAN DE ARAGÓN III SECC, 07970 CIUDAD DE MÉXICO, CDMX",GUSTAVO A. MADERO,SAN JUAN DE ARAGON 3A SECCION (U HAB) II,PLATSOBSE_DGOT_BALON_BARRIO_254_MODULO_DEPORTIVO_C_607_254,2667,ACTIVO,,,,,,
09DPR2453C,GUELATAO DE JUAREZ,,ESPACIO_PUBLICO,OBRAS QUE TRANSFORMAN EL ESPACIO PUBLICO Y CONTRIBUYEN AL DERECHO A LA CIUDAD,"1,2,3 POR MI ESCUELA RENOVAR PARA TRANSFORMAR","1,2,3_ESCUELAS",DGCOP,CASA POR CASA,2025,2026-05-20 17:50:35.168,actualizacion_dgcop,,,TERMINADO,100.0,LUIS PEREZ,PRIMARIA,,,,DGCOP,0101000020E6100000001B1021AEC858C0E3A7716F7E6B3340,https://maps.app.goo.gl/85HYFqqMGp5SHs7J8,5 DE FEBRERO,CUAUHTÉMOC,OBRERA I,PLATSOBSE_DGCOP_1_2_3_ESCUELAS_GUELATAO_DE_JUAREZ_09DPR2453C_09DPR2453C,2920,ACTIVO,,,,,,
09DES0290O,ESCUELA SECUNDARIA DIURNA OCELOTL,,ESPACIO_PUBLICO,OBRAS QUE TRANSFORMAN EL ESPACIO PUBLICO Y CONTRIBUYEN AL DERECHO A LA CIUDAD,"1,2,3 POR MI ESCUELA RENOVAR PARA TRANSFORMAR","1,2,3_ESCUELAS",DGCOP,CASA POR CASA,2025,2026-06-10 17:28:29.327,actualizacion_dgcop,,,EN PROCESO,97.35,LUIS PEREZ,SECUNDARIA,,,,DGCOP,0101000020E6100000D190F12895C458C02A58E36C3A3E3340,https://maps.app.goo.gl/DyZLTGtrBr5S8hPS7,PROLONGACION 2 DE ABRIL,XOCHIMILCO,SANTA CRUZ ACALPIXCA (PBLO),PLATSOBSE_DGCOP_1_2_3_ESCUELAS_ESCUELA_SECUNDARIA_DIURNA_OCELOTL_09DES0290O_09DES0290O,2908,ACTIVO,,,,,,
09DPR1085S,HERMENEGILDO GALEANA,,ESPACIO_PUBLICO,OBRAS QUE TRANSFORMAN EL ESPACIO PUBLICO Y CONTRIBUYEN AL DERECHO A LA CIUDAD,"1,2,3 POR MI ESCUELA RENOVAR PARA TRANSFORMAR","1,2,3_ESCUELAS",DGCOP,JEFA DE GOBIERNO,2025,2026-06-10 18:02:52.998,actualizacion_dgcop,,,EN PROCESO,81.9,LUIS PEREZ,PRIMARIA,,,,DGCOP,0101000020E61000006EA5D76663C558C027F6D03E56703340,https://maps.app.goo.gl/z4Kazut1FatBHskv7,QUETZALCOATL,VENUSTIANO CARRANZA,PENON DE LOS BA?OS,PLATSOBSE_DGCOP_1_2_3_ESCUELAS_HERMENEGILDO_GALEANA_09DPR1085S_09DPR1085S,2919,ACTIVO,,,,,,
09DPR1660D,JUSTO SIERRA,,ESPACIO_PUBLICO,OBRAS QUE TRANSFORMAN EL ESPACIO PUBLICO Y CONTRIBUYEN AL DERECHO A LA CIUDAD,"1,2,3 POR MI ESCUELA RENOVAR PARA TRANSFORMAR","1,2,3_ESCUELAS",DGCOP,SECTEI,2025,2026-06-03 18:28:48.838,actualizacion_dgcop,,,TERMINADO,100.0,LUIS PEREZ,PRIMARIA,,,,DGCOP,0101000020E610000031ED9BFBABCD58C04ED1915CFE7B3340,https://maps.app.goo.gl/p3mr4NjUNQwpuMb19,EMILIANO ZAPATA,AZCAPOTZALCO,SAN PEDRO XALPA (PBLO),PLATSOBSE_DGCOP_1_2_3_ESCUELAS_JUSTO_SIERRA_09DPR1660D_09DPR1660D,2921,ACTIVO,,,,,,
09DPR0985C,DOMINGO F. SARMIENTO,,ESPACIO_PUBLICO,OBRAS QUE TRANSFORMAN EL ESPACIO PUBLICO Y CONTRIBUYEN AL DERECHO A LA CIUDAD,"1,2,3 POR MI ESCUELA RENOVAR PARA TRANSFORMAR","1,2,3_ESCUELAS",DGCOP,SECTEI,2025,2026-06-10 18:05:27.992,actualizacion_dgcop,,,TERMINADO,100.0,LUIS PEREZ,PRIMARIA,,,,DGCOP,0101000020E6100000828B153598C758C0475A2A6F476C3340,https://maps.app.goo.gl/Uj9sQDjffSoMsmM96,ORIENTE,VENUSTIANO CARRANZA,EL PARQUE,PLATSOBSE_DGCOP_1_2_3_ESCUELAS_DOMINGO_F_SARMIENTO_09DPR0985C_09DPR0985C,2910,ACTIVO,,,,,,
09DPR1232L,GEORGES CUISENAIRE,,ESPACIO_PUBLICO,OBRAS QUE TRANSFORMAN EL ESPACIO PUBLICO Y CONTRIBUYEN AL DERECHO A LA CIUDAD,"1,2,3 POR MI ESCUELA RENOVAR PARA TRANSFORMAR","1,2,3_ESCUELAS",DGCOP,CASA POR CASA,2025,2026-06-03 18:33:17.486,actualizacion_dgcop,,,TERMINADO,100.0,LUIS PEREZ,PRIMARIA,,,,DGCOP,0101000020E610000013D4F02DACCB58C08DB800344A7F3340,https://maps.app.goo.gl/UVeDC4zxHhXeLBrg9,CALZ. DE LOS ANGELES,AZCAPOTZALCO,SANTA BARBARA (PBLO),PLATSOBSE_DGCOP_1_2_3_ESCUELAS_GEORGES_CUISENAIRE_09DPR1232L_09DPR1232L,2914,ACTIVO,,,,,,
510,510 CHICOASEN,13.0,GRANDES_OBRAS,GRANDES OBRAS QUE TRANSFORMAN LA CAPITAL,EL BALON VUELVE AL BARRIO,BALON_BARRIO,DGSUS,OBRAS DEL MUNDIAL,2026,2026-05-13 20:16:12.518,actualizacion_dgpest,2026-04-01,,INAUGURADA,100.0,LUIS PEREZ,MULTICANCHA,600.0,CONCRETO,,DGPEST,0101000020E6100000D34F38BBB5CE58C0CB845FEAE7493340,https://maps.app.goo.gl/FbMPbogmCoxpuiB39,"Tizimín 311, Pedregal de San Nicolás 2da Secc, Tlalpan, 14240 Ciudad de México, CDMX",TLALPAN,PEDREGAL DE SN NICOLAS 2A SECC,PLATSOBSE_DGSUS_BALON_BARRIO_510_CHICOASEN_510,2770,ACTIVO,,,,,,
137,137 CAMPAMENTO 2 DE OCTUBRE,13.0,GRANDES_OBRAS,GRANDES OBRAS QUE TRANSFORMAN LA CAPITAL,EL BALON VUELVE AL BARRIO,BALON_BARRIO,DGSUS,OBRAS DEL MUNDIAL,2026,2026-06-10 17:32:28.685,actualizacion_dgpest,,,TERMINADO,100.0,LUIS PEREZ,MULTICANCHA,600.0,PASTO SINTETICO,,DGPEST,0101000020E6100000FDF675E09CC758C0C11E1329CD623340,https://maps.app.goo.gl/eaDW9Kh5UmAcA3kd6,"AV. JUAN N. ÁLVAREZ CAMPAMENTO 2 DE OCTUBRE, IZTACALCO",IZTACALCO,CAMPAMENTO 2 DE OCTUBRE,PLATSOBSE_DGSUS_BALON_BARRIO_137_CAMPAMENTO_2_DE_OCTUBRE_137,2681,ACTIVO,,,,,,
248,248 DEPORTIVO MOCTEZUMA,13.0,GRANDES_OBRAS,GRANDES OBRAS QUE TRANSFORMAN LA CAPITAL,EL BALON VUELVE AL BARRIO,BALON_BARRIO,DGOT,OBRAS DEL MUNDIAL,2026,2026-05-20 01:15:41.152,admin,2026-04-01,,INAUGURADA,100.0,LUIS PEREZ,FUTBOL 7,1750.0,PASTO SINTETICO,,DGPEST,0101000020E6100000473D44A33BC658C0F226BF45276F3340,https://maps.app.goo.gl/BhAVh2pZn6YZnZ2V9,"C. OTE. 158 225, MOCTEZUMA 2DA SECC, VENUSTIANO CARRANZA, 15530 CIUDAD DE MÉXICO, CDMX",VENUSTIANO CARRANZA,MOCTEZUMA 2A SECCION,PLATSOBSE_DGOT_BALON_BARRIO_248_DEPORTIVO_MOCTEZUMA_248,2625,ACTIVO,,,,,,
238,238 P. ALEGRIA CAMELLON EJE 4 ORIENTE,13.0,GRANDES_OBRAS,GRANDES OBRAS QUE TRANSFORMAN LA CAPITAL,EL BALON VUELVE AL BARRIO,BALON_BARRIO,DGSUS,OBRAS DEL MUNDIAL,2026,2026-05-20 16:56:37.212,admin,2026-01-22,,INAUGURADA,100.0,LUIS PEREZ,MULTICANCHA,600.0,CONCRETO,,DGPEST,0101000020E61000000D54C6BFCFC458C0B14E95EF19693340,https://maps.app.goo.gl/Kfpau4KKuvniFj7c7,"PROLONGACION CANAL RIO CHURUBUSCO Agrícola Pantitlán, Iztacalco, 08100 Ciudad de México, CDMX",IZTACALCO,AGRICOLA PANTITLAN,PLATSOBSE_DGSUS_BALON_BARRIO_238_P_ALEGRIA_CAMELLON_EJE_4_ORIENTE_238,2620,ACTIVO,,,,,,
209,209. UTOPIA CEYLAN,13.0,GRANDES_OBRAS,GRANDES OBRAS QUE TRANSFORMAN LA CAPITAL,EL BALON VUELVE AL BARRIO,BALON_BARRIO,DGCOP,OBRAS DEL MUNDIAL,2026,,,,,INAUGURADA,100.0,LUIS PEREZ,FUTBOL RAPIDO,1200.0,PASTO SINTETICO,,DGPEST,0101000020E6100000003961C268CA58C0FCE3BD6A657A3340,https://maps.app.goo.gl/48YCcDmZNthGSrTW6,"EUZKADI, AZCAPOTZALCO, 02660 CIUDAD DE M�XICO, CDMX",AZCAPOTZALCO,EUZKADI,PLATSOBSE_DGCOP_BALON_BARRIO_209_UTOPIA_CEYLAN_209,3931,ACTIVO,,,,,,
214,214 UTOPIA TECOMITL,13.0,GRANDES_OBRAS,GRANDES OBRAS QUE TRANSFORMAN LA CAPITAL,EL BALON VUELVE AL BARRIO,BALON_BARRIO,DGCOP,OBRAS DEL MUNDIAL,2026,2026-05-27 18:53:26.652,actualizacion_dgpest,,,EN PROCESO,10.0,JUAN HERNANDEZ,FUTBOL 11,4050.0,PASTO SINTETICO,PRESUPUESTO UTOPIAS,DGPEST,0101000020E610000004FF5BC98EBF58C058AD4CF8A53A3340,https://maps.app.goo.gl/NoGKw32Da6XSyB2r9,"HIDALGO, TLALTEPA, SAN JUAN IXTAYOPAN, CDMX",TLÁHUAC,POTRERO DEL LLANO,PLATSOBSE_DGCOP_BALON_BARRIO_214_UTOPIA_TECOMITL_214,2718,ACTIVO,,,,,,
62,62 MULTICANCHA TIXKOKOB Y YAXCABA,13.0,GRANDES_OBRAS,GRANDES OBRAS QUE TRANSFORMAN LA CAPITAL,EL BALON VUELVE AL BARRIO,BALON_BARRIO,DGOIV,OBRAS DEL MUNDIAL,2026,2026-05-13 18:02:59.952,actualizacion_dgpest,,,TERMINADO,100.0,JUAN HERNANDEZ,MULTICANCHA,600.0,CONCRETO,,DGPEST,0101000020E6100000AF777FBC57CF58C0DBA50D87A5493340,https://maps.app.goo.gl/TugHwBTWMhPUdbQj8,TIXKOKOB Y YAXCABA,TLALPAN,PEDREGAL DE SAN NICOLAS 2DA SECCION,PLATSOBSE_DGOIV_BALON_BARRIO_62_MULTICANCHA_TIXKOKOB_Y_YAXCABA_62,2503,ACTIVO,,,,,,
11,11 CANCHA DEPORTIVO SANTA CATARINA 2,13.0,GRANDES_OBRAS,GRANDES OBRAS QUE TRANSFORMAN LA CAPITAL,EL BALON VUELVE AL BARRIO,BALON_BARRIO,DGOIV,OBRAS DEL MUNDIAL,2026,2026-05-13 18:15:39.250,actualizacion_dgpest,,,TERMINADO,100.0,JUAN HERNANDEZ,FUTBOL 11,4050.0,PASTO NATURAL,,DGPEST,0101000020E6100000990D32C9C8BD58C0AB21718FA54F3340,https://maps.app.goo.gl/zmsn19qsz8T2SgHi9,"LA CONCEPCIÓN, 13150 SANTA CATARINA YECAHUITZOTL, CDMX",TLÁHUAC,SANTA CATARINA YECAHUIZOTL (PBLO),PLATSOBSE_DGOIV_BALON_BARRIO_11_CANCHA_DEPORTIVO_SANTA_CATARINA_2_11,2484,ACTIVO,,,,,,
12,"12 PILARES GOMEZ FARIAS, SANTA FE",13.0,GRANDES_OBRAS,GRANDES OBRAS QUE TRANSFORMAN LA CAPITAL,EL BALON VUELVE AL BARRIO,BALON_BARRIO,DGOIV,OBRAS DEL MUNDIAL,2026,,,,,TERMINADO,100.0,JUAN HERNANDEZ,FUTBOL RAPIDO,1200.0,CONCRETO,,DGPEST,0101000020E610000080F10C1AFACF58C02B31CF4A5A613340,https://maps.app.goo.gl/6pYr8GwQpZr7XaSG6,PROLONGACION GOMEZ FARIAS Y PROLONGACION REFORMA PUERTA SANT,ÁLVARO OBREGÓN,CARLOS A. MADRAZO,PLATSOBSE_DGOIV_BALON_BARRIO_12_PILARES_GOMEZ_FARIAS_SANTA_FE_12,2485,ACTIVO,,,,,,
13,13 CANCHA ESTADO DE HIDALGO,13.0,GRANDES_OBRAS,GRANDES OBRAS QUE TRANSFORMAN LA CAPITAL,EL BALON VUELVE AL BARRIO,BALON_BARRIO,DGOIV,OBRAS DEL MUNDIAL,2026,,,,,TERMINADO,100.0,JUAN HERNANDEZ,FUTBOL RAPIDO,1200.0,PASTO SINTETICO,,DGPEST,0101000020E6100000842A357BA0CF58C055A01683875D3340,https://maps.app.goo.gl/9syAT72Pw7hgc3BLA,AV. TAMAULIPAS Y PEDRERA,ÁLVARO OBREGÓN,ESTADO DE HIDALGO,PLATSOBSE_DGOIV_BALON_BARRIO_13_CANCHA_ESTADO_DE_HIDALGO_13,2486,ACTIVO,,,,,,
14,14 PILARES ISIDRO FABELA,13.0,GRANDES_OBRAS,GRANDES OBRAS QUE TRANSFORMAN LA CAPITAL,EL BALON VUELVE AL BARRIO,BALON_BARRIO,DGOIV,OBRAS DEL MUNDIAL,2026,,,,,TERMINADO,100.0,JUAN HERNANDEZ,FUTBOL RAPIDO,1200.0,PASTO SINTETICO,,DGPEST,0101000020E61000007311DF8959CD58C04167D2A6EA623340,https://maps.app.goo.gl/UFTYkuvt1r5T8QTD6,"NICARAGÜENSES SN, ISIDRO FABELA, ÁLVARO OBREGÓN, 01160 CIUDAD DE MÉXICO, CDMX",ÁLVARO OBREGÓN,ISIDRO FABELA,PLATSOBSE_DGOIV_BALON_BARRIO_14_PILARES_ISIDRO_FABELA_14,2487,ACTIVO,,,,,,
505,505 KID AZTECA II,13.0,GRANDES_OBRAS,GRANDES OBRAS QUE TRANSFORMAN LA CAPITAL,EL BALON VUELVE AL BARRIO,BALON_BARRIO,DGSUS,OBRAS DEL MUNDIAL,2026,2026-05-13 18:36:35.470,actualizacion_dgpest,,,TERMINADO,100.0,JUAN HERNANDEZ,MULTICANCHA,,,,DGPEST,0101000020E610000064C91CCB3BC858C07F129F3BC1723340,https://maps.app.goo.gl/sc3bZhoCkGpjxAJW7,"Barras Tepito, Tepito, Morelos, Cuauhtémoc, 06200 Ciudad de México, CDMX",CUAUHTÉMOC,MORELOS II,PLATSOBSE_DGSUS_BALON_BARRIO_505_KID_AZTECA_II_505,2569,ACTIVO,,,,,,
59,59 PILARES FRAMBOYANES,13.0,GRANDES_OBRAS,GRANDES OBRAS QUE TRANSFORMAN LA CAPITAL,EL BALON VUELVE AL BARRIO,BALON_BARRIO,DGOIV,OBRAS DEL MUNDIAL,2026,2026-06-10 17:33:13.896,actualizacion_dgpest,,,TERMINADO,100.0,JUAN HERNANDEZ,FUTBOL RAPIDO,1200.0,PASTO SINTETICO,,DGPEST,0101000020E6100000EACF7EA488CE58C051BCCADAA64C3340,https://maps.app.goo.gl/WsF22WLGK5YjRHFM8,BALANCAN S/N,TLALPAN,LOS FRAMBOYANES,PLATSOBSE_DGOIV_BALON_BARRIO_59_PILARES_FRAMBOYANES_59,2685,ACTIVO,,,,,,
24,24. CANCHAS PÚBLICAS SANTO DOMINGO,13.0,GRANDES_OBRAS,GRANDES OBRAS QUE TRANSFORMAN LA CAPITAL,EL BALON VUELVE AL BARRIO,BALON_BARRIO,DGOIV,OBRAS DEL MUNDIAL,2026,2026-06-10 17:33:25.034,actualizacion_dgpest,,,TERMINADO,100.0,JUAN HERNANDEZ,FUTBOL RAPIDO,300.0,PASTO SINTETICO,,DGPEST,0101000020E6100000371AC05B20CB58C016A4198BA6533340,https://maps.app.goo.gl/F8HL6EXLPJJ8NE4y8,"Gimnasios Urbanos 58, Av. Antonio Delfin Madrigal entre Jecuite y, Jilotzingo, Pedregal de Santo Domingo, 04369 Ciudad de M�xico, CDMX",COYOACAN,PEDREGAL DE SANTO DOMINGO,PLATSOBSE_DGOIV_BALON_BARRIO_24_CANCHAS_P_BLICAS_SANTO_DOMINGO_24,3932,ACTIVO,,,,,,
213,213 UTOPIA TECOMITL,13.0,GRANDES_OBRAS,GRANDES OBRAS QUE TRANSFORMAN LA CAPITAL,EL BALON VUELVE AL BARRIO,BALON_BARRIO,DGCOP,OBRAS DEL MUNDIAL,2026,2026-06-10 17:36:19.870,actualizacion_dgpest,,,TERMINADO,100.0,JUAN HERNANDEZ,FUTBOL 7,1750.0,PASTO SINTETICO,PRESUPUESTO UTOPIAS,DGPEST,0101000020E6100000DA03ADC090BF58C06AF5D555813A3340,https://maps.app.goo.gl/jkkb9YK9vUAf7yLaA,"HIDALGO, TLALTEPA, SAN JUAN IXTAYOPAN, CDMX",TLÁHUAC,POTRERO DEL LLANO,PLATSOBSE_DGCOP_BALON_BARRIO_213_UTOPIA_TECOMITL_213,2717,ACTIVO,,,,,,
270,270 CANCHA FUTBOL RAPIDO CALLE VILLA FELICHE,13.0,GRANDES_OBRAS,GRANDES OBRAS QUE TRANSFORMAN LA CAPITAL,EL BALON VUELVE AL BARRIO,BALON_BARRIO,DGPEST,OBRAS DEL MUNDIAL,2026,2026-05-20 17:00:07.754,admin,2026-04-05,,INAUGURADA,100.0,JUAN HERNANDEZ,FUTBOL RAPIDO,1200.0,CONCRETO,,DGPEST,0101000020E6100000FE9AAC510FC358C0F0181EFB59543340,https://maps.app.goo.gl/Gq4ikQZbfEXP5wGj9,"CALLE VILLA FELICHE & CONSTITUCIÓN, HANK GONZÁLEZ, IZTAPALAPA, 09700 CIUDAD DE MÉXICO, CDMX",IZTAPALAPA,HANK GONZALES,PLATSOBSE_DGPEST_BALON_BARRIO_270_CANCHA_FUTBOL_RAPIDO_CALLE_VILLA_FELICHE_270,2635,ACTIVO,,,,,,
78,78 CAMPOS OYAMEL,13.0,GRANDES_OBRAS,GRANDES OBRAS QUE TRANSFORMAN LA CAPITAL,EL BALON VUELVE AL BARRIO,BALON_BARRIO,DGOIV,OBRAS DEL MUNDIAL,2026,2026-05-20 17:48:20.017,actualizacion_dgpest,,,TERMINADO,100.0,JUAN HERNANDEZ,FUTBOL 11,4050.0,TIERRA,,DGPEST,0101000020E61000009352D0ED25D158C0D5B14AE9994E3340,https://maps.app.goo.gl/hdaEG4vPg1CeSZ7WA,AV OJO DE AGUA,LA MAGDALENA CONTRERAS,LOMAS DE SAN BERNABE,PLATSOBSE_DGOIV_BALON_BARRIO_78_CAMPOS_OYAMEL_78,2466,ACTIVO,,,,,,
25,25 MULTICANCHA PARQUE ARBOLEDAS,13.0,GRANDES_OBRAS,GRANDES OBRAS QUE TRANSFORMAN LA CAPITAL,EL BALON VUELVE AL BARRIO,BALON_BARRIO,DGOIV,OBRAS DEL MUNDIAL,2026,2026-05-20 17:37:56.677,actualizacion_dgpest,,,TERMINADO,100.0,JUAN HERNANDEZ,MULTICANCHA,600.0,CONCRETO,,DGPEST,0101000020E6100000E657738060CA58C03D29931ADA603340,https://maps.app.goo.gl/6RpDLuRGzsTsGCHB7,"HERIBERTO FRÍAS 921, COL DEL VALLE CENTRO, BENITO JUÁREZ, 03100 CIUDAD DE MÉXICO, CDMX",BENITO JUÁREZ,DEL VALLE CENTRO,PLATSOBSE_DGOIV_BALON_BARRIO_25_MULTICANCHA_PARQUE_ARBOLEDAS_25,2490,ACTIVO,,,,,,
31,31 PLAZA LOS ANGELES,13.0,GRANDES_OBRAS,GRANDES OBRAS QUE TRANSFORMAN LA CAPITAL,EL BALON VUELVE AL BARRIO,BALON_BARRIO,DGOIV,OBRAS DEL MUNDIAL,2026,,,,,TERMINADO,100.0,JUAN HERNANDEZ,FUTBOL 7,1750.0,PASTO SINTETICO,,DGPEST,0101000020E61000002575029A08C958C0AF5B04C6FA723340,https://maps.app.goo.gl/LWyjdcbjaWdmLz5p8,"LOS ANGELES 45, GUERRERO, CUAUHTÉMOC, 06300 CIUDAD DE MÉXICO, CDMX",CUAUHTÉMOC,GUERRERO,PLATSOBSE_DGOIV_BALON_BARRIO_31_PLAZA_LOS_ANGELES_31,2493,ACTIVO,,,,,,
35,35 CASTILLO LEDON 0 (CANCHA TECHADA),13.0,GRANDES_OBRAS,GRANDES OBRAS QUE TRANSFORMAN LA CAPITAL,EL BALON VUELVE AL BARRIO,BALON_BARRIO,DGOIV,OBRAS DEL MUNDIAL,2026,,,,,TERMINADO,100.0,JUAN HERNANDEZ,FUTBOL RAPIDO,1200.0,CONCRETO,,DGPEST,0101000020E6100000118B187618D358C090F5D4EAAB5B3340,https://maps.app.goo.gl/J9ewGrqsaKuZKKfu7,"C. Guillermo Prieto 116, Cuajimalpa, Cuajimalpa de Morelos, 05000 Ciudad de México, CDMX",CUAJIMALPA DE MORELOS,CUAJIMALPA,PLATSOBSE_DGOIV_BALON_BARRIO_35_CASTILLO_LEDON_0_CANCHA_TECHADA_35,2494,ACTIVO,,,,,,
73,73 CANCHA CENTRO DEPORTIVO ZAPOTITLAN,13.0,GRANDES_OBRAS,GRANDES OBRAS QUE TRANSFORMAN LA CAPITAL,EL BALON VUELVE AL BARRIO,BALON_BARRIO,DGOIV,OBRAS DEL MUNDIAL,2026,,,,,TERMINADO,100.0,JUAN HERNANDEZ,FUTBOL 11,4050.0,PASTO SINTETICO,,DGPEST,0101000020E61000006A1327F73BC258C0717495EEAE4B3340,https://maps.app.goo.gl/D5D3kFZesLvJv2xy8,"SEBASTIÁN TREJO, SANTIAGO SUR, TLÁHUAC, 13300 CIUDAD DE MÉXICO, CDMX",TLÁHUAC,BARRIO SANTIAGO SUR,PLATSOBSE_DGOIV_BALON_BARRIO_73_CANCHA_CENTRO_DEPORTIVO_ZAPOTITLAN_73,2510,ACTIVO,,,,,,
151,"151 DEPORTIVO ""JUAN PALOMO MARTINEZ""",13.0,GRANDES_OBRAS,GRANDES OBRAS QUE TRANSFORMAN LA CAPITAL,EL BALON VUELVE AL BARRIO,BALON_BARRIO,DGSUS,OBRAS DEL MUNDIAL,2026,,,,,TERMINADO,100.0,JUAN HERNANDEZ,MULTICANCHA,600.0,CONCRETO,OBRA POR ADMINISTRACION,DGPEST,0101000020E6100000077C7E1821C058C00DE2033BFE433340,https://maps.app.goo.gl/xeH4jMLg88v9yChh7,"CUITLÁHUAC, CALZ. REFORMA AGRARIA ESQ, SAN JOSÉ, TLÁHUAC, 13050 CIUDAD DE MÉXICO, CDMX",TLÁHUAC,SAN JOSE,PLATSOBSE_DGSUS_BALON_BARRIO_151_DEPORTIVO_JUAN_PALOMO_MARTINEZ_151,2524,ACTIVO,,,,,,
155,"155 PILARES ""LA ARANA""",13.0,GRANDES_OBRAS,GRANDES OBRAS QUE TRANSFORMAN LA CAPITAL,EL BALON VUELVE AL BARRIO,BALON_BARRIO,DGSUS,OBRAS DEL MUNDIAL,2026,,,,,TERMINADO,100.0,JUAN HERNANDEZ,FUTBOL RAPIDO,1200.0,CONCRETO,OBRA POR ADMINISTRACION,DGPEST,0101000020E6100000BEDEFDF15ECF58C021787C7BD75C3340,https://maps.app.goo.gl/CFsCMEAGCqguU1Q97,"RÍO MIXCOAC S/N, LA ARAÑA, ÁLVARO OBREGÓN, 01520 CIUDAD DE MÉXICO, CDMX",ÁLVARO OBREGÓN,PUNTA DE CEHUAYO / OLIVAR DEL CONDE 2A SECCION,PLATSOBSE_DGSUS_BALON_BARRIO_155_PILARES_LA_ARANA_155,2526,ACTIVO,,,,,,
163,163 DEPORTIVO MORELOS,13.0,GRANDES_OBRAS,GRANDES OBRAS QUE TRANSFORMAN LA CAPITAL,EL BALON VUELVE AL BARRIO,BALON_BARRIO,DGSUS,OBRAS DEL MUNDIAL,2026,,,,,TERMINADO,100.0,JUAN HERNANDEZ,MULTICANCHA,600.0,CONCRETO,OBRA POR ADMINISTRACION,DGPEST,0101000020E610000058C51B9947D258C0DA1B7C61325D3340,https://maps.app.goo.gl/C8Av2igcENEbqY718,"AV. JOSÉ MARÍA CASTORENA 84, ROSA TORRES, CUAJIMALPA DE MORELOS, 05200 CIUDAD DE MÉXICO, CDMX",CUAJIMALPA DE MORELOS,ROSA TORRES,PLATSOBSE_DGSUS_BALON_BARRIO_163_DEPORTIVO_MORELOS_163,2532,ACTIVO,,,,,,
64,64 DEPORTIVO TIBIO MUNOZ,13.0,GRANDES_OBRAS,GRANDES OBRAS QUE TRANSFORMAN LA CAPITAL,EL BALON VUELVE AL BARRIO,BALON_BARRIO,DGOIV,OBRAS DEL MUNDIAL,2026,2026-05-13 20:18:03.368,actualizacion_dgpest,2026-04-18,,INAUGURADA,100.0,JUAN HERNANDEZ,FUTBOL RAPIDO,1200.0,PASTO SINTETICO,,DGPEST,0101000020E6100000C4EBFA05BBC358C06A882AFC196E3340,https://maps.app.goo.gl/uu1w9tgJRStJNj1y5,"XOCHITLÁN SUR, ARENAL 4TA SECC, VENUSTIANO CARRANZA, 15640 CIUDAD DE MÉXICO, CDMX",VENUSTIANO CARRANZA,EL ARENAL 4A SECCION,PLATSOBSE_DGOIV_BALON_BARRIO_64_DEPORTIVO_TIBIO_MUNOZ_64,2504,ACTIVO,,,,,,
218,218 UTOPIA EDUARDO MOLINA,13.0,GRANDES_OBRAS,GRANDES OBRAS QUE TRANSFORMAN LA CAPITAL,EL BALON VUELVE AL BARRIO,BALON_BARRIO,DGCOP,OBRAS DEL MUNDIAL,2026,2026-05-20 17:49:58.576,actualizacion_dgpest,,,TERMINADO,100.0,JUAN HERNANDEZ,FUTBOL 11,4050.0,PASTO SINTETICO,PRESUPUESTO UTOPIAS,DGPEST,0101000020E6100000AC39403047C758C0C87A6AF5D5713340,https://maps.app.goo.gl/mxFQejNY24D8R7Nc7,"24 DE ABRIL 67, 20 DE NOVIEMBRE, VENUSTIANO CARRANZA, 15260 CIUDAD DE MÉXICO, CDMX",VENUSTIANO CARRANZA,AMPLIACION 20 DE NOVIEMBRE,PLATSOBSE_DGCOP_BALON_BARRIO_218_UTOPIA_EDUARDO_MOLINA_218,2550,ACTIVO,,,,,,
09DPR0020B,SITIO DE CUAUTLA,,ESPACIO_PUBLICO,OBRAS QUE TRANSFORMAN EL ESPACIO PUBLICO Y CONTRIBUYEN AL DERECHO A LA CIUDAD,"1,2,3 POR MI ESCUELA RENOVAR PARA TRANSFORMAR","1,2,3_ESCUELAS",DGCOP,AUTORIDAD EDUCATIVA FEDERAL,2025,2026-06-03 18:36:25.206,actualizacion_dgcop,,,TERMINADO,100.0,JUAN HERNANDEZ,PRIMARIA,,,,DGCOP,0101000020E61000004660AC6F60D258C0459F8F32E25A3340,https://maps.app.goo.gl/vWyW9YVkWYnAKced8,CDA. LAS MARGARITAS,CUAJIMALPA DE MORELOS,LOMAS DE MEMETLA,PLATSOBSE_DGCOP_1_2_3_ESCUELAS_SITIO_DE_CUAUTLA_09DPR0020B_09DPR0020B,2980,ACTIVO,,,,,,
10,PANAMERICANA,,ECONOMIA,OBRAS QUE TRANSFORMAN LA ECONOMIA LOCAL Y FOMENTAN EL EMPLEO,MANTENIMIENTO A MERCADOS PUBLICOS (CAPTACION DE AGUA DE LLUVIA EN MERCADOS),CAP_LLUVIA_MERC,DGCOP,GABINETE,2025,,,,,TERMINADO,100.0,JUAN HERNANDEZ,MERCADO,,,,DGCOP,0101000020E61000001AC39CA04DC958C0518369183E7A3340,https://maps.app.goo.gl/e9hST4rtmg5UtouZ8,CALLE NTE 9,GUSTAVO A. MADERO,PANAMERICANA,PLATSOBSE_DGCOP_CAP_LLUVIA_MERC_PANAMERICANA_10,3114,ACTIVO,,,,,,
145,145 PARCIALIDAD,13.0,GRANDES_OBRAS,GRANDES OBRAS QUE TRANSFORMAN LA CAPITAL,EL BALON VUELVE AL BARRIO,BALON_BARRIO,DGSUS,OBRAS DEL MUNDIAL,2026,2026-05-22 23:09:51.709,actualizacion_dgpest,2026-04-10,,INAUGURADA,100.0,JUAN HERNANDEZ,FUTBOL RAPIDO,1200.0,CONCRETO,,DGPEST,0101000020E6100000D4601A868FC858C0C4D155BABB723340,https://maps.app.goo.gl/kpdgpppFRzeVqdvG6,"PERALVILLO 7-C, MORELOS, CUAUHTÉMOC, 06200 CIUDAD DE MÉXICO, CDMX",CUAUHTÉMOC,MORELOS,PLATSOBSE_DGSUS_BALON_BARRIO_145_PARCIALIDAD_145,2523,ACTIVO,,,,,,
29,29 CANCHA MARIQUITA SANCHEZ (SOCCER 2),13.0,GRANDES_OBRAS,GRANDES OBRAS QUE TRANSFORMAN LA CAPITAL,EL BALON VUELVE AL BARRIO,BALON_BARRIO,DGOIV,OBRAS DEL MUNDIAL,2026,2026-05-22 23:18:56.377,actualizacion_dgpest,2026-05-07,,INAUGURADA,100.0,JUAN HERNANDEZ,FUTBOL 11,4050.0,TIERRA,,DGPEST,0101000020E61000001D8F19A88CC758C07216F6B4C3533340,https://maps.app.goo.gl/uKWvJgsUbZo91j5N7,"MARIQUITA SÁNCHEZ, COAPA, CULHUACAN III, COYOACÁN, 04480 CIUDAD DE MÉXICO, CDMX",COYOACÁN,CULHUACAN CTM SECCION 6,PLATSOBSE_DGOIV_BALON_BARRIO_29_CANCHA_MARIQUITA_SANCHEZ_SOCCER_2_29,2492,ACTIVO,,,,,,
36,36 DEPORTIVO CHIMALPA,13.0,GRANDES_OBRAS,GRANDES OBRAS QUE TRANSFORMAN LA CAPITAL,EL BALON VUELVE AL BARRIO,BALON_BARRIO,DGOIV,OBRAS DEL MUNDIAL,2026,2026-05-22 23:20:10.103,actualizacion_dgpest,2026-04-28,,INAUGURADA,100.0,JUAN HERNANDEZ,FUTBOL RAPIDO,1200.0,PASTO SINTETICO,,DGPEST,0101000020E61000005280289831D458C036DF2D35E7593340,https://maps.app.goo.gl/QjoMLFyrunu1F6Qw7,"DEL TECNOLÓGICO S/N, SAN PABLO CHIMALPA, CUAJIMALPA DE MORELOS, 05050 CIUDAD DE MÉXICO, CDMX",CUAJIMALPA DE MORELOS,SAN PABLO CHIMALPA,PLATSOBSE_DGOIV_BALON_BARRIO_36_DEPORTIVO_CHIMALPA_36,2495,ACTIVO,,,,,,
34,34 CASTILLO LEDON 1,13.0,GRANDES_OBRAS,GRANDES OBRAS QUE TRANSFORMAN LA CAPITAL,EL BALON VUELVE AL BARRIO,BALON_BARRIO,DGOIV,OBRAS DEL MUNDIAL,2026,,,,,INAUGURADA,100.0,JUAN HERNANDEZ,FUTBOL 7,1750.0,PASTO SINTETICO,,DGPEST,0101000020E6100000454772F90FD358C06F0C01C0B15B3340,https://maps.app.goo.gl/yuC1qUQr7Ly7UnCD7,"C. Guillermo Prieto 116, Cuajimalpa, Cuajimalpa de Morelos, 05000 Ciudad de México, CDMX",CUAJIMALPA DE MORELOS,CUAJIMALPA,PLATSOBSE_DGOIV_BALON_BARRIO_34_CASTILLO_LEDON_1_34,2574,ACTIVO,,,,,,
88,88 DEPORTIVO CUAUHTEMOC,13.0,GRANDES_OBRAS,GRANDES OBRAS QUE TRANSFORMAN LA CAPITAL,EL BALON VUELVE AL BARRIO,BALON_BARRIO,DGOIV,OBRAS DEL MUNDIAL,2026,,,,,INAUGURADA,100.0,JUAN HERNANDEZ,FUTBOL 7,1750.0,PASTO SINTETICO,,DGPEST,0101000020E610000041BCAE5FB0C958C0390CE6AF90713340,https://maps.app.goo.gl/ruyY4Bkd9j85715X9,"Luis D. Colosio 269, Buenavista, Cuauhtémoc, 06350 Ciudad de México, CDMX",CUAUHTÉMOC,BUENAVISTA,PLATSOBSE_DGOIV_BALON_BARRIO_88_DEPORTIVO_CUAUHTEMOC_88,2591,ACTIVO,,,,,,
247,247 DEPORTIVO MOCTEZUMA,13.0,GRANDES_OBRAS,GRANDES OBRAS QUE TRANSFORMAN LA CAPITAL,EL BALON VUELVE AL BARRIO,BALON_BARRIO,DGOT,OBRAS DEL MUNDIAL,2026,2026-05-20 01:15:32.294,admin,2026-04-01,,INAUGURADA,100.0,JUAN HERNANDEZ,FUTBOL RAPIDO,1200.0,PASTO SINTETICO,,DGPEST,0101000020E61000008AABCABE2BC658C061A75835086F3340,https://maps.app.goo.gl/MRDoWkik46jho8aY8,"C. OTE. 158 225, MOCTEZUMA 2DA SECC, VENUSTIANO CARRANZA, 15530 CIUDAD DE MÉXICO, CDMX",VENUSTIANO CARRANZA,MOCTEZUMA 2A SECCION,PLATSOBSE_DGOT_BALON_BARRIO_247_DEPORTIVO_MOCTEZUMA_247,2597,ACTIVO,,,,,,
90,90 CANCHA CAMELLON ZACAHITZCO,13.0,GRANDES_OBRAS,GRANDES OBRAS QUE TRANSFORMAN LA CAPITAL,EL BALON VUELVE AL BARRIO,BALON_BARRIO,DGSUS,OBRAS DEL MUNDIAL,2026,2026-05-20 01:15:48.085,admin,2026-03-30,,INAUGURADA,100.0,JUAN HERNANDEZ,MULTICANCHA,600.0,CONCRETO,,DGPEST,0101000020E61000002DCF83BBB3C858C0C365153603603340,https://maps.app.goo.gl/ykp5EpBuUamMsZ6a6,"AV. PDTE. PLUTARCO ELÍAS CALLES 1463, CARMEN, BENITO JUÁREZ, 03540 CIUDAD DE MÉXICO, CDMX",IZTAPALAPA,CARMEN,PLATSOBSE_DGSUS_BALON_BARRIO_90_CANCHA_CAMELLON_ZACAHITZCO_90,2592,ACTIVO,,,,,,
82,82 PARQUE SAN FRANCISCO DE ASIS,13.0,GRANDES_OBRAS,GRANDES OBRAS QUE TRANSFORMAN LA CAPITAL,EL BALON VUELVE AL BARRIO,BALON_BARRIO,DGOIV,OBRAS DEL MUNDIAL,2026,2026-05-20 01:17:41.780,admin,2026-03-30,,INAUGURADA,100.0,JUAN HERNANDEZ,FUTBOL 7,1750.0,TIERRA,,DGPEST,0101000020E61000002B306475ABD158C0392861A6ED5F3340,https://maps.app.goo.gl/xX8sw1qKCoBtfQ3v6,"Loma del Parque 166, Lomas de Vista Hermosa, Cuajimalpa de Morelos, 05100 Ciudad de México, CDMX",CUAJIMALPA DE MORELOS,LOMAS DE VISTA HERMOSA,PLATSOBSE_DGOIV_BALON_BARRIO_82_PARQUE_SAN_FRANCISCO_DE_ASIS_82,2589,ACTIVO,,,,,,
37,37 CANCHA ANDRES MOLINA Y CHABACANO,13.0,GRANDES_OBRAS,GRANDES OBRAS QUE TRANSFORMAN LA CAPITAL,EL BALON VUELVE AL BARRIO,BALON_BARRIO,DGOIV,OBRAS DEL MUNDIAL,2026,2026-05-20 01:18:05.893,admin,2026-03-30,,INAUGURADA,100.0,JUAN HERNANDEZ,FUTBOL 7,1750.0,PASTO SINTETICO,,DGPEST,0101000020E61000004356B77A4EC858C01920D1048A683340,https://maps.app.goo.gl/jzoB9kTnkyTvkNSy7,"Av. Andrés Molina Enríquez, Asturias, Cuauhtémoc, 06890 Ciudad de México, CDMX",CUAUHTÉMOC,ASTURIAS,PLATSOBSE_DGOIV_BALON_BARRIO_37_CANCHA_ANDRES_MOLINA_Y_CHABACANO_37,2575,ACTIVO,,,,,,
230,230 CANCHA GRAN CANAL 3,13.0,GRANDES_OBRAS,GRANDES OBRAS QUE TRANSFORMAN LA CAPITAL,EL BALON VUELVE AL BARRIO,BALON_BARRIO,DGOT,OBRAS DEL MUNDIAL,2026,2026-05-20 01:18:36.331,admin,2026-03-31,,INAUGURADA,100.0,JUAN HERNANDEZ,MULTICANCHA,600.0,CONCRETO,,DGPEST,0101000020E6100000DFFDF15EB5C658C048179B560A713340,https://maps.app.goo.gl/Yd87rm54SoLTF9Q17,"AV. GRAN CANAL DEL DESAG├╝E 390B, AMPLIACIÓN VENUSTIANO CARRANZA, VENUSTIANO CARRANZA, 15340 CIUDAD DE MÉXICO, CDMX",VENUSTIANO CARRANZA,DAMIAN CARMONA,PLATSOBSE_DGOT_BALON_BARRIO_230_CANCHA_GRAN_CANAL_3_230,2616,ACTIVO,,,,,,
224,224 UH CRISANTEMO / CUAUHTEMOC,13.0,GRANDES_OBRAS,GRANDES OBRAS QUE TRANSFORMAN LA CAPITAL,EL BALON VUELVE AL BARRIO,BALON_BARRIO,DGOT,OBRAS DEL MUNDIAL,2026,2026-05-20 01:19:01.351,admin,2026-03-29,,INAUGURADA,100.0,JUAN HERNANDEZ,MULTICANCHA,600.0,CONCRETO,,DGPEST,0101000020E61000007233DC80CFC958C09CC420B072743340,https://maps.app.goo.gl/8nhGhiBXPh3pUFUy5,"Atlampa, Cuauhtémoc, 06450 Ciudad de México, CDMX",CUAUHTÉMOC,ATLAMPA,PLATSOBSE_DGOT_BALON_BARRIO_224_UH_CRISANTEMO_CUAUHTEMOC_224,2614,ACTIVO,,,,,,
228,228 PILARES BUENOS AIRES (RATON MACAÑAS),13.0,GRANDES_OBRAS,GRANDES OBRAS QUE TRANSFORMAN LA CAPITAL,EL BALON VUELVE AL BARRIO,BALON_BARRIO,DGOT,OBRAS DEL MUNDIAL,2026,2026-05-20 01:19:33.094,admin,2026-03-30,,INAUGURADA,100.0,JUAN HERNANDEZ,MULTICANCHA,600.0,CONCRETO,,DGPEST,0101000020E6100000E10B93A982C958C006A051BAF4673340,https://maps.app.goo.gl/Cjkk5fw8nWgNmQqRA,DR. ANDRADE 401,CUAUHTÉMOC,BUENOS AIRES,PLATSOBSE_DGOT_BALON_BARRIO_228_PILARES_BUENOS_AIRES_RATON_MACA_AS_228,2615,ACTIVO,,,,,,
09DPR1786K,VALERIO TRUJANO,,ESPACIO_PUBLICO,OBRAS QUE TRANSFORMAN EL ESPACIO PUBLICO Y CONTRIBUYEN AL DERECHO A LA CIUDAD,"1,2,3 POR MI ESCUELA RENOVAR PARA TRANSFORMAR","1,2,3_ESCUELAS",DGCOP,CASA POR CASA,2025,2026-06-03 18:29:18.090,actualizacion_dgcop,,,TERMINADO,100.0,JUAN HERNANDEZ,PRIMARIA,,,,DGCOP,0101000020E6100000F54A598638D458C05EF6EB4E775A3340,https://maps.app.goo.gl/6aJDjwUdN6oLX2dx6,CJON. JUAREZ,CUAJIMALPA DE MORELOS,SAN PABLO CHIMALPA (PBLO),PLATSOBSE_DGCOP_1_2_3_ESCUELAS_VALERIO_TRUJANO_09DPR1786K_09DPR1786K,2984,ACTIVO,,,,,,
09DPR0049G,PROFR. CARLOS SANDOVAL SEVILLA,,ESPACIO_PUBLICO,OBRAS QUE TRANSFORMAN EL ESPACIO PUBLICO Y CONTRIBUYEN AL DERECHO A LA CIUDAD,"1,2,3 POR MI ESCUELA RENOVAR PARA TRANSFORMAR","1,2,3_ESCUELAS",DGCOP,AUTORIDAD EDUCATIVA,2025,2026-06-10 16:28:53.288,actualizacion_dgcop,,,EN PROCESO,97.4,JUAN HERNANDEZ,PRIMARIA,,,,DGCOP,0101000020E6100000738C1A0236C558C0E531DA15C0623340,https://maps.app.goo.gl/PCApawVQXuuaXT95A,RIO MIXTECO,IZTAPALAPA,PASEOS DE CHURUBUSCO,PLATSOBSE_DGCOP_1_2_3_ESCUELAS_PROFR_CARLOS_SANDOVAL_SEVILLA_09DPR0049G_09DPR0049G,2983,ACTIVO,,,,,,
09DPR2241Z,BENITO JUAREZ,,ESPACIO_PUBLICO,OBRAS QUE TRANSFORMAN EL ESPACIO PUBLICO Y CONTRIBUYEN AL DERECHO A LA CIUDAD,"1,2,3 POR MI ESCUELA RENOVAR PARA TRANSFORMAR","1,2,3_ESCUELAS",DGCOP,SECTEI,2025,2026-06-03 18:40:57.379,actualizacion_dgcop,,,TERMINADO,100.0,JUAN HERNANDEZ,PRIMARIA,,,,DGCOP,0101000020E6100000FEB4519D0ED558C0919A7631CD543340,https://maps.app.goo.gl/dsc1kiSun7FJCp6b7,OCAMPO,CUAJIMALPA DE MORELOS,SAN LORENZO ACOPILCO (PBLO),PLATSOBSE_DGCOP_1_2_3_ESCUELAS_BENITO_JUAREZ_09DPR2241Z_09DPR2241Z,2812,ACTIVO,,,,,,
09DML0076M,CENTRO DE ATENCION MULTIPLE No. 77,,ESPACIO_PUBLICO,OBRAS QUE TRANSFORMAN EL ESPACIO PUBLICO Y CONTRIBUYEN AL DERECHO A LA CIUDAD,"1,2,3 POR MI ESCUELA RENOVAR PARA TRANSFORMAR","1,2,3_ESCUELAS",DGCOP,CASA POR CASA,2025,2026-06-10 16:34:43.298,actualizacion_dgcop,,,EN PROCESO,96.1,JUAN HERNANDEZ,CAM,,,,DGCOP,0101000020E610000012143FC6DCCC58C0C347C49448823340,https://maps.app.goo.gl/B3RQ6jnKJ1LA4txHA,ALBA?ILES,AZCAPOTZALCO,EL ROSARIO C (U HAB),PLATSOBSE_DGCOP_1_2_3_ESCUELAS_CENTRO_DE_ATENCION_MULTIPLE_NO_77_09DML0076M_09DML0076M,2788,ACTIVO,,,,,,
09DJN0488O,INSURGENTES,,ESPACIO_PUBLICO,OBRAS QUE TRANSFORMAN EL ESPACIO PUBLICO Y CONTRIBUYEN AL DERECHO A LA CIUDAD,"1,2,3 POR MI ESCUELA RENOVAR PARA TRANSFORMAR","1,2,3_ESCUELAS",ILIFE,CASA POR CASA,2025,2026-06-10 21:01:17.537,actualizacion_ilife,,,TERMINADO,100.0,JUAN HERNANDEZ,PREESCOLAR,,,,ILIFE,0101000020E610000030BFADD85FC158C0B0F02CB7F62F3340,"https://www.google.com/maps/place/Preescolar+%22Insurgentes%22/@19.1875379,-99.0221792,20.04z/data=!4m10!1m2!2m1!1sescuela+insurgentes+PRESCOLAR!3m6!1s0x85ce052fb679a0e9:0x5dc5fa23eeb68649!8m2!3d19.1874472!4d-99.021776!15sCh5lc2N1ZWxhIGluc3VyZ2VudGVzIFBS",AV YUCATAN SUR SN,MILPA ALTA,VILLA MILPA ALTA (PBLO),PLATSOBSE_ILIFE_1_2_3_ESCUELAS_INSURGENTES_09DJN0488O_09DJN0488O,3004,ACTIVO,,,,,,
66,66 CANCHA PARQUE MADERO,13.0,GRANDES_OBRAS,GRANDES OBRAS QUE TRANSFORMAN LA CAPITAL,EL BALON VUELVE AL BARRIO,BALON_BARRIO,DGOIV,OBRAS DEL MUNDIAL,2026,2026-05-20 01:20:41.624,admin,2026-04-01,,INAUGURADA,100.0,JUAN HERNANDEZ,FUTBOL RAPIDO,1200.0,CONCRETO,,DGPEST,0101000020E6100000931D1B8178C758C05CCCCF0D4D713340,https://maps.app.goo.gl/5q8kJQSAUeDcbQnb9,"MORELOS, VENUSTIANO CARRANZA, 15270 CIUDAD DE MÉXICO, CDMX",VENUSTIANO CARRANZA,MORELOS,PLATSOBSE_DGOIV_BALON_BARRIO_66_CANCHA_PARQUE_MADERO_66,2586,ACTIVO,,,,,,
63,63 CANCHA PARQUE GUADALUPE VICTORIA,13.0,GRANDES_OBRAS,GRANDES OBRAS QUE TRANSFORMAN LA CAPITAL,EL BALON VUELVE AL BARRIO,BALON_BARRIO,DGOIV,OBRAS DEL MUNDIAL,2026,2026-05-20 01:21:10.493,admin,2026-03-31,,INAUGURADA,100.0,JUAN HERNANDEZ,MULTICANCHA,600.0,CONCRETO,,DGPEST,0101000020E6100000D76D50FBADC758C0355EBA490C6E3340,https://maps.app.goo.gl/ZZz6zoLekBozNCgi6,"ZONA CENTRO, VENUSTIANO CARRANZA, 15100 CIUDAD DE MÉXICO, CDMX",VENUSTIANO CARRANZA,ZONA CENTRO,PLATSOBSE_DGOIV_BALON_BARRIO_63_CANCHA_PARQUE_GUADALUPE_VICTORIA_63,2585,ACTIVO,,,,,,
45,45 DEPORTIVO CONTRERAS,13.0,GRANDES_OBRAS,GRANDES OBRAS QUE TRANSFORMAN LA CAPITAL,EL BALON VUELVE AL BARRIO,BALON_BARRIO,DGOIV,OBRAS DEL MUNDIAL,2026,2026-05-20 16:51:01.483,admin,2026-04-07,,INAUGURADA,100.0,JUAN HERNANDEZ,FUTBOL 11,4050.0,SINTETICO,,DGPEST,0101000020E61000009E077767EDCE58C0A01A2FDD244E3340,https://maps.app.goo.gl/R2ocvdPLoniouuxF8,"Castrejón 56, La Guadalupe, La Concepción, La Magdalena Contreras, 10820 Ciudad de México, CDMX",LA MAGDALENA CONTRERAS,LA GUADALUPE,PLATSOBSE_DGOIV_BALON_BARRIO_45_DEPORTIVO_CONTRERAS_45,2580,ACTIVO,,,,,,
79,79 CAMPOS OYAMEL,13.0,GRANDES_OBRAS,GRANDES OBRAS QUE TRANSFORMAN LA CAPITAL,EL BALON VUELVE AL BARRIO,BALON_BARRIO,DGOIV,OBRAS DEL MUNDIAL,2026,2026-05-20 17:51:35.531,actualizacion_dgpest,,,TERMINADO,100.0,JUAN HERNANDEZ,FUTBOL 11,4050.0,TIERRA,,DGPEST,0101000020E61000001344DD0720D158C04432E4D87A4E3340,https://maps.app.goo.gl/HtcFYAi8W81tXCz59,AV OJO DE AGUA,LA MAGDALENA CONTRERAS,LOMAS DE SAN BERNABE,PLATSOBSE_DGOIV_BALON_BARRIO_79_CAMPOS_OYAMEL_79,2695,ACTIVO,,,,,,
18,18 CANCHA CALLE PEDRO AGUIRRE,13.0,GRANDES_OBRAS,GRANDES OBRAS QUE TRANSFORMAN LA CAPITAL,EL BALON VUELVE AL BARRIO,BALON_BARRIO,DGOIV,OBRAS DEL MUNDIAL,2026,2026-05-20 01:09:18.829,admin,2026-03-29,,INAUGURADA,100.0,JUAN HERNANDEZ,FUTBOL 11,4050.0,PASTO SINTETICO,,DGPEST,0101000020E6100000545227A089CE58C040C1C58A1A603340,https://maps.app.goo.gl/VGMqkhgfyHVB18NB9,PEDRO AGUIRRE SIN NUMERO,ÁLVARO OBREGÓN,PRESIDENTES,PLATSOBSE_DGOIV_BALON_BARRIO_18_CANCHA_CALLE_PEDRO_AGUIRRE_18,2661,ACTIVO,,,,,,
17,17 PILARES LA COMUNA,13.0,GRANDES_OBRAS,GRANDES OBRAS QUE TRANSFORMAN LA CAPITAL,EL BALON VUELVE AL BARRIO,BALON_BARRIO,DGOIV,OBRAS DEL MUNDIAL,2026,2026-05-13 18:23:44.296,actualizacion_dgpest,,,TERMINADO,100.0,JUAN HERNANDEZ,MULTICANCHA,600.0,CONCRETO,,DGPEST,0101000020E6100000FD135CACA8CD58C00EF3E505D85F3340,https://maps.app.goo.gl/7WMs2bb5WzyZ9wwi6,RICARDO FLORES MAGON S/N,ÁLVARO OBREGÓN,OLIVAR DEL CONDE 2A SECCION,PLATSOBSE_DGOIV_BALON_BARRIO_17_PILARES_LA_COMUNA_17,2654,ACTIVO,,,,,,
244,244 CIRCUITO INTERIOR 1,13.0,GRANDES_OBRAS,GRANDES OBRAS QUE TRANSFORMAN LA CAPITAL,EL BALON VUELVE AL BARRIO,BALON_BARRIO,DGOT,OBRAS DEL MUNDIAL,2026,2026-05-20 01:15:54.934,admin,2026-03-30,,INAUGURADA,100.0,JUAN HERNANDEZ,FUTBOL RAPIDO,1200.0,TIERRA,,DGPEST,0101000020E61000004A5E9D6340C658C0B686527B11693340,https://maps.app.goo.gl/XecVWTBNzg5b5ct38,CAMELLON CTO INTERIOR Y SENDERO,VENUSTIANO CARRANZA,JARDIN BALBUENA,PLATSOBSE_DGOT_BALON_BARRIO_244_CIRCUITO_INTERIOR_1_244,2623,ACTIVO,,,,,,
245,245 CIRCUITO INTERIOR 2,13.0,GRANDES_OBRAS,GRANDES OBRAS QUE TRANSFORMAN LA CAPITAL,EL BALON VUELVE AL BARRIO,BALON_BARRIO,DGOT,OBRAS DEL MUNDIAL,2026,2026-05-20 01:16:01.862,admin,2026-03-30,,INAUGURADA,100.0,JUAN HERNANDEZ,FUTBOL RAPIDO,1200.0,TIERRA,,DGPEST,0101000020E6100000757632384AC658C0F0C2D66CE5693340,https://maps.app.goo.gl/wkzUXP1biF9hYoMVA,CIRCUITO INTERIOR Y AV JESUS G VILLA,VENUSTIANO CARRANZA,JARDIN BALBUENA,PLATSOBSE_DGOT_BALON_BARRIO_245_CIRCUITO_INTERIOR_2_245,2624,ACTIVO,,,,,,
242,242 PILARES VIADUCTO,13.0,GRANDES_OBRAS,GRANDES OBRAS QUE TRANSFORMAN LA CAPITAL,EL BALON VUELVE AL BARRIO,BALON_BARRIO,DGOT,OBRAS DEL MUNDIAL,2026,2026-05-20 01:16:26.640,admin,2026-04-02,,INAUGURADA,100.0,JUAN HERNANDEZ,FUTBOL RAPIDO,1200.0,CONCRETO,,DGPEST,0101000020E61000001AA3755435C758C0B97020240B683340,https://maps.app.goo.gl/PeLJCffQkzf87y9X6,VIADUCTO RIO DE LA PIEDAD S/N,VENUSTIANO CARRANZA,JARDIN BALBUENA,PLATSOBSE_DGOT_BALON_BARRIO_242_PILARES_VIADUCTO_242,2622,ACTIVO,,,,,,
239,239 PILARES COPIL,13.0,GRANDES_OBRAS,GRANDES OBRAS QUE TRANSFORMAN LA CAPITAL,EL BALON VUELVE AL BARRIO,BALON_BARRIO,DGOT,OBRAS DEL MUNDIAL,2026,2026-05-20 01:17:11.139,admin,2026-04-02,,INAUGURADA,100.0,JUAN HERNANDEZ,MULTICANCHA,600.0,CONCRETO,,DGPEST,0101000020E6100000280EA0DF77C558C0ACA7FBA5EA6F3340,https://maps.app.goo.gl/zjpm695BFY1NbxxD6,"Chimalhuacán s/n, Peñón de los Baños, Venustiano Carranza, 15520 Ciudad de México, CDMX",VENUSTIANO CARRANZA,PENON DE LOS BANOS,PLATSOBSE_DGOT_BALON_BARRIO_239_PILARES_COPIL_239,2621,ACTIVO,,,,,,
237,237 CANCHA PARQUE DEL TRIANGULITO,13.0,GRANDES_OBRAS,GRANDES OBRAS QUE TRANSFORMAN LA CAPITAL,EL BALON VUELVE AL BARRIO,BALON_BARRIO,DGOT,OBRAS DEL MUNDIAL,2026,2026-05-20 01:17:24.031,admin,2026-03-30,,INAUGURADA,100.0,JUAN HERNANDEZ,FUTBOL RAPIDO,1200.0,CONCRETO,,DGPEST,0101000020E61000005F5E807D74C458C0451152B7B36B3340,https://maps.app.goo.gl/Vroqwm3cFJ9XCn4J9,"AV. CANAL DE RÍO CHURUBUSCO, ADOLFO LÓPEZ MATEOS, VENUSTIANO CARRANZA, 15610 CIUDAD DE MÉXICO, CDMX",VENUSTIANO CARRANZA,ADOLFO LOPEZ MATEOS,PLATSOBSE_DGOT_BALON_BARRIO_237_CANCHA_PARQUE_DEL_TRIANGULITO_237,2619,ACTIVO,,,,,,
234,234 CANCHA PLAZA ORIENTE 30,13.0,GRANDES_OBRAS,GRANDES OBRAS QUE TRANSFORMAN LA CAPITAL,EL BALON VUELVE AL BARRIO,BALON_BARRIO,DGOT,OBRAS DEL MUNDIAL,2026,2026-05-20 01:18:03.453,admin,2026-04-01,,INAUGURADA,100.0,JUAN HERNANDEZ,FUTBOL RAPIDO,1200.0,PASTO SINTETICO,,DGPEST,0101000020E6100000529B38B9DFC758C01D8F19A88C6B3340,https://maps.app.goo.gl/UgETXPrriTfA1DJh7,"MERCED BALBUENA, 15810 CIUDAD DE MÉXICO, CDMX",VENUSTIANO CARRANZA,MERCED BALBUENA,PLATSOBSE_DGOT_BALON_BARRIO_234_CANCHA_PLAZA_ORIENTE_30_234,2618,ACTIVO,,,,,,
233,233 CANCHA GRAN CANAL 2,13.0,GRANDES_OBRAS,GRANDES OBRAS QUE TRANSFORMAN LA CAPITAL,EL BALON VUELVE AL BARRIO,BALON_BARRIO,DGOT,OBRAS DEL MUNDIAL,2026,2026-05-20 01:18:14.088,admin,2026-04-02,,INAUGURADA,100.0,JUAN HERNANDEZ,FUTBOL RAPIDO,1200.0,CONCRETO,,DGPEST,0101000020E6100000450DA661F8C658C0255D33F9666F3340,https://maps.app.goo.gl/jsftm9C853vGvbBJA,"ESQ, CARRILLERA, HÉROE DE NACOZARI, MADERO, 15370 CIUDAD DE MÉXICO, CDMX",VENUSTIANO CARRANZA,PROGRESISTA,PLATSOBSE_DGOT_BALON_BARRIO_233_CANCHA_GRAN_CANAL_2_233,2617,ACTIVO,,,,,,
279,279 PILARES SANTA CATARINA,13.0,GRANDES_OBRAS,GRANDES OBRAS QUE TRANSFORMAN LA CAPITAL,EL BALON VUELVE AL BARRIO,BALON_BARRIO,DGPEST,OBRAS DEL MUNDIAL,2026,2026-05-20 01:36:41.553,admin,2026-02-05,,INAUGURADA,100.0,JUAN HERNANDEZ,FUTBOL RAPIDO,1200.0,CONCRETO,,DGPEST,0101000020E610000048A7AE7C96BD58C0268A90BA9D513340,https://maps.app.goo.gl/TEH4UBodFMThn8bg8,"TOLTECAS 161, STA CATARINA, TLÁHUAC, 13120 SANTA CATARINA YECAHUITZOTL, CDMX",TLÁHUAC,AMPLIACIÓN SANTA CATARINA,PLATSOBSE_DGPEST_BALON_BARRIO_279_PILARES_SANTA_CATARINA_279,2638,ACTIVO,,,,,,
6,6 CETRAM TLAHUAC,13.0,GRANDES_OBRAS,GRANDES OBRAS QUE TRANSFORMAN LA CAPITAL,EL BALON VUELVE AL BARRIO,BALON_BARRIO,DGOIV,OBRAS DEL MUNDIAL,2026,2026-05-20 16:42:53.557,admin,2026-04-01,,INAUGURADA,100.0,JUAN HERNANDEZ,FUTBOL 11,4050.0,PASTO SINTETICO,,DGPEST,0101000020E610000030D80DDB16C158C0D49D279EB3493340,https://maps.app.goo.gl/UAddaKV2TZjEYDPg8,"ANTONIO BÉJAR 20, EL TRIÁNGULO, TLÁHUAC, 13460 CIUDAD DE MÉXICO, CDMX",TLÁHUAC,EL TRIANGULO,PLATSOBSE_DGOIV_BALON_BARRIO_6_CETRAM_TLAHUAC_6,2657,ACTIVO,,,,,,
7,7 CETRAM TLAHUAC,13.0,GRANDES_OBRAS,GRANDES OBRAS QUE TRANSFORMAN LA CAPITAL,EL BALON VUELVE AL BARRIO,BALON_BARRIO,DGOIV,OBRAS DEL MUNDIAL,2026,2026-05-20 16:43:45.261,admin,2026-04-01,,INAUGURADA,100.0,JUAN HERNANDEZ,FUTBOL 11,4050.0,PASTO SINTETICO,,DGPEST,0101000020E610000030BB270F0BC158C06D7022FAB5493340,https://maps.app.goo.gl/Xdbj6ha6SWb8XHyN7,"ANTONIO BÉJAR 20, EL TRIÁNGULO, TLÁHUAC, 13460 CIUDAD DE MÉXICO, CDMX",TLÁHUAC,EL TRIANGULO,PLATSOBSE_DGOIV_BALON_BARRIO_7_CETRAM_TLAHUAC_7,2658,ACTIVO,,,,,,
91,91 CANCHA CAMELLON PLUTARCO,13.0,GRANDES_OBRAS,GRANDES OBRAS QUE TRANSFORMAN LA CAPITAL,EL BALON VUELVE AL BARRIO,BALON_BARRIO,DGSUS,OBRAS DEL MUNDIAL,2026,2026-05-20 17:41:45.181,actualizacion_dgpest,,,TERMINADO,100.0,JUAN HERNANDEZ,FUTBOL RAPIDO,1200.0,CONCRETO,,DGPEST,0101000020E6100000B8E9CF7EA4C858C00FD253E410613340,https://maps.app.goo.gl/yrhqbRqFqwtNhxvn7,"AV. PDTE. PLUTARCO ELÍAS CALLES, NATIVITAS, BENITO JUÁREZ, 03500 CIUDAD DE MÉXICO, CDMX",IZTACALCO,NATIVITAS,PLATSOBSE_DGSUS_BALON_BARRIO_91_CANCHA_CAMELLON_PLUTARCO_91,2649,ACTIVO,,,,,,
231,231 CANCHA GRAN CANAL 5,13.0,GRANDES_OBRAS,GRANDES OBRAS QUE TRANSFORMAN LA CAPITAL,EL BALON VUELVE AL BARRIO,BALON_BARRIO,DGOT,OBRAS DEL MUNDIAL,2026,,,,,INAUGURADA,100.0,JUAN HERNANDEZ,MULTICANCHA,600.0,CONCRETO,,DGPEST,0101000020E6100000B16D516683C658C047E350BF0B733340,https://maps.app.goo.gl/E973zwMTWgfcWeVp8,"5O TRAMO 20 DE NOVIEMBRE, VENUSTIANO CARRANZA, 15420 CIUDAD DE MÉXICO, CDMX",VENUSTIANO CARRANZA,SIMON BOLIVAR,PLATSOBSE_DGOT_BALON_BARRIO_231_CANCHA_GRAN_CANAL_5_231,2670,ACTIVO,,,,,,
09DPR2378M,LUIS G LEON,,ESPACIO_PUBLICO,OBRAS QUE TRANSFORMAN EL ESPACIO PUBLICO Y CONTRIBUYEN AL DERECHO A LA CIUDAD,"1,2,3 POR MI ESCUELA RENOVAR PARA TRANSFORMAR","1,2,3_ESCUELAS",ILIFE,CASA POR CASA,2025,2026-06-10 21:00:40.254,actualizacion_ilife,,,TERMINADO,100.0,JUAN HERNANDEZ,PRIMARIA,,,,ILIFE,0101000020E61000008066AB577AC858C0400309E99E723340,"https://www.google.com/maps/place/Escuela+Primaria+Luis+G.+Le%C3%B3n/@19.4478942,-99.1329683,18.42z/data=!4m6!3m5!1s0x85d1f93afcaf92c1:0x4c2a363504870469!8m2!3d19.4476962!4d-99.1324231!16s%2Fg%2F1tdq1gtm?entry=ttu&g_ep=EgoyMDI2MDIxMS4wIKXMDSoASAFQAw%3D%3",PERALVILLO No 51,CUAUHTÉMOC,MORELOS I,PLATSOBSE_ILIFE_1_2_3_ESCUELAS_LUIS_G_LEON_09DPR2378M_09DPR2378M,3006,ACTIVO,,,,,,
09DES0099H,MARGARITA MAZA DE JUAREZ,,ESPACIO_PUBLICO,OBRAS QUE TRANSFORMAN EL ESPACIO PUBLICO Y CONTRIBUYEN AL DERECHO A LA CIUDAD,"1,2,3 POR MI ESCUELA RENOVAR PARA TRANSFORMAR","1,2,3_ESCUELAS",DGCOP,AUTORIDAD EDUCATIVA FEDERAL,2025,2026-06-10 17:32:16.298,actualizacion_dgcop,,,EN PROCESO,97.75,JUAN HERNANDEZ,SECUNDARIA,,,,DGCOP,0101000020E6100000CA8D226B0DC558C03C69E1B20A7F3340,https://maps.app.goo.gl/egrQhR9KgJFrCwGd7,GUADALUPE VICTORIA,GUSTAVO A. MADERO,25 DE JULIO,PLATSOBSE_DGCOP_1_2_3_ESCUELAS_MARGARITA_MAZA_DE_JUAREZ_09DES0099H_09DES0099H,3003,ACTIVO,,,,,,
09DPR2391G,LEOPOLDO RIO DE LA LOZA,,ESPACIO_PUBLICO,OBRAS QUE TRANSFORMAN EL ESPACIO PUBLICO Y CONTRIBUYEN AL DERECHO A LA CIUDAD,"1,2,3 POR MI ESCUELA RENOVAR PARA TRANSFORMAR","1,2,3_ESCUELAS",ILIFE,CASA POR CASA,2025,2026-06-10 20:59:33.077,actualizacion_ilife,,,EN PROCESO,93.0,JUAN HERNANDEZ,PRIMARIA,,,,ILIFE,0101000020E610000044C1105451C858C0C0EFC802E4723340,"https://www.google.com/maps/place/Escuela+Leopoldo+R%C3%ADo+de+la+Loza/@19.4560557,-99.1319341,20.5z/data=!4m6!3m5!1s0x85d1f93b7aa06d43:0x603035f3f5ba9084!8m2!3d19.4560423!4d-99.1321499!16s%2Fg%2F11c2rdw9l9?entry=ttu&g_ep=EgoyMDI2MDIxMC4wIKXMDSoASAFQAw%3",WAGNER 34,CUAUHTÉMOC,MORELOS I,PLATSOBSE_ILIFE_1_2_3_ESCUELAS_LEOPOLDO_RIO_DE_LA_LOZA_09DPR2391G_09DPR2391G,3007,ACTIVO,,,,,,
09DJN0705M,BERTHA DOMINGUEZ,,ESPACIO_PUBLICO,OBRAS QUE TRANSFORMAN EL ESPACIO PUBLICO Y CONTRIBUYEN AL DERECHO A LA CIUDAD,"1,2,3 POR MI ESCUELA RENOVAR PARA TRANSFORMAR","1,2,3_ESCUELAS",ILIFE,TERRITORIOS DE PAZ,2025,2026-06-10 20:59:50.586,actualizacion_ilife,,,EN PROCESO,99.99,JUAN HERNANDEZ,PREESCOLAR,,,,ILIFE,0101000020E6100000F84C51B04EC858C0C0C28E388D713340,"https://www.google.com/maps/place/Jardin+de+ni%C3%B1os+Bertha+Dominguez/@19.4434763,-99.1297317,20.75z/data=!4m6!3m5!1s0x85d1f930c5e754ad:0xc77014b58c2c9d94!8m2!3d19.4435201!4d-99.1297811!16s%2Fg%2F11g026rw6b?entry=ttu&g_ep=EgoyMDI2MDIxMC4wIKXMDSoASAFQAw",TENOCHTITLAN 77,CUAUHTÉMOC,MORELOS III,PLATSOBSE_ILIFE_1_2_3_ESCUELAS_BERTHA_DOMINGUEZ_09DJN0705M_09DJN0705M,3064,ACTIVO,,,,,,
21,21 PILARES JALALPA TEPITO,13.0,GRANDES_OBRAS,GRANDES OBRAS QUE TRANSFORMAN LA CAPITAL,EL BALON VUELVE AL BARRIO,BALON_BARRIO,DGOIV,OBRAS DEL MUNDIAL,2026,2026-05-20 01:12:32.544,admin,2026-03-26,,INAUGURADA,100.0,JUAN HERNANDEZ,MULTICANCHA,600.0,CONCRETO,,DGPEST,0101000020E610000017821C9430CF58C06B0E10CCD15F3340,https://maps.app.goo.gl/6PMkcETKqgjnjSBn7,ENCINAL S/N,ÁLVARO OBREGÓN,JALALPA TEPITO,PLATSOBSE_DGOIV_BALON_BARRIO_21_PILARES_JALALPA_TEPITO_21,2662,ACTIVO,,,,,,
23,23 PILARES MIGUEL GAONA ARMENTA,13.0,GRANDES_OBRAS,GRANDES OBRAS QUE TRANSFORMAN LA CAPITAL,EL BALON VUELVE AL BARRIO,BALON_BARRIO,DGOIV,OBRAS DEL MUNDIAL,2026,,,,,TERMINADO,100.0,JUAN HERNANDEZ,FUTBOL RAPIDO,1200.0,CONCRETO,,DGPEST,0101000020E6100000AE64C74620D058C08D614ED0265B3340,https://maps.app.goo.gl/hDxG8RCR9wNAaP7w7,"14 DE MARZO 13, SANTA LUCÍA, ÁLVARO OBREGÓN, 01509 CIUDAD DE MÉXICO, CDMX",ÁLVARO OBREGÓN,MIGUEL GAONA,PLATSOBSE_DGOIV_BALON_BARRIO_23_PILARES_MIGUEL_GAONA_ARMENTA_23,2673,ACTIVO,,,,,,
30,30 CANCHAS SANTO TOMAS,13.0,GRANDES_OBRAS,GRANDES OBRAS QUE TRANSFORMAN LA CAPITAL,EL BALON VUELVE AL BARRIO,BALON_BARRIO,DGOIV,OBRAS DEL MUNDIAL,2026,,,,,TERMINADO,100.0,JUAN HERNANDEZ,FUTBOL 7,1750.0,PASTO SINTETICO,,DGPEST,0101000020E610000099F5622827C858C09B38B9DFA16C3340,https://maps.app.goo.gl/XB2FSsGRyPUC1MCK9,"C. PUENTE SANTO TOMAS 20, LA MERCED, CENTRO, CUAUHTÉMOC, 06000 CIUDAD DE MÉXICO, CDMX",CUAUHTÉMOC,CENTRO,PLATSOBSE_DGOIV_BALON_BARRIO_30_CANCHAS_SANTO_TOMAS_30,2678,ACTIVO,,,,,,
76,76 DEPORTIVO PIRAÑA,13.0,GRANDES_OBRAS,GRANDES OBRAS QUE TRANSFORMAN LA CAPITAL,EL BALON VUELVE AL BARRIO,BALON_BARRIO,DGOIV,OBRAS DEL MUNDIAL,2026,,,,,TERMINADO,100.0,JUAN HERNANDEZ,MULTICANCHA,600.0,CONCRETO,,DGPEST,0101000020E6100000C345EEE9EAC358C009168733BF4A3340,https://maps.app.goo.gl/rb7kBLVL49BCaPm57,"Col del Mar, Tláhuac, 13270 Ciudad de México, CDMX",TLÁHUAC,DEL MAR,PLATSOBSE_DGOIV_BALON_BARRIO_76_DEPORTIVO_PIRA_A_76,2693,ACTIVO,,,,,,
147,147 PALO ALTO,13.0,GRANDES_OBRAS,GRANDES OBRAS QUE TRANSFORMAN LA CAPITAL,EL BALON VUELVE AL BARRIO,BALON_BARRIO,DGSUS,OBRAS DEL MUNDIAL,2026,2026-05-13 18:31:34.264,actualizacion_dgpest,,,TERMINADO,100.0,JUAN HERNANDEZ,FUTBOL RAPIDO,1200.0,CONCRETO,,DGPEST,0101000020E61000000A80F10C1AD058C048C153C895623340,https://maps.app.goo.gl/c7D5V9Pib8JyT4Jz5,"COOPERATIVA PALO ALTO, 05110 CIUDAD DE MÉXICO, CDMX",CUAJIMALPA DE MORELOS,COOPERATIVA PALO ALTO,PLATSOBSE_DGSUS_BALON_BARRIO_147_PALO_ALTO_147,2705,ACTIVO,,,,,,
09DES0069N,MARTIN V. GONZALEZ,,ESPACIO_PUBLICO,OBRAS QUE TRANSFORMAN EL ESPACIO PUBLICO Y CONTRIBUYEN AL DERECHO A LA CIUDAD,"1,2,3 POR MI ESCUELA RENOVAR PARA TRANSFORMAR","1,2,3_ESCUELAS",DGCOP,CASA POR CASA,2025,2026-06-03 18:13:53.083,actualizacion_dgcop,,,TERMINADO,100.0,JUAN HERNANDEZ,SECUNDARIA,,,,DGCOP,0101000020E610000024D236FE44C658C066136058FE643340,https://maps.app.goo.gl/5ENFKibrxVX81UQLA,BENITO JUAREZ,IZTACALCO,RAMOS MILLAN BRAMADERO I,PLATSOBSE_DGCOP_1_2_3_ESCUELAS_MARTIN_V_GONZALEZ_09DES0069N_09DES0069N,3002,ACTIVO,,,,,,
141,141 CAMPAMENTO 2 DE OCTUBRE,13.0,GRANDES_OBRAS,GRANDES OBRAS QUE TRANSFORMAN LA CAPITAL,EL BALON VUELVE AL BARRIO,BALON_BARRIO,DGSUS,OBRAS DEL MUNDIAL,2026,2026-05-20 17:37:30.820,actualizacion_dgpest,,,TERMINADO,100.0,JUAN HERNANDEZ,FUTBOL RAPIDO,1200.0,CONCRETO,,DGPEST,0101000020E610000085251E5036C758C0B03907CF84623340,https://maps.app.goo.gl/esvanHKon3KwSjJV6,"AV. JUAN N. ÁLVAREZ CAMPAMENTO 2 DE OCTUBRE, IZTACALCO",IZTACALCO,CAMPAMENTO 2 DE OCTUBRE,PLATSOBSE_DGSUS_BALON_BARRIO_141_CAMPAMENTO_2_DE_OCTUBRE_141,2688,ACTIVO,,,,,,
27,27 PILARES ANTONIO HELGUERA,13.0,GRANDES_OBRAS,GRANDES OBRAS QUE TRANSFORMAN LA CAPITAL,EL BALON VUELVE AL BARRIO,BALON_BARRIO,DGOIV,OBRAS DEL MUNDIAL,2026,2026-05-13 19:59:17.181,actualizacion_dgpest,2026-04-10,,INAUGURADA,100.0,JUAN HERNANDEZ,FUTBOL 7,1750.0,CONCRETO,,DGPEST,0101000020E6100000925CFE43FACB58C0799109F835623340,https://maps.app.goo.gl/26kzjSLttj8NPFWL8,"C. ANDREA DEL CASTAGNO S/N, ENTRE AV. REVOLUCIÓN Y CALLE MIGUEL ÁNGEL, NONOALCO, BENITO JUÁREZ, 03700 CIUDAD DE MÉXICO, CDMX",BENITO JUÁREZ,SANTA MARIA NONOALCO,PLATSOBSE_DGOIV_BALON_BARRIO_27_PILARES_ANTONIO_HELGUERA_27,2674,ACTIVO,,,,,,
32,32 DEPORTIVO ZENTLAPATL,13.0,GRANDES_OBRAS,GRANDES OBRAS QUE TRANSFORMAN LA CAPITAL,EL BALON VUELVE AL BARRIO,BALON_BARRIO,DGOIV,OBRAS DEL MUNDIAL,2026,2026-05-13 20:12:14.692,actualizacion_dgpest,2026-04-07,,INAUGURADA,100.0,JUAN HERNANDEZ,FUTBOL RAPIDO,1200.0,CONCRETO,,DGPEST,0101000020E61000003DF20703CFD358C082AD122C0E5B3340,https://maps.app.goo.gl/zL631rd9JqhAdGSW7,"ZENTLAPATL, CUAJIMALPA DE MORELOS, 05010 CIUDAD DE MÉXICO, CDMX",CUAJIMALPA DE MORELOS,AGUA BENDITA,PLATSOBSE_DGOIV_BALON_BARRIO_32_DEPORTIVO_ZENTLAPATL_32,2676,ACTIVO,,,,,,
77,77 DEPORTIVO CASA POPULAR,13.0,GRANDES_OBRAS,GRANDES OBRAS QUE TRANSFORMAN LA CAPITAL,EL BALON VUELVE AL BARRIO,BALON_BARRIO,DGOIV,OBRAS DEL MUNDIAL,2026,2026-05-13 20:21:16.195,actualizacion_dgpest,2026-03-31,,INAUGURADA,100.0,JUAN HERNANDEZ,FUTBOL 11,4050.0,PASTO SINTETICO,,DGPEST,0101000020E6100000CA15DEE522CE58C03411363CBD523340,https://maps.app.goo.gl/N6eDehTXjACoyGoc6,"Av. Luis Cabrera, San Jerónimo Lídice, La Magdalena Contreras, 10200 Ciudad de México, CDMX",LA MAGDALENA CONTRERAS,SAN JERONIMO LIDICE,PLATSOBSE_DGOIV_BALON_BARRIO_77_DEPORTIVO_CASA_POPULAR_77,2694,ACTIVO,,,,,,
89,"89 JARDIN ""SANTIAGO XICOTENCATL"" CANCHA 2",13.0,GRANDES_OBRAS,GRANDES OBRAS QUE TRANSFORMAN LA CAPITAL,EL BALON VUELVE AL BARRIO,BALON_BARRIO,DGSUS,OBRAS DEL MUNDIAL,2026,2026-05-13 20:23:03.003,actualizacion_dgpest,2026-04-14,,INAUGURADA,100.0,JUAN HERNANDEZ,FUTBOL 7,1750.0,PASTO SINTETICO,,DGPEST,0101000020E6100000494BE5ED08C958C0B515FBCBEE653340,https://maps.app.goo.gl/auzvp4swe6K4XKvv8,"ISABEL LA CATÓLICA 684, ÁLAMOS, BENITO JUÁREZ, 03400 CIUDAD DE MÉXICO, CDMX",BENITO JUÁREZ,ALAMOS,PLATSOBSE_DGSUS_BALON_BARRIO_89_JARDIN_SANTIAGO_XICOTENCATL_CANCHA_2_89,2699,ACTIVO,,,,,,
98,98 CANCHA PLAZA CIVICA DEL CARMEN,13.0,GRANDES_OBRAS,GRANDES OBRAS QUE TRANSFORMAN LA CAPITAL,EL BALON VUELVE AL BARRIO,BALON_BARRIO,DGOT,OBRAS DEL MUNDIAL,2026,2026-05-20 01:20:20.611,admin,2026-03-30,,INAUGURADA,100.0,JUAN HERNANDEZ,MULTICANCHA,600.0,CONCRETO,,DGPEST,0101000020E61000001A868F8829C558C090847D3B89703340,https://maps.app.goo.gl/tw8br4PJ5QSYUJD98,"DURANGO 135-149, PEÑÓN DE LOS BAÑOS, VENUSTIANO CARRANZA, 15520 CIUDAD DE MÉXICO, CDMX",VENUSTIANO CARRANZA,PUEBLO PENON DE LOS BANOS,PLATSOBSE_DGOT_BALON_BARRIO_98_CANCHA_PLAZA_CIVICA_DEL_CARMEN_98,2664,ACTIVO,,,,,,
130,130 KID AZTECA,13.0,GRANDES_OBRAS,GRANDES OBRAS QUE TRANSFORMAN LA CAPITAL,EL BALON VUELVE AL BARRIO,BALON_BARRIO,DGSUS,OBRAS DEL MUNDIAL,2026,2026-05-20 17:52:51.127,actualizacion_dgpest,,,TERMINADO,100.0,JUAN HERNANDEZ,FÚTBOL 7,600.0,PASTO SINTETICO,,DGPEST,0101000020E6100000D93D1E9F35C858C0F75965A6B4723340,https://maps.app.goo.gl/sc3bZhoCkGpjxAJW7,"Barras Tepito, Tepito, Morelos, Cuauhtémoc, 06200 Ciudad de México, CDMX",CUAUHTÉMOC,MORELOS,PLATSOBSE_DGSUS_BALON_BARRIO_130_KID_AZTECA_130,2709,ACTIVO,,,,,,
52,52 INSURGENTES Y MARTINELLI,13.0,GRANDES_OBRAS,GRANDES OBRAS QUE TRANSFORMAN LA CAPITAL,EL BALON VUELVE AL BARRIO,BALON_BARRIO,DGOIV,OBRAS DEL MUNDIAL,2026,2026-05-22 23:21:28.517,actualizacion_dgpest,2026-05-07,,INAUGURADA,100.0,JUAN HERNANDEZ,FUTBOL RAPIDO,1200.0,CONCRETO,,DGPEST,0101000020E61000003E7958A835C958C0B8B06EBC3B763340,https://maps.app.goo.gl/eGPxocXE7FaWbbzn8,"Eje 1 Pte, San Simón Tolnahuac, Cuauhtémoc, 06920 Ciudad de México, CDMX",CUAUHTÉMOC,SAN SIMON TOLNAHUAC,PLATSOBSE_DGOIV_BALON_BARRIO_52_INSURGENTES_Y_MARTINELLI_52,2687,ACTIVO,,,,,,
207,207 CANCHAS SANDALO,13.0,GRANDES_OBRAS,GRANDES OBRAS QUE TRANSFORMAN LA CAPITAL,EL BALON VUELVE AL BARRIO,BALON_BARRIO,DGCOP,OBRAS DEL MUNDIAL,2026,2026-05-27 19:15:42.501,actualizacion_dgpest,2026-05-25,,INAUGURADA,100.0,JUAN HERNANDEZ,FUTBOL RAPIDO,1200.0,CONCRETO,,DGPEST,0101000020E61000005396218E75C958C095490D6D00763340,https://maps.app.goo.gl/7NsnjGmNpt5oTAHC7,"SANTA MARÍA INSURGENTES, CUAUHTÉMOC, 06430 CIUDAD DE MÉXICO, CDMX",CUAUHTÉMOC,SANTA MARIA INSURGENTES,PLATSOBSE_DGCOP_BALON_BARRIO_207_CANCHAS_SANDALO_207,2735,ACTIVO,,,,,,
179,179 ACADEMIA TORTUGAS / EDUARDO MOLINA Y ESTAÑO,13.0,GRANDES_OBRAS,GRANDES OBRAS QUE TRANSFORMAN LA CAPITAL,EL BALON VUELVE AL BARRIO,BALON_BARRIO,DGCOP,OBRAS DEL MUNDIAL,2026,2026-05-13 18:18:04.710,actualizacion_dgpest,,,TERMINADO,100.0,JUAN HERNANDEZ,MULTICANCHA,600.0,CONCRETO,,DGPEST,0101000020E6100000CC4065FCFBC658C0F165A208A9733340,https://maps.app.goo.gl/pDHiXdTmMdW4Tgbs6,"EDUARDO MOLINA ESQUINA ESTAÑO 20 de Noviembre, Venustiano Carranza, Ciudad de México, CDMX",VENUSTIANO CARRANZA,20 DE NOVIEMBRE,PLATSOBSE_DGCOP_BALON_BARRIO_179_ACADEMIA_TORTUGAS_EDUARDO_MOLINA_Y_ESTA_O_179,2728,ACTIVO,,,,,,
223,223 CENTRO DEPORTIVO TEPITO-MARACANA,13.0,GRANDES_OBRAS,GRANDES OBRAS QUE TRANSFORMAN LA CAPITAL,EL BALON VUELVE AL BARRIO,BALON_BARRIO,DGOT,OBRAS DEL MUNDIAL,2026,,,,,TERMINADO,100.0,JUAN HERNANDEZ,FUTBOL 11,4050.0,PASTO SINTETICO,,DGPEST,0101000020E6100000232D95B723C858C07BA2EBC20F723340,https://maps.app.goo.gl/JbdKS3WBmQrJYTZMA,"CARIDAD 1, TEPITO, MORELOS, CUAUHTÉMOC, 06200 CIUDAD DE MÉXICO, CDMX",CUAUHTÉMOC,MORELOS,PLATSOBSE_DGOT_BALON_BARRIO_223_CENTRO_DEPORTIVO_TEPITO_MARACANA_223,2739,ACTIVO,,,,,,
227,227 PARQUE EX HIPODROMO,13.0,GRANDES_OBRAS,GRANDES OBRAS QUE TRANSFORMAN LA CAPITAL,EL BALON VUELVE AL BARRIO,BALON_BARRIO,DGOT,OBRAS DEL MUNDIAL,2026,,,,,TERMINADO,100.0,JUAN HERNANDEZ,MULTICANCHA,600.0,CONCRETO,,DGPEST,0101000020E61000003ECBF3E0EEC858C0CAC0012D5D753340,https://maps.app.goo.gl/sukdL3wcdakTxxiNA,VALLEJO Y SAN SIMON,CUAUHTÉMOC,EX HIPODROMO DE PERALVILLO,PLATSOBSE_DGOT_BALON_BARRIO_227_PARQUE_EX_HIPODROMO_227,2740,ACTIVO,,,,,,
229,229 JARDIN ARTES GRAFICAS/CUAUHTEMOC,13.0,GRANDES_OBRAS,GRANDES OBRAS QUE TRANSFORMAN LA CAPITAL,EL BALON VUELVE AL BARRIO,BALON_BARRIO,DGOT,OBRAS DEL MUNDIAL,2026,,,,,TERMINADO,100.0,JUAN HERNANDEZ,FUTBOL RAPIDO,1200.0,PASTO SINTETICO,,DGPEST,0101000020E61000004F75C8CD70C958C091D26C1E87693340,https://maps.app.goo.gl/wZrTBi3ERZFwQ32E6,"Dr. Andrade 173, Doctores, Cuauhtémoc, 06720 Ciudad de México, CDMX",CUAUHTÉMOC,DOCTORES,PLATSOBSE_DGOT_BALON_BARRIO_229_JARDIN_ARTES_GRAFICAS_CUAUHTEMOC_229,2741,ACTIVO,,,,,,
09DPR1272M,JUAN DE MATA RIVERA,,ESPACIO_PUBLICO,OBRAS QUE TRANSFORMAN EL ESPACIO PUBLICO Y CONTRIBUYEN AL DERECHO A LA CIUDAD,"1,2,3 POR MI ESCUELA RENOVAR PARA TRANSFORMAR","1,2,3_ESCUELAS",DGCOP,JEFA DE GOBIERNO,2025,2026-06-10 16:35:20.541,actualizacion_dgcop,,,EN PROCESO,95.45,JUAN HERNANDEZ,PRIMARIA,,,,DGCOP,0101000020E6100000938FDD054AC458C0302B14E97E4E3340,https://maps.app.goo.gl/ZTzctnVuB2omSxFT9,AV. TLAHUAC KM. 18.5,IZTAPALAPA,EL ROSARIO,PLATSOBSE_DGCOP_1_2_3_ESCUELAS_JUAN_DE_MATA_RIVERA_09DPR1272M_09DPR1272M,2860,ACTIVO,,,,,,
177,177 TORRE 14 FUTBOL CALLE 2A CDA AV 605,13.0,GRANDES_OBRAS,GRANDES OBRAS QUE TRANSFORMAN LA CAPITAL,EL BALON VUELVE AL BARRIO,BALON_BARRIO,DGCOP,OBRAS DEL MUNDIAL,2026,2026-05-20 17:41:09.668,actualizacion_dgpest,,,TERMINADO,100.0,JUAN HERNANDEZ,FUTBOL RAPIDO,1200.0,PASTO SINTETICO,,DGPEST,0101000020E61000008D976E1283C458C027A435069D743340,https://maps.app.goo.gl/y1nEqjhHtYHobKP16,"2a. 605, San Juan de Aragón III Secc, Gustavo A. Madero, 07970 Ciudad de México, CDMX",GUSTAVO A. MADERO,SAN JUAN DE ARAGON,PLATSOBSE_DGCOP_BALON_BARRIO_177_TORRE_14_FUTBOL_CALLE_2A_CDA_AV_605_177,2726,ACTIVO,,,,,,
205,205 PILARES BUENAVISTA (PARQUE ABASOLO) 2,13.0,GRANDES_OBRAS,GRANDES OBRAS QUE TRANSFORMAN LA CAPITAL,EL BALON VUELVE AL BARRIO,BALON_BARRIO,DGCOP,OBRAS DEL MUNDIAL,2026,2026-05-13 19:24:47.566,actualizacion_dgpest,2026-04-02,,INAUGURADA,100.0,JUAN HERNANDEZ,MULTICANCHA,600.0,CONCRETO,,DGPEST,0101000020E61000003EEDF0D764C958C0EB8D5A61FA723340,https://maps.app.goo.gl/VRTStgnif3U2UEH6A,EJE 1 PONIENTE GUERRERO S/N,CUAUHTÉMOC,BUENAVISTA,PLATSOBSE_DGCOP_BALON_BARRIO_205_PILARES_BUENAVISTA_PARQUE_ABASOLO_2_205,2732,ACTIVO,,,,,,
232,232 CANCHA PARQUE JOSE CASTILLO FARRERAS,13.0,GRANDES_OBRAS,GRANDES OBRAS QUE TRANSFORMAN LA CAPITAL,EL BALON VUELVE AL BARRIO,BALON_BARRIO,DGOT,OBRAS DEL MUNDIAL,2026,2026-05-13 19:28:28.540,actualizacion_dgpest,2026-04-12,,INAUGURADA,100.0,JUAN HERNANDEZ,MULTICANCHA,600.0,CONCRETO,,DGPEST,0101000020E61000002E73BA2C26C658C0DF6DDE3829703340,https://maps.app.goo.gl/5eA3YnEMUwmLh4xG7,"AV. DE LA INDUSTRIA 260, MOCTEZUMA 2DA SECC, VENUSTIANO CARRANZA, 15530 CIUDAD DE MÉXICO, CDMX",VENUSTIANO CARRANZA,MOCTEZUMA 2A SECCION,PLATSOBSE_DGOT_BALON_BARRIO_232_CANCHA_PARQUE_JOSE_CASTILLO_FARRERAS_232,2742,ACTIVO,,,,,,
219,219 UTOPIA EDUARDO MOLINA,13.0,GRANDES_OBRAS,GRANDES OBRAS QUE TRANSFORMAN LA CAPITAL,EL BALON VUELVE AL BARRIO,BALON_BARRIO,DGCOP,OBRAS DEL MUNDIAL,2026,2026-05-20 17:50:09.302,actualizacion_dgpest,,,TERMINADO,100.0,JUAN HERNANDEZ,FUTBOL 11,4050.0,PASTO SINTETICO,PRESUPUESTO UTOPIAS,DGPEST,0101000020E6100000E5D5390664C758C0BB29E5B512723340,https://maps.app.goo.gl/1m3ERzcQ6o98oo8W8,"24 DE ABRIL 67, 20 DE NOVIEMBRE, VENUSTIANO CARRANZA, 15260 CIUDAD DE MÉXICO, CDMX",VENUSTIANO CARRANZA,AMPLIACION 20 DE NOVIEMBRE,PLATSOBSE_DGCOP_BALON_BARRIO_219_UTOPIA_EDUARDO_MOLINA_219,2737,ACTIVO,,,,,,
220,220 UTOPIA EDUARDO MOLINA,13.0,GRANDES_OBRAS,GRANDES OBRAS QUE TRANSFORMAN LA CAPITAL,EL BALON VUELVE AL BARRIO,BALON_BARRIO,DGCOP,OBRAS DEL MUNDIAL,2026,2026-05-20 17:59:05.748,actualizacion_dgpest,,,TERMINADO,100.0,JUAN HERNANDEZ,FUTBOL 11,4050.0,PASTO SINTETICO,PRESUPUESTO UTOPIAS,DGPEST,0101000020E6100000CC457C2766C758C036CD3B4ED1713340,https://maps.app.goo.gl/T751pDe1u9niyxZG6,"24 DE ABRIL 67, 20 DE NOVIEMBRE, VENUSTIANO CARRANZA, 15260 CIUDAD DE MÉXICO, CDMX",VENUSTIANO CARRANZA,AMPLIACION 20 DE NOVIEMBRE,PLATSOBSE_DGCOP_BALON_BARRIO_220_UTOPIA_EDUARDO_MOLINA_220,2738,ACTIVO,,,,,,
243,243 PARQUE CALLES,13.0,GRANDES_OBRAS,GRANDES OBRAS QUE TRANSFORMAN LA CAPITAL,EL BALON VUELVE AL BARRIO,BALON_BARRIO,DGOT,OBRAS DEL MUNDIAL,2026,2026-05-13 19:30:46.961,actualizacion_dgpest,2026-04-18,,INAUGURADA,100.0,JUAN HERNANDEZ,FUTBOL 7,1750.0,PASTO SINTETICO,,DGPEST,0101000020E61000008BBA206CC2C758C0FF1DF6E747743340,https://maps.app.goo.gl/uZ7er7P4NY7UdnUT9,"Juegos Infantiles ""Parque Calles 2""', Popular Rastro, Venustiano Carranza, 15220 Ciudad de México, CDMX",VENUSTIANO CARRANZA,POPULAR RASTRO,PLATSOBSE_DGOT_BALON_BARRIO_243_PARQUE_CALLES_243,2747,ACTIVO,,,,,,
266,266 XOTEPINGO/COY,13.0,GRANDES_OBRAS,GRANDES OBRAS QUE TRANSFORMAN LA CAPITAL,EL BALON VUELVE AL BARRIO,BALON_BARRIO,DGPEST,OBRAS DEL MUNDIAL,2026,2026-05-13 19:57:59.365,actualizacion_dgpest,2026-04-07,,INAUGURADA,100.0,JUAN HERNANDEZ,MULTICANCHA,600.0,CONCRETO,,DGPEST,0101000020E6100000FAB31F2922C958C09BC761307F553340,https://maps.app.goo.gl/LjTQD1xjjhoyGLb89,"Av. Xotepingo s/n, Cd Jardín, Coyoacán, 04370 Ciudad de México, CDMX",COYOACÁN,XOTEPINGO,PLATSOBSE_DGPEST_BALON_BARRIO_266_XOTEPINGO_COY_266,2753,ACTIVO,,,,,,
09DJN0983O,CALNAHUAC,,ESPACIO_PUBLICO,OBRAS QUE TRANSFORMAN EL ESPACIO PUBLICO Y CONTRIBUYEN AL DERECHO A LA CIUDAD,"1,2,3 POR MI ESCUELA RENOVAR PARA TRANSFORMAR","1,2,3_ESCUELAS",ILIFE,CASA POR CASA,2025,2026-05-20 17:27:37.582,actualizacion_ilife,,,TERMINADO,100.0,JUAN HERNANDEZ,PREESCOLAR,,,,ILIFE,0101000020E610000064863881D1C158C0A043939FC2303340,"https://www.google.com/maps/place/Jard%C3%ADn+de+Ni%C3%B1os+Calnahuac/@19.1905152,-99.0287775,18.69z/data=!4m6!3m5!1s0x85ce053b45f584d3:0xf36b991d90da9210!8m2!3d19.190386!4d-99.0284352!16s%2Fg%2F11dxckhlyj?entry=ttu&g_ep=EgoyMDI2MDIxMS4wIKXMDSoASAFQAw%3D",COLIMA PTE 22,MILPA ALTA,VILLA MILPA ALTA (PBLO),PLATSOBSE_ILIFE_1_2_3_ESCUELAS_CALNAHUAC_09DJN0983O_09DJN0983O,3027,ACTIVO,,,,,,
09DES0054L,REPUBLICA DE BOLIVIA,,ESPACIO_PUBLICO,OBRAS QUE TRANSFORMAN EL ESPACIO PUBLICO Y CONTRIBUYEN AL DERECHO A LA CIUDAD,"1,2,3 POR MI ESCUELA RENOVAR PARA TRANSFORMAR","1,2,3_ESCUELAS",ILIFE,PLANTEL ADICIONAL 2025,2025,,,,,TERMINADO,100.0,JUAN HERNANDEZ,SECUNDARIA,,,,ILIFE,0101000020E610000000560ECEC5CB58C0F0B09C1D967B3340,https://maps.app.goo.gl/rjbQFerAbb4rUgnz5,JERUSALEN SN,AZCAPOTZALCO,CENTRO DE AZCAPOTZALCO,PLATSOBSE_ILIFE_1_2_3_ESCUELAS_REPUBLICA_DE_BOLIVIA_09DES0054L_09DES0054L,3030,ACTIVO,,,,,,
12,BRAMADERO,,ECONOMIA,OBRAS QUE TRANSFORMAN LA ECONOMIA LOCAL Y FOMENTAN EL EMPLEO,MANTENIMIENTO A MERCADOS PUBLICOS (CAPTACION DE AGUA DE LLUVIA EN MERCADOS),CAP_LLUVIA_MERC,DGCOP,GABINETE,2025,,,,,TERMINADO,100.0,JUAN HERNANDEZ,MERCADO,,,,DGCOP,0101000020E6100000622CD32F11C658C0876D8B321B643340,https://maps.app.goo.gl/CYaa4XdSHK6AWGwbA,ORIENTE 110,IZTACALCO,RAMOS MILLAN BRAMADERO I,PLATSOBSE_DGCOP_CAP_LLUVIA_MERC_BRAMADERO_12,3112,ACTIVO,,,,,,
09DST0072T,ESCUELA SECUNDARIA TECNICA 72,,ESPACIO_PUBLICO,OBRAS QUE TRANSFORMAN EL ESPACIO PUBLICO Y CONTRIBUYEN AL DERECHO A LA CIUDAD,"1,2,3 POR MI ESCUELA RENOVAR PARA TRANSFORMAR","1,2,3_ESCUELAS",ILIFE,SECTEI,2025,,,,,TERMINADO,100.0,JUAN HERNANDEZ,SECUNDARIA,,,,ILIFE,0101000020E6100000D093C88DF4D058C0804D9AB0604F3340,"https://www.google.com/maps/place/Escuela+Secundaria+T%C3%A9cnica+N%C2%B0+72/@19.3099116,-99.2656945,19.5z/data=!4m10!1m2!2m1!1sSECUNDARIA+TECNICA+72!3m6!1s0x85cdff479f0f7615:0x5ed2873a1152cf62!8m2!3d19.31005!4d-99.2649372!15sChVTRUNVTkRBUklBIFRFQ05JQ0Eg",CALLE DE LA PARCELA SN,LA MAGDALENA CONTRERAS,LOMAS DE SAN BERNABE,PLATSOBSE_ILIFE_1_2_3_ESCUELAS_ESCUELA_SECUNDARIA_TECNICA_72_09DST0072T_09DST0072T,3035,ACTIVO,,,,,,
09DPR2227G,MAESTROS MEXICANOS,,ESPACIO_PUBLICO,OBRAS QUE TRANSFORMAN EL ESPACIO PUBLICO Y CONTRIBUYEN AL DERECHO A LA CIUDAD,"1,2,3 POR MI ESCUELA RENOVAR PARA TRANSFORMAR","1,2,3_ESCUELAS",ILIFE,AUTORIDAD EDUCATIVA,2025,,,,,TERMINADO,100.0,JUAN HERNANDEZ,PRIMARIA,,,,ILIFE,0101000020E610000014FD9492B0CE58C0307167F60C4F3340,"https://www.google.com/maps/place/Escuela+Primaria+%22Maestros+Mexicanos%22/@19.3087213,-99.2295689,20.25z/data=!4m14!1m7!3m6!1s0x85cdffa1c45d1be7:0x65da3a05e11ad647!2sEscuela+Primaria+%22Maestros+Mexicanos%22!8m2!3d19.3087714!4d-99.2295074!16s%2Fg%2F1px",CALLE TOLUCA NO 2,LA MAGDALENA CONTRERAS,SANTA TERESA,PLATSOBSE_ILIFE_1_2_3_ESCUELAS_MAESTROS_MEXICANOS_09DPR2227G_09DPR2227G,3036,ACTIVO,,,,,,
09DES0166P,ALFONSO REYES,,ESPACIO_PUBLICO,OBRAS QUE TRANSFORMAN EL ESPACIO PUBLICO Y CONTRIBUYEN AL DERECHO A LA CIUDAD,"1,2,3 POR MI ESCUELA RENOVAR PARA TRANSFORMAR","1,2,3_ESCUELAS",ILIFE,AUTORIDAD EDUCATIVA,2025,,,,,TERMINADO,100.0,JUAN HERNANDEZ,SECUNDARIA,,,,ILIFE,0101000020E6100000E483DBF27BD058C0F01BA94A0C503340,"https://www.google.com/maps/place/Escuela+Secundaria+Diurna+N%C2%B0+166+%22Alfonso+Reyes%22/@19.3126151,-99.2578415,19.18z/data=!4m6!3m5!1s0x85cdff41beed3125:0x38066de5b0c1e57a!8m2!3d19.3126362!4d-99.2575719!16s%2Fg%2F1td7nnhg?entry=ttu&g_ep=EgoyMDI2MDIx",CALLE ALVARO OBREGON NO 26,LA MAGDALENA CONTRERAS,SAN BERNABE OCOTEPEC (PBLO),PLATSOBSE_ILIFE_1_2_3_ESCUELAS_ALFONSO_REYES_09DES0166P_09DES0166P,3037,ACTIVO,,,,,,
09DST0056B,ESCUELA SECUNDARIA TECNICA 56,,ESPACIO_PUBLICO,OBRAS QUE TRANSFORMAN EL ESPACIO PUBLICO Y CONTRIBUYEN AL DERECHO A LA CIUDAD,"1,2,3 POR MI ESCUELA RENOVAR PARA TRANSFORMAR","1,2,3_ESCUELAS",DGCOP,TERRITORIOS DE PAZ,2025,2026-06-10 17:31:21.262,actualizacion_dgcop,,,EN PROCESO,92.0,JUAN HERNANDEZ,SECUNDARIA,,,,DGCOP,0101000020E6100000236AA2CF47C958C082E673EE76313340,https://maps.app.goo.gl/4zgBaFtJTnc28ouw6,STA. CRUZ,TLALPAN,SAN MIGUEL TOPILEJO (PBLO),PLATSOBSE_DGCOP_1_2_3_ESCUELAS_ESCUELA_SECUNDARIA_TECNICA_56_09DST0056B_09DST0056B,2775,ACTIVO,,,,,,
146,146 CAMPAMENTO 2 DE OCTUBRE,13.0,GRANDES_OBRAS,GRANDES OBRAS QUE TRANSFORMAN LA CAPITAL,EL BALON VUELVE AL BARRIO,BALON_BARRIO,DGSUS,OBRAS DEL MUNDIAL,2026,2026-05-20 17:42:40.804,actualizacion_dgpest,,,TERMINADO,100.0,JUAN HERNANDEZ,MULTICANCHA,600.0,CONCRETO,Tema vecinal,DGPEST,0101000020E6100000B62DCA6C90C758C0A73D25E7C4623340,https://maps.app.goo.gl/CfFcZ7vJEbNdthuy8,"AV. JUAN N. ÁLVAREZ CAMPAMENTO 2 DE OCTUBRE, IZTACALCO",IZTACALCO,CAMPAMENTO 2 DE OCTUBRE,PLATSOBSE_DGSUS_BALON_BARRIO_146_CAMPAMENTO_2_DE_OCTUBRE_146,2704,ACTIVO,,,,,,
09DBS0034A,PROFR JORGE CASAHONDA CASTILLO,,ESPACIO_PUBLICO,OBRAS QUE TRANSFORMAN EL ESPACIO PUBLICO Y CONTRIBUYEN AL DERECHO A LA CIUDAD,"1,2,3 POR MI ESCUELA RENOVAR PARA TRANSFORMAR","1,2,3_ESCUELAS",ILIFE,CASA POR CASA,2025,2026-06-10 21:02:23.469,actualizacion_ilife,,,TERMINADO,100.0,JUAN HERNANDEZ,ADULTOS,,,,ILIFE,0101000020E61000005CB94C2144C858C0D0715076E1723340,"https://www.google.com/maps/place/C.+Pe%C3%B1%C3%B3n+49,+Tepito,+Morelos,+Cuauht%C3%A9moc,+06200+Ciudad+de+M%C3%A9xico,+CDMX/@19.448561,-99.1293977,19.5z/data=!4m6!3m5!1s0x85d1f93bd5f419ab:0x3db2464e2f629918!8m2!3d19.4487359!4d-99.1291034!16s%2Fg%2F11c1k",PEÑON 49,CUAUHTÉMOC,MORELOS I,PLATSOBSE_ILIFE_1_2_3_ESCUELAS_PROFR_JORGE_CASAHONDA_CASTILLO_09DBS0034A_09DBS0034A,3010,ACTIVO,,,,,,
09DDI0008U,CAI SEP NO 08 LUIS G URBINA,,ESPACIO_PUBLICO,OBRAS QUE TRANSFORMAN EL ESPACIO PUBLICO Y CONTRIBUYEN AL DERECHO A LA CIUDAD,"1,2,3 POR MI ESCUELA RENOVAR PARA TRANSFORMAR","1,2,3_ESCUELAS",ILIFE,AUTORIDAD EDUCATIVA,2025,2026-05-13 19:46:40.513,actualizacion_ilife,,,TERMINADO,100.0,JUAN HERNANDEZ,CAI,,,,ILIFE,0101000020E61000004471847400C958C0C0249EFF47563340,"https://www.google.com/maps/place/CENDI+no.+8+%22Luis+G.+Urbina%22/@19.3369877,-99.1415177,19.14z/data=!4m10!1m2!2m1!1sCAI+SEP+NO+08+LUIS+G+URBINA!3m6!1s0x85ce01d5ddc9a315:0xde9d9911c2031d1!8m2!3d19.3368831!4d-99.1405523!15sChtDQUkgU0VQIE5PIDA4IExVSVMgRy",CALLE 801 MANZANA 8 NO 18,COYOACÁN,EL CENTINELA,PLATSOBSE_ILIFE_1_2_3_ESCUELAS_CAI_SEP_NO_08_LUIS_G_URBINA_09DDI0008U_09DDI0008U,3039,ACTIVO,,,,,,
09DPR1628V,SOTERO PRIETO,,ESPACIO_PUBLICO,OBRAS QUE TRANSFORMAN EL ESPACIO PUBLICO Y CONTRIBUYEN AL DERECHO A LA CIUDAD,"1,2,3 POR MI ESCUELA RENOVAR PARA TRANSFORMAR","1,2,3_ESCUELAS",DGCOP,CASA POR CASA,2025,2026-05-27 19:33:16.472,actualizacion_dgcop,,,TERMINADO,100.0,JUAN HERNANDEZ,PRIMARIA,,,,DGCOP,0101000020E6100000BAD7497D59CB58C08E76DCF0BB7D3340,https://maps.app.goo.gl/orVdHf8ULSvHLVxD7,CENTRAL,AZCAPOTZALCO,SANTA CATARINA (PBLO),PLATSOBSE_DGCOP_1_2_3_ESCUELAS_SOTERO_PRIETO_09DPR1628V_09DPR1628V,2783,ACTIVO,,,,,,
25,SAN JUAN ARCOS,,ECONOMIA,OBRAS QUE TRANSFORMAN LA ECONOMIA LOCAL Y FOMENTAN EL EMPLEO,MANTENIMIENTO A MERCADOS PUBLICOS,MTTO_MERCADOS,DGCOP,GABINETE,2025,2026-05-20 17:56:03.554,actualizacion_dgcop,,,TERMINADO,100.0,JUAN HERNANDEZ,MERCADO,,,,DGCOP,0101000020E61000003DF19C2D20C958C01747E5266A6D3340,https://maps.app.goo.gl/RNogNQkczjrF8hGP7,AV ARCOS DE BELEN,CUAUHTÉMOC,CENTRO VIII,PLATSOBSE_DGCOP_MTTO_MERCADOS_SAN_JUAN_ARCOS_25,3424,ACTIVO,,,,,,
09DPR2386V,JULIO ZARATE,,ESPACIO_PUBLICO,OBRAS QUE TRANSFORMAN EL ESPACIO PUBLICO Y CONTRIBUYEN AL DERECHO A LA CIUDAD,"1,2,3 POR MI ESCUELA RENOVAR PARA TRANSFORMAR","1,2,3_ESCUELAS",DGCOP,CASA POR CASA,2025,2026-05-20 16:38:09.064,actualizacion_dgcop,,,TERMINADO,100.0,JUAN HERNANDEZ,PRIMARIA,,,,DGCOP,0101000020E6100000A54A94BDA5C758C07D93A641D1703340,https://maps.app.goo.gl/CTEev9YXovUWZPib9,HOJALATERIA,VENUSTIANO CARRANZA,MORELOS II,PLATSOBSE_DGCOP_1_2_3_ESCUELAS_JULIO_ZARATE_09DPR2386V_09DPR2386V,2777,ACTIVO,,,,,,
09DPR2012G,LEYES DE REFORMA DEL 57,,ESPACIO_PUBLICO,OBRAS QUE TRANSFORMAN EL ESPACIO PUBLICO Y CONTRIBUYEN AL DERECHO A LA CIUDAD,"1,2,3 POR MI ESCUELA RENOVAR PARA TRANSFORMAR","1,2,3_ESCUELAS",DGCOP,CASA POR CASA,2025,2026-06-10 17:32:36.477,actualizacion_dgcop,,,EN PROCESO,91.73,JUAN HERNANDEZ,PRIMARIA,,,,DGCOP,0101000020E610000056B950F9D7CC58C0785E2A36E6393340,https://maps.app.goo.gl/HdygANt4HL5nzBydA,HIDALGO,TLALPAN,SAN MIGUEL AJUSCO (PBLO),PLATSOBSE_DGCOP_1_2_3_ESCUELAS_LEYES_DE_REFORMA_DEL_57_09DPR2012G_09DPR2012G,2947,ACTIVO,,,,,,
09DJN0346Q,JUAN RAMON JIMENEZ,,ESPACIO_PUBLICO,OBRAS QUE TRANSFORMAN EL ESPACIO PUBLICO Y CONTRIBUYEN AL DERECHO A LA CIUDAD,"1,2,3 POR MI ESCUELA RENOVAR PARA TRANSFORMAR","1,2,3_ESCUELAS",DGCOP,JEFA DE GOBIERNO,2025,2026-06-10 17:51:50.709,actualizacion_dgcop,,,EN PROCESO,88.59,JUAN HERNANDEZ,PREESCOLAR,,,,DGCOP,0101000020E6100000B612BA4BE2C658C04145D5AF74623340,https://maps.app.goo.gl/z2Kw3D3hgUAG6ByD9,CUMBRES 2,IZTACALCO,INFONAVIT IZTACALCO (U HAB) I,PLATSOBSE_DGCOP_1_2_3_ESCUELAS_JUAN_RAMON_JIMENEZ_09DJN0346Q_09DJN0346Q,2801,ACTIVO,,,,,,
09DPR4008H,PROFRA. CONCEPCION TARAZAGA COLOMER,,ESPACIO_PUBLICO,OBRAS QUE TRANSFORMAN EL ESPACIO PUBLICO Y CONTRIBUYEN AL DERECHO A LA CIUDAD,"1,2,3 POR MI ESCUELA RENOVAR PARA TRANSFORMAR","1,2,3_ESCUELAS",DGCOP,CASA POR CASA,2025,2026-06-03 18:34:41.091,actualizacion_dgcop,,,TERMINADO,100.0,JUAN HERNANDEZ,PRIMARIA,,,,DGCOP,0101000020E6100000D0D1AA9674CF58C012876C205D483340,https://maps.app.goo.gl/a4E9fCF9ni6NtMhg8,CIRCUITO NAHUI,TLALPAN,PEDREGAL DE SN NICOLAS 3A SECC,PLATSOBSE_DGCOP_1_2_3_ESCUELAS_PROFRA_CONCEPCION_TARAZAGA_COLOMER_09DPR4008H_09DPR4008H,2787,ACTIVO,,,,,,
09DPR1069A,JUAN CRISOSTOMO BONILLA,,ESPACIO_PUBLICO,OBRAS QUE TRANSFORMAN EL ESPACIO PUBLICO Y CONTRIBUYEN AL DERECHO A LA CIUDAD,"1,2,3 POR MI ESCUELA RENOVAR PARA TRANSFORMAR","1,2,3_ESCUELAS",DGCOP,JEFA DE GOBIERNO,2025,2026-06-10 18:01:22.081,actualizacion_dgcop,,,EN PROCESO,82.48,JUAN HERNANDEZ,PRIMARIA,,,,DGCOP,0101000020E6100000E90DF7915BC558C0D1048A58C4683340,https://maps.app.goo.gl/g3KCqiZ1A23B35Wd6,CALLE 65,VENUSTIANO CARRANZA,PUEBLA,PLATSOBSE_DGCOP_1_2_3_ESCUELAS_JUAN_CRISOSTOMO_BONILLA_09DPR1069A_09DPR1069A,2800,ACTIVO,,,,,,
09DES0193M,JULIAN CARRILLO,,ESPACIO_PUBLICO,OBRAS QUE TRANSFORMAN EL ESPACIO PUBLICO Y CONTRIBUYEN AL DERECHO A LA CIUDAD,"1,2,3 POR MI ESCUELA RENOVAR PARA TRANSFORMAR","1,2,3_ESCUELAS",DGCOP,CASA POR CASA,2025,,,,,TERMINADO,100.0,JUAN HERNANDEZ,SECUNDARIA,,,,DGCOP,0101000020E61000003DD52137C3CC58C03AB187F6B1823340,https://maps.app.goo.gl/HcQcT269EabT3y4n9,CALLE ALBA?ILES & URANIO,AZCAPOTZALCO,EL ROSARIO C (U HAB),PLATSOBSE_DGCOP_1_2_3_ESCUELAS_JULIAN_CARRILLO_09DES0193M_09DES0193M,2802,ACTIVO,,,,,,
09DPR5125D,DR EDUARDO LICEAGA,,ESPACIO_PUBLICO,OBRAS QUE TRANSFORMAN EL ESPACIO PUBLICO Y CONTRIBUYEN AL DERECHO A LA CIUDAD,"1,2,3 POR MI ESCUELA RENOVAR PARA TRANSFORMAR","1,2,3_ESCUELAS",ILIFE,CASA POR CASA,2025,,,,,TERMINADO,100.0,JUAN HERNANDEZ,PRIMARIA,,,,ILIFE,0101000020E6100000043EC2A446D158C060547ACA9C4D3340,"https://www.google.com/maps/place/Esc.Primaria+%22Dr.+Eduardo+Liceaga%22/@19.303229,-99.2696559,20.25z/data=!4m6!3m5!1s0x85cdff372cb6774f:0xfd9c77fc6b00fd5e!8m2!3d19.3031692!4d-99.2699337!16s%2Fg%2F11df1f8wt_?entry=ttu&g_ep=EgoyMDI2MDIxMC4wIKXMDSoASAFQAw","ANDADOR 14, 14-1",LA MAGDALENA CONTRERAS,TIERRA UNIDA,PLATSOBSE_ILIFE_1_2_3_ESCUELAS_DR_EDUARDO_LICEAGA_09DPR5125D_09DPR5125D,3053,ACTIVO,,,,,,
09DPR5127B,MEDICO BERNARDO SEPULVEDA GUTIERREZ,,ESPACIO_PUBLICO,OBRAS QUE TRANSFORMAN EL ESPACIO PUBLICO Y CONTRIBUYEN AL DERECHO A LA CIUDAD,"1,2,3 POR MI ESCUELA RENOVAR PARA TRANSFORMAR","1,2,3_ESCUELAS",ILIFE,CASA POR CASA,2025,,,,,TERMINADO,100.0,JUAN HERNANDEZ,PRIMARIA,,,,ILIFE,0101000020E610000060B9F9B10BD158C050776CA0604E3340,"https://www.google.com/maps/place/E.+P.+M%C3%A9dico+Bernardo+Sepulveda+G./@19.3059095,-99.2669438,19.5z/data=!4m6!3m5!1s0x85cdff383471dc2b:0xf57461446c16ef0d!8m2!3d19.3061383!4d-99.2664748!16s%2Fg%2F11c73g2bgq?entry=ttu&g_ep=EgoyMDI2MDIxMC4wIKXMDSoASAFQA",AV OJO DE AGUA SN,LA MAGDALENA CONTRERAS,TIERRA UNIDA,PLATSOBSE_ILIFE_1_2_3_ESCUELAS_MEDICO_BERNARDO_SEPULVEDA_GUTIERREZ_09DPR5127B_09DPR5127B,3054,ACTIVO,,,,,,
09DPR2076R,GRECIA,,ESPACIO_PUBLICO,OBRAS QUE TRANSFORMAN EL ESPACIO PUBLICO Y CONTRIBUYEN AL DERECHO A LA CIUDAD,"1,2,3 POR MI ESCUELA RENOVAR PARA TRANSFORMAR","1,2,3_ESCUELAS",DGCOP,AUTORIDAD EDUCATIVA,2025,2026-06-03 18:41:52.703,actualizacion_dgcop,,,TERMINADO,100.0,JUAN HERNANDEZ,PRIMARIA,,,,DGCOP,0101000020E6100000AEF02E17F1C858C0FF91E9D0E9453340,https://maps.app.goo.gl/3J5TZTHvncySDro37,ABASOLO,XOCHIMILCO,SANTA MARIA TEPEPAN (PBLO),PLATSOBSE_DGCOP_1_2_3_ESCUELAS_GRECIA_09DPR2076R_09DPR2076R,2795,ACTIVO,,,,,,
09DJN0262I,AGUSTIN MELGAR,,ESPACIO_PUBLICO,OBRAS QUE TRANSFORMAN EL ESPACIO PUBLICO Y CONTRIBUYEN AL DERECHO A LA CIUDAD,"1,2,3 POR MI ESCUELA RENOVAR PARA TRANSFORMAR","1,2,3_ESCUELAS",DGCOP,CASA POR CASA,2025,,,,,TERMINADO,100.0,JUAN HERNANDEZ,PREESCOLAR,,,,DGCOP,0101000020E6100000CCD92E46DCCB58C031BFD077FB743340,https://maps.app.goo.gl/M3kWinCVBBhcxLy28,CDA. GOLFO DE CALIFORNIA,MIGUEL HIDALGO,TACUBA,PLATSOBSE_DGCOP_1_2_3_ESCUELAS_AGUSTIN_MELGAR_09DJN0262I_09DJN0262I,2814,ACTIVO,,,,,,
09DST0065J,ESCUELA SECUNDARIA TECNICA 65,,ESPACIO_PUBLICO,OBRAS QUE TRANSFORMAN EL ESPACIO PUBLICO Y CONTRIBUYEN AL DERECHO A LA CIUDAD,"1,2,3 POR MI ESCUELA RENOVAR PARA TRANSFORMAR","1,2,3_ESCUELAS",DGCOP,AUTORIDAD EDUCATIVA FEDERAL,2025,2026-06-10 16:36:02.075,actualizacion_dgcop,,,TERMINADO,100.0,JUAN HERNANDEZ,SECUNDARIA,,,,DGCOP,0101000020E6100000FD9FC37C79C958C0132BA391CF7B3340,https://maps.app.goo.gl/ABzGwMsvf4XZgp6a6,AV. SUR DE LOS 100 METROS,GUSTAVO A. MADERO,MAGDALENA DE LAS SALINAS,PLATSOBSE_DGCOP_1_2_3_ESCUELAS_ESCUELA_SECUNDARIA_TECNICA_65_09DST0065J_09DST0065J,2807,ACTIVO,,,,,,
09DML0048Q,CENTRO DE ATENCION MULTIPLE No. 19,,ESPACIO_PUBLICO,OBRAS QUE TRANSFORMAN EL ESPACIO PUBLICO Y CONTRIBUYEN AL DERECHO A LA CIUDAD,"1,2,3 POR MI ESCUELA RENOVAR PARA TRANSFORMAR","1,2,3_ESCUELAS",DGCOP,SECTEI,2025,2026-06-10 18:22:31.264,actualizacion_dgcop,,,EN PROCESO,51.47,JUAN HERNANDEZ,CAM,,,,DGCOP,0101000020E6100000E27492AD2EC158C0EA92718C643F3340,https://maps.app.goo.gl/XPcDvmVn8SRUwL1H7,CAM. ANCHO,XOCHIMILCO,LOS CERRILLOS I,PLATSOBSE_DGCOP_1_2_3_ESCUELAS_CENTRO_DE_ATENCION_MULTIPLE_NO_19_09DML0048Q_09DML0048Q,2796,ACTIVO,,,,,,
09DES0056J,MARCELINO MENENDEZ Y PELAYO,,ESPACIO_PUBLICO,OBRAS QUE TRANSFORMAN EL ESPACIO PUBLICO Y CONTRIBUYEN AL DERECHO A LA CIUDAD,"1,2,3 POR MI ESCUELA RENOVAR PARA TRANSFORMAR","1,2,3_ESCUELAS",DGCOP,CASA POR CASA,2025,2026-06-10 18:53:42.811,actualizacion_dgcop,,,EN PROCESO,13.1,JUAN HERNANDEZ,SECUNDARIA,,,,DGCOP,0101000020E6100000EB9F82D5A4C458C08A2F7649BD643340,https://maps.app.goo.gl/Z1ZCX2yF7ck7TFtW9,SUR 16,IZTACALCO,AGRICOLA ORIENTAL V,PLATSOBSE_DGCOP_1_2_3_ESCUELAS_MARCELINO_MENENDEZ_Y_PELAYO_09DES0056J_09DES0056J,2793,ACTIVO,,,,,,
09DPR1737B,ADOLFO CIENFUEGOS Y CAMUS,,ESPACIO_PUBLICO,OBRAS QUE TRANSFORMAN EL ESPACIO PUBLICO Y CONTRIBUYEN AL DERECHO A LA CIUDAD,"1,2,3 POR MI ESCUELA RENOVAR PARA TRANSFORMAR","1,2,3_ESCUELAS",DGCOP,CASA POR CASA,2025,,,,,TERMINADO,100.0,JUAN HERNANDEZ,PRIMARIA,,,,DGCOP,0101000020E61000004C70EA03C9CB58C0245E9ECE15753340,https://maps.app.goo.gl/FvY4SNF1h549MSWM6,GOLFO DE CALIFORNIA,MIGUEL HIDALGO,TACUBA,PLATSOBSE_DGCOP_1_2_3_ESCUELAS_ADOLFO_CIENFUEGOS_Y_CAMUS_09DPR1737B_09DPR1737B,2813,ACTIVO,,,,,,
09DJN0399V,TONALI,,ESPACIO_PUBLICO,OBRAS QUE TRANSFORMAN EL ESPACIO PUBLICO Y CONTRIBUYEN AL DERECHO A LA CIUDAD,"1,2,3 POR MI ESCUELA RENOVAR PARA TRANSFORMAR","1,2,3_ESCUELAS",DGCOP,CASA POR CASA,2025,2026-06-10 16:35:03.369,actualizacion_dgcop,,,EN PROCESO,96.0,JUAN HERNANDEZ,PREESCOLAR,,,,DGCOP,0101000020E6100000E6AF90B932CF58C0F4FDD478E94A3340,https://maps.app.goo.gl/m2mhADudTayL96Rd7,SINANCHE,TLALPAN,PEDREGAL DE SN NICOLAS 1A SECC,PLATSOBSE_DGCOP_1_2_3_ESCUELAS_TONALI_09DJN0399V_09DJN0399V,2827,ACTIVO,,,,,,
26,ABELARDO L. RODRIGUEZ ZONA,,ECONOMIA,OBRAS QUE TRANSFORMAN LA ECONOMIA LOCAL Y FOMENTAN EL EMPLEO,MANTENIMIENTO A MERCADOS PUBLICOS,MTTO_MERCADOS,DGCOP,GABINETE,2025,2026-06-10 17:54:12.755,actualizacion_dgcop,,,EN PROCESO,68.9,JUAN HERNANDEZ,MERCADO,,,,DGCOP,0101000020E61000008BF9B9A129C858C0629E95B4E26F3340,https://maps.app.goo.gl/RQq5submNUzYsPbj6,GIRON,CUAUHTÉMOC,CENTRO III,PLATSOBSE_DGCOP_MTTO_MERCADOS_ABELARDO_L_RODRIGUEZ_ZONA_26,3421,ACTIVO,,,,,,
09DPR1673H,PROFR. ISIDRO C. TORRES MORENO,,ESPACIO_PUBLICO,OBRAS QUE TRANSFORMAN EL ESPACIO PUBLICO Y CONTRIBUYEN AL DERECHO A LA CIUDAD,"1,2,3 POR MI ESCUELA RENOVAR PARA TRANSFORMAR","1,2,3_ESCUELAS",DGCOP,CASA POR CASA,2025,2026-06-10 18:50:55.535,actualizacion_dgcop,,,EN PROCESO,27.65,JUAN HERNANDEZ,PRIMARIA,,,,DGCOP,0101000020E6100000AC70CB4752C758C06B48DC63E9633340,https://maps.app.goo.gl/nYpvGTUJM34vu3Kg7,SUR 101,IZTACALCO,SAN MIGUEL (BARR),PLATSOBSE_DGCOP_1_2_3_ESCUELAS_PROFR_ISIDRO_C_TORRES_MORENO_09DPR1673H_09DPR1673H,2817,ACTIVO,,,,,,
09DPR3169N,PROFRA. ROSA NAVARRO,,ESPACIO_PUBLICO,OBRAS QUE TRANSFORMAN EL ESPACIO PUBLICO Y CONTRIBUYEN AL DERECHO A LA CIUDAD,"1,2,3 POR MI ESCUELA RENOVAR PARA TRANSFORMAR","1,2,3_ESCUELAS",DGCOP,CASA POR CASA,2025,2026-06-10 18:53:13.161,actualizacion_dgcop,,,EN PROCESO,21.68,JUAN HERNANDEZ,PRIMARIA,,,,DGCOP,0101000020E61000001E6FF25B74C758C007B64AB038643340,https://maps.app.goo.gl/Ajq9gss2VK7UdgMKA,FRANCISCO I. MADERO,IZTACALCO,SAN MIGUEL (BARR),PLATSOBSE_DGCOP_1_2_3_ESCUELAS_PROFRA_ROSA_NAVARRO_09DPR3169N_09DPR3169N,2816,ACTIVO,,,,,,
09DJN0251C,GABRIELA BRIMMER,,ESPACIO_PUBLICO,OBRAS QUE TRANSFORMAN EL ESPACIO PUBLICO Y CONTRIBUYEN AL DERECHO A LA CIUDAD,"1,2,3 POR MI ESCUELA RENOVAR PARA TRANSFORMAR","1,2,3_ESCUELAS",DGCOP,SECTEI,2025,2026-06-03 18:38:05.246,actualizacion_dgcop,,,TERMINADO,100.0,JUAN HERNANDEZ,PREESCOLAR,,,,DGCOP,0101000020E61000008E59F624B0CD58C087BF266BD47B3340,https://maps.app.goo.gl/U39TkbhFUSrN64tG9,MACARIO GAXIOLA,AZCAPOTZALCO,SAN PEDRO XALPA (PBLO),PLATSOBSE_DGCOP_1_2_3_ESCUELAS_GABRIELA_BRIMMER_09DJN0251C_09DJN0251C,2810,ACTIVO,,,,,,
09DPR2313C,ARTEMIO DE VALLE ARIZPE,,ESPACIO_PUBLICO,OBRAS QUE TRANSFORMAN EL ESPACIO PUBLICO Y CONTRIBUYEN AL DERECHO A LA CIUDAD,"1,2,3 POR MI ESCUELA RENOVAR PARA TRANSFORMAR","1,2,3_ESCUELAS",DGCOP,AUTORIDAD EDUCATIVA,2025,,,,,TERMINADO,100.0,JUAN HERNANDEZ,PRIMARIA,,,,DGCOP,0101000020E61000006C97361C96C758C00DA7CCCD376A3340,https://maps.app.goo.gl/UiA79UngyMmrpBZx9,PRIVADA CUCURPE,VENUSTIANO CARRANZA,EL PARQUE,PLATSOBSE_DGCOP_1_2_3_ESCUELAS_ARTEMIO_DE_VALLE_ARIZPE_09DPR2313C_09DPR2313C,2820,ACTIVO,,,,,,
09DES0103D,REPUBLICA MEXICANA,,ESPACIO_PUBLICO,OBRAS QUE TRANSFORMAN EL ESPACIO PUBLICO Y CONTRIBUYEN AL DERECHO A LA CIUDAD,"1,2,3 POR MI ESCUELA RENOVAR PARA TRANSFORMAR","1,2,3_ESCUELAS",DGCOP,AUTORIDAD EDUCATIVA FEDERAL,2025,2026-06-10 17:50:26.189,actualizacion_dgcop,,,EN PROCESO,95.0,JUAN HERNANDEZ,SECUNDARIA,,,,DGCOP,0101000020E6100000EF54C03DCFC958C0F5A10BEA5B6E3340,https://maps.app.goo.gl/my5D9FcTr3k7rQ1y9,ABRAHAM GONZALEZ,CUAUHTEMOC,JUAREZ,PLATSOBSE_DGCOP_1_2_3_ESCUELAS_REPUBLICA_MEXICANA_09DES0103D_09DES0103D,2822,ACTIVO,,,,,,
09DPR0851N,MACHTITEOPAN,,ESPACIO_PUBLICO,OBRAS QUE TRANSFORMAN EL ESPACIO PUBLICO Y CONTRIBUYEN AL DERECHO A LA CIUDAD,"1,2,3 POR MI ESCUELA RENOVAR PARA TRANSFORMAR","1,2,3_ESCUELAS",DGCOP,CASA POR CASA,2025,2026-06-10 18:05:36.018,actualizacion_dgcop,,,EN PROCESO,78.13,JUAN HERNANDEZ,PRIMARIA,,,,DGCOP,0101000020E61000003EE94482A9C358C099D36531B16D3340,https://maps.app.goo.gl/itsLHU7w3xPh3Vct8,XOCHITLAN SUR MZB10,VENUSTIANO CARRANZA,EL ARENAL 4A SECCION,PLATSOBSE_DGCOP_1_2_3_ESCUELAS_MACHTITEOPAN_09DPR0851N_09DPR0851N,2832,ACTIVO,,,,,,
09DML0093C,CENTRO DE ATENCION MULTIPLE No. 4,,ESPACIO_PUBLICO,OBRAS QUE TRANSFORMAN EL ESPACIO PUBLICO Y CONTRIBUYEN AL DERECHO A LA CIUDAD,"1,2,3 POR MI ESCUELA RENOVAR PARA TRANSFORMAR","1,2,3_ESCUELAS",DGCOP,AUTORIDAD EDUCATIVA,2025,2026-06-10 16:36:36.484,actualizacion_dgcop,,,EN PROCESO,95.0,JUAN HERNANDEZ,CAM,,,,DGCOP,0101000020E6100000C6F7C5A52ACB58C0DDED7A698A7C3340,https://maps.app.goo.gl/pDUF59jeNGDjrKhq7,AV. DE LAS GRANJAS,AZCAPOTZALCO,SANTO TOMAS,PLATSOBSE_DGCOP_1_2_3_ESCUELAS_CENTRO_DE_ATENCION_MULTIPLE_NO_4_09DML0093C_09DML0093C,2834,ACTIVO,,,,,,
09DES0121T,RABINDRANATH TAGORE,,ESPACIO_PUBLICO,OBRAS QUE TRANSFORMAN EL ESPACIO PUBLICO Y CONTRIBUYEN AL DERECHO A LA CIUDAD,"1,2,3 POR MI ESCUELA RENOVAR PARA TRANSFORMAR","1,2,3_ESCUELAS",DGCOP,JEFA DE GOBIERNO,2025,2026-06-10 18:08:43.567,actualizacion_dgcop,,,EN PROCESO,76.03,JUAN HERNANDEZ,SECUNDARIA,,,,DGCOP,0101000020E61000009B215514AFCA58C0B22B2D23F5723340,https://maps.app.goo.gl/aoHVT15FohmmuP1A7,AV. DE LOS MAESTROS,MIGUEL HIDALGO,UN HOGAR PARA NOSOTROS,PLATSOBSE_DGCOP_1_2_3_ESCUELAS_RABINDRANATH_TAGORE_09DES0121T_09DES0121T,2821,ACTIVO,,,,,,
09DPR2010I,MIGUEL RAMIREZ CASTANEDA,,ESPACIO_PUBLICO,OBRAS QUE TRANSFORMAN EL ESPACIO PUBLICO Y CONTRIBUYEN AL DERECHO A LA CIUDAD,"1,2,3 POR MI ESCUELA RENOVAR PARA TRANSFORMAR","1,2,3_ESCUELAS",DGCOP,CASA POR CASA,2025,2026-06-10 18:10:15.712,actualizacion_dgcop,,,EN PROCESO,70.59,JUAN HERNANDEZ,PRIMARIA,,,,DGCOP,0101000020E6100000AC527AA697CB58C04451A04FE4493340,https://maps.app.goo.gl/TYcNT7g1p6KQqBhc9,SOR JUANA INES DE LA CRUZ,TLALPAN,MIGUEL HIDALGO,PLATSOBSE_DGCOP_1_2_3_ESCUELAS_MIGUEL_RAMIREZ_CASTANEDA_09DPR2010I_09DPR2010I,3001,ACTIVO,,,,,,
09DPR1048O,PEDRO ROMERO DE TERREROS,,ESPACIO_PUBLICO,OBRAS QUE TRANSFORMAN EL ESPACIO PUBLICO Y CONTRIBUYEN AL DERECHO A LA CIUDAD,"1,2,3 POR MI ESCUELA RENOVAR PARA TRANSFORMAR","1,2,3_ESCUELAS",DGCOP,CASA POR CASA,2025,2026-06-10 18:30:48.867,actualizacion_dgcop,,,EN PROCESO,42.0,JUAN HERNANDEZ,PRIMARIA,,,,DGCOP,0101000020E610000071766B990CC458C01FF818AC38693340,https://maps.app.goo.gl/wRgHHW9GeGLGYjzY6,CALLE 4,IZTACALCO,PANTITLAN IV,PLATSOBSE_DGCOP_1_2_3_ESCUELAS_PEDRO_ROMERO_DE_TERREROS_09DPR1048O_09DPR1048O,2829,ACTIVO,,,,,,
09DES0203C,AZCAPOTZALCO,,ESPACIO_PUBLICO,OBRAS QUE TRANSFORMAN EL ESPACIO PUBLICO Y CONTRIBUYEN AL DERECHO A LA CIUDAD,"1,2,3 POR MI ESCUELA RENOVAR PARA TRANSFORMAR","1,2,3_ESCUELAS",DGCOP,CASA POR CASA,2025,2026-05-27 18:51:04.992,actualizacion_dgcop,,,TERMINADO,100.0,JUAN HERNANDEZ,SECUNDARIA,,,,DGCOP,0101000020E6100000C09657AEB7CB58C0FE7C5BB0547F3340,https://maps.app.goo.gl/7uQGkF4EXieh1XTv9,CALZ. DE LOS ANGELES,AZCAPOTZALCO,SANTA BARBARA (PBLO),PLATSOBSE_DGCOP_1_2_3_ESCUELAS_AZCAPOTZALCO_09DES0203C_09DES0203C,2843,ACTIVO,,,,,,
09DPR3243E,PROFR. ARNULFO PEREZ HERNANDEZ,,ESPACIO_PUBLICO,OBRAS QUE TRANSFORMAN EL ESPACIO PUBLICO Y CONTRIBUYEN AL DERECHO A LA CIUDAD,"1,2,3 POR MI ESCUELA RENOVAR PARA TRANSFORMAR","1,2,3_ESCUELAS",DGCOP,CASA POR CASA,2025,2026-06-03 18:14:01.806,actualizacion_dgcop,,,TERMINADO,100.0,JUAN HERNANDEZ,PRIMARIA,,,,DGCOP,0101000020E6100000EF3CF19C2DC758C0BCAE5FB01B623340,https://maps.app.goo.gl/MKuAzjvdDHGNsSrQ9,GUILLERMO PRIETO,IZTACALCO,CAMPAMENTO 2 DE OCTUBRE I,PLATSOBSE_DGCOP_1_2_3_ESCUELAS_PROFR_ARNULFO_PEREZ_HERNANDEZ_09DPR3243E_09DPR3243E,2819,ACTIVO,,,,,,
09DES0081I,REPUBLICA DE COLOMBIA,,ESPACIO_PUBLICO,OBRAS QUE TRANSFORMAN EL ESPACIO PUBLICO Y CONTRIBUYEN AL DERECHO A LA CIUDAD,"1,2,3 POR MI ESCUELA RENOVAR PARA TRANSFORMAR","1,2,3_ESCUELAS",DGCOP,AUTORIDAD EDUCATIVA FEDERAL,2025,2026-06-10 18:21:04.765,actualizacion_dgcop,,,EN PROCESO,70.75,JUAN HERNANDEZ,SECUNDARIA,,,,DGCOP,0101000020E61000002B14E97E4EC758C0D87DC7F0D8773340,https://maps.app.goo.gl/DAE22rTyX8KShkSB9,AV. HENRY FORD,GUSTAVO A. MADERO,BONDOJITO,PLATSOBSE_DGCOP_1_2_3_ESCUELAS_REPUBLICA_DE_COLOMBIA_09DES0081I_09DES0081I,2846,ACTIVO,,,,,,
09DPR1792V,REPUBLICA DE COSTA RICA,,ESPACIO_PUBLICO,OBRAS QUE TRANSFORMAN EL ESPACIO PUBLICO Y CONTRIBUYEN AL DERECHO A LA CIUDAD,"1,2,3 POR MI ESCUELA RENOVAR PARA TRANSFORMAR","1,2,3_ESCUELAS",DGCOP,AUTORIDAD EDUCATIVA FEDERAL,2025,2026-06-10 18:25:49.820,actualizacion_dgcop,,,EN PROCESO,48.63,JUAN HERNANDEZ,PRIMARIA,,,,DGCOP,0101000020E61000009E245D33F9CB58C0664F029B73683340,https://maps.app.goo.gl/iX1tNpGUZPjy2uqGA,GOBERNADOR AGUSTIN VICENTE EGUIA,MIGUEL HIDALGO,SAN MIGUEL CHAPULTEPEC II,PLATSOBSE_DGCOP_1_2_3_ESCUELAS_REPUBLICA_DE_COSTA_RICA_09DPR1792V_09DPR1792V,2836,ACTIVO,,,,,,
09DPR1730I,CENTRO ESCOLAR MEXICO 09DPR17301,,ESPACIO_PUBLICO,OBRAS QUE TRANSFORMAN EL ESPACIO PUBLICO Y CONTRIBUYEN AL DERECHO A LA CIUDAD,"1,2,3 POR MI ESCUELA RENOVAR PARA TRANSFORMAR","1,2,3_ESCUELAS",DGCOP,CASA POR CASA,2025,2026-06-10 18:51:30.512,actualizacion_dgcop,,,EN PROCESO,51.03,PAULA LOPEZ,PRIMARIA,,,,DGCOP,0101000020E61000001C76F7FD6CCC58C0641E3066D6723340,https://maps.app.goo.gl/UbP3qtrqq71Ko3UB6,DANIEL CABRERA,MIGUEL HIDALGO,REFORMA PENSIL,PLATSOBSE_DGCOP_1_2_3_ESCUELAS_CENTRO_ESCOLAR_MEXICO_09DPR17301_09DPR1730I_09DPR1730I,2845,ACTIVO,,,,,,
09DPR1574H,DEFENSORES DE LA REPUBLICA,,ESPACIO_PUBLICO,OBRAS QUE TRANSFORMAN EL ESPACIO PUBLICO Y CONTRIBUYEN AL DERECHO A LA CIUDAD,"1,2,3 POR MI ESCUELA RENOVAR PARA TRANSFORMAR","1,2,3_ESCUELAS",DGCOP,AUTORIDAD EDUCATIVA FEDERAL,2025,2026-06-10 17:56:56.546,actualizacion_dgcop,,,EN PROCESO,90.36,PAULA LOPEZ,PRIMARIA,,,,DGCOP,0101000020E61000008369183E22C958C07FBF982D59793340,https://maps.app.goo.gl/JmCAxExcbjvoWB7dA,NTE. 3,GUSTAVO A. MADERO,DEFENSORES DE LA REPUBLICA,PLATSOBSE_DGCOP_1_2_3_ESCUELAS_DEFENSORES_DE_LA_REPUBLICA_09DPR1574H_09DPR1574H,2854,ACTIVO,,,,,,
09DPR1621B,CARLOS MARX,,ESPACIO_PUBLICO,OBRAS QUE TRANSFORMAN EL ESPACIO PUBLICO Y CONTRIBUYEN AL DERECHO A LA CIUDAD,"1,2,3 POR MI ESCUELA RENOVAR PARA TRANSFORMAR","1,2,3_ESCUELAS",DGCOP,CASA POR CASA,2025,2026-06-10 17:30:41.099,actualizacion_dgcop,,,EN PROCESO,94.0,PAULA LOPEZ,PRIMARIA,,,,DGCOP,0101000020E6100000D05DB32EB7CB58C05923F15D027F3340,https://maps.app.goo.gl/ajZqY2P4P64EHHSx9,AVENIDA MIGUEL HIDALGO,AZCAPOTZALCO,SANTA BARBARA (PBLO),PLATSOBSE_DGCOP_1_2_3_ESCUELAS_CARLOS_MARX_09DPR1621B_09DPR1621B,2849,ACTIVO,,,,,,
09DJN0706L,GRAL. CESAREO CASTRO,,ESPACIO_PUBLICO,OBRAS QUE TRANSFORMAN EL ESPACIO PUBLICO Y CONTRIBUYEN AL DERECHO A LA CIUDAD,"1,2,3 POR MI ESCUELA RENOVAR PARA TRANSFORMAR","1,2,3_ESCUELAS",DGCOP,CASA POR CASA,2025,2026-06-10 18:03:00.627,actualizacion_dgcop,,,EN PROCESO,81.34,PAULA LOPEZ,PREESCOLAR,,,,DGCOP,0101000020E6100000E9995E622CC658C037E3344415723340,https://maps.app.goo.gl/mVoiqGUUqyboBspp6,TRANSVAAL,VENUSTIANO CARRANZA,ROMERO RUBIO,PLATSOBSE_DGCOP_1_2_3_ESCUELAS_GRAL_CESAREO_CASTRO_09DJN0706L_09DJN0706L,2856,ACTIVO,,,,,,
09DPR1733F,CENTRO ESCOLAR MEXICO 09DPR1733F,,ESPACIO_PUBLICO,OBRAS QUE TRANSFORMAN EL ESPACIO PUBLICO Y CONTRIBUYEN AL DERECHO A LA CIUDAD,"1,2,3 POR MI ESCUELA RENOVAR PARA TRANSFORMAR","1,2,3_ESCUELAS",DGCOP,CASA POR CASA,2025,2026-06-10 18:03:43.885,actualizacion_dgcop,,,EN PROCESO,80.5,PAULA LOPEZ,PRIMARIA,,,,DGCOP,0101000020E6100000D65354196FCC58C0599E11F8CC723340,https://maps.app.goo.gl/UbP3qtrqq71Ko3UB6,DANIEL CABRERA,MIGUEL HIDALGO,REFORMA PENSIL,PLATSOBSE_DGCOP_1_2_3_ESCUELAS_CENTRO_ESCOLAR_MEXICO_09DPR1733F_09DPR1733F_09DPR1733F,2855,ACTIVO,,,,,,
09DPR1572J,ESTADO DE JALISCO,,ESPACIO_PUBLICO,OBRAS QUE TRANSFORMAN EL ESPACIO PUBLICO Y CONTRIBUYEN AL DERECHO A LA CIUDAD,"1,2,3 POR MI ESCUELA RENOVAR PARA TRANSFORMAR","1,2,3_ESCUELAS",DGCOP,CASA POR CASA,2025,2026-06-10 18:19:45.314,actualizacion_dgcop,,,EN PROCESO,64.01,PAULA LOPEZ,PRIMARIA,,,,DGCOP,0101000020E61000007CB779E3A4C958C0BC41B456B4793340,https://maps.app.goo.gl/rwrxQiMA9h2rg9TKA,CENTRAL SUR,AZCAPOTZALCO,PRO HOGAR I,PLATSOBSE_DGCOP_1_2_3_ESCUELAS_ESTADO_DE_JALISCO_09DPR1572J_09DPR1572J,2839,ACTIVO,,,,,,
09DES0289Z,ANTONIO CARRILLO FLORES,,ESPACIO_PUBLICO,OBRAS QUE TRANSFORMAN EL ESPACIO PUBLICO Y CONTRIBUYEN AL DERECHO A LA CIUDAD,"1,2,3 POR MI ESCUELA RENOVAR PARA TRANSFORMAR","1,2,3_ESCUELAS",DGCOP,CASA POR CASA,2025,2026-06-03 18:55:32.564,actualizacion_dgcop,,,TERMINADO,100.0,PAULA LOPEZ,SECUNDARIA,,,,DGCOP,0101000020E610000048F949B54FD458C0D8F4A0A014593340,https://maps.app.goo.gl/UT6M6E2tTpdTHJ3i7,DEL TECNOLOGICO,CUAJIMALPA DE MORELOS,SAN PABLO CHIMALPA (PBLO),PLATSOBSE_DGCOP_1_2_3_ESCUELAS_ANTONIO_CARRILLO_FLORES_09DES0289Z_09DES0289Z,2840,ACTIVO,,,,,,
09DPR3219E,BELICE,,ESPACIO_PUBLICO,OBRAS QUE TRANSFORMAN EL ESPACIO PUBLICO Y CONTRIBUYEN AL DERECHO A LA CIUDAD,"1,2,3 POR MI ESCUELA RENOVAR PARA TRANSFORMAR","1,2,3_ESCUELAS",DGCOP,CASA POR CASA,2025,2026-06-10 16:23:39.763,actualizacion_dgcop,,,TERMINADO,100.0,PAULA LOPEZ,PRIMARIA,,,,DGCOP,0101000020E6100000C34659BF99C558C01EA8531EDD803340,https://maps.app.goo.gl/upPdtAKBMswcpUAm8,EDUARDO MOLINA,GUSTAVO A. MADERO,NUEVA ATZACOALCO I,PLATSOBSE_DGCOP_1_2_3_ESCUELAS_BELICE_09DPR3219E_09DPR3219E,2848,ACTIVO,,,,,,
2,CAIS VASCO DE QUIROGA,,CUIDADO,OBRAS QUE TRANSFORMAN LAS TAREAS DEL CUIDADO Y EL BIENESTAR,REHABILITACION DE INFRAESTRUCTURA PUBLICA (ALBERGUES),ALBERGUES,DGCOP,OBRAS EN GENERAL,2025,,,,,TERMINADO,100.0,PAULA LOPEZ,ALBERGUE,,,,DGCOP,0101000020E61000001D1CEC4D0CC858C09B046F48A3723340,https://maps.app.goo.gl/txCxpwK5aEzDKq4x6,AVENIDA DEL TRABAJO,VENUSTIANO CARRANZA,MORELOS I,PLATSOBSE_DGCOP_ALBERGUES_CAIS_VASCO_DE_QUIROGA_2,3108,ACTIVO,,,,,,
1,HUIPULCO,12.0,MOVILIDAD,OBRAS QUE TRANSFORMAN LA MOVILIDAD SUSTENTABLE,BICIESTACIONAMIENTOS,BICIESTACIONAMIENTOS,DGCOP,OBRAS DEL MUNDIAL,2025,,,,,TERMINADO,100.0,PAULA LOPEZ,BICIESTACIONAMIENTO,,,,DGCOP,0101000020E61000006599F4B772C958C0707FCED0EA4C3340,https://maps.app.goo.gl/5nSPcJRWxmG3af8D7,CALZ. TLALPAN,TLALPAN,SAN LORENZO HUIPULCO,PLATSOBSE_DGCOP_BICIESTACIONAMIENTOS_HUIPULCO_1,3109,ACTIVO,,,,,,
09DPR1680R,COMODORO MANUEL AZUETA PERILLOS,,ESPACIO_PUBLICO,OBRAS QUE TRANSFORMAN EL ESPACIO PUBLICO Y CONTRIBUYEN AL DERECHO A LA CIUDAD,"1,2,3 POR MI ESCUELA RENOVAR PARA TRANSFORMAR","1,2,3_ESCUELAS",DGCOP,FAM REGULAR,2025,2026-06-10 17:31:02.583,actualizacion_dgcop,,,EN PROCESO,93.13,PAULA LOPEZ,PRIMARIA,,,,DGCOP,0101000020E6100000F0BE2A172ACD58C03BA92F4B3B753340,https://maps.app.goo.gl/k13TDq9rC1iNKL9K8,RIO URUGUAY,MIGUEL HIDALGO,NUEVA ARGENTINA (ARGENTINA PONIENTE),PLATSOBSE_DGCOP_1_2_3_ESCUELAS_COMODORO_MANUEL_AZUETA_PERILLOS_09DPR1680R_09DPR1680R,2851,ACTIVO,,,,,,
09DPR2802S,ELISEO BANDALA FERNANDEZ,,ESPACIO_PUBLICO,OBRAS QUE TRANSFORMAN EL ESPACIO PUBLICO Y CONTRIBUYEN AL DERECHO A LA CIUDAD,"1,2,3 POR MI ESCUELA RENOVAR PARA TRANSFORMAR","1,2,3_ESCUELAS",DGCOP,JEFATURA DE GOBIERNO,2025,2026-06-10 18:07:58.452,actualizacion_dgcop,,,EN PROCESO,75.0,PAULA LOPEZ,PRIMARIA,,,,DGCOP,0101000020E61000005C72DC291DC458C07847C66AF36B3340,https://maps.app.goo.gl/h5Rud1pTHdT65DUN8,CALLE 311,VENUSTIANO CARRANZA,CUCHILLA PANTITLAN,PLATSOBSE_DGCOP_1_2_3_ESCUELAS_ELISEO_BANDALA_FERNANDEZ_09DPR2802S_09DPR2802S,2853,ACTIVO,,,,,,
09DPR2753Z,ESTADO DE OAXACA,,ESPACIO_PUBLICO,OBRAS QUE TRANSFORMAN EL ESPACIO PUBLICO Y CONTRIBUYEN AL DERECHO A LA CIUDAD,"1,2,3 POR MI ESCUELA RENOVAR PARA TRANSFORMAR","1,2,3_ESCUELAS",DGCOP,CASA POR CASA,2025,,,,,TERMINADO,100.0,PAULA LOPEZ,PRIMARIA,,,,DGCOP,0101000020E61000006BD26D895CC458C01A8BA6B393693340,https://maps.app.goo.gl/gy8p8fqYZYKD8n2W7,EJE 5 ORIENTE (AV. CENTRAL),IZTACALCO,PANTITLAN I,PLATSOBSE_DGCOP_1_2_3_ESCUELAS_ESTADO_DE_OAXACA_09DPR2753Z_09DPR2753Z,2871,ACTIVO,,,,,,
15,CERRO DEL JUDIO,,ECONOMIA,OBRAS QUE TRANSFORMAN LA ECONOMIA LOCAL Y FOMENTAN EL EMPLEO,MANTENIMIENTO A MERCADOS PUBLICOS (CAPTACION DE AGUA DE LLUVIA EN MERCADOS),CAP_LLUVIA_MERC,DGCOP,GABINETE,2025,,,,,TERMINADO,100.0,PAULA LOPEZ,MERCADO,,,,DGCOP,0101000020E6100000B9A5D590B8CF58C0516859F78F513340,https://maps.app.goo.gl/iz3eVd2B1weJ2skWA,INDEPENDENCIA,LA MAGDALENA CONTRERAS,BARROS SIERRA,PLATSOBSE_DGCOP_CAP_LLUVIA_MERC_CERRO_DEL_JUDIO_15,3118,ACTIVO,,,,,,
17,BENITO JUAREZ,,ECONOMIA,OBRAS QUE TRANSFORMAN LA ECONOMIA LOCAL Y FOMENTAN EL EMPLEO,MANTENIMIENTO A MERCADOS PUBLICOS (CAPTACION DE AGUA DE LLUVIA EN MERCADOS),CAP_LLUVIA_MERC,DGCOP,GABINETE,2025,,,,,TERMINADO,100.0,PAULA LOPEZ,MERCADO,,,,DGCOP,0101000020E6100000D1CB28965BC158C03A419B1C3E313340,https://maps.app.goo.gl/4zbqBa7mn7UKuwt97,QUERETARO,MILPA ALTA,VILLA MILPA ALTA (PBLO),PLATSOBSE_DGCOP_CAP_LLUVIA_MERC_BENITO_JUAREZ_17,3120,ACTIVO,,,,,,
09DES0277U,LUIS GONZALEZ Y GONZALEZ,,ESPACIO_PUBLICO,OBRAS QUE TRANSFORMAN EL ESPACIO PUBLICO Y CONTRIBUYEN AL DERECHO A LA CIUDAD,"1,2,3 POR MI ESCUELA RENOVAR PARA TRANSFORMAR","1,2,3_ESCUELAS",DGCOP,CASA POR CASA,2025,2026-05-20 17:33:43.041,actualizacion_dgcop,,,TERMINADO,100.0,PAULA LOPEZ,SECUNDARIA,,,,DGCOP,0101000020E61000001EC3633F8BC758C01BBD1AA034703340,https://maps.app.goo.gl/GAeGSE2Sve1fGztHA,EJE 1 NORTE CALLE ALBA?ILES,VENUSTIANO CARRANZA,MORELOS II,PLATSOBSE_DGCOP_1_2_3_ESCUELAS_LUIS_GONZALEZ_Y_GONZALEZ_09DES0277U_09DES0277U,2866,ACTIVO,,,,,,
11,EMILIANO ZAPATA,,ECONOMIA,OBRAS QUE TRANSFORMAN LA ECONOMIA LOCAL Y FOMENTAN EL EMPLEO,MANTENIMIENTO A MERCADOS PUBLICOS (CAPTACION DE AGUA DE LLUVIA EN MERCADOS),CAP_LLUVIA_MERC,DGCOP,GABINETE,2025,,,,,TERMINADO,100.0,PAULA LOPEZ,MERCADO,,,,DGCOP,0101000020E6100000C5909C4CDCC758C05D6A847EA6663340,https://maps.app.goo.gl/8kJwFhBr5153TGH96,EMILIANO ZAPATA,IZTACALCO,SANTA ANITA,PLATSOBSE_DGCOP_CAP_LLUVIA_MERC_EMILIANO_ZAPATA_11,3115,ACTIVO,,,,,,
13,CLUB CANANEA,,ECONOMIA,OBRAS QUE TRANSFORMAN LA ECONOMIA LOCAL Y FOMENTAN EL EMPLEO,MANTENIMIENTO A MERCADOS PUBLICOS (CAPTACION DE AGUA DE LLUVIA EN MERCADOS),CAP_LLUVIA_MERC,DGCOP,GABINETE,2025,,,,,TERMINADO,100.0,PAULA LOPEZ,MERCADO,,,,DGCOP,0101000020E6100000B247A81952C458C0983446EBA84A3340,https://maps.app.goo.gl/Pm6bjEFSYMxjMc3E9,DAMIANA,IZTAPALAPA,CANANEA (U HAB),PLATSOBSE_DGCOP_CAP_LLUVIA_MERC_CLUB_CANANEA_13,3116,ACTIVO,,,,,,
14,MAGDALENA TURISTICO,,ECONOMIA,OBRAS QUE TRANSFORMAN LA ECONOMIA LOCAL Y FOMENTAN EL EMPLEO,MANTENIMIENTO A MERCADOS PUBLICOS (CAPTACION DE AGUA DE LLUVIA EN MERCADOS),CAP_LLUVIA_MERC,DGCOP,GABINETE,2025,,,,,TERMINADO,100.0,PAULA LOPEZ,MERCADO,,,,DGCOP,0101000020E6100000BEFA78E8BBCF58C0A911FA997A4D3340,https://maps.app.goo.gl/RifXsRTY48R4TpU46,MAGDALENA,LA MAGDALENA CONTRERAS,LA MAGDALENA ATLITIC (PBLO),PLATSOBSE_DGCOP_CAP_LLUVIA_MERC_MAGDALENA_TURISTICO_14,3117,ACTIVO,,,,,,
09DPR5075M,FELIPE CARRILLO PUERTO,,ESPACIO_PUBLICO,OBRAS QUE TRANSFORMAN EL ESPACIO PUBLICO Y CONTRIBUYEN AL DERECHO A LA CIUDAD,"1,2,3 POR MI ESCUELA RENOVAR PARA TRANSFORMAR","1,2,3_ESCUELAS",DGCOP,CASA POR CASA,2025,2026-06-03 18:33:08.873,actualizacion_dgcop,,,TERMINADO,100.0,PAULA LOPEZ,PRIMARIA,,,,DGCOP,0101000020E610000052F2EA1C03C458C0683D7C9928523340,https://maps.app.goo.gl/fCKodfrhzt7kC7fC8,SIEMPRE VIVA,IZTAPALAPA,LOMAS DE SAN LORENZO II,PLATSOBSE_DGCOP_1_2_3_ESCUELAS_FELIPE_CARRILLO_PUERTO_09DPR5075M_09DPR5075M,2872,ACTIVO,,,,,,
3,COSMOPOLITA,,ECONOMIA,OBRAS QUE TRANSFORMAN LA ECONOMIA LOCAL Y FOMENTAN EL EMPLEO,MANTENIMIENTO A MERCADOS PUBLICOS (CAPTACION DE AGUA DE LLUVIA EN MERCADOS),CAP_LLUVIA_MERC,DGCOP,GABINETE,2025,,,,,TERMINADO,100.0,PAULA LOPEZ,MERCADO,,,,DGCOP,0101000020E610000013D55B035BCA58C0A530EF71A6793340,https://maps.app.goo.gl/36fgu2JpE2Vh3g5P8,ALEUTIANAS,AZCAPOTZALCO,POTRERO DEL LLANO,PLATSOBSE_DGCOP_CAP_LLUVIA_MERC_COSMOPOLITA_3,3123,ACTIVO,,,,,,
09DES0151N,ESTADO DE QUINTANA ROO,,ESPACIO_PUBLICO,OBRAS QUE TRANSFORMAN EL ESPACIO PUBLICO Y CONTRIBUYEN AL DERECHO A LA CIUDAD,"1,2,3 POR MI ESCUELA RENOVAR PARA TRANSFORMAR","1,2,3_ESCUELAS",DGCOP,JEFA DE GOBIERNO,2025,2026-06-10 17:57:10.695,actualizacion_dgcop,,,EN PROCESO,85.0,PAULA LOPEZ,SECUNDARIA,,,,DGCOP,0101000020E61000006DE7FBA9F1CB58C090DD054A0A3C3340,https://maps.app.goo.gl/pkwYHpxGmkHMq1Uq6,AV. MEXICO AJUSCO,TLALPAN,LA MAGDALENA PETLACALCO (PBLO),PLATSOBSE_DGCOP_1_2_3_ESCUELAS_ESTADO_DE_QUINTANA_ROO_09DES0151N_09DES0151N,2875,ACTIVO,,,,,,
09DST0026H,ESCUELA SECUNDARIA TECNICA 26,,ESPACIO_PUBLICO,OBRAS QUE TRANSFORMAN EL ESPACIO PUBLICO Y CONTRIBUYEN AL DERECHO A LA CIUDAD,"1,2,3 POR MI ESCUELA RENOVAR PARA TRANSFORMAR","1,2,3_ESCUELAS",DGCOP,CASA POR CASA,2025,2026-06-10 18:06:14.485,actualizacion_dgcop,,,EN PROCESO,77.76,PAULA LOPEZ,SECUNDARIA,,,,DGCOP,0101000020E610000041118B1876CC58C0F0A65B7688733340,https://maps.app.goo.gl/KcJM4AmntBqZs18t6,CDA. LAGO NESS,MIGUEL HIDALGO,PENSIL NORTE,PLATSOBSE_DGCOP_1_2_3_ESCUELAS_ESCUELA_SECUNDARIA_TECNICA_26_09DST0026H_09DST0026H,2869,ACTIVO,,,,,,
20,MORELOS,,ECONOMIA,OBRAS QUE TRANSFORMAN LA ECONOMIA LOCAL Y FOMENTAN EL EMPLEO,MANTENIMIENTO A MERCADOS PUBLICOS (CAPTACION DE AGUA DE LLUVIA EN MERCADOS),CAP_LLUVIA_MERC,DGCOP,GABINETE,2025,,,,,TERMINADO,100.0,PAULA LOPEZ,MERCADO,,,,DGCOP,0101000020E610000003ECA35357C758C04EECA17DAC703340,https://maps.app.goo.gl/T4qJ6fz7zfGu9Eh59,AV. CIRCUNVALACION,VENUSTIANO CARRANZA,MORELOS II,PLATSOBSE_DGCOP_CAP_LLUVIA_MERC_MORELOS_20,3133,ACTIVO,,,,,,
19,VILLA COAPA,,ECONOMIA,OBRAS QUE TRANSFORMAN LA ECONOMIA LOCAL Y FOMENTAN EL EMPLEO,MANTENIMIENTO A MERCADOS PUBLICOS (CAPTACION DE AGUA DE LLUVIA EN MERCADOS),CAP_LLUVIA_MERC,DGCOP,GABINETE,2025,,,,,TERMINADO,100.0,PAULA LOPEZ,MERCADO,,,,DGCOP,0101000020E610000047E6913F18C858C0B587BD50C04A3340,https://maps.app.goo.gl/KLYAufJ1UuhKb9zq8,CANAL DE MIRAMONTES ESQUINA CALZADA ACOXPA,TLALPAN,NARCISO MENDOZA-VILLA COAPA SUPER MANZANA 1 (U HAB),PLATSOBSE_DGCOP_CAP_LLUVIA_MERC_VILLA_COAPA_19,3132,ACTIVO,,,,,,
8,PILARES XIMENA GUZMAN CUEVAS,,CUIDADO,OBRAS QUE TRANSFORMAN LAS TAREAS DEL CUIDADO Y EL BIENESTAR,"SISTEMA PUBLICO DE CUIDADOS ""CASA DE LAS 3RS""",CASA_3R,DGCOP,OBRAS EN GENERAL,2024,2026-05-20 00:44:54.580,admin,2025-06-10,,INAUGURADA,100.0,PAULA LOPEZ,CASA DE LAS 3R,,,,DGCOP,0101000020E610000066A3737E8AC958C043DE173CF1673340,https://maps.app.goo.gl/BCCosBpwcg4F4HiE7,DR. ANDRADE,CUAUHTÉMOC,BUENOS AIRES,PLATSOBSE_DGCOP_CASA_3R_PILARES_XIMENA_GUZMAN_CUEVAS_8,3136,ACTIVO,,,,,,
14,EJE VIAL 2 ORIENTE 956,,ESPACIO_PUBLICO,OBRAS QUE TRANSFORMAN EL ESPACIO PUBLICO Y CONTRIBUYEN AL DERECHO A LA CIUDAD,MODULOS DE POLICIAS,MOD_POLICIA,DGCOP,CASA POR CASA,2025,,,,,TERMINADO,100.0,PAULA LOPEZ,MODULO DE POLICIAS,,,,DGCOP,0101000020E610000020274C18CDC758C097C5C4E6E3623340,https://maps.app.goo.gl/Ms3WTKZsraGxdPbP6,ESQUINA LAZARO CARDENAS Y AV. JUAN N. ALVAREZ,IZTACALCO,CAMPAMENTO 2 DE OCTUBRE,PLATSOBSE_DGCOP_MOD_POLICIA_EJE_VIAL_2_ORIENTE_956_14,3162,ACTIVO,,,,,,
1,PILARES BENITA GALEANA,,CUIDADO,OBRAS QUE TRANSFORMAN LAS TAREAS DEL CUIDADO Y EL BIENESTAR,"SISTEMA PUBLICO DE CUIDADOS ""CASA DE LAS 3RS""",CASA_3R,DGCOP,CASA POR CASA,2025,2026-06-10 16:33:32.293,actualizacion_dgcop,,,EN PROCESO,78.92,PAULA LOPEZ,CASA DE LAS 3R,,,,DGCOP,0101000020E61000002D211FF46CC658C06ADE718A8E743340,https://maps.app.goo.gl/3ja64Qrsv2z45X4N9,NTE 94,GUSTAVO A. MADERO,NUEVA TENOCHTITLAN,PLATSOBSE_DGCOP_CASA_3R_PILARES_BENITA_GALEANA_1,3137,ACTIVO,,,,,,
2,PILARES PENSIL,,CUIDADO,OBRAS QUE TRANSFORMAN LAS TAREAS DEL CUIDADO Y EL BIENESTAR,"SISTEMA PUBLICO DE CUIDADOS ""CASA DE LAS 3RS""",CASA_3R,DGCOP,OBRAS EN GENERAL,2025,2026-06-10 16:33:46.408,actualizacion_dgcop,,,EN PROCESO,59.3,PAULA LOPEZ,CASA DE LAS 3R,,,,DGCOP,0101000020E61000009CC420B072CC58C0FB5C6DC5FE723340,https://maps.app.goo.gl/eVgyx4HzWhVzNaV37,LAGO TRASIMENO,MIGUEL HIDALGO,REFORMA PENSIL,PLATSOBSE_DGCOP_CASA_3R_PILARES_PENSIL_2,3134,ACTIVO,,,,,,
4,MARGARITA MAZA DE JUAREZ,,CUIDADO,OBRAS QUE TRANSFORMAN LAS TAREAS DEL CUIDADO Y EL BIENESTAR,"SISTEMA PUBLICO DE CUIDADOS ""CASA DE LAS 3RS""",CASA_3R,DGCOP,CASA POR CASA,2025,2026-06-10 16:34:40.899,actualizacion_dgcop,,,EN PROCESO,49.0,PAULA LOPEZ,CASA DE LAS 3R,,,,DGCOP,0101000020E6100000DB1324B6BBCC58C0E27327D87F7D3340,https://maps.app.goo.gl/idyVTtFgqBJfsZvH7,AMUZGOS,AZCAPOTZALCO,TEZOZOMOC,PLATSOBSE_DGCOP_CASA_3R_MARGARITA_MAZA_DE_JUAREZ_4,3138,ACTIVO,,,,,,
5,PILARES Y DIF ADOLFO LOPEZ MATEOS,,CUIDADO,OBRAS QUE TRANSFORMAN LAS TAREAS DEL CUIDADO Y EL BIENESTAR,"SISTEMA PUBLICO DE CUIDADOS ""CASA DE LAS 3RS""",CASA_3R,DGCOP,OBRAS EN GENERAL,2025,2026-06-10 16:34:55.752,actualizacion_dgcop,,,EN PROCESO,93.5,PAULA LOPEZ,CASA DE LAS 3R,,,,DGCOP,0101000020E6100000124C35B396C458C03CDBA337DC6B3340,https://maps.app.goo.gl/1h2RVBVHran6AFRW9,EDUARDO BUSTAMANTE,VENUSTIANO CARRANZA,ADOLFO LOPEZ MATEOS,PLATSOBSE_DGCOP_CASA_3R_PILARES_Y_DIF_ADOLFO_LOPEZ_MATEOS_5,3139,ACTIVO,,,,,,
2,CETRAM HUIPULCO,8.0,GRANDES_OBRAS,GRANDES OBRAS QUE TRANSFORMAN LA CAPITAL,REHABILITACIÓN CETRAM,CETRAM,DGOIV,OBRAS DEL MUNDIAL,2025,2026-05-20 00:48:30.493,admin,2026-03-25,,INAUGURADA,100.0,PAULA LOPEZ,CETRAM,,,,DGOIV,0101000020E61000003D28B37A63C958C0072B7DE4E44C3340,https://maps.app.goo.gl/pnffm6VWE56ZV3JN6,CALZ. TLALPAN,TLALPAN,SAN LORENZO HUIPULCO,PLATSOBSE_DGOIV_CETRAM_CETRAM_HUIPULCO_2,3143,ACTIVO,,,,,,
3,DIF MUYUGUARDA,,CUIDADO,OBRAS QUE TRANSFORMAN LAS TAREAS DEL CUIDADO Y EL BIENESTAR,"SISTEMA PUBLICO DE CUIDADOS ""CASA DE LAS 3RS""",CASA_3R,DGCOP,OBRAS EN GENERAL,2025,2026-06-03 15:31:56.666,actualizacion_dgcop,,,TERMINADO,100.0,PAULA LOPEZ,CASA DE LAS 3R,,,,DGCOP,0101000020E6100000C47AA35698C758C0085740A19E463340,https://maps.app.goo.gl/Ru9KkWcbTtdCjbjk9,AV. MUYUGUARDA,XOCHIMILCO,BARRIO 18,PLATSOBSE_DGCOP_CASA_3R_DIF_MUYUGUARDA_3,3135,ACTIVO,,,,,,
09DPR1613T,ESTADO DE GUANAJUATO,,ESPACIO_PUBLICO,OBRAS QUE TRANSFORMAN EL ESPACIO PUBLICO Y CONTRIBUYEN AL DERECHO A LA CIUDAD,"1,2,3 POR MI ESCUELA RENOVAR PARA TRANSFORMAR","1,2,3_ESCUELAS",DGCOP,CASA POR CASA,2025,2026-06-03 18:39:19.274,actualizacion_dgcop,,,TERMINADO,100.0,PAULA LOPEZ,PRIMARIA,,,,DGCOP,0101000020E6100000CA198A3BDECB58C06F7F2E1A327E3340,https://maps.app.goo.gl/1h8Q6NB65bcDNG2w9,CAMPO MOLOACAN,AZCAPOTZALCO,SAN ANDRES (PBLO),PLATSOBSE_DGCOP_1_2_3_ESCUELAS_ESTADO_DE_GUANAJUATO_09DPR1613T_09DPR1613T,2874,ACTIVO,,,,,,
09DJN0440V,PROFRA. GUADALUPE CENICEROS DE ZAVALETA,,ESPACIO_PUBLICO,OBRAS QUE TRANSFORMAN EL ESPACIO PUBLICO Y CONTRIBUYEN AL DERECHO A LA CIUDAD,"1,2,3 POR MI ESCUELA RENOVAR PARA TRANSFORMAR","1,2,3_ESCUELAS",DGCOP,CASA POR CASA,2025,2026-06-10 18:52:11.867,actualizacion_dgcop,,,EN PROCESO,22.52,PAULA LOPEZ,PREESCOLAR,,,,DGCOP,0101000020E610000054AD855968C958C09E0B23BDA8793340,https://maps.app.goo.gl/HjBYS4GToXhh42rp7,CALZADA VALLEJO,AZCAPOTZALCO,PRO HOGAR I,PLATSOBSE_DGCOP_1_2_3_ESCUELAS_PROFRA_GUADALUPE_CENICEROS_DE_ZAVALETA_09DJN0440V_09DJN0440V,2885,ACTIVO,,,,,,
09DJN0525B,ROBERTO KOCH,,ESPACIO_PUBLICO,OBRAS QUE TRANSFORMAN EL ESPACIO PUBLICO Y CONTRIBUYEN AL DERECHO A LA CIUDAD,"1,2,3 POR MI ESCUELA RENOVAR PARA TRANSFORMAR","1,2,3_ESCUELAS",DGCOP,CASA POR CASA,2025,2026-06-10 18:52:24.919,actualizacion_dgcop,,,EN PROCESO,22.27,PAULA LOPEZ,PREESCOLAR,,,,DGCOP,0101000020E6100000F0DDE68D93C958C0317898F6CD793340,https://maps.app.goo.gl/bx8iKvZ6w733x4kTA,CALLE 21,AZCAPOTZALCO,PRO HOGAR I,PLATSOBSE_DGCOP_1_2_3_ESCUELAS_ROBERTO_KOCH_09DJN0525B_09DJN0525B,2888,ACTIVO,,,,,,
1,MODULO TAXQUENA,,ESPACIO_PUBLICO,OBRAS QUE TRANSFORMAN EL ESPACIO PUBLICO Y CONTRIBUYEN AL DERECHO A LA CIUDAD,MODULOS DE POLICIAS,MOD_POLICIA,DGCOP,OBRAS EN GENERAL,2025,2026-05-20 01:00:07.880,admin,2025-10-09,,INAUGURADA,100.0,PAULA LOPEZ,MODULO DE POLICIAS,,,,DGCOP,0101000020E6100000C45F9335EAC858C0910DA48B4D573340,https://maps.app.goo.gl/CGRNNxVQLfQaSsZi9,CERRO DE SANTA ISABEL,COYOACÁN,CAMPESTRE CHURUBUSCO,PLATSOBSE_DGCOP_MOD_POLICIA_MODULO_TAXQUENA_1,3160,ACTIVO,,,,,,
2,SAN GREGORIO ATLAPULCO (PUEBLO),,ESPACIO_PUBLICO,OBRAS QUE TRANSFORMAN EL ESPACIO PUBLICO Y CONTRIBUYEN AL DERECHO A LA CIUDAD,MODULOS DE POLICIAS,MOD_POLICIA,DGCOP,CASA POR CASA,2025,2026-05-20 01:00:56.830,admin,2026-03-05,,INAUGURADA,100.0,PAULA LOPEZ,MODULO DE POLICIAS,,,,DGCOP,0101000020E610000011DF89592FC458C0E77118CC5F413340,https://maps.app.goo.gl/hthctgGosDpxEAwD6,AV CHAPULTEPEC,XOCHIMILCO,SAN GREGORIO ATLAPULCO (PBLO),PLATSOBSE_DGCOP_MOD_POLICIA_SAN_GREGORIO_ATLAPULCO_PUEBLO_2,3161,ACTIVO,,,,,,
09DPR2486U,LUIS DE LA ROSA,,ESPACIO_PUBLICO,OBRAS QUE TRANSFORMAN EL ESPACIO PUBLICO Y CONTRIBUYEN AL DERECHO A LA CIUDAD,"1,2,3 POR MI ESCUELA RENOVAR PARA TRANSFORMAR","1,2,3_ESCUELAS",DGCOP,CASA POR CASA,2025,2026-06-10 17:29:02.774,actualizacion_dgcop,,,EN PROCESO,94.39,PAULA LOPEZ,PRIMARIA,,,,DGCOP,0101000020E61000000342EBE1CBC758C05073F22213703340,https://maps.app.goo.gl/VUN8UdJHTWhKBHX46,NICOLAS BRAVO,VENUSTIANO CARRANZA,MORELOS I,PLATSOBSE_DGCOP_1_2_3_ESCUELAS_LUIS_DE_LA_ROSA_09DPR2486U_09DPR2486U,2892,ACTIVO,,,,,,
09DJN0415W,PROFRA. EMMA OLGUIN HERMIDA,,ESPACIO_PUBLICO,OBRAS QUE TRANSFORMAN EL ESPACIO PUBLICO Y CONTRIBUYEN AL DERECHO A LA CIUDAD,"1,2,3 POR MI ESCUELA RENOVAR PARA TRANSFORMAR","1,2,3_ESCUELAS",DGCOP,CASA POR CASA,2025,2026-06-10 18:21:31.403,actualizacion_dgcop,,,EN PROCESO,60.0,PAULA LOPEZ,PREESCOLAR,,,,DGCOP,0101000020E61000004CDF6B088EC558C042B115342D813340,https://maps.app.goo.gl/dKd3uMD3d1TMGGBw7,EDUARDO MOLINA,GUSTAVO A. MADERO,NUEVA ATZACOALCO,PLATSOBSE_DGCOP_1_2_3_ESCUELAS_PROFRA_EMMA_OLGUIN_HERMIDA_09DJN0415W_09DJN0415W,2886,ACTIVO,,,,,,
09DES0268M,GUADALUPE VICTORIA,,ESPACIO_PUBLICO,OBRAS QUE TRANSFORMAN EL ESPACIO PUBLICO Y CONTRIBUYEN AL DERECHO A LA CIUDAD,"1,2,3 POR MI ESCUELA RENOVAR PARA TRANSFORMAR","1,2,3_ESCUELAS",DGCOP,CASA POR CASA,2025,2026-06-10 18:23:22.262,actualizacion_dgcop,,,EN PROCESO,51.47,PAULA LOPEZ,SECUNDARIA,,,,DGCOP,0101000020E6100000AF05BD3786C758C032C7F2AE7A643340,https://maps.app.goo.gl/d7EivfqFa5P1qRTv6,PASCUAL OROZCO,IZTACALCO,SAN MIGUEL (BARR),PLATSOBSE_DGCOP_1_2_3_ESCUELAS_GUADALUPE_VICTORIA_09DES0268M_09DES0268M,2879,ACTIVO,,,,,,
09DPR0923Q,REPUBLICA FEDERAL DE ALEMANIA,,ESPACIO_PUBLICO,OBRAS QUE TRANSFORMAN EL ESPACIO PUBLICO Y CONTRIBUYEN AL DERECHO A LA CIUDAD,"1,2,3 POR MI ESCUELA RENOVAR PARA TRANSFORMAR","1,2,3_ESCUELAS",DGCOP,CASA POR CASA,2025,2026-06-03 18:28:11.443,actualizacion_dgcop,,,TERMINADO,100.0,PAULA LOPEZ,PRIMARIA,,,,DGCOP,0101000020E6100000F0DB10E335C658C036785F950B653340,https://maps.app.goo.gl/ALMtSoE9rDfKcepz8,BENITO JUAREZ,IZTACALCO,RAMOS MILLAN BRAMADERO I,PLATSOBSE_DGCOP_1_2_3_ESCUELAS_REPUBLICA_FEDERAL_DE_ALEMANIA_09DPR0923Q_09DPR0923Q,2889,ACTIVO,,,,,,
09DES0060W,REPUBLICA DE HONDURAS,,ESPACIO_PUBLICO,OBRAS QUE TRANSFORMAN EL ESPACIO PUBLICO Y CONTRIBUYEN AL DERECHO A LA CIUDAD,"1,2,3 POR MI ESCUELA RENOVAR PARA TRANSFORMAR","1,2,3_ESCUELAS",DGCOP,CASA POR CASA,2025,2026-06-03 18:38:38.535,actualizacion_dgcop,,,TERMINADO,100.0,PAULA LOPEZ,SECUNDARIA,,,,DGCOP,0101000020E61000003F1F65C405C458C0D66F26A60B693340,https://maps.app.goo.gl/Z8vWRSmxs9CJYt8AA,CALLE 4,IZTACALCO,PANTITLAN IV,PLATSOBSE_DGCOP_1_2_3_ESCUELAS_REPUBLICA_DE_HONDURAS_09DES0060W_09DES0060W,2887,ACTIVO,,,,,,
15,CORTEZA INFONAVIT IZTACALCO,,ESPACIO_PUBLICO,OBRAS QUE TRANSFORMAN EL ESPACIO PUBLICO Y CONTRIBUYEN AL DERECHO A LA CIUDAD,MODULOS DE POLICIAS,MOD_POLICIA,DGCOP,GABINETE,2025,,,,,TERMINADO,100.0,PAULA LOPEZ,MODULO DE POLICIAS,,,,DGCOP,0101000020E6100000EF8E8CD5E6C658C0E08442041C623340,https://maps.app.goo.gl/NQjyFFEvEXKyAE986,CORTEZA Y GIRASOL,IZTACALCO,INFONAVIT IZTACALCO.,PLATSOBSE_DGCOP_MOD_POLICIA_CORTEZA_INFONAVIT_IZTACALCO_15,3163,ACTIVO,,,,,,
09DPR2708N,REPUBLICA ARABE UNIDA,,ESPACIO_PUBLICO,OBRAS QUE TRANSFORMAN EL ESPACIO PUBLICO Y CONTRIBUYEN AL DERECHO A LA CIUDAD,"1,2,3 POR MI ESCUELA RENOVAR PARA TRANSFORMAR","1,2,3_ESCUELAS",DGCOP,CASA POR CASA,2025,2026-05-20 18:08:07.528,actualizacion_dgcop,,,TERMINADO,100.0,PAULA LOPEZ,PRIMARIA,,,,DGCOP,0101000020E6100000C3B986191AC458C0BB0ED594646D3340,https://maps.app.goo.gl/seYaVT3gsi9KWMew6,MALINCHE,VENUSTIANO CARRANZA,EL ARENAL 1A SECCION,PLATSOBSE_DGCOP_1_2_3_ESCUELAS_REPUBLICA_ARABE_UNIDA_09DPR2708N_09DPR2708N,2896,ACTIVO,,,,,,
4,FERROCARRIL CENTRAL 1,,ESPACIO_PUBLICO,OBRAS QUE TRANSFORMAN EL ESPACIO PUBLICO Y CONTRIBUYEN AL DERECHO A LA CIUDAD,MODULOS DE POLICIAS,MOD_POLICIA,DGCOP,GABINETE,2025,,,,,TERMINADO,100.0,PAULA LOPEZ,MODULO DE POLICIAS,,,,DGCOP,0101000020E61000009B3BFA5FAECA58C098A7734529793340,https://maps.app.goo.gl/hRTQRcDQ55iLTdzYA,FERROCARRIL CENTRAL,AZCAPOTZALCO,HOGARES FERROCARRILEROS (U HAB),PLATSOBSE_DGCOP_MOD_POLICIA_FERROCARRIL_CENTRAL_1_4,3165,ACTIVO,,,,,,
09DPR1620C,CANDIDO NAVARRO,,ESPACIO_PUBLICO,OBRAS QUE TRANSFORMAN EL ESPACIO PUBLICO Y CONTRIBUYEN AL DERECHO A LA CIUDAD,"1,2,3 POR MI ESCUELA RENOVAR PARA TRANSFORMAR","1,2,3_ESCUELAS",DGCOP,CASA POR CASA,2025,,,,,TERMINADO,100.0,PAULA LOPEZ,PRIMARIA,,,,DGCOP,0101000020E610000022533E0455CB58C0F96706F1817D3340,https://maps.app.goo.gl/HqEkVuC7nZmisbPA9,EJE 4 NTE.,AZCAPOTZALCO,SANTA CATARINA (PBLO),PLATSOBSE_DGCOP_1_2_3_ESCUELAS_CANDIDO_NAVARRO_09DPR1620C_09DPR1620C,2902,ACTIVO,,,,,,
5,CALLE 19 Y CENTRAL SUR,,ESPACIO_PUBLICO,OBRAS QUE TRANSFORMAN EL ESPACIO PUBLICO Y CONTRIBUYEN AL DERECHO A LA CIUDAD,MODULOS DE POLICIAS,MOD_POLICIA,DGCOP,GABINETE,2025,,,,,TERMINADO,100.0,PAULA LOPEZ,MODULO DE POLICIAS,,,,DGCOP,0101000020E61000006CE8667FA0C958C0F6EE8FF7AA793340,https://maps.app.goo.gl/tULHAbvGzaAgrTi56,CENTRAL SUR,AZCAPOTZALCO,PRO HOGAR I,PLATSOBSE_DGCOP_MOD_POLICIA_CALLE_19_Y_CENTRAL_SUR_5,3168,ACTIVO,,,,,,
7,MAGDALENA MIXIHUCA,,CUIDADO,OBRAS QUE TRANSFORMAN LAS TAREAS DEL CUIDADO Y EL BIENESTAR,CONSTRUCCION DE UTOPIAS,CONST_UTOPIAS,DGCOP,OBRAS EN GENERAL,2025,2026-05-19 22:58:25.666,admin,2026-03-22,,INAUGURADA,100.0,PAULA LOPEZ,CONSTRUCCION UTOPIAS,,,,DGCOP,0101000020E6100000ED570AB8ADC558C02FB402DA48683340,,VIADUCTO RIO DE LA PIEDAD,IZTACALCO,GRANJAS MEXICO II,PLATSOBSE_DGCOP_CONST_UTOPIAS_MAGDALENA_MIXIHUCA_7,3194,ACTIVO,,,,,,
22,LOMAS DE PADIERNA,,ESPACIO_PUBLICO,OBRAS QUE TRANSFORMAN EL ESPACIO PUBLICO Y CONTRIBUYEN AL DERECHO A LA CIUDAD,MODULOS DE POLICIAS,MOD_POLICIA,DGCOP,OBRAS EN GENERAL,2025,,,,,TERMINADO,100.0,PAULA LOPEZ,MODULO DE POLICIAS,,,,DGCOP,0101000020E61000000395F1EF33CE58C092E68F696D4A3340,https://maps.app.goo.gl/tX5fNEKqMMoAiBr78,ACANCEH,TLALPAN,LOMAS DE PADIERNA II,PLATSOBSE_DGCOP_MOD_POLICIA_LOMAS_DE_PADIERNA_22,3181,ACTIVO,,,,,,
25,PARRES EL GUARDA,,ESPACIO_PUBLICO,OBRAS QUE TRANSFORMAN EL ESPACIO PUBLICO Y CONTRIBUYEN AL DERECHO A LA CIUDAD,MODULOS DE POLICIAS,MOD_POLICIA,DGCOP,GABINETE,2025,,,,,TERMINADO,100.0,PAULA LOPEZ,MODULO DE POLICIAS,,,,DGCOP,0101000020E61000009FE925C632CB58C0FE2C9622F9223340,https://maps.app.goo.gl/5WKXaazVUVczgzCBA,MIGUEL HIDALGO,TLALPAN,PARRES EL GUARDA (PBLO),PLATSOBSE_DGCOP_MOD_POLICIA_PARRES_EL_GUARDA_25,3182,ACTIVO,,,,,,
9,PLAZA DE LAS TRES CULTURAS,,ESPACIO_PUBLICO,OBRAS QUE TRANSFORMAN EL ESPACIO PUBLICO Y CONTRIBUYEN AL DERECHO A LA CIUDAD,MODULOS DE POLICIAS,MOD_POLICIA,DGCOP,TLATELOLCO MI AMOR,2025,2026-05-20 01:00:28.308,admin,2025-10-09,,INAUGURADA,100.0,PAULA LOPEZ,MODULO DE POLICIAS,,,,DGCOP,0101000020E61000001AC1C6F5EFC858C050E27327D8733340,https://maps.app.goo.gl/9bXptbqNKUkvqT3n9,EJE CENTRAL LAZARO CARDENAS,CUAUHTÉMOC,TLATELOLCO,PLATSOBSE_DGCOP_MOD_POLICIA_PLAZA_DE_LAS_TRES_CULTURAS_9,3183,ACTIVO,,,,,,
21,TORIELLO GUERRA,,ESPACIO_PUBLICO,OBRAS QUE TRANSFORMAN EL ESPACIO PUBLICO Y CONTRIBUYEN AL DERECHO A LA CIUDAD,MODULOS DE POLICIAS,MOD_POLICIA,DGCOP,GABINETE,2025,,,,,TERMINADO,100.0,PAULA LOPEZ,MODULO DE POLICIAS,,,,DGCOP,0101000020E6100000757286E28ECA58C09CA4F9635A4B3340,https://maps.app.goo.gl/stDQiWwvLHiLZnbz8,PUENTE DE PIEDRA,TLALPAN,TORIELLO GUERRA,PLATSOBSE_DGCOP_MOD_POLICIA_TORIELLO_GUERRA_21,3180,ACTIVO,,,,,,
6,CEYLAN,,CUIDADO,OBRAS QUE TRANSFORMAN LAS TAREAS DEL CUIDADO Y EL BIENESTAR,CONSTRUCCION DE UTOPIAS,CONST_UTOPIAS,DGCOP,OBRAS EN GENERAL,2025,2026-05-19 22:54:57.315,admin,2026-04-30,,INAUGURADA,100.0,PAULA LOPEZ,CONSTRUCCION UTOPIAS,,,,DGCOP,0101000020E61000004FEACBD24ECA58C014B4C9E1937A3340,,DE LOS FFCC,AZCAPOTZALCO,EUZKADI,PLATSOBSE_DGCOP_CONST_UTOPIAS_CEYLAN_6,3193,ACTIVO,,,,,,
09DPR2152G,AURELIO MALDONADO CEDILLO,,ESPACIO_PUBLICO,OBRAS QUE TRANSFORMAN EL ESPACIO PUBLICO Y CONTRIBUYEN AL DERECHO A LA CIUDAD,"1,2,3 POR MI ESCUELA RENOVAR PARA TRANSFORMAR","1,2,3_ESCUELAS",DGCOP,CASA POR CASA,2025,2026-06-03 18:37:39.665,actualizacion_dgcop,,,TERMINADO,100.0,PAULA LOPEZ,PRIMARIA,,,,DGCOP,0101000020E6100000DECCE847C3C958C043554CA59F8C3340,https://maps.app.goo.gl/5UL2AsjFRU1KP7es8,MICHOACAN MZ29,GUSTAVO A. MADERO,CHALMA DE GUADALUPE II,PLATSOBSE_DGCOP_1_2_3_ESCUELAS_AURELIO_MALDONADO_CEDILLO_09DPR2152G_09DPR2152G,2899,ACTIVO,,,,,,
8,INJUVE,,CUIDADO,OBRAS QUE TRANSFORMAN LAS TAREAS DEL CUIDADO Y EL BIENESTAR,CONSTRUCCION DE UTOPIAS,CONST_UTOPIAS,DGCOP,OBRAS EN GENERAL,2025,2026-06-10 17:50:20.251,actualizacion_dgcop,,,EN PROCESO,91.0,PAULA LOPEZ,CONSTRUCCION UTOPIAS,,,,DGCOP,0101000020E610000079E6E5B0FBCA58C0E030D12005733340,,CALZADA MEXICO-TACUBA,MIGUEL HIDALGO,UN HOGAR PARA NOSOTROS,PLATSOBSE_DGCOP_CONST_UTOPIAS_INJUVE_8,3195,ACTIVO,,,,,,
5,DEPORTIVO OYAMEL,,CUIDADO,OBRAS QUE TRANSFORMAN LAS TAREAS DEL CUIDADO Y EL BIENESTAR,CONSTRUCCION DE UTOPIAS,CONST_UTOPIAS,DGCOP,OBRAS EN GENERAL,2025,2026-06-10 17:33:58.642,actualizacion_dgcop,,,EN PROCESO,91.97,PAULA LOPEZ,CONSTRUCCION UTOPIAS,,,,DGCOP,0101000020E61000009B2821623AD158C08E76CE31614E3340,,RIO PAPALOAPAN,LA MAGDALENA CONTRERAS,LA MAGDALENA CONTRERAS,PLATSOBSE_DGCOP_CONST_UTOPIAS_DEPORTIVO_OYAMEL_5,3192,ACTIVO,,,,,,
09DST0007T,ESCUELA SECUNDARIA TECNICA 7,,ESPACIO_PUBLICO,OBRAS QUE TRANSFORMAN EL ESPACIO PUBLICO Y CONTRIBUYEN AL DERECHO A LA CIUDAD,"1,2,3 POR MI ESCUELA RENOVAR PARA TRANSFORMAR","1,2,3_ESCUELAS",DGCOP,SECTEI,2025,2026-06-10 18:01:33.076,actualizacion_dgcop,,,EN PROCESO,82.1,PAULA LOPEZ,SECUNDARIA,,,,DGCOP,0101000020E610000012A3E716BAC758C06F1118EB1B703340,https://maps.app.goo.gl/gqejMBjkbbnPuWfy6,AV. FERROCARRIL,VENUSTIANO CARRANZA,PENITENCIARIA (AMPL),PLATSOBSE_DGCOP_1_2_3_ESCUELAS_ESCUELA_SECUNDARIA_TECNICA_7_09DST0007T_09DST0007T,2912,ACTIVO,,,,,,
6,TALLER TATUADO,,GRANDES_OBRAS,GRANDES OBRAS QUE TRANSFORMAN LA CAPITAL,OBRAS ADICIONALES,OBRAS_ADIC,DGCOP,OBRAS EN GENERAL,2025,,,,,TERMINADO,100.0,PAULA LOPEZ,TALLER DE TATUADO,,,,DGCOP,0101000020E61000004E5DB6598EC258C0A9E1FB3E26623340,https://maps.app.goo.gl/SFkoujbeQwJXYoZw8,ENRIQUE CONTEL,IZTAPALAPA,CHINAMPA DE JUAREZ,PLATSOBSE_DGCOP_OBRAS_ADIC_TALLER_TATUADO_6,3202,ACTIVO,,,,,,
9,TALUD CONTADERO,,GRANDES_OBRAS,GRANDES OBRAS QUE TRANSFORMAN LA CAPITAL,OBRAS ADICIONALES,OBRAS_ADIC,DGCOP,OBRAS EN GENERAL,2025,,,,,TERMINADO,100.0,PAULA LOPEZ,TALUD,,,,DGCOP,0101000020E6100000D6E5948098D358C03E963E7441593340,https://maps.app.goo.gl/XkzbJppemVSrnccD8,AVENIDA PROLONGACION 16 DE SEPTIEMBRE,CUAJIMALPA DE MORELOS,EL CONTADERO,PLATSOBSE_DGCOP_OBRAS_ADIC_TALUD_CONTADERO_9,3204,ACTIVO,,,,,,
12,LA HEROICA,,CUIDADO,OBRAS QUE TRANSFORMAN LAS TAREAS DEL CUIDADO Y EL BIENESTAR,CONSTRUCCION DE UTOPIAS,CONST_UTOPIAS,DGCOP,OBRAS EN GENERAL,2025,2026-05-25 23:09:07.870,admin,2026-05-24,,ENTREGADO,100.0,PAULA LOPEZ,CONSTRUCCION UTOPIAS,,,,DGCOP,0101000020E610000036FA374E58C758C0F55263F4E2713340,,AVENIDA ING. EDUARDO MOLINA,VENUSTIANO CARRANZA,20 DE NOVIEMBRE (AMPL),PLATSOBSE_DGCOP_CONST_UTOPIAS_DEPORTIVO_EDUARDO_MOLINA_12,3199,ACTIVO,,,,,,
3,ALDEA JUVENIL,,GRANDES_OBRAS,GRANDES OBRAS QUE TRANSFORMAN LA CAPITAL,OBRAS ADICIONALES,OBRAS_ADIC,DGCOP,OBRAS EN GENERAL,2025,,,,,INAUGURADA,100.0,PAULA LOPEZ,ALDEA JUVENIL,,,,DGCOP,0101000020E61000000C5C1E6B46C058C0583B8A73D45D3340,https://maps.app.goo.gl/TpHHCsMeAQrcHezL6,CALZADA IGNACIO ZARAGOZA,IZTAPALAPA,LA COLMENA (U HAB),PLATSOBSE_DGCOP_OBRAS_ADIC_ALDEA_JUVENIL_3,3206,ACTIVO,,,,,,
4,CENTRAL DE ABASTOS (DEMOLICION),,GRANDES_OBRAS,GRANDES OBRAS QUE TRANSFORMAN LA CAPITAL,OBRAS ADICIONALES,OBRAS_ADIC,DGCOP,OBRAS EN GENERAL,2025,,,,,TERMINADO,100.0,PAULA LOPEZ,CENTRAL DE ABASTOS,,,,DGCOP,0101000020E610000085B53176C2C558C0E3C798BB96603340,https://maps.app.goo.gl/yWf5BNg4vvT9MPUx9,AV. CANAL DE RIO CHURUBUSCO,IZTAPALAPA,PASEOS DE CHURUBUSCO,PLATSOBSE_DGCOP_OBRAS_ADIC_CENTRAL_DE_ABASTOS_DEMOLICION_4,3207,ACTIVO,,,,,,
1,UTOPIA CUAUHTLICALLI,,CUIDADO,OBRAS QUE TRANSFORMAN LAS TAREAS DEL CUIDADO Y EL BIENESTAR,MANTENIMIENTO A UTOPIAS,MANT_UTOPIAS,DGOIV,SOBSE,2025,,,,,TERMINADO,100.0,PAULA LOPEZ,MANTENIMIENTO UTOPIAS,,,,DGOIV,0101000020E610000088E1B8C606C758C038791DB3E45D3340,https://maps.app.goo.gl/DgrpSkto17TVkTvaA,ALFONSO TORO,IZTAPALAPA,ESCUADRON 201,PLATSOBSE_DGOIV_MANT_UTOPIAS_UTOPIA_CUAUHTLICALLI_1,3209,ACTIVO,,,,,,
2,UTOPIA ATZINTLI,,CUIDADO,OBRAS QUE TRANSFORMAN LAS TAREAS DEL CUIDADO Y EL BIENESTAR,MANTENIMIENTO A UTOPIAS,MANT_UTOPIAS,DGOIV,SOBSE,2025,,,,,TERMINADO,100.0,PAULA LOPEZ,MANTENIMIENTO UTOPIAS,,,,DGOIV,0101000020E61000001AA076F03AC158C0CFADC6C848583340,https://maps.app.goo.gl/sHRhwpGTtLKoinJJ6,AV. ERMITA IZTAPALAPA,IZTAPALAPA,XALPA III,PLATSOBSE_DGOIV_MANT_UTOPIAS_UTOPIA_ATZINTLI_2,3210,ACTIVO,,,,,,
3,UTOPIA MEYEHUALCO,,CUIDADO,OBRAS QUE TRANSFORMAN LAS TAREAS DEL CUIDADO Y EL BIENESTAR,MANTENIMIENTO A UTOPIAS,MANT_UTOPIAS,DGOIV,SOBSE,2025,,,,,TERMINADO,100.0,PAULA LOPEZ,MANTENIMIENTO UTOPIAS,,,,DGOIV,0101000020E610000099FAB3FE1AC358C0EDD0F23447583340,https://maps.app.goo.gl/Jhbw2xSC1e9bRC1C9,AV. GENARO ESTRADA,IZTAPALAPA,SANTA CRUZ MEYEHUALCO (U HAB) II,PLATSOBSE_DGOIV_MANT_UTOPIAS_UTOPIA_MEYEHUALCO_3,3211,ACTIVO,,,,,,
4,UTOPIA CASCADA,,CUIDADO,OBRAS QUE TRANSFORMAN LAS TAREAS DEL CUIDADO Y EL BIENESTAR,MANTENIMIENTO A UTOPIAS,MANT_UTOPIAS,DGOIV,SOBSE,2025,,,,,TERMINADO,100.0,PAULA LOPEZ,MANTENIMIENTO UTOPIAS,,,,DGOIV,0101000020E6100000333BE6979CC158C0E68653A4CA613340,https://maps.app.goo.gl/ff5z6V72qyW714mw7,ENNA,IZTAPALAPA,STA MARTHA ACATITLA NTE (AMPL) I,PLATSOBSE_DGOIV_MANT_UTOPIAS_UTOPIA_CASCADA_4,3212,ACTIVO,,,,,,
5,UTOPIA QUETZALCOATL,,CUIDADO,OBRAS QUE TRANSFORMAN LAS TAREAS DEL CUIDADO Y EL BIENESTAR,MANTENIMIENTO A UTOPIAS,MANT_UTOPIAS,DGOIV,SOBSE,2025,,,,,TERMINADO,100.0,PAULA LOPEZ,MANTENIMIENTO UTOPIAS,,,,DGOIV,0101000020E610000073A66494C2C258C015943F6BC0533340,https://maps.app.goo.gl/tQvz4jTAp5BYxbEPA,MANUEL CANAS,IZTAPALAPA,DESARROLLO URBANO QUETZALCOATL II,PLATSOBSE_DGOIV_MANT_UTOPIAS_UTOPIA_QUETZALCOATL_5,3213,ACTIVO,,,,,,
6,UTOPIA PAPALOTL,,CUIDADO,OBRAS QUE TRANSFORMAN LAS TAREAS DEL CUIDADO Y EL BIENESTAR,MANTENIMIENTO A UTOPIAS,MANT_UTOPIAS,DGOIV,SOBSE,2025,,,,,TERMINADO,100.0,PAULA LOPEZ,MANTENIMIENTO UTOPIAS,,,,DGOIV,0101000020E610000071A0D16711C258C00C7DEA3797573340,https://maps.app.goo.gl/KiQMZSXS96i1wcHX8,REFORMA ECONOMICA,IZTAPALAPA,SIERRA DEL VALLE,PLATSOBSE_DGOIV_MANT_UTOPIAS_UTOPIA_PAPALOTL_6,3214,ACTIVO,,,,,,
7,UTOPIA PARQUE CUITLAHUAC,,CUIDADO,OBRAS QUE TRANSFORMAN LAS TAREAS DEL CUIDADO Y EL BIENESTAR,MANTENIMIENTO A UTOPIAS,MANT_UTOPIAS,DGOIV,SOBSE,2025,,,,,TERMINADO,100.0,PAULA LOPEZ,MANTENIMIENTO UTOPIAS,,,,DGOIV,0101000020E61000001B20455BDDC258C03C4BD22D225C3340,https://maps.app.goo.gl/ehTn3YYSGhURRSzx9,AV. STA CRUZ MEYEHUALCO,IZTAPALAPA,SANTA CRUZ MEYEHUALCO (U HAB) II,PLATSOBSE_DGOIV_MANT_UTOPIAS_UTOPIA_PARQUE_CUITLAHUAC_7,3215,ACTIVO,,,,,,
8,UTOPIA OLINI,,CUIDADO,OBRAS QUE TRANSFORMAN LAS TAREAS DEL CUIDADO Y EL BIENESTAR,MANTENIMIENTO A UTOPIAS,MANT_UTOPIAS,DGOIV,SOBSE,2025,,,,,TERMINADO,100.0,PAULA LOPEZ,MANTENIMIENTO UTOPIAS,,,,DGOIV,0101000020E6100000ECD0FAA5CFC258C020BA5EA293613340,https://maps.app.goo.gl/nuUGxsPGFPRswR1r5,CALZ. IGNACIO ZARAGOZA,IZTAPALAPA,EJTO CONSTITUCIONALISTA,PLATSOBSE_DGOIV_MANT_UTOPIAS_UTOPIA_OLINI_8,3216,ACTIVO,,,,,,
13,CETRAM ACATITLA,,CUIDADO,OBRAS QUE TRANSFORMAN LAS TAREAS DEL CUIDADO Y EL BIENESTAR,CONSTRUCCION DE UTOPIAS,CONST_UTOPIAS,DGCOP,OBRAS EN GENERAL,2025,2026-06-10 17:48:39.631,actualizacion_dgcop,,,EN PROCESO,94.83,PAULA LOPEZ,CONSTRUCCION UTOPIAS,,,,DGCOP,0101000020E6100000525A63CD4AC058C017DFACBAAB5D3340,,CALZADA IGNACIO ZARAGOZA,IZTAPALAPA,LA COLMENA (U HAB),PLATSOBSE_DGCOP_CONST_UTOPIAS_CETRAM_ACATITLA_13,3200,ACTIVO,,,,,,
8,TALUD ALVARO OBREGON,,GRANDES_OBRAS,GRANDES OBRAS QUE TRANSFORMAN LA CAPITAL,OBRAS ADICIONALES,OBRAS_ADIC,DGCOP,OBRAS EN GENERAL,2025,,,,,TERMINADO,100.0,PAULA LOPEZ,TALUD,,,,DGCOP,0101000020E610000062F3716DA8CF58C016A4198BA65B3340,https://maps.app.goo.gl/KGwJVmdZck2obZH5A,CERRADA DE FELIPE ANGELES,ÁLVARO OBREGÓN,ACUILOTLA,PLATSOBSE_DGCOP_OBRAS_ADIC_TALUD_ALVARO_OBREGON_8,3203,ACTIVO,,,,,,
9,UTOPIA ESTRELLA,,CUIDADO,OBRAS QUE TRANSFORMAN LAS TAREAS DEL CUIDADO Y EL BIENESTAR,MANTENIMIENTO A UTOPIAS,MANT_UTOPIAS,DGOIV,SOBSE,2025,,,,,TERMINADO,100.0,PAULA LOPEZ,MANTENIMIENTO UTOPIAS,,,,DGOIV,0101000020E6100000AED4F53CE6C458C0165D28AAC8563340,https://maps.app.goo.gl/tXE33EWbWnS5Jwmz6,AV. SAN LORENZO,IZTAPALAPA,SAN JUAN XALPA II,PLATSOBSE_DGOIV_MANT_UTOPIAS_UTOPIA_ESTRELLA_9,3217,ACTIVO,,,,,,
10,UTOPIA LIBERTAD,,CUIDADO,OBRAS QUE TRANSFORMAN LAS TAREAS DEL CUIDADO Y EL BIENESTAR,MANTENIMIENTO A UTOPIAS,MANT_UTOPIAS,DGOIV,SOBSE,2025,,,,,TERMINADO,100.0,PAULA LOPEZ,MANTENIMIENTO UTOPIAS,,,,DGOIV,0101000020E61000003BDD3F3730C458C0870C161427533340,https://maps.app.goo.gl/HQLyrmSzfgmT1UyP9,RIO NILO,IZTAPALAPA,LOMAS DE SAN LORENZO II,PLATSOBSE_DGOIV_MANT_UTOPIAS_UTOPIA_LIBERTAD_10,3218,ACTIVO,,,,,,
11,UTOPIA CIHUACOTATL,,CUIDADO,OBRAS QUE TRANSFORMAN LAS TAREAS DEL CUIDADO Y EL BIENESTAR,MANTENIMIENTO A UTOPIAS,MANT_UTOPIAS,DGOIV,SOBSE,2025,,,,,TERMINADO,100.0,PAULA LOPEZ,MANTENIMIENTO UTOPIAS,,,,DGOIV,0101000020E610000058C51B9987C458C070B703F9025D3340,https://maps.app.goo.gl/h93tdthsrCiiQXZg9,LA PURISIMA,IZTAPALAPA,LEYES DE REFORMA 1A SECCION,PLATSOBSE_DGOIV_MANT_UTOPIAS_UTOPIA_CIHUACOTATL_11,3219,ACTIVO,,,,,,
12,UTOPIA TEOTONGO,,CUIDADO,OBRAS QUE TRANSFORMAN LAS TAREAS DEL CUIDADO Y EL BIENESTAR,MANTENIMIENTO A UTOPIAS,MANT_UTOPIAS,DGOIV,SOBSE,2025,,,,,TERMINADO,100.0,PAULA LOPEZ,MANTENIMIENTO UTOPIAS,,,,DGOIV,0101000020E6100000A9DD2BCA97BF58C00C85F855F35A3340,https://maps.app.goo.gl/QEiZ9EqVBxrvY5v26,DOCTOR FERNADO VILLEGAS,IZTAPALAPA,LOMAS DE ZARAGOZA,PLATSOBSE_DGOIV_MANT_UTOPIAS_UTOPIA_TEOTONGO_12,3220,ACTIVO,,,,,,
13,UTOPIA EL BARCO,,CUIDADO,OBRAS QUE TRANSFORMAN LAS TAREAS DEL CUIDADO Y EL BIENESTAR,MANTENIMIENTO A UTOPIAS,MANT_UTOPIAS,DGOIV,SOBSE,2025,,,,,TERMINADO,100.0,PAULA LOPEZ,MANTENIMIENTO UTOPIAS,,,,DGOIV,0101000020E610000050B3F62DA9C358C0A1485A9EC55C3340,https://maps.app.goo.gl/tVTPFF3SbdBQVf8N8,PERIFERICO ORIENTE,IZTAPALAPA,VICENTE GUERRERO SUPER MANZANA 2 (U HAB),PLATSOBSE_DGOIV_MANT_UTOPIAS_UTOPIA_EL_BARCO_13,3221,ACTIVO,,,,,,
14,UTOPIA TECOLOXTITLAN,,CUIDADO,OBRAS QUE TRANSFORMAN LAS TAREAS DEL CUIDADO Y EL BIENESTAR,MANTENIMIENTO A UTOPIAS,MANT_UTOPIAS,DGOIV,SOBSE,2025,,,,,TERMINADO,100.0,PAULA LOPEZ,MANTENIMIENTO UTOPIAS,,,,DGOIV,0101000020E61000007386C1804EC158C05BD10747A05C3340,https://maps.app.goo.gl/zdmenPNPtr7dMZvg8,CULIACAN,IZTAPALAPA,SAN SEBASTIAN TECOLOXTITLAN (PBLO),PLATSOBSE_DGOIV_MANT_UTOPIAS_UTOPIA_TECOLOXTITLAN_14,3222,ACTIVO,,,,,,
15,UTOPIA TEZONTLI,,CUIDADO,OBRAS QUE TRANSFORMAN LAS TAREAS DEL CUIDADO Y EL BIENESTAR,MANTENIMIENTO A UTOPIAS,MANT_UTOPIAS,DGOIV,SOBSE,2025,,,,,TERMINADO,100.0,PAULA LOPEZ,MANTENIMIENTO UTOPIAS,,,,DGOIV,0101000020E610000029FDCE40B6C458C01FA1031E5A4F3340,https://maps.app.goo.gl/9LCVxdGiPe2ygLc38,MIGUEL LERDO DE TEJADA,IZTAPALAPA,SAN ANTONIO (BARR),PLATSOBSE_DGOIV_MANT_UTOPIAS_UTOPIA_TEZONTLI_15,3223,ACTIVO,,,,,,
16,UTOPIA IXTAPALCALLI,,CUIDADO,OBRAS QUE TRANSFORMAN LAS TAREAS DEL CUIDADO Y EL BIENESTAR,MANTENIMIENTO A UTOPIAS,MANT_UTOPIAS,DGOIV,SOBSE,2025,,,,,TERMINADO,100.0,PAULA LOPEZ,MANTENIMIENTO UTOPIAS,,,,DGOIV,0101000020E6100000BFB67EFACFC558C0ED3ECFB8D35B3340,https://maps.app.goo.gl/LB8yrNJ5joEGJj3p7,CUAUHTEMOC,IZTAPALAPA,SAN PABLO (BARR),PLATSOBSE_DGOIV_MANT_UTOPIAS_UTOPIA_IXTAPALCALLI_16,3224,ACTIVO,,,,,,
7,EJE 3 ORIENTE Y ERMITA IZTAPALAPA,,ESPACIO_PUBLICO,OBRAS QUE TRANSFORMAN EL ESPACIO PUBLICO Y CONTRIBUYEN AL DERECHO A LA CIUDAD,REHABILITACION Y CONSTRUCCION DE PUENTES VEHICULARES,PUENTES_VEHICULARES,DGCOP,OBRAS EN GENERAL,2025,,,,,TERMINADO,100.0,PAULA LOPEZ,PUENTES VEHICULARES,,,,DGCOP,0101000020E6100000D106600322C758C0ECC039234A5B3340,https://maps.app.goo.gl/taafxWxzQxLPXp6r8,EJE 3 OTE,IZTAPALAPA,PROGRESO DEL SUR,PLATSOBSE_DGCOP_PUENTES_VEHICULARES_EJE_3_ORIENTE_Y_ERMITA_IZTAPALAPA_7,3232,ACTIVO,,,,,,
6,AV.608,,ESPACIO_PUBLICO,OBRAS QUE TRANSFORMAN EL ESPACIO PUBLICO Y CONTRIBUYEN AL DERECHO A LA CIUDAD,REHABILITACION Y CONSTRUCCION DE PUENTES VEHICULARES,PUENTES_VEHICULARES,DGCOP,OBRAS EN GENERAL,2025,,,,,TERMINADO,100.0,PAULA LOPEZ,PUENTES VEHICULARES,,,,DGCOP,0101000020E610000069519FE40EC558C05F44DB3175733340,https://maps.app.goo.gl/WqnqAJrEcUx2zrN68,AV. 508,GUSTAVO A. MADERO,SAN JUAN DE ARAGON 4A Y 5A SECCION (U HAB) II,PLATSOBSE_DGCOP_PUENTES_VEHICULARES_AV_608_6,3231,ACTIVO,,,,,,
4,INCORPORACION DE CALLE ALBAÑILES A DISTRIBUIDOR VIAL HEBERTO CASTILLO PROGRESISTA 1,,ESPACIO_PUBLICO,OBRAS QUE TRANSFORMAN EL ESPACIO PUBLICO Y CONTRIBUYEN AL DERECHO A LA CIUDAD,REHABILITACION Y CONSTRUCCION DE PUENTES VEHICULARES,PUENTES_VEHICULARES,DGCOP,OBRAS EN GENERAL,2025,,,,,TERMINADO,100.0,PAULA LOPEZ,PUENTES VEHICULARES,,,,DGCOP,0101000020E61000009F55664AEBC658C076C4211B486F3340,https://maps.app.goo.gl/C4z4Rp8P68xj5hTg6,CALZADA EN EL DISTRIBUIDOR VIAL HEBERTO CASTILLO,VENUSTIANO CARRANZA,MOCTEZUMA 1A SECCION,PLATSOBSE_DGCOP_PUENTES_VEHICULARES_INCORPORACION_DE_CALLE_ALBA_ILES_A_DISTRIBUIDOR_VIAL_HEBERTO_CASTILLO_PROGRESISTA_1_4,3229,ACTIVO,,,,,,
5,SIDAR Y ROVIROSA,,ESPACIO_PUBLICO,OBRAS QUE TRANSFORMAN EL ESPACIO PUBLICO Y CONTRIBUYEN AL DERECHO A LA CIUDAD,REHABILITACION Y CONSTRUCCION DE PUENTES VEHICULARES,PUENTES_VEHICULARES,DGCOP,SUAC,2025,,,,,TERMINADO,100.0,PAULA LOPEZ,PUENTES VEHICULARES,,,,DGCOP,0101000020E61000001FF296AB1FC758C006D671FC506D3340,https://maps.app.goo.gl/yghEXW4kdpu3XH8N8,CALZ. IGNACIO ZARAGOZA,VENUSTIANO CARRANZA,JARDIN BALBUENA I,PLATSOBSE_DGCOP_PUENTES_VEHICULARES_SISAR_Y_RUBIROSA_5,3230,ACTIVO,,,,,,
09DPR4191W,FRANCISCO SOSA,,ESPACIO_PUBLICO,OBRAS QUE TRANSFORMAN EL ESPACIO PUBLICO Y CONTRIBUYEN AL DERECHO A LA CIUDAD,"1,2,3 POR MI ESCUELA RENOVAR PARA TRANSFORMAR","1,2,3_ESCUELAS",DGCOP,CASA POR CASA,2025,2026-06-10 18:02:28.136,actualizacion_dgcop,,,EN PROCESO,82.0,PAULA LOPEZ,PRIMARIA,,,,DGCOP,0101000020E61000003656629E95C458C03ACD02ED0E513340,https://maps.app.goo.gl/XXbtp9Ue5UxJTRaz5,EVERARDO GAMIZ,IZTAPALAPA,LOMAS DE SAN LORENZO II,PLATSOBSE_DGCOP_1_2_3_ESCUELAS_FRANCISCO_SOSA_09DPR4191W_09DPR4191W,2917,ACTIVO,,,,,,
09DPR1708G,ICHCATEOPAN,,ESPACIO_PUBLICO,OBRAS QUE TRANSFORMAN EL ESPACIO PUBLICO Y CONTRIBUYEN AL DERECHO A LA CIUDAD,"1,2,3 POR MI ESCUELA RENOVAR PARA TRANSFORMAR","1,2,3_ESCUELAS",DGCOP,CASA POR CASA,2025,2026-06-03 18:33:25.323,actualizacion_dgcop,,,TERMINADO,100.0,PAULA LOPEZ,PRIMARIA,,,,DGCOP,0101000020E61000000936AE7FD7CB58C03D7E6FD39F753340,https://maps.app.goo.gl/3XtpKQQqVnr3ji88A,MAR ARABIGO ESQUINA MAR MEDITERRANEO,MIGUEL HIDALGO,TACUBA,PLATSOBSE_DGCOP_1_2_3_ESCUELAS_ICHCATEOPAN_09DPR1708G_09DPR1708G,2918,ACTIVO,,,,,,
12,AUTOPISTA MEXICO-PUEBLA (DIR. AMADOR SALAZAR),,ESPACIO_PUBLICO,OBRAS QUE TRANSFORMAN EL ESPACIO PUBLICO Y CONTRIBUYEN AL DERECHO A LA CIUDAD,REHABILITACION Y CONSTRUCCION DE PUENTES VEHICULARES,PUENTES_VEHICULARES,DGCOP,OBRAS EN GENERAL,2025,,,,,TERMINADO,100.0,PAULA LOPEZ,PUENTES VEHICULARES,,,,DGCOP,0101000020E61000006BB6F292FFC058C0C495B377465F3340,https://maps.app.goo.gl/EbsniHCcRRd6Fbc18,AUTOPISTA MEXICO-PUEBLA,IZTAPALAPA,SANTA MARTHA ACATITLA,PLATSOBSE_DGCOP_PUENTES_VEHICULARES_AUTOPISTA_MEXICO_PUEBLA_DIR_AMADOR_SALAZAR_12,3237,ACTIVO,,,,,,
13,AUTOPISTA MEXICO-PUEBLA (DIR. AMADOR SALAZAR) Y AV. MEXICO SAN MIGUEL TEOTONGO (CONCORDIA),,ESPACIO_PUBLICO,OBRAS QUE TRANSFORMAN EL ESPACIO PUBLICO Y CONTRIBUYEN AL DERECHO A LA CIUDAD,REHABILITACION Y CONSTRUCCION DE PUENTES VEHICULARES,PUENTES_VEHICULARES,DGCOP,OBRAS EN GENERAL,2025,,,,,TERMINADO,100.0,PAULA LOPEZ,PUENTES VEHICULARES,,,,DGCOP,0101000020E6100000EC51B81E85BF58C05E4BC8073D5B3340,https://maps.app.goo.gl/Yk81VLWDapXtdkw76,AUTOPISTA MEXICO-PUEBLA,IZTAPALAPA,SAN MIGUEL TEOTONGO,PLATSOBSE_DGCOP_PUENTES_VEHICULARES_AUTOPISTA_MEXICO_PUEBLA_DIR_AMADOR_SALAZAR_Y_AV_MEXICO_SAN_MIGUEL_TEOTONGO_CONCORDIA_13,3238,ACTIVO,,,,,,
20,AV. ACUEDUCTO Y AV. INSURGENTES (DIR. PACHUCA),,ESPACIO_PUBLICO,OBRAS QUE TRANSFORMAN EL ESPACIO PUBLICO Y CONTRIBUYEN AL DERECHO A LA CIUDAD,REHABILITACION Y CONSTRUCCION DE PUENTES VEHICULARES,PUENTES_VEHICULARES,DGCOP,OBRAS EN GENERAL,2025,,,,,TERMINADO,100.0,PAULA LOPEZ,PUENTES VEHICULARES,,,,DGCOP,0101000020E61000003FAC376A85C758C0D5264EEE77803340,https://maps.app.goo.gl/RchzRZJcy7VWjnjY8,AV. ACUEDUCTO,GUSTAVO A. MADERO,SAN PEDRO ZACATENCO (PBLO),PLATSOBSE_DGCOP_PUENTES_VEHICULARES_AV_ACUEDUCTO_Y_AV_INSURGENTES_DIR_PACHUCA_20,3245,ACTIVO,,,,,,
9,BIFURCACION DE AUTOPISTA MEXICO-PUEBLA (DIR. AMADOR SALAZAR) A CALZ. ERMITA IZTAPALAPA (DIR. EJE 6 AV. DE LAS TORRES),,ESPACIO_PUBLICO,OBRAS QUE TRANSFORMAN EL ESPACIO PUBLICO Y CONTRIBUYEN AL DERECHO A LA CIUDAD,REHABILITACION Y CONSTRUCCION DE PUENTES VEHICULARES,PUENTES_VEHICULARES,DGCOP,OBRAS EN GENERAL,2025,,,,,TERMINADO,100.0,PAULA LOPEZ,PUENTES VEHICULARES,,,,DGCOP,0101000020E610000074999A046FC058C0C9E9EBF99A5D3340,https://maps.app.goo.gl/Qdqjs7k89pJe9URKA,AUTOPISTA MEXICO-PUEBLA,IZTAPALAPA,SANTA MARTHA ACATITLA,PLATSOBSE_DGCOP_PUENTES_VEHICULARES_BIFURCACION_DE_AUTOPISTA_MEXICO_PUEBLA_DIR_AMADOR_SALAZAR_A_CALZ_ERMITA_IZTAPALAPA_DIR_EJE_6_AV_DE_LAS_TORRES_9,3234,ACTIVO,,,,,,
15,AV. MEXICO (DIR. TABACHINES) (CONCORDIA),,ESPACIO_PUBLICO,OBRAS QUE TRANSFORMAN EL ESPACIO PUBLICO Y CONTRIBUYEN AL DERECHO A LA CIUDAD,REHABILITACION Y CONSTRUCCION DE PUENTES VEHICULARES,PUENTES_VEHICULARES,DGCOP,OBRAS EN GENERAL,2025,,,,,TERMINADO,100.0,PAULA LOPEZ,PUENTES VEHICULARES,,,,DGCOP,0101000020E61000004772F90FE9BF58C096438B6CE75B3340,https://maps.app.goo.gl/zSyT6L8PSXpnc5ik8,AV. MEXICO,IZTAPALAPA,LOMAS DE ZARAGOZA,PLATSOBSE_DGCOP_PUENTES_VEHICULARES_AV_MEXICO_DIR_TABACHINES_CONCORDIA_15,3240,ACTIVO,,,,,,
14,BIFURCACION DE AUTOPISTA MEXICO-PUEBLA (DIR. AMADOR SALAZAR) A CALZ. ERMITA IZTAPALAPA (DIR. EJE 6 AV. DE LAS TORRES) (CONCORDIA),,ESPACIO_PUBLICO,OBRAS QUE TRANSFORMAN EL ESPACIO PUBLICO Y CONTRIBUYEN AL DERECHO A LA CIUDAD,REHABILITACION Y CONSTRUCCION DE PUENTES VEHICULARES,PUENTES_VEHICULARES,DGCOP,OBRAS EN GENERAL,2025,,,,,TERMINADO,100.0,PAULA LOPEZ,PUENTES VEHICULARES,,,,DGCOP,0101000020E6100000DDB5847CD0BF58C007CE1951DA5B3340,https://maps.app.goo.gl/wYJxpzNV7dg8CZbZ7,AUTOPISTA MEXICO-PUEBLA,IZTAPALAPA,LOMAS DE ZARAGOZA,PLATSOBSE_DGCOP_PUENTES_VEHICULARES_BIFURCACION_DE_AUTOPISTA_MEXICO_PUEBLA_DIR_AMADOR_SALAZAR_A_CALZ_ERMITA_IZTAPALAPA_DIR_EJE_6_AV_DE_LAS_TORRES_CONCORDIA_14,3239,ACTIVO,,,,,,
11,EJE 7 OTE 314-499,,ESPACIO_PUBLICO,OBRAS QUE TRANSFORMAN EL ESPACIO PUBLICO Y CONTRIBUYEN AL DERECHO A LA CIUDAD,REHABILITACION Y CONSTRUCCION DE PUENTES VEHICULARES,PUENTES_VEHICULARES,DGCOP,OBRAS EN GENERAL,2025,,,,,TERMINADO,100.0,PAULA LOPEZ,PUENTES VEHICULARES,,,,DGCOP,0101000020E6100000B6B9313D61C258C0A9C29FE1CD623340,https://maps.app.goo.gl/7V3HkWnCSA8u9MZN7,EJE 7 OTE,IZTAPALAPA,JUAN ESCUTIA II,PLATSOBSE_DGCOP_PUENTES_VEHICULARES_EJE_7_OTE_314_499_11,3236,ACTIVO,,,,,,
8,INCORPORACION DE CALLE ALBAÑILES A DISTRIBUIDOR VIAL HEBERTO CASTILLO PROGRESISTA 2,,ESPACIO_PUBLICO,OBRAS QUE TRANSFORMAN EL ESPACIO PUBLICO Y CONTRIBUYEN AL DERECHO A LA CIUDAD,REHABILITACION Y CONSTRUCCION DE PUENTES VEHICULARES,PUENTES_VEHICULARES,DGCOP,OBRAS EN GENERAL,2025,,,,,TERMINADO,100.0,PAULA LOPEZ,PUENTES VEHICULARES,,,,DGCOP,0101000020E610000001FA7DFFE6C658C004E3E0D2316F3340,https://maps.app.goo.gl/ViZR7taK65oXnFpH9,CALZADA EN EL DISTRIBUIDOR VIAL HEBERTO CASTILLO,VENUSTIANO CARRANZA,MOCTEZUMA 1A SECCION,PLATSOBSE_DGCOP_PUENTES_VEHICULARES_INCORPORACION_DE_CALLE_ALBA_ILES_A_DISTRIBUIDOR_VIAL_HEBERTO_CASTILLO_PROGRESISTA_2_8,3233,ACTIVO,,,,,,
19,FCO. DEL PASO Y TRONCOSO (EJE 3 OTE),,ESPACIO_PUBLICO,OBRAS QUE TRANSFORMAN EL ESPACIO PUBLICO Y CONTRIBUYEN AL DERECHO A LA CIUDAD,REHABILITACION Y CONSTRUCCION DE PUENTES VEHICULARES,PUENTES_VEHICULARES,DGCOP,OBRAS EN GENERAL,2025,,,,,TERMINADO,100.0,PAULA LOPEZ,PUENTES VEHICULARES,,,,DGCOP,0101000020E6100000DFC14F1C40C758C0346953758F683340,https://maps.app.goo.gl/tTng4QCuV3mcdpW96,EJE VIAL 3 SUR,VENUSTIANO CARRANZA,MAGDALENA MIXHUCA (PBLO),PLATSOBSE_DGCOP_PUENTES_VEHICULARES_FCO_DEL_PASO_Y_TRONCOSO_EJE_3_OTE_19,3244,ACTIVO,,,,,,
28,CANAL DE TEZONTLE 1730,,ESPACIO_PUBLICO,OBRAS QUE TRANSFORMAN EL ESPACIO PUBLICO Y CONTRIBUYEN AL DERECHO A LA CIUDAD,REHABILITACION Y CONSTRUCCION DE PUENTES VEHICULARES,PUENTES_VEHICULARES,DGCOP,OBRAS EN GENERAL,2025,,,,,TERMINADO,100.0,PAULA LOPEZ,PUENTES VEHICULARES,,,,DGCOP,0101000020E6100000D1402C9B39C758C067D13B1570633340,https://maps.app.goo.gl/L8MMimJFcQrGEdSA8,CANAL DE TEZONTLE,IZTACALCO,PICOS IZTACALCO 1-A,PLATSOBSE_DGCOP_PUENTES_VEHICULARES_CANAL_DE_TEZONTLE_1730_28,3253,ACTIVO,,,,,,
22,AV. CANAL DE TEZONTLE LOS PICOS IZTACALCO SUAC,,ESPACIO_PUBLICO,OBRAS QUE TRANSFORMAN EL ESPACIO PUBLICO Y CONTRIBUYEN AL DERECHO A LA CIUDAD,REHABILITACION Y CONSTRUCCION DE PUENTES VEHICULARES,PUENTES_VEHICULARES,DGCOP,SUAC,2025,,,,,TERMINADO,100.0,PAULA LOPEZ,PUENTES VEHICULARES,,,,DGCOP,0101000020E6100000D1402C9B39C758C067D13B1570633340,https://maps.app.goo.gl/L8MMimJFcQrGEdSA8,MIGUEL GARCIA GARCIA,IZTACALCO,PICOS IZTACALCO 1-A,PLATSOBSE_DGCOP_PUENTES_VEHICULARES_AV_CANAL_DE_TEZONTLE_LOS_PICOS_IZTACALCO_SUAC_22,3247,ACTIVO,,,,,,
29,AGRICOLA PANTITLAN,,ESPACIO_PUBLICO,OBRAS QUE TRANSFORMAN EL ESPACIO PUBLICO Y CONTRIBUYEN AL DERECHO A LA CIUDAD,REHABILITACION Y CONSTRUCCION DE PUENTES VEHICULARES,PUENTES_VEHICULARES,DGCOP,OBRAS EN GENERAL,2025,,,,,TERMINADO,100.0,PAULA LOPEZ,PUENTES VEHICULARES,,,,DGCOP,0101000020E6100000EF8CB62A89C458C0508D976E126B3340,https://maps.app.goo.gl/Q1iwMQ1sCMbxopkA9,EJE 4 ORIENTEAGRICOLA PANTITLAN,IZTACALCO,PANTITLAN I,PLATSOBSE_DGCOP_PUENTES_VEHICULARES_AGRICOLA_PANTITLAN_29,3254,ACTIVO,,,,,,
23,CNEL. BENITO SAN ZENEA 239,,ESPACIO_PUBLICO,OBRAS QUE TRANSFORMAN EL ESPACIO PUBLICO Y CONTRIBUYEN AL DERECHO A LA CIUDAD,REHABILITACION Y CONSTRUCCION DE PUENTES VEHICULARES,PUENTES_VEHICULARES,DGCOP,OBRAS EN GENERAL,2025,,,,,TERMINADO,100.0,PAULA LOPEZ,PUENTES VEHICULARES,,,,DGCOP,0101000020E6100000D15B3CBCE7C258C02F6D382C0D643340,https://maps.app.goo.gl/Vai9zNJzHgHV1g5e9,CNEL. BENITO SAN ZENEA,IZTAPALAPA,JUAN ESCUTIA I,PLATSOBSE_DGCOP_PUENTES_VEHICULARES_CNEL_BENITO_SAN_ZENEA_239_23,3248,ACTIVO,,,,,,
21,INCORPORACION DE CALZ. ERMITA IZTAPALAPA A AUTOPISTA MEXICO- PUEBLA (DIR. AV. DE LAS TORRES) (CONCORDIA),,ESPACIO_PUBLICO,OBRAS QUE TRANSFORMAN EL ESPACIO PUBLICO Y CONTRIBUYEN AL DERECHO A LA CIUDAD,REHABILITACION Y CONSTRUCCION DE PUENTES VEHICULARES,PUENTES_VEHICULARES,DGCOP,OBRAS EN GENERAL,2025,,,,,TERMINADO,100.0,PAULA LOPEZ,PUENTES VEHICULARES,,,,DGCOP,0101000020E6100000AA60545227C058C0EC51B81E855B3340,https://maps.app.goo.gl/yo7HUGRNQGV6SRj18,INCORPORACION DE CALZADA ERMITA IZTAPALAPA,IZTAPALAPA,SANTIAGO ACAHUALTEPEC (PBLO),PLATSOBSE_DGCOP_PUENTES_VEHICULARES_INCORPORACION_DE_CALZ_ERMITA_IZTAPALAPA_A_AUTOPISTA_MEXICO_PUEBLA_DIR_AV_DE_LAS_TORRES_CONCORDIA_21,3246,ACTIVO,,,,,,
25,MIGUEL BERNARD,,ESPACIO_PUBLICO,OBRAS QUE TRANSFORMAN EL ESPACIO PUBLICO Y CONTRIBUYEN AL DERECHO A LA CIUDAD,REHABILITACION Y CONSTRUCCION DE PUENTES VEHICULARES,PUENTES_VEHICULARES,DGCOP,SUAC,2025,,,,,TERMINADO,100.0,PAULA LOPEZ,PUENTES VEHICULARES,,,,DGCOP,0101000020E6100000BDE5EAC726C958C0670E492D94843340,https://maps.app.goo.gl/zHWRpRtr4qHFvbXV9,NTE. 65,GUSTAVO A. MADERO,LA CANDELARIA TICOMAN (BARR),PLATSOBSE_DGCOP_PUENTES_VEHICULARES_MIGUEL_BERNARD_25,3250,ACTIVO,,,,,,
24,RIO CHURUBUSCO Y EJE 3 SUR ANIL,,ESPACIO_PUBLICO,OBRAS QUE TRANSFORMAN EL ESPACIO PUBLICO Y CONTRIBUYEN AL DERECHO A LA CIUDAD,REHABILITACION Y CONSTRUCCION DE PUENTES VEHICULARES,PUENTES_VEHICULARES,DGCOP,OBRAS EN GENERAL,2025,,,,,TERMINADO,100.0,PAULA LOPEZ,PUENTES VEHICULARES,,,,DGCOP,0101000020E61000002975C93846C658C08A743FA720673340,https://maps.app.goo.gl/vXyuj1F47og42GXM6,ANIL,IZTACALCO,GRANJAS MEXICO I,PLATSOBSE_DGCOP_PUENTES_VEHICULARES_RIO_CHURUBUSCO_Y_EJE_3_SUR_ANIL_24,3249,ACTIVO,,,,,,
09DPR1654T,LIBERACION CAMPESINA,,ESPACIO_PUBLICO,OBRAS QUE TRANSFORMAN EL ESPACIO PUBLICO Y CONTRIBUYEN AL DERECHO A LA CIUDAD,"1,2,3 POR MI ESCUELA RENOVAR PARA TRANSFORMAR","1,2,3_ESCUELAS",DGCOP,SECTEI,2025,2026-06-03 18:30:15.382,actualizacion_dgcop,,,TERMINADO,100.0,PAULA LOPEZ,PRIMARIA,,,,DGCOP,0101000020E61000006919A9F754CD58C0A260C614AC7D3340,https://maps.app.goo.gl/UWyaAzdUPViNjx5L8,MARISCAL ROMMEL,AZCAPOTZALCO,PROVIDENCIA,PLATSOBSE_DGCOP_1_2_3_ESCUELAS_LIBERACION_CAMPESINA_09DPR1654T_09DPR1654T,2926,ACTIVO,,,,,,
09DPR1641P,HEROES DEL SUR,,ESPACIO_PUBLICO,OBRAS QUE TRANSFORMAN EL ESPACIO PUBLICO Y CONTRIBUYEN AL DERECHO A LA CIUDAD,"1,2,3 POR MI ESCUELA RENOVAR PARA TRANSFORMAR","1,2,3_ESCUELAS",DGCOP,CASA POR CASA,2025,2026-06-03 18:37:55.222,actualizacion_dgcop,,,TERMINADO,100.0,PAULA LOPEZ,PRIMARIA,,,,DGCOP,0101000020E61000008C118942CBCB58C0F12A6B9BE27D3340,https://maps.app.goo.gl/zbAzAyPd76VGkRka7,REFINERIA MINATITLAN,AZCAPOTZALCO,SAN ANDRES (PBLO),PLATSOBSE_DGCOP_1_2_3_ESCUELAS_HEROES_DEL_SUR_09DPR1641P_09DPR1641P,2935,ACTIVO,,,,,,
09DPR1717O,FRANCISCO EDUARDO TRESGUERRAS,,ESPACIO_PUBLICO,OBRAS QUE TRANSFORMAN EL ESPACIO PUBLICO Y CONTRIBUYEN AL DERECHO A LA CIUDAD,"1,2,3 POR MI ESCUELA RENOVAR PARA TRANSFORMAR","1,2,3_ESCUELAS",DGCOP,CASA POR CASA,2025,,,,,TERMINADO,100.0,PAULA LOPEZ,PRIMARIA,,,,DGCOP,0101000020E6100000BB61DBA2CCCB58C0959D7E5017753340,https://maps.app.goo.gl/t7rXJxsoof7MyhXc6,GOLFO DE CALIFORNIA,MIGUEL HIDALGO,TACUBA,PLATSOBSE_DGCOP_1_2_3_ESCUELAS_FRANCISCO_EDUARDO_TRESGUERRAS_09DPR1717O_09DPR1717O,2933,ACTIVO,,,,,,
30,RIO BECERRA,,ESPACIO_PUBLICO,OBRAS QUE TRANSFORMAN EL ESPACIO PUBLICO Y CONTRIBUYEN AL DERECHO A LA CIUDAD,REHABILITACION Y CONSTRUCCION DE PUENTES VEHICULARES,PUENTES_VEHICULARES,DGCOP,OBRAS EN GENERAL,2025,,,,,TERMINADO,100.0,PAULA LOPEZ,PUENTES VEHICULARES,,,,DGCOP,0101000020E6100000EFE3688EACCB58C0CF2EDFFAB0623340,https://maps.app.goo.gl/jpGiDZSrB53rBgap6,EJE 5 SUR,BENITO JUÁREZ,NAPOLES (AMPL),PLATSOBSE_DGCOP_PUENTES_VEHICULARES_RIO_BECERRA_30,3255,ACTIVO,,,,,,
42,"AV. RIO CHURUBUSCO, ACULCO",,ESPACIO_PUBLICO,OBRAS QUE TRANSFORMAN EL ESPACIO PUBLICO Y CONTRIBUYEN AL DERECHO A LA CIUDAD,REHABILITACION Y CONSTRUCCION DE PUENTES VEHICULARES,PUENTES_VEHICULARES,DGCOP,OBRAS EN GENERAL,2025,,,,,TERMINADO,100.0,PAULA LOPEZ,PUENTES VEHICULARES,,,,DGCOP,0101000020E6100000A741D13C80C658C0471E882CD2603340,https://maps.app.goo.gl/pRT7ANvhHBUuVrxq8,INTERSECCION AVENIDA RIO CHURUBUSCO,IZTAPALAPA,SAN JOSE ACULCO,PLATSOBSE_DGCOP_PUENTES_VEHICULARES_AV_RIO_CHURUBUSCO_ACULCO_42,3267,ACTIVO,,,,,,
35,"BLVD. ADOLFO LOPEZ MATEOS, CHAPULTEPEC",,ESPACIO_PUBLICO,OBRAS QUE TRANSFORMAN EL ESPACIO PUBLICO Y CONTRIBUYEN AL DERECHO A LA CIUDAD,REHABILITACION Y CONSTRUCCION DE PUENTES VEHICULARES,PUENTES_VEHICULARES,DGCOP,OBRAS EN GENERAL,2025,,,,,TERMINADO,100.0,PAULA LOPEZ,PUENTES VEHICULARES,,,,DGCOP,0101000020E6100000BEA25BAFE9CC58C04C6C3EAE0D6D3340,https://maps.app.goo.gl/39myxxpYDyMEgirX8,"ANILLO PERIF.,",MIGUEL HIDALGO,BOSQUE DE CHAPULTEPEC II SECCION,PLATSOBSE_DGCOP_PUENTES_VEHICULARES_BLVD_ADOLFO_LOPEZ_MATEOS_CHAPULTEPEC_35,3260,ACTIVO,,,,,,
37,TOPILEJO,,ESPACIO_PUBLICO,OBRAS QUE TRANSFORMAN EL ESPACIO PUBLICO Y CONTRIBUYEN AL DERECHO A LA CIUDAD,REHABILITACION Y CONSTRUCCION DE PUENTES VEHICULARES,PUENTES_VEHICULARES,DGCOP,OBRAS EN GENERAL,2025,,,,,TERMINADO,100.0,PAULA LOPEZ,PUENTES VEHICULARES,,,,DGCOP,0101000020E6100000467D923B6CC958C0B5A679C729323340,https://maps.app.goo.gl/GtW4A4dTiSwfhTLM7,TEXIMULCO,TLALPAN,SAN MIGUEL TOPILEJO (PBLO),PLATSOBSE_DGCOP_PUENTES_VEHICULARES_TOPILEJO_37,3262,ACTIVO,,,,,,
43,EJE 6 SUR Y EJE 3 OTE,,ESPACIO_PUBLICO,OBRAS QUE TRANSFORMAN EL ESPACIO PUBLICO Y CONTRIBUYEN AL DERECHO A LA CIUDAD,REHABILITACION Y CONSTRUCCION DE PUENTES VEHICULARES,PUENTES_VEHICULARES,DGCOP,OBRAS EN GENERAL,2025,,,,,TERMINADO,100.0,PAULA LOPEZ,PUENTES VEHICULARES,,,,DGCOP,0101000020E610000038A3E6ABE4C658C063F030ED9B5F3340,https://maps.app.goo.gl/m7RDK156aDYGBh8y8,EJE 6 SUR,IZTAPALAPA,LA NUEVA ROSITA,PLATSOBSE_DGCOP_PUENTES_VEHICULARES_EJE_6_SUR_Y_EJE_3_OTE_43,3268,ACTIVO,,,,,,
44,EJE 6 SUR Y AV. RIO CHURUBUSCO,,ESPACIO_PUBLICO,OBRAS QUE TRANSFORMAN EL ESPACIO PUBLICO Y CONTRIBUYEN AL DERECHO A LA CIUDAD,REHABILITACION Y CONSTRUCCION DE PUENTES VEHICULARES,PUENTES_VEHICULARES,DGCOP,OBRAS EN GENERAL,2025,,,,,TERMINADO,100.0,PAULA LOPEZ,PUENTES VEHICULARES,,,,DGCOP,0101000020E61000001EC6A4BF97C658C062669FC7285F3340,https://maps.app.goo.gl/3NzuJv5gfWEwwB426,SAN JOSE ACULCO,IZTAPALAPA,SAN JOSE ACULCO,PLATSOBSE_DGCOP_PUENTES_VEHICULARES_EJE_6_SUR_Y_AV_RIO_CHURUBUSCO_44,3269,ACTIVO,,,,,,
09DPR0977U,LIC. ERNESTO ENRIQUEZ,,ESPACIO_PUBLICO,OBRAS QUE TRANSFORMAN EL ESPACIO PUBLICO Y CONTRIBUYEN AL DERECHO A LA CIUDAD,"1,2,3 POR MI ESCUELA RENOVAR PARA TRANSFORMAR","1,2,3_ESCUELAS",DGCOP,CASA POR CASA,2025,2026-06-10 18:20:29.673,actualizacion_dgcop,,,EN PROCESO,61.1,PAULA LOPEZ,PRIMARIA,,,,DGCOP,0101000020E610000007077B1343C658C035D4282499713340,https://maps.app.goo.gl/4VgdEhBgk6D83YA16,DAMASCO,VENUSTIANO CARRANZA,ROMERO RUBIO,PLATSOBSE_DGCOP_1_2_3_ESCUELAS_LIC_ERNESTO_ENRIQUEZ_09DPR0977U_09DPR0977U,2929,ACTIVO,,,,,,
09DJN0787M,HERMINIO KENNY,,ESPACIO_PUBLICO,OBRAS QUE TRANSFORMAN EL ESPACIO PUBLICO Y CONTRIBUYEN AL DERECHO A LA CIUDAD,"1,2,3 POR MI ESCUELA RENOVAR PARA TRANSFORMAR","1,2,3_ESCUELAS",DGCOP,CASA POR CASA,2025,2026-06-03 18:45:50.849,actualizacion_dgcop,,,TERMINADO,100.0,PAULA LOPEZ,PREESCOLAR,,,,DGCOP,0101000020E61000006F490ED8D5CB58C0452DCDAD107E3340,https://maps.app.goo.gl/VkHboYKjT4xiqU6R8,REFINERIA MINATITLAN,AZCAPOTZALCO,SAN ANDRES (PBLO),PLATSOBSE_DGCOP_1_2_3_ESCUELAS_HERMINIO_KENNY_09DJN0787M_09DJN0787M,2937,ACTIVO,,,,,,
09DPR4515M,NINOS HEROES,,ESPACIO_PUBLICO,OBRAS QUE TRANSFORMAN EL ESPACIO PUBLICO Y CONTRIBUYEN AL DERECHO A LA CIUDAD,"1,2,3 POR MI ESCUELA RENOVAR PARA TRANSFORMAR","1,2,3_ESCUELAS",DGCOP,CASA POR CASA,2025,2026-06-03 19:12:21.281,actualizacion_dgcop,,,TERMINADO,100.0,PAULA LOPEZ,PRIMARIA,,,,DGCOP,0101000020E6100000BF1072DEFFD358C082C64CA25E583340,https://maps.app.goo.gl/CHqz2FBJgaAf9eVUA,STA. RITA,CUAJIMALPA DE MORELOS,LOMA DEL PADRE,PLATSOBSE_DGCOP_1_2_3_ESCUELAS_NINOS_HEROES_09DPR4515M_09DPR4515M,2948,ACTIVO,,,,,,
09FLB0002N,CENTRAL DE LABORATORIOS Y TALLERES No. 2,,ESPACIO_PUBLICO,OBRAS QUE TRANSFORMAN EL ESPACIO PUBLICO Y CONTRIBUYEN AL DERECHO A LA CIUDAD,"1,2,3 POR MI ESCUELA RENOVAR PARA TRANSFORMAR","1,2,3_ESCUELAS",DGCOP,CASA POR CASA,2025,,,,,TERMINADO,100.0,PAULA LOPEZ,SECUNDARIA,,,,DGCOP,0101000020E61000006747AAEFFCCC58C016325706D5823340,https://maps.app.goo.gl/UJPs1725X5QVYRLy6,AV. DE LAS CULTURAS Y PESCADORES,AZCAPOTZALCO,EL ROSARIO B (U HAB),PLATSOBSE_DGCOP_1_2_3_ESCUELAS_CENTRAL_DE_LABORATORIOS_Y_TALLERES_NO_2_09FLB0002N_09FLB0002N,2950,ACTIVO,,,,,,
58,AV. DE LAS FUENTES Y COFRE PV-349,,ESPACIO_PUBLICO,OBRAS QUE TRANSFORMAN EL ESPACIO PUBLICO Y CONTRIBUYEN AL DERECHO A LA CIUDAD,REHABILITACION Y CONSTRUCCION DE PUENTES VEHICULARES,PUENTES_VEHICULARES,DGCOP,OBRAS EN GENERAL,2025,,,,,TERMINADO,100.0,PAULA LOPEZ,PUENTES VEHICULARES,,,,DGCOP,0101000020E61000006CE9D1544FCE58C095F430B43A6D3340,https://maps.app.goo.gl/EWPn98LNFXPQM6Jo7,AV. DE LAS FUENTES,MIGUEL HIDALGO,LOMAS DE BARRILACO (LOMAS DE CHAPULTEPEC),PLATSOBSE_DGCOP_PUENTES_VEHICULARES_AV_DE_LAS_FUENTES_Y_COFRE_PV_349_58,3283,ACTIVO,,,,,,
60,CEYLAN Y CALZ. AZCAPOTZALCO - LA VILLA PV-289,,ESPACIO_PUBLICO,OBRAS QUE TRANSFORMAN EL ESPACIO PUBLICO Y CONTRIBUYEN AL DERECHO A LA CIUDAD,REHABILITACION Y CONSTRUCCION DE PUENTES VEHICULARES,PUENTES_VEHICULARES,DGCOP,OBRAS EN GENERAL,2025,,,,,TERMINADO,100.0,PAULA LOPEZ,PUENTES VEHICULARES,,,,DGCOP,0101000020E61000004FB16A10E6CA58C00A302C7FBE7D3340,https://maps.app.goo.gl/jfXtCr6sTBHyw8PS8,CALZ. AZCAPOTZALCO - LA VILLA,AZCAPOTZALCO,EL JAGUEY-ESTACION PANTACO,PLATSOBSE_DGCOP_PUENTES_VEHICULARES_CEYLAN_Y_CALZ_AZCAPOTZALCO_LA_VILLA_PV_289_60,3285,ACTIVO,,,,,,
09DJN0718Q,JUAN DE DIOS PEZA,,ESPACIO_PUBLICO,OBRAS QUE TRANSFORMAN EL ESPACIO PUBLICO Y CONTRIBUYEN AL DERECHO A LA CIUDAD,"1,2,3 POR MI ESCUELA RENOVAR PARA TRANSFORMAR","1,2,3_ESCUELAS",DGCOP,CASA POR CASA,2025,2026-05-27 19:20:47.237,actualizacion_dgcop,,,TERMINADO,100.0,RODOLFO GONZALES,PREESCOLAR,,,,DGCOP,0101000020E610000050FC1873D7C858C0F1F09E03CB693340,https://maps.app.goo.gl/FM64qshCQFMVqdXf6,JUAN DE DIOS PEZA III,CUAUHTÉMOC,OBRERA IV,PLATSOBSE_DGCOP_1_2_3_ESCUELAS_JUAN_DE_DIOS_PEZA_09DJN0718Q_09DJN0718Q,2941,ACTIVO,,,,,,
50,PUENTE EJE 4 NORTE PV-289,,ESPACIO_PUBLICO,OBRAS QUE TRANSFORMAN EL ESPACIO PUBLICO Y CONTRIBUYEN AL DERECHO A LA CIUDAD,REHABILITACION Y CONSTRUCCION DE PUENTES VEHICULARES,PUENTES_VEHICULARES,DGCOP,OBRAS EN GENERAL,2025,,,,,TERMINADO,100.0,RODOLFO GONZALES,PUENTES VEHICULARES,,,,DGCOP,0101000020E61000001A36CAFACDCA58C0D93D7958A87D3340,https://maps.app.goo.gl/M9r6mtNYQj5ZMp5t5,EJE 4 NORTE,AZCAPOTZALCO,EL JAGUEY-ESTACION PANTACO,PLATSOBSE_DGCOP_PUENTES_VEHICULARES_PUENTE_EJE_4_NORTE_PV_289_50,3275,ACTIVO,,,,,,
61,SANTO DOMINGO AZCAPOTZALCO PV-284,,ESPACIO_PUBLICO,OBRAS QUE TRANSFORMAN EL ESPACIO PUBLICO Y CONTRIBUYEN AL DERECHO A LA CIUDAD,REHABILITACION Y CONSTRUCCION DE PUENTES VEHICULARES,PUENTES_VEHICULARES,DGCOP,OBRAS EN GENERAL,2025,,,,,TERMINADO,100.0,RODOLFO GONZALES,PUENTES VEHICULARES,,,,DGCOP,0101000020E61000000057B26323CC58C0153AAFB14B7C3340,https://maps.app.goo.gl/7MdNGW9hMbLZ1M3R9,SANTO DOMINGO,AZCAPOTZALCO,SAN RAFAEL,PLATSOBSE_DGCOP_PUENTES_VEHICULARES_SANTO_DOMINGO_AZCAPOTZALCO_PV_284_61,3286,ACTIVO,,,,,,
53,GRANADA,,ECONOMIA,OBRAS QUE TRANSFORMAN LA ECONOMIA LOCAL Y FOMENTAN EL EMPLEO,MANTENIMIENTO A MERCADOS PUBLICOS,MTTO_MERCADOS,DGCOP,GABINETE,2025,,,,,TERMINADO,100.0,RODOLFO GONZALES,MERCADO,,,,DGCOP,0101000020E6100000BF29AC5450CC58C082FE428F18713340,https://maps.app.goo.gl/1seaoJAV4sFDq8ex9,LAGUNA YURIRIA,MIGUEL HIDALGO,GRANADA,PLATSOBSE_DGCOP_MTTO_MERCADOS_GRANADA_53,3479,ACTIVO,,,,,,
68,ANILLO PERIFERICO Y EJE 6 (UH VICENTE GUERRERO),,ESPACIO_PUBLICO,OBRAS QUE TRANSFORMAN EL ESPACIO PUBLICO Y CONTRIBUYEN AL DERECHO A LA CIUDAD,REHABILITACION Y CONSTRUCCION DE PUENTES VEHICULARES,PUENTES_VEHICULARES,DGCOP,OBRAS EN GENERAL,2025,,,,,TERMINADO,100.0,RODOLFO GONZALES,PUENTES VEHICULARES,,,,DGCOP,0101000020E61000003C670B08ADC358C07A1A3048FA5C3340,https://maps.app.goo.gl/DT5UXK3aMgHQmyo77,ANILLO PERIFERICO,IZTAPALAPA,LEYES DE REFORMA 2A SECCION,PLATSOBSE_DGCOP_PUENTES_VEHICULARES_ANILLO_PERIFERICO_Y_EJE_6_UH_VICENTE_GUERRERO_68,3293,ACTIVO,,,,,,
63,INCORPORACION DE ANILLO PERIFERICO BLVD. ADOLFO RUIZ CORTINES PV-016-B3,,ESPACIO_PUBLICO,OBRAS QUE TRANSFORMAN EL ESPACIO PUBLICO Y CONTRIBUYEN AL DERECHO A LA CIUDAD,REHABILITACION Y CONSTRUCCION DE PUENTES VEHICULARES,PUENTES_VEHICULARES,DGCOP,OBRAS EN GENERAL,2025,,,,,TERMINADO,100.0,RODOLFO GONZALES,PUENTES VEHICULARES,,,,DGCOP,0101000020E6100000DE9387855AC758C00B462575024A3340,https://maps.app.goo.gl/AwGQW6hH22MSRjcaA,INCORPORACION DE ANILLO PERIFERICO BLVD. ADOLFO RUIZ CORTINES,XOCHIMILCO,SAN LORENZO LA CEBADA I,PLATSOBSE_DGCOP_PUENTES_VEHICULARES_INCORPORACION_DE_ANILLO_PERIFERICO_BLVD_ADOLFO_RUIZ_CORTINES_PV_016_B3_63,3288,ACTIVO,,,,,,
74,INDIOS VERDES- ACUEDUCTO,,ESPACIO_PUBLICO,OBRAS QUE TRANSFORMAN EL ESPACIO PUBLICO Y CONTRIBUYEN AL DERECHO A LA CIUDAD,REHABILITACION Y CONSTRUCCION DE PUENTES VEHICULARES,PUENTES_VEHICULARES,DGCOP,OBRAS EN GENERAL,2025,,,,,TERMINADO,100.0,RODOLFO GONZALES,PUENTES VEHICULARES,,,,DGCOP,0101000020E610000046EBA86A82C758C0A6B915C26A803340,https://maps.app.goo.gl/REFvFH4VF2aiPdd99,AV. ACUEDUCTO DE GUADALUPE,GUSTAVO A. MADERO,SANTA ISABEL TOLA (PBLO),PLATSOBSE_DGCOP_PUENTES_VEHICULARES_INDIOS_VERDES_ACUEDUCTO_74,3299,ACTIVO,,,,,,
67,ERMITA IZTAPALAPA (TREBOL),,ESPACIO_PUBLICO,OBRAS QUE TRANSFORMAN EL ESPACIO PUBLICO Y CONTRIBUYEN AL DERECHO A LA CIUDAD,REHABILITACION Y CONSTRUCCION DE PUENTES VEHICULARES,PUENTES_VEHICULARES,DGCOP,OBRAS EN GENERAL,2025,,,,,TERMINADO,100.0,RODOLFO GONZALES,PUENTES VEHICULARES,,,,DGCOP,0101000020E610000026016A6AD9C358C07DCF488446583340,https://maps.app.goo.gl/wp6fSVFPm5kiXYgF8,ERMITA IZTAPALAPA,IZTAPALAPA,CONSTITUCION DE 1917 II,PLATSOBSE_DGCOP_PUENTES_VEHICULARES_ERMITA_IZTAPALAPA_TREBOL_67,3292,ACTIVO,,,,,,
73,PARQUE ECOLOGICO DE XOCHIMILCO PERIFERICO,,ESPACIO_PUBLICO,OBRAS QUE TRANSFORMAN EL ESPACIO PUBLICO Y CONTRIBUYEN AL DERECHO A LA CIUDAD,REHABILITACION Y CONSTRUCCION DE PUENTES VEHICULARES,PUENTES_VEHICULARES,DGCOP,OBRAS EN GENERAL,2025,,,,,TERMINADO,100.0,RODOLFO GONZALES,PUENTES VEHICULARES,,,,DGCOP,0101000020E61000009414580053C658C0766B990CC74B3340,https://maps.app.goo.gl/2kiwqLuRWJqMJ6PR8,PARQUE ECOLOGICO DE XOCHIMILCO,XOCHIMILCO,SAN MARCOS (AMPL),PLATSOBSE_DGCOP_PUENTES_VEHICULARES_PARQUE_ECOLOGICO_DE_XOCHIMILCO_PERIFERICO_73,3298,ACTIVO,,,,,,
09DES0020V,JOSE ARTEAGA,,ESPACIO_PUBLICO,OBRAS QUE TRANSFORMAN EL ESPACIO PUBLICO Y CONTRIBUYEN AL DERECHO A LA CIUDAD,"1,2,3 POR MI ESCUELA RENOVAR PARA TRANSFORMAR","1,2,3_ESCUELAS",DGCOP,CASA POR CASA,2025,2026-06-10 18:20:16.188,actualizacion_dgcop,,,EN PROCESO,70.69,RODOLFO GONZALES,SECUNDARIA,,,,DGCOP,0101000020E61000002733DE567ACC58C0382C0DFCA8723340,https://maps.app.goo.gl/fzDqwtbaCXfGrdkV8,C. LAGO ERNE,MIGUEL HIDALGO,REFORMA PENSIL,PLATSOBSE_DGCOP_1_2_3_ESCUELAS_JOSE_ARTEAGA_09DES0020V_09DES0020V,2938,ACTIVO,,,,,,
82,ANILLO PERIFERICO (GLORIETA DE VAQUERITOS),,ESPACIO_PUBLICO,OBRAS QUE TRANSFORMAN EL ESPACIO PUBLICO Y CONTRIBUYEN AL DERECHO A LA CIUDAD,REHABILITACION Y CONSTRUCCION DE PUENTES VEHICULARES,PUENTES_VEHICULARES,DGCOP,OBRAS EN GENERAL,2025,,,,,TERMINADO,100.0,RODOLFO GONZALES,PUENTES VEHICULARES,,,,DGCOP,0101000020E6100000C4245CC823C858C0C53D963E74493340,https://maps.app.goo.gl/oSWjQqYCk6QdVFGd8,PROL. DIVISION DEL NORTE,TLALPAN,NARCISO MENDOZA-VILLA COAPA SUPER MANZANA 2 (U HAB),PLATSOBSE_DGCOP_PUENTES_VEHICULARES_ANILLO_PERIFERICO_GLORIETA_DE_VAQUERITOS_82,3307,ACTIVO,,,,,,
78,PROL. DIVISION DEL NTE (GLORIETA DE VAQUERITOS),,ESPACIO_PUBLICO,OBRAS QUE TRANSFORMAN EL ESPACIO PUBLICO Y CONTRIBUYEN AL DERECHO A LA CIUDAD,REHABILITACION Y CONSTRUCCION DE PUENTES VEHICULARES,PUENTES_VEHICULARES,DGCOP,EMERGENCIAS,2025,,,,,TERMINADO,100.0,RODOLFO GONZALES,PUENTES VEHICULARES,,,,DGCOP,0101000020E610000064E8D84125C858C03FFED2A23E493340,https://maps.app.goo.gl/SJXfGXBTNkWveFyd6,PROL. DIVISION DEL NTE,TLALPAN,SAN BARTOLO EL CHICO,PLATSOBSE_DGCOP_PUENTES_VEHICULARES_PROL_DIVISION_DEL_NTE_GLORIETA_DE_VAQUERITOS_78,3303,ACTIVO,,,,,,
84,PUERTO MEXICO (PEÑON DE LOS BAÑOS),,ESPACIO_PUBLICO,OBRAS QUE TRANSFORMAN EL ESPACIO PUBLICO Y CONTRIBUYEN AL DERECHO A LA CIUDAD,REHABILITACION Y CONSTRUCCION DE PUENTES VEHICULARES,PUENTES_VEHICULARES,DGCOP,OBRAS EN GENERAL,2025,,,,,TERMINADO,100.0,RODOLFO GONZALES,PUENTES VEHICULARES,,,,DGCOP,0101000020E61000007C60C77F81C558C0DBC35E28606F3340,https://maps.app.goo.gl/duyZgjxUNex3jMpi6,C. PUERTO MEXICO,VENUSTIANO CARRANZA,PE?ON DE LOS BA?OS,PLATSOBSE_DGCOP_PUENTES_VEHICULARES_PUERTO_MEXICO_PE_ON_DE_LOS_BA_OS_84,3309,ACTIVO,,,,,,
89,NORTE 184 (PEÑON DE LOS BAÑOS),,ESPACIO_PUBLICO,OBRAS QUE TRANSFORMAN EL ESPACIO PUBLICO Y CONTRIBUYEN AL DERECHO A LA CIUDAD,REHABILITACION Y CONSTRUCCION DE PUENTES VEHICULARES,PUENTES_VEHICULARES,DGCOP,OBRAS EN GENERAL,2025,,,,,TERMINADO,100.0,RODOLFO GONZALES,PUENTES VEHICULARES,,,,DGCOP,0101000020E61000005A29047289C558C04563EDEF6C6F3340,https://maps.app.goo.gl/EFp78ZvxKDZu4mvs7,INTERNACIONAL BENITO JUAREZ,VENUSTIANO CARRANZA,PE?ON DE LOS BA?OS,PLATSOBSE_DGCOP_PUENTES_VEHICULARES_NORTE_184_PE_ON_DE_LOS_BA_OS_89,3314,ACTIVO,,,,,,
87,RIO CHURUBUSCO Y EJE 8 SUR,,ESPACIO_PUBLICO,OBRAS QUE TRANSFORMAN EL ESPACIO PUBLICO Y CONTRIBUYEN AL DERECHO A LA CIUDAD,REHABILITACION Y CONSTRUCCION DE PUENTES VEHICULARES,PUENTES_VEHICULARES,DGCOP,OBRAS EN GENERAL,2025,,,,,TERMINADO,100.0,RODOLFO GONZALES,PUENTES VEHICULARES,,,,DGCOP,0101000020E6100000D94125AE63C858C050E27327D85B3340,https://maps.app.goo.gl/nnHBfioj8B4vbA266,CIRCUITO INTERIOR - EJE 8 SUR,IZTAPALAPA,EL PRADO,PLATSOBSE_DGCOP_PUENTES_VEHICULARES_RIO_CHURUBUSCO_Y_EJE_8_SUR_87,3312,ACTIVO,,,,,,
80,AV. AQUILES SERDAN Y GOLFO TEHUANTEPEC,,ESPACIO_PUBLICO,OBRAS QUE TRANSFORMAN EL ESPACIO PUBLICO Y CONTRIBUYEN AL DERECHO A LA CIUDAD,REHABILITACION Y CONSTRUCCION DE PUENTES VEHICULARES,PUENTES_VEHICULARES,DGCOP,EMERGENCIAS,2025,,,,,TERMINADO,100.0,RODOLFO GONZALES,PUENTES VEHICULARES,,,,DGCOP,0101000020E61000002043C70E2ACC58C0B741EDB776763340,https://maps.app.goo.gl/1gihYiBLEUUmqx4z8,GOLFO TEHUANTEPEC,MIGUEL HIDALGO,ANGEL ZIMBRON,PLATSOBSE_DGCOP_PUENTES_VEHICULARES_AV_AQUILES_SERDANY_GOLFO_TEHUANTEPEC_80,3305,ACTIVO,,,,,,
09DJN1192K,AMALIA GLEZ CABALLERO DE CASTILLO LEDON,,ESPACIO_PUBLICO,OBRAS QUE TRANSFORMAN EL ESPACIO PUBLICO Y CONTRIBUYEN AL DERECHO A LA CIUDAD,"1,2,3 POR MI ESCUELA RENOVAR PARA TRANSFORMAR","1,2,3_ESCUELAS",DGCOP,CASA POR CASA,2025,2026-05-13 19:21:46.507,actualizacion_dgcop,,,TERMINADO,100.0,RODOLFO GONZALES,PREESCOLAR,,,,DGCOP,0101000020E6100000BC3E73D6A7C458C0959D7E5017693340,https://maps.app.goo.gl/i8ihKom7FmunAyqH9,PRIVADA AV. NORTE,IZTACALCO,PANTITLAN III,PLATSOBSE_DGCOP_1_2_3_ESCUELAS_AMALIA_GLEZ_CABALLERO_DE_CASTILLO_LEDON_09DJN1192K_09DJN1192K,2965,ACTIVO,,,,,,
102,AMADOR SALAZAR,,ESPACIO_PUBLICO,OBRAS QUE TRANSFORMAN EL ESPACIO PUBLICO Y CONTRIBUYEN AL DERECHO A LA CIUDAD,REHABILITACION Y CONSTRUCCION DE PUENTES VEHICULARES,PUENTES_VEHICULARES,DGCOP,OBRAS EN GENERAL,2025,,,,,TERMINADO,100.0,RODOLFO GONZALES,PUENTES VEHICULARES,,,,DGCOP,0101000020E610000068EBE0606FC058C04A438D42925D3340,https://maps.app.goo.gl/KZx2QPT766sx4tAM7,PUENTE AMADOR SALAZAR,IZTAPALAPA,SANTA MARTHA ACATITLA,PLATSOBSE_DGCOP_PUENTES_VEHICULARES_AMADOR_SALAZAR_102,3327,ACTIVO,,,,,,
98,CANAL DE SAN JUAN ANILLO PERIF. 12-6,,ESPACIO_PUBLICO,OBRAS QUE TRANSFORMAN EL ESPACIO PUBLICO Y CONTRIBUYEN AL DERECHO A LA CIUDAD,REHABILITACION Y CONSTRUCCION DE PUENTES VEHICULARES,PUENTES_VEHICULARES,DGCOP,OBRAS EN GENERAL,2025,,,,,TERMINADO,100.0,RODOLFO GONZALES,PUENTES VEHICULARES,,,,DGCOP,0101000020E61000003A02B859BCC358C0DD06B5DFDA653340,https://maps.app.goo.gl/KiD55umoSXSptA1E6,ANILLO PERIF.,IZTAPALAPA,TEPALCATES II,PLATSOBSE_DGCOP_PUENTES_VEHICULARES_CANAL_DE_SAN_JUAN_ANILLO_PERIF_12_6_98,3323,ACTIVO,,,,,,
104,PONIENTE 140,,ESPACIO_PUBLICO,OBRAS QUE TRANSFORMAN EL ESPACIO PUBLICO Y CONTRIBUYEN AL DERECHO A LA CIUDAD,REHABILITACION Y CONSTRUCCION DE PUENTES VEHICULARES,PUENTES_VEHICULARES,DGCOP,OBRAS EN GENERAL,2025,,,,,TERMINADO,100.0,RODOLFO GONZALES,PUENTES VEHICULARES,,,,DGCOP,0101000020E61000008693347F4CCB58C0C685032159803340,https://maps.app.goo.gl/9ETbroTWQGUaWxxp8,PTE. 140,AZCAPOTZALCO,SANTA BARBARA (PBLO),PLATSOBSE_DGCOP_PUENTES_VEHICULARES_PONIENTE_140_104,3329,ACTIVO,,,,,,
94,AV. DEL TALLER Y EJE 3,,ESPACIO_PUBLICO,OBRAS QUE TRANSFORMAN EL ESPACIO PUBLICO Y CONTRIBUYEN AL DERECHO A LA CIUDAD,REHABILITACION Y CONSTRUCCION DE PUENTES VEHICULARES,PUENTES_VEHICULARES,DGCOP,OBRAS EN GENERAL,2025,,,,,TERMINADO,100.0,RODOLFO GONZALES,PUENTES VEHICULARES,,,,DGCOP,0101000020E61000004205871744C758C06A1492CCEA693340,https://maps.app.goo.gl/A6i3LfKhyHjLqbE76,AV. DEL TALLER,VENUSTIANO CARRANZA,JARDIN BALBUENA II,PLATSOBSE_DGCOP_PUENTES_VEHICULARES_AV_DEL_TALLER_Y_EJE_3_94,3319,ACTIVO,,,,,,
09DPR5147P,PROFR. MAXIMILIANO MOLINA FUENTE,,ESPACIO_PUBLICO,OBRAS QUE TRANSFORMAN EL ESPACIO PUBLICO Y CONTRIBUYEN AL DERECHO A LA CIUDAD,"1,2,3 POR MI ESCUELA RENOVAR PARA TRANSFORMAR","1,2,3_ESCUELAS",DGCOP,TERRITORIOS DE PAZ,2025,2026-06-03 18:42:47.950,actualizacion_dgcop,,,TERMINADO,100.0,RODOLFO GONZALES,PRIMARIA,,,,DGCOP,0101000020E6100000E4F560527CC958C0AAD6C22CB4333340,https://maps.app.goo.gl/Z8zC8DzLpbqd6tUi7,CUAUHTEMOC,TLALPAN,SAN MIGUEL TOPILEJO (PBLO),PLATSOBSE_DGCOP_1_2_3_ESCUELAS_PROFR_MAXIMILIANO_MOLINA_FUENTE_09DPR5147P_09DPR5147P,2961,ACTIVO,,,,,,
100,CRISOSTOMO BONILLA,,ESPACIO_PUBLICO,OBRAS QUE TRANSFORMAN EL ESPACIO PUBLICO Y CONTRIBUYEN AL DERECHO A LA CIUDAD,REHABILITACION Y CONSTRUCCION DE PUENTES VEHICULARES,PUENTES_VEHICULARES,DGCOP,OBRAS EN GENERAL,2025,,,,,TERMINADO,100.0,RODOLFO GONZALES,PUENTES VEHICULARES,,,,DGCOP,0101000020E61000006A847EA65EC258C05247C7D5C8623340,https://maps.app.goo.gl/E6Mgyjjg5m1NYVXw9,PUENTE CRISOSTOMO BONILLA .-EJE 7 OTE,IZTAPALAPA,JUAN ESCUTIA III,PLATSOBSE_DGCOP_PUENTES_VEHICULARES_CRISOSTOMO_BONILLA_100,3325,ACTIVO,,,,,,
103,CHURUBUSCO Y CALZ. DE LA VIGA,,ESPACIO_PUBLICO,OBRAS QUE TRANSFORMAN EL ESPACIO PUBLICO Y CONTRIBUYEN AL DERECHO A LA CIUDAD,REHABILITACION Y CONSTRUCCION DE PUENTES VEHICULARES,PUENTES_VEHICULARES,DGCOP,OBRAS EN GENERAL,2025,,,,,TERMINADO,100.0,RODOLFO GONZALES,PUENTES VEHICULARES,,,,DGCOP,0101000020E610000087BF266BD4C758C02FE065868D5E3340,https://maps.app.goo.gl/EVKi2qJZEpP3w2G48,PUENTE CHURUBUSCO CALZ. DE LA VIGA,IZTAPALAPA,SECTOR POPULAR,PLATSOBSE_DGCOP_PUENTES_VEHICULARES_CHURUBUSCO_Y_CALZ_DE_LA_VIGA_103,3328,ACTIVO,,,,,,
96,MUYUGUARDA (VASO DE REGULACION),,ESPACIO_PUBLICO,OBRAS QUE TRANSFORMAN EL ESPACIO PUBLICO Y CONTRIBUYEN AL DERECHO A LA CIUDAD,REHABILITACION Y CONSTRUCCION DE PUENTES VEHICULARES,PUENTES_VEHICULARES,DGCOP,OBRAS EN GENERAL,2025,,,,,TERMINADO,100.0,RODOLFO GONZALES,PUENTES VEHICULARES,,,,DGCOP,0101000020E61000009DA1B8E34DC758C0FB027AE1CE493340,https://maps.app.goo.gl/GvnjHFWxHkqtRtD68,VASO DE REGULACION,XOCHIMILCO,BARRIO 18,PLATSOBSE_DGCOP_PUENTES_VEHICULARES_MUYUGUARDA_VASO_DE_REGULACION_96,3321,ACTIVO,,,,,,
101,REPUBLICA FEDERAL,,ESPACIO_PUBLICO,OBRAS QUE TRANSFORMAN EL ESPACIO PUBLICO Y CONTRIBUYEN AL DERECHO A LA CIUDAD,REHABILITACION Y CONSTRUCCION DE PUENTES VEHICULARES,PUENTES_VEHICULARES,DGCOP,OBRAS EN GENERAL,2025,,,,,TERMINADO,100.0,RODOLFO GONZALES,PUENTES VEHICULARES,,,,DGCOP,0101000020E6100000957D5704FFC058C0B7B3AF3C485F3340,https://maps.app.goo.gl/xu6NV8rBee3SYvgLA,PUENTE REPUBLICA FEDERAL AV. REPUBLICA FEDERAL NTE,IZTAPALAPA,SANTA MARTHA ACATITLA,PLATSOBSE_DGCOP_PUENTES_VEHICULARES_REPUBLICA_FEDERAL_101,3326,ACTIVO,,,,,,
97,ROJO GOMEZ,,ESPACIO_PUBLICO,OBRAS QUE TRANSFORMAN EL ESPACIO PUBLICO Y CONTRIBUYEN AL DERECHO A LA CIUDAD,REHABILITACION Y CONSTRUCCION DE PUENTES VEHICULARES,PUENTES_VEHICULARES,DGCOP,OBRAS EN GENERAL,2025,,,,,TERMINADO,100.0,RODOLFO GONZALES,PUENTES VEHICULARES,,,,DGCOP,0101000020E6100000EF8CB62A89C458C0BC92E4B9BE673340,https://maps.app.goo.gl/5KkEWiLuZ8yTfzbx9,AV. CENTRAL,IZTACALCO,PANTITLAN III,PLATSOBSE_DGCOP_PUENTES_VEHICULARES_ROJO_GOMEZ_97,3322,ACTIVO,,,,,,
99,TELECOMUNICACIONES,,ESPACIO_PUBLICO,OBRAS QUE TRANSFORMAN EL ESPACIO PUBLICO Y CONTRIBUYEN AL DERECHO A LA CIUDAD,REHABILITACION Y CONSTRUCCION DE PUENTES VEHICULARES,PUENTES_VEHICULARES,DGCOP,OBRAS EN GENERAL,2025,,,,,TERMINADO,100.0,RODOLFO GONZALES,PUENTES VEHICULARES,,,,DGCOP,0101000020E610000083A44FABE8C258C033A5F5B704643340,https://maps.app.goo.gl/owc8yRh4GcUaz1FY8,PUENTE TELECOMUNICACIONES CNEL. BENITO SAN ZENEA,IZTAPALAPA,JUAN ESCUTIA I,PLATSOBSE_DGCOP_PUENTES_VEHICULARES_TELECOMUNICACIONES_99,3324,ACTIVO,,,,,,
09DES0271Z,ALVARO OBREGON,,ESPACIO_PUBLICO,OBRAS QUE TRANSFORMAN EL ESPACIO PUBLICO Y CONTRIBUYEN AL DERECHO A LA CIUDAD,"1,2,3 POR MI ESCUELA RENOVAR PARA TRANSFORMAR","1,2,3_ESCUELAS",DGCOP,CASA POR CASA,2025,2026-06-10 18:25:00.302,actualizacion_dgcop,,,EN PROCESO,48.63,RODOLFO GONZALES,SECUNDARIA,,,,DGCOP,0101000020E6100000363CBD5296C558C00B7DB08C0D813340,https://maps.app.goo.gl/ecVuAqJfE7iXCBzn8,AV. EDUARDO MOLINA ENTRE C 314 Y 316,GUSTAVO A. MADERO,NUEVA ATZACOALCO I,PLATSOBSE_DGCOP_1_2_3_ESCUELAS_ALVARO_OBREGON_09DES0271Z_09DES0271Z,2963,ACTIVO,,,,,,
09DPR2676L,PROFR. VICTOR MANUEL MANZANO DELGADO,,ESPACIO_PUBLICO,OBRAS QUE TRANSFORMAN EL ESPACIO PUBLICO Y CONTRIBUYEN AL DERECHO A LA CIUDAD,"1,2,3 POR MI ESCUELA RENOVAR PARA TRANSFORMAR","1,2,3_ESCUELAS",DGCOP,CASA POR CASA,2025,2026-06-10 18:03:22.483,actualizacion_dgcop,,,EN PROCESO,81.0,RODOLFO GONZALES,PRIMARIA,,,,DGCOP,0101000020E61000006A6B44300ECF58C0A1F48590F3463340,https://maps.app.goo.gl/UQmDK1UDRLTcSBjp9,KANTUNIL,TLALPAN,PEDREGAL DE SN NICOLAS 4A SECC II,PLATSOBSE_DGCOP_1_2_3_ESCUELAS_PROFR_VICTOR_MANUEL_MANZANO_DELGADO_09DPR2676L_09DPR2676L,2970,ACTIVO,,,,,,
105,EJE CENTRAL LAZARO CARDENAS 227,,ESPACIO_PUBLICO,OBRAS QUE TRANSFORMAN EL ESPACIO PUBLICO Y CONTRIBUYEN AL DERECHO A LA CIUDAD,REHABILITACION Y CONSTRUCCION DE PUENTES VEHICULARES,PUENTES_VEHICULARES,DGCOP,OBRAS EN GENERAL,2025,,,,,TERMINADO,100.0,RODOLFO GONZALES,PUENTES VEHICULARES,,,,DGCOP,0101000020E6100000CDE847C329C958C012FB04508C7C3340,https://maps.app.goo.gl/mjFNpHWHMtsWJ9o2A,EJE CENTRAL LAZARO CARDENAS,GUSTAVO A. MADERO,MAGDALENA DE LAS SALINAS,PLATSOBSE_DGCOP_PUENTES_VEHICULARES_EJE_CENTRAL_LAZARO_CARDENAS_227_105,3330,ACTIVO,,,,,,
106,VENTISCA,,ESPACIO_PUBLICO,OBRAS QUE TRANSFORMAN EL ESPACIO PUBLICO Y CONTRIBUYEN AL DERECHO A LA CIUDAD,REHABILITACION Y CONSTRUCCION DE PUENTES VEHICULARES,PUENTES_VEHICULARES,DGCOP,OBRAS EN GENERAL,2025,,,,,TERMINADO,100.0,RODOLFO GONZALES,PUENTES VEHICULARES,,,,DGCOP,0101000020E6100000444DF4F928CA58C03D2AFEEF88863340,https://maps.app.goo.gl/BtgMFXFDkkTHWAkH7,VENTISCA,GUSTAVO A. MADERO,SANTIAGO ATEPETLAC,PLATSOBSE_DGCOP_PUENTES_VEHICULARES_VENTISCA_106,3331,ACTIVO,,,,,,
09DES0191O,SILVESTRE REVUELTAS,,ESPACIO_PUBLICO,OBRAS QUE TRANSFORMAN EL ESPACIO PUBLICO Y CONTRIBUYEN AL DERECHO A LA CIUDAD,"1,2,3 POR MI ESCUELA RENOVAR PARA TRANSFORMAR","1,2,3_ESCUELAS",DGCOP,AUTORIDAD EDUCATIVA FEDERAL,2025,2026-06-10 16:31:28.186,actualizacion_dgcop,,,TERMINADO,100.0,RODOLFO GONZALES,SECUNDARIA,,,,DGCOP,0101000020E610000043C9E4D4CEC358C0581F0F7D77773340,https://maps.app.goo.gl/6MLcoBGTpMQe2Bbn8,VILLA CUAUHTEMOC,GUSTAVO A. MADERO,VILLA DE ARAGON (FRACC),PLATSOBSE_DGCOP_1_2_3_ESCUELAS_SILVESTRE_REVUELTAS_09DES0191O_09DES0191O,2969,ACTIVO,,,,,,
09DJN0501S,TAVICHE,,ESPACIO_PUBLICO,OBRAS QUE TRANSFORMAN EL ESPACIO PUBLICO Y CONTRIBUYEN AL DERECHO A LA CIUDAD,"1,2,3 POR MI ESCUELA RENOVAR PARA TRANSFORMAR","1,2,3_ESCUELAS",DGCOP,CASA POR CASA,2025,2026-06-10 17:37:51.480,actualizacion_dgcop,,,EN PROCESO,90.51,RODOLFO GONZALES,PREESCOLAR,,,,DGCOP,0101000020E610000083A10E2BDCCC58C03BA759A0DD393340,https://maps.app.goo.gl/HdiAxQf3tLHiyreB7,MARIANO ESCOBEDO,TLALPAN,SAN MIGUEL AJUSCO (PBLO),PLATSOBSE_DGCOP_1_2_3_ESCUELAS_TAVICHE_09DJN0501S_09DJN0501S,2981,ACTIVO,,,,,,
23,PERIFERICO CASI ESQ YOKOHAMA Y OSAKA,,ESPACIO_PUBLICO,OBRAS QUE TRANSFORMAN EL ESPACIO PUBLICO Y CONTRIBUYEN AL DERECHO A LA CIUDAD,REHABILITACION Y CONSTRUCCION DE PUENTES PEATONALES,PUENTES_PEATONALES,DGCOP,SUAC,2025,,,,,TERMINADO,100.0,RODOLFO GONZALES,PUENTES PEATONALES,,,,DGCOP,0101000020E610000099D4D00660C958C08EE733A0DE483340,https://maps.app.goo.gl/Rxn96nFxmAcBNAwd6,PERIFERICO,TLALPAN,ARENAL PUERTA TEPEPAN,PLATSOBSE_DGCOP_PUENTES_PEATONALES_PERIFERICO_CASI_ESQ_YOKOHAMA_Y_OSAKA_23,3339,ACTIVO,,,,,,
43,"AV. GUADALUPE I. RAMIREZ, AL CRUCE CON EJIDO",,ESPACIO_PUBLICO,OBRAS QUE TRANSFORMAN EL ESPACIO PUBLICO Y CONTRIBUYEN AL DERECHO A LA CIUDAD,REHABILITACION Y CONSTRUCCION DE PUENTES PEATONALES,PUENTES_PEATONALES,DGCOP,EMERGENCIAS,2025,,,,,TERMINADO,100.0,RODOLFO GONZALES,PUENTES PEATONALES,,,,DGCOP,0101000020E6100000C3BCC79926C858C07A6CCB80B3443340,https://maps.app.goo.gl/3NrpJVNKQCBRVzZKA,AV. GUADALUPE I. RAMIREZ,XOCHIMILCO,VILLA XOCHIMILCO (U HAB),PLATSOBSE_DGCOP_PUENTES_PEATONALES_AV_GUADALUPE_I_RAMIREZ_AL_CRUCE_CON_EJIDO_43,3344,ACTIVO,,,,,,
24,CTO. INTERIOR (AV. RIO CHURUBUSCO) - CONMUTADOR / AMP SINATEL,,ESPACIO_PUBLICO,OBRAS QUE TRANSFORMAN EL ESPACIO PUBLICO Y CONTRIBUYEN AL DERECHO A LA CIUDAD,REHABILITACION Y CONSTRUCCION DE PUENTES PEATONALES,PUENTES_PEATONALES,DGCOP,ATENCION CIUDADANA,2025,,,,,TERMINADO,100.0,RODOLFO GONZALES,PUENTES PEATONALES,,,,DGCOP,0101000020E61000003C11C47938C858C06C79E57ADB5C3340,https://maps.app.goo.gl/Z7tC8G5VVR275KuH6,AV. RIO CHURUBUSCO,IZTAPALAPA,MODELO (U),PLATSOBSE_DGCOP_PUENTES_PEATONALES_CTO_INTERIOR_AV_RIO_CHURUBUSCO_CONMUTADOR_AMP_SINATEL_24,3340,ACTIVO,,,,,,
09DJN0113A,SUSAN BLUW GRIMSLY,,ESPACIO_PUBLICO,OBRAS QUE TRANSFORMAN EL ESPACIO PUBLICO Y CONTRIBUYEN AL DERECHO A LA CIUDAD,"1,2,3 POR MI ESCUELA RENOVAR PARA TRANSFORMAR","1,2,3_ESCUELAS",DGCOP,CASA POR CASA,2025,2026-06-03 18:30:08.120,actualizacion_dgcop,,,TERMINADO,100.0,RODOLFO GONZALES,PREESCOLAR,,,,DGCOP,0101000020E61000001878EE3D5CC458C0F67AF7C77B693340,https://maps.app.goo.gl/JC1RgZf5r7fFPr4F9,CALLE 1,IZTACALCO,PANTITLAN I,PLATSOBSE_DGCOP_1_2_3_ESCUELAS_SUSAN_BLUW_GRIMSLY_09DJN0113A_09DJN0113A,2976,ACTIVO,,,,,,
09DJN0448N,TLACAELEL,,ESPACIO_PUBLICO,OBRAS QUE TRANSFORMAN EL ESPACIO PUBLICO Y CONTRIBUYEN AL DERECHO A LA CIUDAD,"1,2,3 POR MI ESCUELA RENOVAR PARA TRANSFORMAR","1,2,3_ESCUELAS",DGCOP,CASA POR CASA,2025,2026-06-10 18:23:44.252,actualizacion_dgcop,,,EN PROCESO,46.33,LUIS PEREZ,PREESCOLAR,,,,DGCOP,0101000020E6100000AD50A4FB39C758C04CAAB69BE0633340,https://maps.app.goo.gl/zDy5rkyWGYVFc3sCA,FRANCISCO DEL PASO Y TRONCOSO,IZTACALCO,SAN MIGUEL (BARR),PLATSOBSE_DGCOP_1_2_3_ESCUELAS_TLACAELEL_09DJN0448N_09DJN0448N,2979,ACTIVO,,,,,,
09DES0031A,DR. ALFONSO PRUNEDA,,ESPACIO_PUBLICO,OBRAS QUE TRANSFORMAN EL ESPACIO PUBLICO Y CONTRIBUYEN AL DERECHO A LA CIUDAD,"1,2,3 POR MI ESCUELA RENOVAR PARA TRANSFORMAR","1,2,3_ESCUELAS",DGCOP,CASA POR CASA,2025,2026-06-10 18:32:17.108,actualizacion_dgcop,,,EN PROCESO,32.2,LUIS PEREZ,SECUNDARIA,,,,DGCOP,0101000020E61000005B785E2A36C458C0357D76C075413340,https://maps.app.goo.gl/VTdaKnh8idARwKzM7,AV CHAPULTEPEC,XOCHIMILCO,SAN GREGORIO ATLAPULCO (PBLO),PLATSOBSE_DGCOP_1_2_3_ESCUELAS_DR_ALFONSO_PRUNEDA_09DES0031A_09DES0031A,2968,ACTIVO,,,,,,
7,5 DE FEBRERO ENTRE CALLES MINA Y FEDERICO CAMPOS,,ESPACIO_PUBLICO,OBRAS QUE TRANSFORMAN EL ESPACIO PUBLICO Y CONTRIBUYEN AL DERECHO A LA CIUDAD,REHABILITACION Y CONSTRUCCION DE PUENTES PEATONALES,PUENTES_PEATONALES,DGCOP,EMERGENCIAS,2025,,,,,TERMINADO,100.0,LUIS PEREZ,PUENTES PEATONALES,,,,DGCOP,0101000020E610000017F2A80E47C758C08C56E890067C3340,https://maps.app.goo.gl/4EQd7E5AWasA4VpR6,5 DE FEBRERO,GUSTAVO A. MADERO,15 DE AGOSTO,PLATSOBSE_DGCOP_PUENTES_PEATONALES_5_DE_FEBRERO_ENTRE_CALLES_MINA_Y_FEDERICO_CAMPOS_7,3358,ACTIVO,,,,,,
4,NORTE 50 / CTO. INTERIOR 1896,,ESPACIO_PUBLICO,OBRAS QUE TRANSFORMAN EL ESPACIO PUBLICO Y CONTRIBUYEN AL DERECHO A LA CIUDAD,REHABILITACION Y CONSTRUCCION DE PUENTES PEATONALES,PUENTES_PEATONALES,DGCOP,ATENCION CIUDADANA,2025,,,,,TERMINADO,100.0,LUIS PEREZ,PUENTES PEATONALES,,,,DGCOP,0101000020E610000010C2895C9CC758C057E5E02379753340,https://maps.app.goo.gl/s9c59qhGZea9nJ5MA,CTO. INTERIOR RIO CONSULADO,GUSTAVO A. MADERO,SANTA MARIA INSURGENTES,PLATSOBSE_DGCOP_PUENTES_PEATONALES_NORTE_50_CTO_INTERIOR_1896_4,3355,ACTIVO,,,,,,
6,AV. AQUILES SERDAN ESQUINA CALLE PRIMAVERA,,ESPACIO_PUBLICO,OBRAS QUE TRANSFORMAN EL ESPACIO PUBLICO Y CONTRIBUYEN AL DERECHO A LA CIUDAD,REHABILITACION Y CONSTRUCCION DE PUENTES PEATONALES,PUENTES_PEATONALES,DGCOP,EMERGENCIAS,2025,,,,,TERMINADO,100.0,LUIS PEREZ,PUENTES PEATONALES,,,,DGCOP,0101000020E61000004C3837EA28CC58C011D7CC32FF763340,https://maps.app.goo.gl/U6x3dkJT99bnqShr9,AV. AQUILES SERDAN,AZCAPOTZALCO,ANGEL ZIMBRON,PLATSOBSE_DGCOP_PUENTES_PEATONALES_AV_AQUILES_SERDAN_ESQUINA_CALLE_PRIMAVERA_6,3357,ACTIVO,,,,,,
44,AV. OCEANIA ENTRE CALLE CHINA Y CALLE MARRUECOS (ELEVADOR IKEA),,ESPACIO_PUBLICO,OBRAS QUE TRANSFORMAN EL ESPACIO PUBLICO Y CONTRIBUYEN AL DERECHO A LA CIUDAD,REHABILITACION Y CONSTRUCCION DE PUENTES PEATONALES,PUENTES_PEATONALES,DGCOP,ATENCION CIUDADANA,2025,,,,,TERMINADO,100.0,LUIS PEREZ,PUENTES PEATONALES,,,,DGCOP,0101000020E61000007995B54DF1C558C0C07B478D09713340,https://maps.app.goo.gl/AWAS4NzuNrkFRbG1A,AV. OCEANIA,VENUSTIANO CARRANZA,PENSADOR MEXICANO II,PLATSOBSE_DGCOP_PUENTES_PEATONALES_AV_OCEANIA_ENTRE_CALLE_CHINA_Y_CALLE_MARRUECOS_ELEVADOR_IKEA_44,3348,ACTIVO,,,,,,
50,ANILLO PERIFERICO (CANAL DE GARAY) - BILBAO O RIO NILO,,ESPACIO_PUBLICO,OBRAS QUE TRANSFORMAN EL ESPACIO PUBLICO Y CONTRIBUYEN AL DERECHO A LA CIUDAD,REHABILITACION Y CONSTRUCCION DE PUENTES PEATONALES,PUENTES_PEATONALES,DGCOP,ATENCION CIUDADANA,2025,,,,,TERMINADO,100.0,LUIS PEREZ,PUENTES PEATONALES,,,,DGCOP,0101000020E61000003F8C101E6DC458C03BE2900DA4533340,https://maps.app.goo.gl/YLnNbeuRhv8eUtb88,CANAL DE GARAY,IZTAPALAPA,LOMAS DE SAN LORENZO II,PLATSOBSE_DGCOP_PUENTES_PEATONALES_ANILLO_PERIFERICO_CANAL_DE_GARAY_BILBAO_O_RIO_NILO_50,3346,ACTIVO,,,,,,
62,CALLE 7 Y ANILLO PERIFERICO,,ESPACIO_PUBLICO,OBRAS QUE TRANSFORMAN EL ESPACIO PUBLICO Y CONTRIBUYEN AL DERECHO A LA CIUDAD,REHABILITACION Y CONSTRUCCION DE PUENTES PEATONALES,PUENTES_PEATONALES,DGCOP,OBRAS EN GENERAL,2025,,,,,TERMINADO,100.0,LUIS PEREZ,PUENTES PEATONALES,,,,DGCOP,0101000020E6100000A93121E692C358C0CB49287D216C3340,https://maps.app.goo.gl/H4NRLoXW97yuX6Li7,"ANILLO PERIFERICO CANAL DE GARAY - CHIMALHUACAN, ARENAL 2DA SECC, 15680 CIUDAD DE MEXICO, CDMX",VENUSTIANO CARRANZA,ARENAL,PLATSOBSE_DGCOP_PUENTES_PEATONALES_CALLE_7_Y_ANILLO_PERIFERICO_62,3350,ACTIVO,,,,,,
52,AV. RIO CHURUBUSCO ESQUINA CON ORIENTE 106,,ESPACIO_PUBLICO,OBRAS QUE TRANSFORMAN EL ESPACIO PUBLICO Y CONTRIBUYEN AL DERECHO A LA CIUDAD,REHABILITACION Y CONSTRUCCION DE PUENTES PEATONALES,PUENTES_PEATONALES,DGCOP,EMERGENCIAS,2025,,,,,TERMINADO,100.0,LUIS PEREZ,PUENTES PEATONALES,,,,DGCOP,0101000020E6100000E0EB1E525DC658C00EC1354083643340,https://maps.app.goo.gl/cWxCaXKkakBtKiQ5A,AV. RIO CHURUBUSCO,IZTACALCO,RAMOS MILLAN BRAMADERO I,PLATSOBSE_DGCOP_PUENTES_PEATONALES_AV_RIO_CHURUBUSCO_ESQUINA_CON_ORIENTE_106_52,3347,ACTIVO,,,,,,
12,CDA. RIO SAN BUENAVENTURA Y CALLE CONSTITUCION DE 1917 Y QUETZAL,,ESPACIO_PUBLICO,OBRAS QUE TRANSFORMAN EL ESPACIO PUBLICO Y CONTRIBUYEN AL DERECHO A LA CIUDAD,REHABILITACION Y CONSTRUCCION DE PUENTES PEATONALES,PUENTES_PEATONALES,DGCOP,EMERGENCIAS,2025,,,,,TERMINADO,100.0,LUIS PEREZ,PUENTES PEATONALES,,,,DGCOP,0101000020E6100000753980E8B8C758C0415175C841493340,https://maps.app.goo.gl/bYWGf4WVhsdgxXWq7,CDA. RIO SAN BUENAVENTURA,XOCHIMILCO,SAN LORENZO LA CEBADA I,PLATSOBSE_DGCOP_PUENTES_PEATONALES_CDA_RIO_SAN_BUENAVENTURA_Y_CALLE_CONSTITUCION_DE_1917_Y_QUETZAL_12,3363,ACTIVO,,,,,,
11,CDA. RIO SAN BUENAVENTURA Y CALLE REFORMA LABORAL,,ESPACIO_PUBLICO,OBRAS QUE TRANSFORMAN EL ESPACIO PUBLICO Y CONTRIBUYEN AL DERECHO A LA CIUDAD,REHABILITACION Y CONSTRUCCION DE PUENTES PEATONALES,PUENTES_PEATONALES,DGCOP,EMERGENCIAS,2025,,,,,TERMINADO,100.0,LUIS PEREZ,PUENTES PEATONALES,,,,DGCOP,0101000020E610000029D9FCB2EEC758C0E85A19C318493340,https://maps.app.goo.gl/YDUbzeudjahoofPR7,CDA. RIO SAN BUENAVENTURA,XOCHIMILCO,SAN LORENZO LA CEBADA I,PLATSOBSE_DGCOP_PUENTES_PEATONALES_CDA_RIO_SAN_BUENAVENTURA_Y_CALLE_REFORMA_LABORAL_11,3362,ACTIVO,,,,,,
13,PROL. DIVISION DEL NORTE Y AV. GUADALUPE I. RAMIREZ,,ESPACIO_PUBLICO,OBRAS QUE TRANSFORMAN EL ESPACIO PUBLICO Y CONTRIBUYEN AL DERECHO A LA CIUDAD,REHABILITACION Y CONSTRUCCION DE PUENTES PEATONALES,PUENTES_PEATONALES,DGCOP,EMERGENCIAS,2025,,,,,TERMINADO,100.0,LUIS PEREZ,PUENTES PEATONALES,,,,DGCOP,0101000020E610000075025CED5EC758C08830C18601443340,https://maps.app.goo.gl/LdYbwGDu2YKnYDNk8,PROL. DIVISION DEL NORTE,XOCHIMILCO,TIERRA NUEVA,PLATSOBSE_DGCOP_PUENTES_PEATONALES_PROL_DIVISION_DEL_NORTE_Y_AV_GUADALUPE_I_RAMIREZ_13,3364,ACTIVO,,,,,,
9,RIO CONSULADO ENTRE CALLES NORTE 180 Y NORTE 182,,ESPACIO_PUBLICO,OBRAS QUE TRANSFORMAN EL ESPACIO PUBLICO Y CONTRIBUYEN AL DERECHO A LA CIUDAD,REHABILITACION Y CONSTRUCCION DE PUENTES PEATONALES,PUENTES_PEATONALES,DGCOP,EMERGENCIAS,2025,,,,,TERMINADO,100.0,LUIS PEREZ,PUENTES PEATONALES,,,,DGCOP,0101000020E61000004F92AE997CC558C0575A46EA3D713340,https://maps.app.goo.gl/QrcbNMNxzsEc6RBx9,RIO CONSULADO,VENUSTIANO CARRANZA,PENSADOR MEXICANO II,PLATSOBSE_DGCOP_PUENTES_PEATONALES_RIO_CONSULADO_ENTRE_CALLES_NORTE_180_Y_NORTE_182_9,3360,ACTIVO,,,,,,
21,AV. INSURGENTES NORTE CASI ESQ. CALLE PONIENTE 116,,ESPACIO_PUBLICO,OBRAS QUE TRANSFORMAN EL ESPACIO PUBLICO Y CONTRIBUYEN AL DERECHO A LA CIUDAD,REHABILITACION Y CONSTRUCCION DE PUENTES PEATONALES,PUENTES_PEATONALES,DGCOP,SUAC,2025,,,,,TERMINADO,100.0,LUIS PEREZ,PUENTES PEATONALES,,,,DGCOP,0101000020E6100000E97E4E417EC858C0B345D26EF4793340,https://maps.app.goo.gl/N9M5CGTu2mTARc3s7,AV. INSURGENTES,GUSTAVO A. MADERO,CAPULTITLAN,PLATSOBSE_DGCOP_PUENTES_PEATONALES_AV_INSURGENTES_NORTE_CASI_ESQ_CALLE_PONIENTE_116_21,3372,ACTIVO,,,,,,
20,CALZ. VALLEJO - ESQ. MONTE ALTO,,ESPACIO_PUBLICO,OBRAS QUE TRANSFORMAN EL ESPACIO PUBLICO Y CONTRIBUYEN AL DERECHO A LA CIUDAD,REHABILITACION Y CONSTRUCCION DE PUENTES PEATONALES,PUENTES_PEATONALES,DGCOP,ATENCION CIUDADANA,2025,,,,,TERMINADO,100.0,LUIS PEREZ,PUENTES PEATONALES,,,,DGCOP,0101000020E61000007CF2B0506BCA58C030DAE38574843340,https://maps.app.goo.gl/NxuftmaLiRHvgRbGA,CALZ. VALLEJO,GUSTAVO A. MADERO,AMPLIACION PROGRESO NACIONAL,PLATSOBSE_DGCOP_PUENTES_PEATONALES_CALZ_VALLEJO_ESQ_MONTE_ALTO_20,3371,ACTIVO,,,,,,
17,METRO AQUILES SERDAN,,ESPACIO_PUBLICO,OBRAS QUE TRANSFORMAN EL ESPACIO PUBLICO Y CONTRIBUYEN AL DERECHO A LA CIUDAD,REHABILITACION Y CONSTRUCCION DE PUENTES PEATONALES,PUENTES_PEATONALES,DGCOP,SUAC,2025,,,,,TERMINADO,100.0,LUIS PEREZ,PUENTES PEATONALES,,,,DGCOP,0101000020E6100000E878693D7BCC58C01DC63143807D3340,https://maps.app.goo.gl/woEQogCyoTJtaGEX9,AV. AQUILES SERDAN,AZCAPOTZALCO,PASTEROS,PLATSOBSE_DGCOP_PUENTES_PEATONALES_METRO_AQUILES_SERDAN_17,3368,ACTIVO,,,,,,
19,EJE 1 PONIENTE (CALZ. VALLEJO) ESQUINA BRAHMS,,ESPACIO_PUBLICO,OBRAS QUE TRANSFORMAN EL ESPACIO PUBLICO Y CONTRIBUYEN AL DERECHO A LA CIUDAD,REHABILITACION Y CONSTRUCCION DE PUENTES PEATONALES,PUENTES_PEATONALES,DGCOP,ATENCION CIUDADANA,2025,,,,,TERMINADO,100.0,LUIS PEREZ,PUENTES PEATONALES,,,,DGCOP,0101000020E6100000E54504CFECC858C0B7E66298E1773340,https://maps.app.goo.gl/wK1F3LLGX54mRANUA,BRAHMS,GUSTAVO A. MADERO,VALLEJO I,PLATSOBSE_DGCOP_PUENTES_PEATONALES_EJE_1_PONIENTE_CALZ_VALLEJO_ESQUINA_BRAHMS_19,3370,ACTIVO,,,,,,
09DDI0039N,CAI SEP NO 32 CITLALPILYOCAN,,ESPACIO_PUBLICO,OBRAS QUE TRANSFORMAN EL ESPACIO PUBLICO Y CONTRIBUYEN AL DERECHO A LA CIUDAD,"1,2,3 POR MI ESCUELA RENOVAR PARA TRANSFORMAR","1,2,3_ESCUELAS",DGCOP,AUTORIDAD EDUCATIVA,2025,2026-06-03 18:58:04.467,actualizacion_dgcop,,,TERMINADO,100.0,LUIS PEREZ,CAI,,,,DGCOP,0101000020E6100000BA69334E43C758C0F4A5B73F17413340,https://maps.app.goo.gl/uBFj1Q2CRBL8WUsE8,ARCOS PTE.,XOCHIMILCO,LA CONCHA,PLATSOBSE_DGCOP_1_2_3_ESCUELAS_CAI_SEP_NO_32_CITLALPILYOCAN_09DDI0039N_09DDI0039N,2985,ACTIVO,,,,,,
22,AV. 602 FRENTE ADUANA DEL AICM,,ESPACIO_PUBLICO,OBRAS QUE TRANSFORMAN EL ESPACIO PUBLICO Y CONTRIBUYEN AL DERECHO A LA CIUDAD,REHABILITACION Y CONSTRUCCION DE PUENTES PEATONALES,PUENTES_PEATONALES,DGCOP,SUAC,2025,,,,,TERMINADO,100.0,LUIS PEREZ,PUENTES PEATONALES,,,,DGCOP,0101000020E610000050C3B7B06EC458C0A8380EBC5A723340,https://maps.app.goo.gl/ShbxCknDRFU9EhKv5,AV. 602,GUSTAVO A. MADERO,SAN JUAN DE ARAGON 3A SECCION (U HAB) II,PLATSOBSE_DGCOP_PUENTES_PEATONALES_AV_602_FRENTE_ADUANA_DEL_AICM_22,3373,ACTIVO,,,,,,
59,AV. ANTIGUO CAMINO A CUERNAVACA Y LA CERRADA DE AYOCATITLA,,ESPACIO_PUBLICO,OBRAS QUE TRANSFORMAN EL ESPACIO PUBLICO Y CONTRIBUYEN AL DERECHO A LA CIUDAD,REHABILITACION Y CONSTRUCCION DE PUENTES PEATONALES,PUENTES_PEATONALES,DGCOP,ATENCION CIUDADANA,2025,2026-05-20 01:03:08.261,admin,2026-02-08,,INAUGURADA,100.0,LUIS PEREZ,PUENTES PEATONALES,,,,DGCOP,0101000020E6100000EED0B01875C958C0A4C16D6DE1313340,https://maps.app.goo.gl/43sy6uHuzhus2ocN9,AV. ANTIGUO CAMINO A CUERNAVACA,TLALPAN,SAN MIGUEL TOPILEJO (PBLO),PLATSOBSE_DGCOP_PUENTES_PEATONALES_AV_ANTIGUO_CAMINO_A_CUERNAVACA_Y_LA_CERRADA_DE_AYOCATITLA_59,3385,ACTIVO,,,,,,
42,AV. 20 DE NOVIEMBRE Y AV. CUAUHTEMOC,,ESPACIO_PUBLICO,OBRAS QUE TRANSFORMAN EL ESPACIO PUBLICO Y CONTRIBUYEN AL DERECHO A LA CIUDAD,REHABILITACION Y CONSTRUCCION DE PUENTES PEATONALES,PUENTES_PEATONALES,DGCOP,EMERGENCIAS,2025,,,,,TERMINADO,100.0,LUIS PEREZ,PUENTES PEATONALES,,,,DGCOP,0101000020E61000004F7633A31FC758C0B66AD784B4423340,https://maps.app.goo.gl/8WFhDXokMJ46M5ky7,AV. 20 DE NOVIEMBRE,XOCHIMILCO,SAN PEDRO (BARR),PLATSOBSE_DGCOP_PUENTES_PEATONALES_AV_20_DE_NOVIEMBRE_Y_AV_CUAUHTEMOC_42,3381,ACTIVO,,,,,,
39,AV. EJERCITO NACIONAL MEXICANO,,ESPACIO_PUBLICO,OBRAS QUE TRANSFORMAN EL ESPACIO PUBLICO Y CONTRIBUYEN AL DERECHO A LA CIUDAD,REHABILITACION Y CONSTRUCCION DE PUENTES PEATONALES,PUENTES_PEATONALES,DGCOP,EMERGENCIAS,2025,,,,,TERMINADO,100.0,LUIS PEREZ,PUENTES PEATONALES,,,,DGCOP,0101000020E61000001F1B1D5950CB58C0712B1D59516F3340,https://maps.app.goo.gl/DULyJKC6wpvh2wrD7,AV. EJERCITO NACIONAL MEXICANO,MIGUEL HIDALGO,ANZURES,PLATSOBSE_DGCOP_PUENTES_PEATONALES_AV_EJERCITO_NACIONAL_MEXICANO_39,3378,ACTIVO,,,,,,
40,NUEVA CARRETERA A OAXTEPEC,,ESPACIO_PUBLICO,OBRAS QUE TRANSFORMAN EL ESPACIO PUBLICO Y CONTRIBUYEN AL DERECHO A LA CIUDAD,REHABILITACION Y CONSTRUCCION DE PUENTES PEATONALES,PUENTES_PEATONALES,DGCOP,EMERGENCIAS,2025,,,,,TERMINADO,100.0,LUIS PEREZ,PUENTES PEATONALES,,,,DGCOP,0101000020E6100000B5E1B034F0BF58C087C1FC15322B3340,https://maps.app.goo.gl/p2eAtqDuQcU23ZXU8,NUEVA CARRETERA A OAXTEPEC,MILPA ALTA,SANTA ANA TLACOTENCO (PBLO),PLATSOBSE_DGCOP_PUENTES_PEATONALES_NUEVA_CARRETERA_A_OAXTEPEC_40,3379,ACTIVO,,,,,,
41,PARQUE ECOLOGICO DE XOCHIMILCO,,ESPACIO_PUBLICO,OBRAS QUE TRANSFORMAN EL ESPACIO PUBLICO Y CONTRIBUYEN AL DERECHO A LA CIUDAD,REHABILITACION Y CONSTRUCCION DE PUENTES PEATONALES,PUENTES_PEATONALES,DGCOP,EMERGENCIAS,2025,,,,,TERMINADO,100.0,LUIS PEREZ,PUENTES PEATONALES,,,,DGCOP,0101000020E6100000BC40498105C658C037A8FDD64E4C3340,https://maps.app.goo.gl/ePkMh5Fx7U4WrhkEA,CANAL DE CHALCO,XOCHIMILCO,SAN MARCOS (AMPL),PLATSOBSE_DGCOP_PUENTES_PEATONALES_PARQUE_ECOLOGICO_DE_XOCHIMILCO_41,3380,ACTIVO,,,,,,
54,VDTO. RIO DE LA PIEDAD ENTRE 1 DE MAYO Y FCO. DEL PASO Y TRONCOSO O 10 DE DICIEMBRE,,ESPACIO_PUBLICO,OBRAS QUE TRANSFORMAN EL ESPACIO PUBLICO Y CONTRIBUYEN AL DERECHO A LA CIUDAD,REHABILITACION Y CONSTRUCCION DE PUENTES PEATONALES,PUENTES_PEATONALES,DGCOP,ATENCION CIUDADANA,2025,,,,,TERMINADO,100.0,LUIS PEREZ,PUENTES PEATONALES,,,,DGCOP,0101000020E6100000C85EEFFE78C758C0360186E5CF673340,https://maps.app.goo.gl/GLHiQVUjkwDrSGJ7A,VIADUCTO RIO DE LA PIEDAD,IZTACALCO,LA CRUZ,PLATSOBSE_DGCOP_PUENTES_PEATONALES_VDTO_RIO_DE_LA_PIEDAD_ENTRE_1_DE_MAYO_Y_FCO_DEL_PASO_Y_TRONCOSO_O_10_DE_DICIEMBRE_54,3384,ACTIVO,,,,,,
57,AVE 100 METROS Y NORTE 1C 4829,,ESPACIO_PUBLICO,OBRAS QUE TRANSFORMAN EL ESPACIO PUBLICO Y CONTRIBUYEN AL DERECHO A LA CIUDAD,REHABILITACION Y CONSTRUCCION DE PUENTES PEATONALES,PUENTES_PEATONALES,DGCOP,ATENCION CIUDADANA,2025,,,,,TERMINADO,100.0,LUIS PEREZ,PUENTES PEATONALES,,,,DGCOP,0101000020E61000000D95B4ADE0C858C0F12A9DDA60793340,https://maps.app.goo.gl/5JxPchfDzMJMZBLL7,AV. 100 METROS,GUSTAVO A. MADERO,TLACAMACA,PLATSOBSE_DGCOP_PUENTES_PEATONALES_AVE_100_METROS_Y_NORTE_1C_4829_57,3386,ACTIVO,,,,,,
35,MEXICO TACUBA - MAR OKHOTSK / CALZ. MEXICO-TACUBA,,ESPACIO_PUBLICO,OBRAS QUE TRANSFORMAN EL ESPACIO PUBLICO Y CONTRIBUYEN AL DERECHO A LA CIUDAD,REHABILITACION Y CONSTRUCCION DE PUENTES PEATONALES,PUENTES_PEATONALES,DGCOP,ATENCION CIUDADANA,2025,,,,,TERMINADO,100.0,LUIS PEREZ,PUENTES PEATONALES,,,,DGCOP,0101000020E61000001D15D850F8CB58C079C3EEBD8B753340,https://maps.app.goo.gl/USjSFpTUDYRdhEXV6,MEXICO TACUBA,MIGUEL HIDALGO,TACUBA,PLATSOBSE_DGCOP_PUENTES_PEATONALES_MEXICO_TACUBA_MAR_OKHOTSK_CALZ_MEXICO_TACUBA_35,3382,ACTIVO,,,,,,
09DJN0483T,IGNACIO RAMIREZ,,ESPACIO_PUBLICO,OBRAS QUE TRANSFORMAN EL ESPACIO PUBLICO Y CONTRIBUYEN AL DERECHO A LA CIUDAD,"1,2,3 POR MI ESCUELA RENOVAR PARA TRANSFORMAR","1,2,3_ESCUELAS",DGCOP,CASA POR CASA,2025,2026-06-03 19:11:50.109,actualizacion_dgcop,,,TERMINADO,100.0,LUIS PEREZ,PREESCOLAR,,,,DGCOP,0101000020E6100000DE3AFF76D9C658C0A69883A0A3413340,https://maps.app.goo.gl/Qv2uv9A1kutuTfK4A,PEDRO RAMIREZ DEL CASTILLO,XOCHIMILCO,SAN PEDRO (BARR),PLATSOBSE_DGCOP_1_2_3_ESCUELAS_IGNACIO_RAMIREZ_09DJN0483T_09DJN0483T,2994,ACTIVO,,,,,,
09DPR0943D,ING. JOAQUIN GALLO MONTERRUBIO,,ESPACIO_PUBLICO,OBRAS QUE TRANSFORMAN EL ESPACIO PUBLICO Y CONTRIBUYEN AL DERECHO A LA CIUDAD,"1,2,3 POR MI ESCUELA RENOVAR PARA TRANSFORMAR","1,2,3_ESCUELAS",DGCOP,CASA POR CASA,2025,2026-06-10 18:09:23.707,actualizacion_dgcop,,,EN PROCESO,71.15,LUIS PEREZ,PRIMARIA,,,,DGCOP,0101000020E610000011C4793881C758C098FBE42840643340,https://maps.app.goo.gl/M7ogaMhLn9P3WVLVA,PASCUAL OROZCO,IZTACALCO,SAN MIGUEL (BARR),PLATSOBSE_DGCOP_1_2_3_ESCUELAS_ING_JOAQUIN_GALLO_MONTERRUBIO_09DPR0943D_09DPR0943D,2991,ACTIVO,,,,,,
09DPR2069H,INDEPENDENCIA ECONOMICA DE MEXICO,,ESPACIO_PUBLICO,OBRAS QUE TRANSFORMAN EL ESPACIO PUBLICO Y CONTRIBUYEN AL DERECHO A LA CIUDAD,"1,2,3 POR MI ESCUELA RENOVAR PARA TRANSFORMAR","1,2,3_ESCUELAS",DGCOP,CASA POR CASA,2025,2026-06-10 18:21:22.554,actualizacion_dgcop,,,EN PROCESO,60.16,LUIS PEREZ,PRIMARIA,,,,DGCOP,0101000020E6100000A5BDC11726C458C0691B7FA2B2413340,https://maps.app.goo.gl/mdJM1cmfLL7uyLcn8,GUSTAVO DIAZ ORDAZ,XOCHIMILCO,SAN GREGORIO ATLAPULCO (PBLO),PLATSOBSE_DGCOP_1_2_3_ESCUELAS_INDEPENDENCIA_ECONOMICA_DE_MEXICO_09DPR2069H_09DPR2069H,2990,ACTIVO,,,,,,
38,"CALZ. IGNACIO ZARAGOZA, ESQ. CALLE TIO FERRER Y EMILIO CAMPA",,ESPACIO_PUBLICO,OBRAS QUE TRANSFORMAN EL ESPACIO PUBLICO Y CONTRIBUYEN AL DERECHO A LA CIUDAD,REHABILITACION Y CONSTRUCCION DE PUENTES PEATONALES,PUENTES_PEATONALES,DGCOP,EMERGENCIAS,2025,,,,,TERMINADO,100.0,LUIS PEREZ,PUENTES PEATONALES,,,,DGCOP,0101000020E6100000D0D38041D2C058C0B5C189E8D75E3340,https://maps.app.goo.gl/YFF16Xj8pwSCVjYV9,CALZADA IGNACIO ZARAGOZA,IZTAPALAPA,STA MARTHA ACATITLA NTE (AMPL) II,PLATSOBSE_DGCOP_PUENTES_PEATONALES_CALZ_IGNACIO_ZARAGOZA_ESQ_CALLE_TIO_FERRER_Y_EMILIO_CAMPA_38,3392,ACTIVO,,,,,,
56,VDTO. RIO DE LA PIEDAD ENTRE CALZADA DE LA VIGA Y CONGRESO DE LA UNION O SABINO,,ESPACIO_PUBLICO,OBRAS QUE TRANSFORMAN EL ESPACIO PUBLICO Y CONTRIBUYEN AL DERECHO A LA CIUDAD,REHABILITACION Y CONSTRUCCION DE PUENTES PEATONALES,PUENTES_PEATONALES,DGCOP,ATENCION CIUDADANA,2025,,,,,TERMINADO,100.0,LUIS PEREZ,PUENTES PEATONALES,,,,DGCOP,0101000020E6100000C780ECF5EEC758C002637D0393673340,https://maps.app.goo.gl/A6yJSLjuz3voMYR79,VIADUCTO RIO DE LA PIEDAD,IZTACALCO,SANTA ANITA,PLATSOBSE_DGCOP_PUENTES_PEATONALES_VDTO_RIO_DE_LA_PIEDAD_ENTRE_CALZADA_DE_LA_VIGA_Y_CONGRESO_DE_LA_UNION_O_SABINO_56,3400,ACTIVO,,,,,,
55,VDTO. RIO DE LA PIEDAD ENTRE TERRAPLEN RIO FRIO Y 1 DE MAYO,,ESPACIO_PUBLICO,OBRAS QUE TRANSFORMAN EL ESPACIO PUBLICO Y CONTRIBUYEN AL DERECHO A LA CIUDAD,REHABILITACION Y CONSTRUCCION DE PUENTES PEATONALES,PUENTES_PEATONALES,DGCOP,ATENCION CIUDADANA,2025,,,,,TERMINADO,100.0,LUIS PEREZ,PUENTES PEATONALES,,,,DGCOP,0101000020E61000004CC5C6BC8EC758C06C76A4FACE673340,https://maps.app.goo.gl/q3qegTd8ZrCW7yRh6,VIADUCTO RIO DE LA PIEDAD,IZTACALCO,LA CRUZ,PLATSOBSE_DGCOP_PUENTES_PEATONALES_VDTO_RIO_DE_LA_PIEDAD_ENTRE_TERRAPLEN_RIO_FRIO_Y_1_DE_MAYO_55,3399,ACTIVO,,,,,,
47,AV. CENTRAL (AV. OCEANIA) - ARGELIA/ CANTON O NTE. 29,,ESPACIO_PUBLICO,OBRAS QUE TRANSFORMAN EL ESPACIO PUBLICO Y CONTRIBUYEN AL DERECHO A LA CIUDAD,REHABILITACION Y CONSTRUCCION DE PUENTES PEATONALES,PUENTES_PEATONALES,DGCOP,ATENCION CIUDADANA,2025,,,,,TERMINADO,100.0,LUIS PEREZ,PUENTES PEATONALES,,,,DGCOP,0101000020E6100000F373435376C658C0CAC4AD8218703340,https://maps.app.goo.gl/Dy5XLB7dfECTkgYD6,AV. OCEANIA,VENUSTIANO CARRANZA,REVOLUCION,PLATSOBSE_DGCOP_PUENTES_PEATONALES_AV_CENTRAL_AV_OCEANIA_ARGELIA_CANTON_O_NTE_29_47,3395,ACTIVO,,,,,,
48,AV. CENTRAL (AV. 608) - AV. 637,,ESPACIO_PUBLICO,OBRAS QUE TRANSFORMAN EL ESPACIO PUBLICO Y CONTRIBUYEN AL DERECHO A LA CIUDAD,REHABILITACION Y CONSTRUCCION DE PUENTES PEATONALES,PUENTES_PEATONALES,DGCOP,ATENCION CIUDADANA,2025,,,,,TERMINADO,100.0,LUIS PEREZ,PUENTES PEATONALES,,,,DGCOP,0101000020E6100000069CA56439C458C092054CE0D6753340,https://maps.app.goo.gl/gEYd3rrXEaTfudLs5,AV. 608,GUATAVO A. MADERO,SAN JUAN DE ARAGON 4A Y 5A SECCION (U HAB) II,PLATSOBSE_DGCOP_PUENTES_PEATONALES_AV_CENTRAL_AV_608_AV_637_48,3396,ACTIVO,,,,,,
51,AV. CENTRAL (AV. OCEANIA) - ENTRE BALBOAS Y BOLIVARES,,ESPACIO_PUBLICO,OBRAS QUE TRANSFORMAN EL ESPACIO PUBLICO Y CONTRIBUYEN AL DERECHO A LA CIUDAD,REHABILITACION Y CONSTRUCCION DE PUENTES PEATONALES,PUENTES_PEATONALES,DGCOP,SUAC,2025,,,,,TERMINADO,100.0,LUIS PEREZ,PUENTES PEATONALES,,,,DGCOP,0101000020E61000009CA6CF0EB8C558C0761A69A9BC713340,https://maps.app.goo.gl/XqbXp1iF4ZvcJU7FA,AV. OCEANIA,VENUSTIANO CARRANZA,AQUILES SERDAN,PLATSOBSE_DGCOP_PUENTES_PEATONALES_AV_CENTRAL_AV_OCEANIA_ENTRE_BALBOAS_Y_BOLIVARES_51,3398,ACTIVO,,,,,,
49,"AV. CENTRAL (AV. OCEANIA) ENTRE EGIPTO Y CALLE NTE. 37,",,ESPACIO_PUBLICO,OBRAS QUE TRANSFORMAN EL ESPACIO PUBLICO Y CONTRIBUYEN AL DERECHO A LA CIUDAD,REHABILITACION Y CONSTRUCCION DE PUENTES PEATONALES,PUENTES_PEATONALES,DGCOP,SUAC,2025,,,,,TERMINADO,100.0,LUIS PEREZ,PUENTES PEATONALES,,,,DGCOP,0101000020E61000006E3480B740C658C05680EF366F703340,https://maps.app.goo.gl/u7gz4n55WYXiCWrd6,AV. OCEANIA,VENUSTIANO CARRANZA,ROMERO RUBIO,PLATSOBSE_DGCOP_PUENTES_PEATONALES_AV_CENTRAL_AV_OCEANIA_ENTRE_EGIPTO_Y_CALLE_NTE_37_49,3397,ACTIVO,,,,,,
27,INSURGENTES NORTE - LINDAVISTA / AV. INSURGENTES NTE,,ESPACIO_PUBLICO,OBRAS QUE TRANSFORMAN EL ESPACIO PUBLICO Y CONTRIBUYEN AL DERECHO A LA CIUDAD,REHABILITACION Y CONSTRUCCION DE PUENTES PEATONALES,PUENTES_PEATONALES,DGCOP,ATENCION CIUDADANA,2025,,,,,TERMINADO,100.0,LUIS PEREZ,PUENTES PEATONALES,,,,DGCOP,0101000020E61000009A0B5AECCFC858C0642B5F5865783340,https://maps.app.goo.gl/TLQKuPKpe91ZHUTRA,INSURGENTES NORTE,GUSTAVO A. MADERO,VALLEJO I,PLATSOBSE_DGCOP_PUENTES_PEATONALES_INSURGENTES_NORTE_LINDAVISTA_AV_INSURGENTES_NTE_27,3389,ACTIVO,,,,,,
28,PROL. DIVISION DEL NORTE - RICARDO FLORES MAGON,,ESPACIO_PUBLICO,OBRAS QUE TRANSFORMAN EL ESPACIO PUBLICO Y CONTRIBUYEN AL DERECHO A LA CIUDAD,REHABILITACION Y CONSTRUCCION DE PUENTES PEATONALES,PUENTES_PEATONALES,DGCOP,ATENCION CIUDADANA,2025,,,,,TERMINADO,100.0,LUIS PEREZ,PUENTES PEATONALES,,,,DGCOP,0101000020E6100000CE88D2DEE0C758C0FB8C6D4284473340,https://maps.app.goo.gl/N1PDZ58rs4wqiizp7,PROLONGACION DIVISION DEL NORTE,XOCHIMILCO,LA CEBADA,PLATSOBSE_DGCOP_PUENTES_PEATONALES_PROL_DIVISION_DEL_NORTE_RICARDO_FLORES_MAGON_28,3390,ACTIVO,,,,,,
09DPR0021A,PROFRA LEONOR LEAÑOS NAVARRO,,ESPACIO_PUBLICO,OBRAS QUE TRANSFORMAN EL ESPACIO PUBLICO Y CONTRIBUYEN AL DERECHO A LA CIUDAD,"1,2,3 POR MI ESCUELA RENOVAR PARA TRANSFORMAR","1,2,3_ESCUELAS",ILIFE,SECTEI,2025,,,,,TERMINADO,100.0,LUIS PEREZ,PRIMARIA,,,,ILIFE,0101000020E61000003CBB6B2AF5D058C02063648E354F3340,"https://www.google.com/maps/place/Escuela+Primaria+%22Profra.+Leonor+Lea%C3%B1os+Navarro%22/@19.3093641,-99.2649946,20z/data=!4m6!3m5!1s0x85cdff4783f7839b:0xe4d759c694146ced!8m2!3d19.3093805!4d-99.2649686!16s%2Fg%2F12hkp98nr?entry=ttu&g_ep=EgoyMDI2MDIxMC",CARBONERO 24,LA MAGDALENA CONTRERAS,LOMAS DE SAN BERNABE,PLATSOBSE_ILIFE_1_2_3_ESCUELAS_PROFRA_LEONOR_LEA_OS_NAVARRO_09DPR0021A_09DPR0021A,3008,ACTIVO,,,,,,
09DPR2769A,XITLE,,ESPACIO_PUBLICO,OBRAS QUE TRANSFORMAN EL ESPACIO PUBLICO Y CONTRIBUYEN AL DERECHO A LA CIUDAD,"1,2,3 POR MI ESCUELA RENOVAR PARA TRANSFORMAR","1,2,3_ESCUELAS",ILIFE,CASA POR CASA,2025,,,,,TERMINADO,100.0,LUIS PEREZ,PRIMARIA,,,,ILIFE,0101000020E610000044FD8DF9C8CA58C0F0643FB706533340,"https://www.google.com/maps/place/Escuela+Primar%C3%ADa+Xitle/@19.324275,-99.168778,20z/data=!4m6!3m5!1s0x85ce003d6374d00d:0x4165632daff30f18!8m2!3d19.3243023!4d-99.1685165!16s%2Fg%2F1tfjwmcp?entry=ttu&g_ep=EgoyMDI2MDIxMS4wIKXMDSoASAFQAw%3D%3D",ACATEMPA SN,COYOACÁN,PEDREGAL DE STO DOMINGO V,PLATSOBSE_ILIFE_1_2_3_ESCUELAS_XITLE_09DPR2769A_09DPR2769A,3005,ACTIVO,,,,,,
52,MERCADO TACUBA,,ECONOMIA,OBRAS QUE TRANSFORMAN LA ECONOMIA LOCAL Y FOMENTAN EL EMPLEO,MANTENIMIENTO A MERCADOS PUBLICOS,MTTO_MERCADOS,DGCOP,GABINETE,2025,,,,,TERMINADO,100.0,LUIS PEREZ,MERCADO,,,,DGCOP,0101000020E6100000501C40BFEFCB58C0BC7669C361753340,https://maps.app.goo.gl/vKenHH6PjHdrM4HU6,"CALZ MEXICO-TACUBA,",MIGUEL HIDALGO,TACUBA,PLATSOBSE_DGCOP_MTTO_MERCADOS_MERCADO_TACUBA_52,3414,ACTIVO,,,,,,
09DPR2067J,JOSE MARIA MORELOS,,ESPACIO_PUBLICO,OBRAS QUE TRANSFORMAN EL ESPACIO PUBLICO Y CONTRIBUYEN AL DERECHO A LA CIUDAD,"1,2,3 POR MI ESCUELA RENOVAR PARA TRANSFORMAR","1,2,3_ESCUELAS",ILIFE,CASA POR CASA,2025,,,,,TERMINADO,100.0,LUIS PEREZ,PRIMARIA,,,,ILIFE,0101000020E6100000382FAF0BB5C158C05086EB70FB313340,"https://www.google.com/maps/place/Escuela+Primaria+%22Jos%C3%A9+Mar%C3%ADa+Morelos%22/@19.1954409,-99.0267595,20.5z/data=!4m6!3m5!1s0x85ce05244d2767d1:0xc57f0bb7fe720fbb!8m2!3d19.1952145!4d-99.0266866!16s%2Fg%2F11cn0ms15s?entry=ttu&g_ep=EgoyMDI2MDIxMC4wI",AV SINALOA NORTE 13,MILPA ALTA,VILLA MILPA ALTA (PBLO),PLATSOBSE_ILIFE_1_2_3_ESCUELAS_JOSE_MARIA_MORELOS_09DPR2067J_09DPR2067J,3012,ACTIVO,,,,,,
09DPR1892U,ALFONSO TEJA ZABRE,,ESPACIO_PUBLICO,OBRAS QUE TRANSFORMAN EL ESPACIO PUBLICO Y CONTRIBUYEN AL DERECHO A LA CIUDAD,"1,2,3 POR MI ESCUELA RENOVAR PARA TRANSFORMAR","1,2,3_ESCUELAS",ILIFE,JEFA DE GOBIERNO,2025,,,,,TERMINADO,100.0,LUIS PEREZ,PRIMARIA,,,,ILIFE,0101000020E6100000E0C9142FA0CE58C0F0813E19194F3340,"https://www.google.com/maps/place/Escuela+Primaria+Alfonso+Teja+Zabre/@19.3090179,-99.2286141,20.5z/data=!4m6!3m5!1s0x85cdffa1f5e71bcd:0x29dbe1a1d874a192!8m2!3d19.3089587!4d-99.2285344!16s%2Fg%2F11c6dcjc2w?entry=ttu&g_ep=EgoyMDI2MDIxMC4wIKXMDSoASAFQAw%3D",PACHUCA NUM 34,LA MAGDALENA CONTRERAS,SANTA TERESA,PLATSOBSE_ILIFE_1_2_3_ESCUELAS_ALFONSO_TEJA_ZABRE_09DPR1892U_09DPR1892U,3013,ACTIVO,,,,,,
9,SAN JUAN TILHUACA,,ECONOMIA,OBRAS QUE TRANSFORMAN LA ECONOMIA LOCAL Y FOMENTAN EL EMPLEO,MANTENIMIENTO A MERCADOS PUBLICOS,MTTO_MERCADOS,DGCOP,CASA POR CASA,2025,2026-06-10 17:49:45.780,actualizacion_dgcop,,,EN PROCESO,93.63,LUIS PEREZ,MERCADO,,,,DGCOP,0101000020E6100000B1E07EC003CD58C0DA01D715337E3340,https://maps.app.goo.gl/7TR2BzgoUvCmZftt7,DEL MERCADO,AZCAPOTZALCO,SAN JUAN TLIHUACA (PBLO),PLATSOBSE_DGCOP_MTTO_MERCADOS_SAN_JUAN_TILHUACA_9,3412,ACTIVO,,,,,,
39,MILITAR MARTE,,ECONOMIA,OBRAS QUE TRANSFORMAN LA ECONOMIA LOCAL Y FOMENTAN EL EMPLEO,MANTENIMIENTO A MERCADOS PUBLICOS,MTTO_MERCADOS,DGCOP,GABINETE,2025,,,,,TERMINADO,100.0,LUIS PEREZ,MERCADO,,,,DGCOP,0101000020E6100000902DCBD765C858C0D09849D40B623340,https://maps.app.goo.gl/budMxyKdzLPKrVuc6,ESQUINA NORTE,IZTACALCO,MILITAR MARTE,PLATSOBSE_DGCOP_MTTO_MERCADOS_MILITAR_MARTE_39,3413,ACTIVO,,,,,,
58,VDTO. RIO DE LA PIEDAD - ENTRE FCO. DEL PASO Y TRONCOSO Y ANIL 596,,ESPACIO_PUBLICO,OBRAS QUE TRANSFORMAN EL ESPACIO PUBLICO Y CONTRIBUYEN AL DERECHO A LA CIUDAD,REHABILITACION Y CONSTRUCCION DE PUENTES PEATONALES,PUENTES_PEATONALES,DGCOP,ATENCION CIUDADANA,2025,,,,,TERMINADO,100.0,LUIS PEREZ,PUENTES PEATONALES,,,,DGCOP,0101000020E61000000BD5CDC5DFC658C066BE839F38683340,https://maps.app.goo.gl/DbcZu4K5QgeZhFa16,VIADUCTO RIO DE LA PIEDAD,VENUSTIANO CARRANZA,VIADUCTO - BALBUENA (CONJ HAB),PLATSOBSE_DGCOP_PUENTES_PEATONALES_VDTO_RIO_DE_LA_PIEDAD_ENTRE_FCO_DEL_PASO_Y_TRONCOSO_Y_ANIL_58,3401,ACTIVO,,,,,,
63,CALZ. DE TLALPAN -TREN LIGERO NEZAHULPILLI,,ESPACIO_PUBLICO,OBRAS QUE TRANSFORMAN EL ESPACIO PUBLICO Y CONTRIBUYEN AL DERECHO A LA CIUDAD,REHABILITACION Y CONSTRUCCION DE PUENTES PEATONALES,PUENTES_PEATONALES,DGCOP,OBRAS EN GENERAL,2025,,,,,TERMINADO,100.0,JUAN HERNANDEZ,PUENTES PEATONALES,,,,DGCOP,0101000020E61000005C902DCBD7C858C005FBAF73D3523340,https://maps.app.goo.gl/deZm7qH5SygeXLUX7,CALZADA DE TLALPAN -TREN LIGERO NEZAHULPILLI,COYOACÁN,XOTEPINGO,PLATSOBSE_DGCOP_PUENTES_PEATONALES_CALZ_DE_TLALPAN_TREN_LIGERO_NEZAHULPILLI_63,3402,ACTIVO,,,,,,
09DPR2233R,MAURITANIA,,ESPACIO_PUBLICO,OBRAS QUE TRANSFORMAN EL ESPACIO PUBLICO Y CONTRIBUYEN AL DERECHO A LA CIUDAD,"1,2,3 POR MI ESCUELA RENOVAR PARA TRANSFORMAR","1,2,3_ESCUELAS",DGCOP,TERRITORIOS DE PAZ,2025,2026-06-10 18:19:53.949,actualizacion_dgcop,,,EN PROCESO,63.0,JUAN HERNANDEZ,PRIMARIA,,,,DGCOP,0101000020E610000072FBE59315C958C0A54BFF9254323340,https://maps.app.goo.gl/5fYu3M214s2gUfFQA,STA. CRUZ,TLALPAN,SAN MIGUEL TOPILEJO (PBLO),PLATSOBSE_DGCOP_1_2_3_ESCUELAS_MAURITANIA_09DPR2233R_09DPR2233R,2999,ACTIVO,,,,,,
09DPR2914W,MIXCOATL,,ESPACIO_PUBLICO,OBRAS QUE TRANSFORMAN EL ESPACIO PUBLICO Y CONTRIBUYEN AL DERECHO A LA CIUDAD,"1,2,3 POR MI ESCUELA RENOVAR PARA TRANSFORMAR","1,2,3_ESCUELAS",DGCOP,CASA POR CASA,2025,2026-06-10 18:22:12.906,actualizacion_dgcop,,,EN PROCESO,53.16,JUAN HERNANDEZ,PRIMARIA,,,,DGCOP,0101000020E6100000ACE0B721C6C358C08884EFFD0D523340,https://maps.app.goo.gl/d1K986jXDYW1Anxh9,RIO ATOYAC,IZTAPALAPA,LOMAS DE SAN LORENZO I,PLATSOBSE_DGCOP_1_2_3_ESCUELAS_MIXCOATL_09DPR2914W_09DPR2914W,3000,ACTIVO,,,,,,
42,APATLACO,,ECONOMIA,OBRAS QUE TRANSFORMAN LA ECONOMIA LOCAL Y FOMENTAN EL EMPLEO,MANTENIMIENTO A MERCADOS PUBLICOS,MTTO_MERCADOS,DGCOP,GABINETE,2025,2026-06-10 17:40:35.911,actualizacion_dgcop,,,EN PROCESO,98.0,JUAN HERNANDEZ,MERCADO,,,,DGCOP,0101000020E610000058E1968FA4C758C0A20E2BDCF2613340,https://maps.app.goo.gl/cWpB6tf2YiXYy8rV7,MARIANO RIVA PALACIO,IZTACALCO,CAMPAMENTO 2 DE OCTUBRE II,PLATSOBSE_DGCOP_MTTO_MERCADOS_APATLACO_42,3415,ACTIVO,,,,,,
66,JAMAICA COMIDAS,,ECONOMIA,OBRAS QUE TRANSFORMAN LA ECONOMIA LOCAL Y FOMENTAN EL EMPLEO,MANTENIMIENTO A MERCADOS PUBLICOS,MTTO_MERCADOS,DGCOP,GABINETE,2025,2026-06-10 17:49:33.809,actualizacion_dgcop,,,EN PROCESO,94.6,JUAN HERNANDEZ,MERCADO,,,,DGCOP,0101000020E610000012F758FAD0C758C0259529E620683340,https://maps.app.goo.gl/Bx7njaBLNmhVPSNr6,GUILLERMO PRIETO,VENUSTIANO CARRANZA,JAMAICA,PLATSOBSE_DGCOP_MTTO_MERCADOS_JAMAICA_COMIDAS_66,3428,ACTIVO,,,,,,
09DPR1887I,ALVARO OBREGON,,ESPACIO_PUBLICO,OBRAS QUE TRANSFORMAN EL ESPACIO PUBLICO Y CONTRIBUYEN AL DERECHO A LA CIUDAD,"1,2,3 POR MI ESCUELA RENOVAR PARA TRANSFORMAR","1,2,3_ESCUELAS",ILIFE,AUTORIDAD EDUCATIVA,2025,,,,,TERMINADO,100.0,JUAN HERNANDEZ,PRIMARIA,,,,ILIFE,0101000020E6100000549EEDD9B9CF58C010DE526E4B4D3340,"https://www.google.com/maps/place/Escuela+Primaria+%22%C3%81lvaro+Obreg%C3%B3n%22/@19.3019394,-99.2459802,20.5z/data=!4m10!1m2!2m1!1sESCUELA!3m6!1s0x85cdff0e84f28845:0xc7fbacaf1ca1bb78!8m2!3d19.3019075!4d-99.2457288!15sCgdFU0NVRUxBkgERZWxlbWVudGFyeV9zY2h",CALLE EMILIO CARRANZA NO 55,LA MAGDALENA CONTRERAS,LA MAGDALENA ATLITIC (PBLO),PLATSOBSE_ILIFE_1_2_3_ESCUELAS_ALVARO_OBREGON_09DPR1887I_09DPR1887I,3014,ACTIVO,,,,,,
09DPR3127O,CULTURA AZTECA,,ESPACIO_PUBLICO,OBRAS QUE TRANSFORMAN EL ESPACIO PUBLICO Y CONTRIBUYEN AL DERECHO A LA CIUDAD,"1,2,3 POR MI ESCUELA RENOVAR PARA TRANSFORMAR","1,2,3_ESCUELAS",ILIFE,CASA POR CASA,2025,,,,,TERMINADO,100.0,JUAN HERNANDEZ,PRIMARIA,,,,ILIFE,0101000020E61000009850060A62C158C0403632BE18303340,"https://www.google.com/maps/place/Escuela+Primaria+%22Cultura+Azteca%22/@19.1878317,-99.0218231,20.25z/data=!4m6!3m5!1s0x85ce0530e454b285:0x3706809593108d95!8m2!3d19.1878525!4d-99.0215594!16s%2Fg%2F1pyqjm78b?entry=ttu&g_ep=EgoyMDI2MDIxMC4wIKXMDSoASAFQAw%",AV YUCATAN SUR SN,MILPA ALTA,VILLA MILPA ALTA (PBLO),PLATSOBSE_ILIFE_1_2_3_ESCUELAS_CULTURA_AZTECA_09DPR3127O_09DPR3127O,3051,ACTIVO,,,,,,
64,MIRADOR,,ECONOMIA,OBRAS QUE TRANSFORMAN LA ECONOMIA LOCAL Y FOMENTAN EL EMPLEO,MANTENIMIENTO A MERCADOS PUBLICOS,MTTO_MERCADOS,DGCOP,GABINETE,2025,,,,,TERMINADO,100.0,JUAN HERNANDEZ,MERCADO,,,,DGCOP,0101000020E610000099F4F75278CE58C0FEB627486C4B3340,https://maps.app.goo.gl/Nw1AsQCXRXuJLPsH6,BECAL,TLALPAN,LOMAS DE PADIERNA I,PLATSOBSE_DGCOP_MTTO_MERCADOS_MIRADOR_64,3423,ACTIVO,,,,,,
31,# 123 VICENTE GUERRERO,,ECONOMIA,OBRAS QUE TRANSFORMAN LA ECONOMIA LOCAL Y FOMENTAN EL EMPLEO,MANTENIMIENTO A MERCADOS PUBLICOS,MTTO_MERCADOS,DGCOP,CASA POR CASA,2025,2026-06-03 17:57:40.920,actualizacion_dgcop,,,TERMINADO,100.0,JUAN HERNANDEZ,MERCADO,,,,DGCOP,0101000020E6100000876F61DD78C558C0CF12640454803340,https://maps.app.goo.gl/VfcdWprRAUs5WUPYA,C. 314,GUSTAVO A. MADERO,NUEVA ATZACOALCO II,PLATSOBSE_DGCOP_MTTO_MERCADOS_123_VICENTE_GUERRERO_31,3438,ACTIVO,,,,,,
71,MERCED NAVE MAYOR,,ECONOMIA,OBRAS QUE TRANSFORMAN LA ECONOMIA LOCAL Y FOMENTAN EL EMPLEO,MANTENIMIENTO A MERCADOS PUBLICOS,MTTO_MERCADOS,DGCOP,GABINETE,2025,,,,,TERMINADO,100.0,JUAN HERNANDEZ,MERCADO,,,,DGCOP,0101000020E6100000D67D74A8EEC758C05F679EB70C6D3340,https://maps.app.goo.gl/gLXk7w9BkE8MYQbj9,CIRCUNVALACION,VENUSTIANO CARRANZA,CENTRO II,PLATSOBSE_DGCOP_MTTO_MERCADOS_MERCED_NAVE_MAYOR_71,3439,ACTIVO,,,,,,
54,18 DE MARZO,,ECONOMIA,OBRAS QUE TRANSFORMAN LA ECONOMIA LOCAL Y FOMENTAN EL EMPLEO,MANTENIMIENTO A MERCADOS PUBLICOS,MTTO_MERCADOS,DGCOP,GABINETE,2025,2026-06-10 17:56:56.092,actualizacion_dgcop,,,EN PROCESO,7.32,JUAN HERNANDEZ,MERCADO,,,,DGCOP,0101000020E6100000B727486C77CC58C0AA7CCF4884723340,https://maps.app.goo.gl/wRbG9ieDJ4PFxwwcA,DANIEL CABRERA,MIGUEL HIDALGO,REFORMA PENSIL,PLATSOBSE_DGCOP_MTTO_MERCADOS_18_DE_MARZO_54,3430,ACTIVO,,,,,,
58,AMPLIACION SELENE,,ECONOMIA,OBRAS QUE TRANSFORMAN LA ECONOMIA LOCAL Y FOMENTAN EL EMPLEO,MANTENIMIENTO A MERCADOS PUBLICOS,MTTO_MERCADOS,DGCOP,GABINETE,2025,,,,,TERMINADO,100.0,JUAN HERNANDEZ,MERCADO,,,,DGCOP,0101000020E61000001F680586ACBF58C0AAD216D7F8483340,https://maps.app.goo.gl/49wbAbAZnP2ZFwKH6,MAR DE LOS VAPORES,TLÁHUAC,SELENE (AMPL),PLATSOBSE_DGCOP_MTTO_MERCADOS_AMPLIACION_SELENE_58,3422,ACTIVO,,,,,,
51,TACUBAYA BECERRA,,ECONOMIA,OBRAS QUE TRANSFORMAN LA ECONOMIA LOCAL Y FOMENTAN EL EMPLEO,MANTENIMIENTO A MERCADOS PUBLICOS,MTTO_MERCADOS,DGCOP,GABINETE,2025,2026-06-10 17:47:01.470,actualizacion_dgcop,,,EN PROCESO,96.87,JUAN HERNANDEZ,MERCADO,,,,DGCOP,0101000020E61000009415C3D501CC58C0242713B70A663340,https://maps.app.goo.gl/vrienAhS5vyp5jgc7,RIO BECERRA,MIGUEL HIDALGO,TACUBAYA,PLATSOBSE_DGCOP_MTTO_MERCADOS_TACUBAYA_BECERRA_51,3427,ACTIVO,,,,,,
60,COMIDAS HUIPULCO,8.0,ECONOMIA,OBRAS QUE TRANSFORMAN LA ECONOMIA LOCAL Y FOMENTAN EL EMPLEO,MANTENIMIENTO A MERCADOS PUBLICOS,MTTO_MERCADOS,DGCOP,OBRAS DEL MUNDIAL,2025,,,,,TERMINADO,100.0,JUAN HERNANDEZ,MERCADO,,,,DGCOP,0101000020E6100000297B4B395FC958C0AC3AAB05F64C3340,https://maps.app.goo.gl/44bVuoLiMwwArzHs8,ACOXPA CALZADA DE TLALPAN,TLALPAN,SAN LORENZO HUIPULCO,PLATSOBSE_DGCOP_MTTO_MERCADOS_COMIDAS_HUIPULCO_60,3432,ACTIVO,,,,,,
45,# 128 SECTOR POPULAR,,ECONOMIA,OBRAS QUE TRANSFORMAN LA ECONOMIA LOCAL Y FOMENTAN EL EMPLEO,MANTENIMIENTO A MERCADOS PUBLICOS,MTTO_MERCADOS,DGCOP,CASA POR CASA,2025,2026-06-10 17:51:21.008,actualizacion_dgcop,,,EN PROCESO,86.13,JUAN HERNANDEZ,MERCADO,,,,DGCOP,0101000020E610000058E1968FA4C758C07880272D5C5E3340,https://maps.app.goo.gl/vQxqpJEHoCqrGDan6,SUR 101-A,IZTAPALAPA,SECTOR POPULAR,PLATSOBSE_DGCOP_MTTO_MERCADOS_128_SECTOR_POPULAR_45,3426,ACTIVO,,,,,,
70,PANTITLAN ARENAL,,ECONOMIA,OBRAS QUE TRANSFORMAN LA ECONOMIA LOCAL Y FOMENTAN EL EMPLEO,MANTENIMIENTO A MERCADOS PUBLICOS,MTTO_MERCADOS,DGCOP,GABINETE,2025,2026-06-10 17:54:43.834,actualizacion_dgcop,,,EN PROCESO,80.1,JUAN HERNANDEZ,MERCADO,,,,DGCOP,0101000020E610000050E1085229C458C0723106D6716C3340,https://maps.app.goo.gl/J9rPNup2S7d87APt9,AV. CIRCUNVALACION,VENUSTIANO CARRANZA,CUCHILLA PANTITLAN,PLATSOBSE_DGCOP_MTTO_MERCADOS_PANTITLAN_ARENAL_70,3436,ACTIVO,,,,,,
48,SAN LORENZO XICOTENCATL,,ECONOMIA,OBRAS QUE TRANSFORMAN LA ECONOMIA LOCAL Y FOMENTAN EL EMPLEO,MANTENIMIENTO A MERCADOS PUBLICOS,MTTO_MERCADOS,DGCOP,GABINETE,2025,2026-06-10 17:52:59.062,actualizacion_dgcop,,,EN PROCESO,86.37,JUAN HERNANDEZ,MERCADO,,,,DGCOP,0101000020E610000092B1DAFCBFC158C063635E471C623340,https://maps.app.goo.gl/7K4KBKkLK1E5DaTLA,TRINIDAD,IZTAPALAPA,SAN LORENZO XICOTENCATL (PBLO),PLATSOBSE_DGCOP_MTTO_MERCADOS_SAN_LORENZO_XICOTENCATL_48,3429,ACTIVO,,,,,,
32,# 45 RAMON CORONA,,ECONOMIA,OBRAS QUE TRANSFORMAN LA ECONOMIA LOCAL Y FOMENTAN EL EMPLEO,MANTENIMIENTO A MERCADOS PUBLICOS,MTTO_MERCADOS,DGCOP,CASA POR CASA,2025,2026-06-10 17:39:37.007,actualizacion_dgcop,,,EN PROCESO,99.0,JUAN HERNANDEZ,MERCADO,,,,DGCOP,0101000020E6100000EDF5EE8FF7C758C0499F56D11F7A3340,https://maps.app.goo.gl/jjZ9k5mtgRjn3SvF9,CONSTANCIA,GUSTAVO A. MADERO,INDUSTRIAL I,PLATSOBSE_DGCOP_MTTO_MERCADOS_45_RAMON_CORONA_32,3425,ACTIVO,,,,,,
09DJN1432T,TIERRA UNIDA,,ESPACIO_PUBLICO,OBRAS QUE TRANSFORMAN EL ESPACIO PUBLICO Y CONTRIBUYEN AL DERECHO A LA CIUDAD,"1,2,3 POR MI ESCUELA RENOVAR PARA TRANSFORMAR","1,2,3_ESCUELAS",ILIFE,CASA POR CASA,2025,,,,,TERMINADO,100.0,JUAN HERNANDEZ,PREESCOLAR,,,,ILIFE,0101000020E610000058C16E1A53D158C0A089473E9F4D3340,"https://www.google.com/maps/place/Jardin+De+Ni%C3%B1os+Tierra+Unida/@19.3032626,-99.2705851,20.25z/data=!4m14!1m7!3m6!1s0x85cdff36d16c10cb:0x36bbefa536556d4c!2sJardin+De+Ni%C3%B1os+Tierra+Unida!8m2!3d19.3032802!4d-99.2706614!16s%2Fg%2F11f__5mh8s!3m5!1s0x",ANDADOR 17 SN,LA MAGDALENA CONTRERAS,TIERRA UNIDA,PLATSOBSE_ILIFE_1_2_3_ESCUELAS_TIERRA_UNIDA_09DJN1432T_09DJN1432T,3052,ACTIVO,,,,,,
09DES0312J,ARQUIMEDES CABALLERO CABALLERO,,ESPACIO_PUBLICO,OBRAS QUE TRANSFORMAN EL ESPACIO PUBLICO Y CONTRIBUYEN AL DERECHO A LA CIUDAD,"1,2,3 POR MI ESCUELA RENOVAR PARA TRANSFORMAR","1,2,3_ESCUELAS",ILIFE,CASA POR CASA,2025,,,,,TERMINADO,100.0,JUAN HERNANDEZ,SECUNDARIA,,,,ILIFE,0101000020E610000048773D1305D158C060CC0456384E3340,"google.com/maps/place/Escuela+Secundaria+Diurna+N°+312+""Arquímedes+Caballero+Caballero""/@19.3049649,-99.2664417,19.75z/data=!4m10!1m2!2m1!1ssecundaria+arquimedes+caballero+caballero!3m6!1s0x85cdff39b77a2b67:0x8a5bc7f56f0f3658!8m2!3d19.3054752!4d-99.265",ESPERANZA 1,LA MAGDALENA CONTRERAS,TIERRA UNIDA,PLATSOBSE_ILIFE_1_2_3_ESCUELAS_ARQUIMEDES_CABALLERO_CABALLERO_09DES0312J_09DES0312J,3055,ACTIVO,,,,,,
47,SANTA CRUZ MEYEHUALCO,,ECONOMIA,OBRAS QUE TRANSFORMAN LA ECONOMIA LOCAL Y FOMENTAN EL EMPLEO,MANTENIMIENTO A MERCADOS PUBLICOS,MTTO_MERCADOS,DGCOP,GABINETE,2025,2026-06-10 17:55:57.397,actualizacion_dgcop,,,EN PROCESO,50.2,JUAN HERNANDEZ,MERCADO,,,,DGCOP,0101000020E610000088F37002D3C258C00DA661F888583340,https://maps.app.goo.gl/pbb6oYt5aZKzRZWX9,AV. 4,IZTAPALAPA,SANTA CRUZ MEYEHUALCO (U HAB) I,PLATSOBSE_DGCOP_MTTO_MERCADOS_SANTA_CRUZ_MEYEHUALCO_47,3453,ACTIVO,,,,,,
09DES0200F,GENERAL AUGUSTO CESAR SANDINO,,ESPACIO_PUBLICO,OBRAS QUE TRANSFORMAN EL ESPACIO PUBLICO Y CONTRIBUYEN AL DERECHO A LA CIUDAD,"1,2,3 POR MI ESCUELA RENOVAR PARA TRANSFORMAR","1,2,3_ESCUELAS",ILIFE,TERRITORIO DE PAZ,2025,,,,,TERMINADO,100.0,JUAN HERNANDEZ,SECUNDARIA,,,,ILIFE,0101000020E610000038B5B9A193C858C060A8A48CF8713340,"https://www.google.com/maps/place/Escuela+Secundaria+No.+200+%22General+Augusto+C%C3%A9sar+Sandino%22/@19.445262,-99.1356576,18z/data=!4m6!3m5!1s0x85d1f93007c1cca1:0xdf69d2383b89afdf!8m2!3d19.4450981!4d-99.1339865!16s%2Fg%2F11c59_kc2w?entry=ttu&g_ep=Egoy",JAIME NUNO SN ESQ COMONFORT,CUAUHTEMOC,MORELOS III,PLATSOBSE_ILIFE_1_2_3_ESCUELAS_GENERAL_AUGUSTO_CESAR_SANDINO_09DES0200F_09DES0200F,3070,ACTIVO,,,,,,
09DPR2532P,JAIME NUNO,,ESPACIO_PUBLICO,OBRAS QUE TRANSFORMAN EL ESPACIO PUBLICO Y CONTRIBUYEN AL DERECHO A LA CIUDAD,"1,2,3 POR MI ESCUELA RENOVAR PARA TRANSFORMAR","1,2,3_ESCUELAS",ILIFE,TERRITORIO DE PAZ,2025,,,,,TERMINADO,100.0,JUAN HERNANDEZ,PRIMARIA,,,,ILIFE,0101000020E61000000C1059F2C4C858C0C02CB015F6713340,"https://www.google.com/maps/place/Escuela+Primaria+Jaime+Nuno/@19.4450497,-99.1373853,18.95z/data=!4m6!3m5!1s0x85d1f9257de7fe81:0x1c171fae89b89c39!8m2!3d19.4451058!4d-99.137032!16s%2Fg%2F11bw4w3fkb?entry=ttu&g_ep=EgoyMDI2MDIxMS4wIKXMDSoASAFQAw%3D%3D",ALLENDE NUM 120,CUAUHTEMOC,MORELOS III,PLATSOBSE_ILIFE_1_2_3_ESCUELAS_JAIME_NUNO_09DPR2532P_09DPR2532P,3071,ACTIVO,,,,,,
46,IZTAPALAPA,,ECONOMIA,OBRAS QUE TRANSFORMAN LA ECONOMIA LOCAL Y FOMENTAN EL EMPLEO,MANTENIMIENTO A MERCADOS PUBLICOS,MTTO_MERCADOS,DGCOP,GABINETE,2025,2026-06-10 17:53:39.643,actualizacion_dgcop,,,EN PROCESO,78.25,JUAN HERNANDEZ,MERCADO,,,,DGCOP,0101000020E610000067F0F78BD9C558C07B2DE8BD315C3340,https://maps.app.goo.gl/t34w3KUeQyzLJy5KA,AYUNTAMIENTO,IZTAPALAPA,SAN PABLO (BARR),PLATSOBSE_DGCOP_MTTO_MERCADOS_IZTAPALAPA_46,3446,ACTIVO,,,,,,
8,PASTEROS,,ECONOMIA,OBRAS QUE TRANSFORMAN LA ECONOMIA LOCAL Y FOMENTAN EL EMPLEO,MANTENIMIENTO A MERCADOS PUBLICOS,MTTO_MERCADOS,DGCOP,CASA POR CASA,2025,2026-06-10 17:47:29.097,actualizacion_dgcop,,,EN PROCESO,95.36,JUAN HERNANDEZ,MERCADO,,,,DGCOP,0101000020E610000060200890A1CC58C097395D16137F3340,https://maps.app.goo.gl/JH4uYnjLEHLuiexE9,JACARANDAS,AZCAPOTZALCO,PASTEROS,PLATSOBSE_DGCOP_MTTO_MERCADOS_PASTEROS_8,3455,ACTIVO,,,,,,
40,JUVENTINO ROSAS,,ECONOMIA,OBRAS QUE TRANSFORMAN LA ECONOMIA LOCAL Y FOMENTAN EL EMPLEO,MANTENIMIENTO A MERCADOS PUBLICOS,MTTO_MERCADOS,DGCOP,GABINETE,2025,2026-05-27 17:36:17.627,actualizacion_dgcop,,,TERMINADO,100.0,JUAN HERNANDEZ,MERCADO,,,,DGCOP,0101000020E61000000BCF4BC5C6C658C040A20914B1643340,https://maps.app.goo.gl/T7j4yKuycegQv4bP9,AV. DEL RECREO,IZTACALCO,JUVENTINO ROSAS II,PLATSOBSE_DGCOP_MTTO_MERCADOS_JUVENTINO_ROSAS_40,3445,ACTIVO,,,,,,
44,MERCADO PANTITLAN,,ECONOMIA,OBRAS QUE TRANSFORMAN LA ECONOMIA LOCAL Y FOMENTAN EL EMPLEO,MANTENIMIENTO A MERCADOS PUBLICOS,MTTO_MERCADOS,DGCOP,GABINETE,2025,2026-06-10 17:53:20.648,actualizacion_dgcop,,,EN PROCESO,86.1,JUAN HERNANDEZ,MERCADO,,,,DGCOP,0101000020E61000007D21E4BCFFC358C0EAEA8EC536693340,https://maps.app.goo.gl/wa6Q5YA48iJvguUF8,C. 4,IZTACALCO,PANTITLAN V,PLATSOBSE_DGCOP_MTTO_MERCADOS_MERCADO_PANTITLAN_44,3447,ACTIVO,,,,,,
82,BENITO JUAREZ,,ECONOMIA,OBRAS QUE TRANSFORMAN LA ECONOMIA LOCAL Y FOMENTAN EL EMPLEO,MANTENIMIENTO A MERCADOS PUBLICOS,MTTO_MERCADOS,DGCOP,GABINETE,2025,2026-06-10 17:49:20.417,actualizacion_dgcop,,,EN PROCESO,95.0,JUAN HERNANDEZ,MERCADO,,,,DGCOP,0101000020E6100000D1CB28965BC158C03A419B1C3E313340,,C. QUERETARO,MILPA ALTA,VILLA MILPA ALTA (PBLO),PLATSOBSE_DGCOP_MTTO_MERCADOS_BENITO_JUAREZ_82,3456,ACTIVO,,,,,,
49,CANANEA,,ECONOMIA,OBRAS QUE TRANSFORMAN LA ECONOMIA LOCAL Y FOMENTAN EL EMPLEO,MANTENIMIENTO A MERCADOS PUBLICOS,MTTO_MERCADOS,DGCOP,GABINETE,2025,2026-06-10 17:56:34.190,actualizacion_dgcop,,,EN PROCESO,40.03,JUAN HERNANDEZ,MERCADO,,,,DGCOP,0101000020E61000006A4DF38E53C458C05932C7F2AE4A3340,https://maps.app.goo.gl/3wPf9J5Y35aoVq99A,DAMIANA,IZTAPALAPA,CANANEA (U HAB),PLATSOBSE_DGCOP_MTTO_MERCADOS_CANANEA_49,3449,ACTIVO,,,,,,
79,MIXQUIC,,ECONOMIA,OBRAS QUE TRANSFORMAN LA ECONOMIA LOCAL Y FOMENTAN EL EMPLEO,MANTENIMIENTO A MERCADOS PUBLICOS,MTTO_MERCADOS,DGCOP,GABINETE,2025,,,,,TERMINADO,100.0,JUAN HERNANDEZ,MERCADO,,,,DGCOP,0101000020E61000003048FAB48ABD58C079E57ADB4C393340,,CANAL SECO,TLÁHUAC,SAN ANDRES MIXQUIC (PBLO),PLATSOBSE_DGCOP_MTTO_MERCADOS_MIXQUIC_79,3443,ACTIVO,,,,,,
1,MELCHOR MUZQUIZ ZONA,,ECONOMIA,OBRAS QUE TRANSFORMAN LA ECONOMIA LOCAL Y FOMENTAN EL EMPLEO,MANTENIMIENTO A MERCADOS PUBLICOS,MTTO_MERCADOS,DGCOP,CASA POR CASA,2025,,,,,TERMINADO,100.0,JUAN HERNANDEZ,MERCADO,,,,DGCOP,0101000020E61000009F20B1DD3DCC58C03E26529ACD573340,Mercado Melchor Muzquiz - Google Maps,AVENIDA REVOLUCION,ÁLVARO OBREGÓN,SAN ANGEL,PLATSOBSE_DGCOP_MTTO_MERCADOS_MELCHOR_MUZQUIZ_ZONA_1,3441,ACTIVO,,,,,,
30,# 176 SANTA MARIA TICOMAM,,ECONOMIA,OBRAS QUE TRANSFORMAN LA ECONOMIA LOCAL Y FOMENTAN EL EMPLEO,MANTENIMIENTO A MERCADOS PUBLICOS,MTTO_MERCADOS,DGCOP,CASA POR CASA,2025,,,,,TERMINADO,100.0,JUAN HERNANDEZ,MERCADO,,,,DGCOP,0101000020E61000007F33315D88C858C060E4654D2C843340,https://maps.app.goo.gl/SFKye5FZ2ppaBCbb6,21 DE MARZO,GUSTAVO A. MADERO,LA LAGUNA TICOMAN (BARR),PLATSOBSE_DGCOP_MTTO_MERCADOS_176_SANTA_MARIA_TICOMAM_30,3468,ACTIVO,,,,,,
09DES0037V,DIURNA NO 37 EMILIANO ZAPATA,,ESPACIO_PUBLICO,OBRAS QUE TRANSFORMAN EL ESPACIO PUBLICO Y CONTRIBUYEN AL DERECHO A LA CIUDAD,"1,2,3 POR MI ESCUELA RENOVAR PARA TRANSFORMAR","1,2,3_ESCUELAS",ILIFE,CASA POR CASA,2025,,,,,TERMINADO,100.0,JUAN HERNANDEZ,SECUNDARIA,,,,ILIFE,0101000020E6100000B08083EE8DC158C0809E696443303340,"https://www.google.com/maps/place/Escuela+Secundaria+Diurna+N%C2%B0+37+%22Emiliano+Zapata%22/@19.1885727,-99.0241832,20z/data=!4m14!1m7!3m6!1s0x85ce053a80bcef4f:0xf0b693616224ac45!2sEscuela+Secundaria+Diurna+N%C2%B0+37+%22Emiliano+Zapata%22!8m2!3d19.1884",AVENIDA MÉXICO SUR SN,MILPA ALTA,VILLA MILPA ALTA (PBLO),PLATSOBSE_ILIFE_1_2_3_ESCUELAS_DIURNA_NO_37_EMILIANO_ZAPATA_09DES0037V_09DES0037V,3089,ACTIVO,,,,,,
09DPR2393E,JOSE MARIA PINO SUAREZ,,ESPACIO_PUBLICO,OBRAS QUE TRANSFORMAN EL ESPACIO PUBLICO Y CONTRIBUYEN AL DERECHO A LA CIUDAD,"1,2,3 POR MI ESCUELA RENOVAR PARA TRANSFORMAR","1,2,3_ESCUELAS",ILIFE,CASA POR CASA,2025,,,,,TERMINADO,100.0,JUAN HERNANDEZ,PRIMARIA,,,,ILIFE,0101000020E6100000FCC60A8D52C858C040D6D99CED723340,"https://www.google.com/maps/place/Escuela+Primaria+Pino+Su%C3%A1rez/@19.4486878,-99.130172,19.14z/data=!4m6!3m5!1s0x85d1f93bc93210ed:0xf52568055d5f68b1!8m2!3d19.4488867!4d-99.1300105!16s%2Fg%2F1wd3wd2q?entry=ttu&g_ep=EgoyMDI2MDIxMS4wIKXMDSoASAFQAw%3D%3D",JESUS CARRANZA 83,CUAUHTEMOC,MORELOS I,PLATSOBSE_ILIFE_1_2_3_ESCUELAS_JOSE_MARIA_PINO_SUAREZ_09DPR2393E_09DPR2393E,3100,ACTIVO,,,,,,
09DES0009Z,ESCUELA SECUNDARIA TEUTLI,,ESPACIO_PUBLICO,OBRAS QUE TRANSFORMAN EL ESPACIO PUBLICO Y CONTRIBUYEN AL DERECHO A LA CIUDAD,"1,2,3 POR MI ESCUELA RENOVAR PARA TRANSFORMAR","1,2,3_ESCUELAS",ILIFE,CASA POR CASA,2025,,,,,TERMINADO,100.0,JUAN HERNANDEZ,SECUNDARIA,,,,ILIFE,0101000020E6100000A0A33499B6BF58C0F05E6C17CC373340,"https://www.google.com/maps/place/Escuela+Secundaria+General+N%C2%B0+9+%22Teutli%22/@19.217839,-98.9956401,19.21z/data=!4m6!3m5!1s0x85ce1b3c9f94e0d5:0x96152be15055f0cf!8m2!3d19.2179239!4d-98.9955194!16s%2Fg%2F1thvt0sr?entry=ttu&g_ep=EgoyMDI2MDIxMS4wIKXMD",CALLE DE LAS PALMAS SN,MILPA ALTA,SAN ANTONIO TECOMITL (PBLO),PLATSOBSE_ILIFE_1_2_3_ESCUELAS_ESCUELA_SECUNDARIA_TEUTLI_09DES0009Z_09DES0009Z,3104,ACTIVO,,,,,,
29,# 34 VILLA ZONA,,ECONOMIA,OBRAS QUE TRANSFORMAN LA ECONOMIA LOCAL Y FOMENTAN EL EMPLEO,MANTENIMIENTO A MERCADOS PUBLICOS,MTTO_MERCADOS,DGCOP,CASA POR CASA,2025,,,,,TERMINADO,100.0,JUAN HERNANDEZ,MERCADO,,,,DGCOP,0101000020E610000005A2276552C758C09D2E8B89CD7B3340,https://maps.app.goo.gl/H3RGRUTJ2CgC11Sy5,5 DE FEBRERO,GUSTAVO A. MADERO,VILLA GUSTAVO A MADERO,PLATSOBSE_DGCOP_MTTO_MERCADOS_34_VILLA_ZONA_29,3467,ACTIVO,,,,,,
35,AMPLIACION CASAS ALEMAN,,ECONOMIA,OBRAS QUE TRANSFORMAN LA ECONOMIA LOCAL Y FOMENTAN EL EMPLEO,MANTENIMIENTO A MERCADOS PUBLICOS,MTTO_MERCADOS,DGCOP,CASA POR CASA,2025,,,,,TERMINADO,100.0,JUAN HERNANDEZ,MERCADO,,,,DGCOP,0101000020E6100000AC8DB1135EC558C0DCBB067DE9793340,https://maps.app.goo.gl/fPabm2xGbAPKbt4a8,CDA.PTO.ACAPULCO,GUSTAVO A. MADERO,CASAS ALEMAN (AMPL) I,PLATSOBSE_DGCOP_MTTO_MERCADOS_AMPLIACION_CASAS_ALEMAN_35,3472,ACTIVO,,,,,,
10,AZCAPOTZALCO INBA,,ECONOMIA,OBRAS QUE TRANSFORMAN LA ECONOMIA LOCAL Y FOMENTAN EL EMPLEO,MANTENIMIENTO A MERCADOS PUBLICOS,MTTO_MERCADOS,DGCOP,CASA POR CASA,2025,,,,,TERMINADO,100.0,JUAN HERNANDEZ,MERCADO,,,,DGCOP,0101000020E610000007EBFF1CE6CB58C0D784B4C6A07B3340,https://maps.app.goo.gl/VE7PergBazdnmtvy9,AV. AZCAPOTZALCO,AZCAPOTZALCO,CENTRO DE AZCAPOTZALCO,PLATSOBSE_DGCOP_MTTO_MERCADOS_AZCAPOTZALCO_INBA_10,3462,ACTIVO,,,,,,
36,CUAUTEPEC,,ECONOMIA,OBRAS QUE TRANSFORMAN LA ECONOMIA LOCAL Y FOMENTAN EL EMPLEO,MANTENIMIENTO A MERCADOS PUBLICOS,MTTO_MERCADOS,DGCOP,CASA POR CASA,2025,,,,,TERMINADO,100.0,JUAN HERNANDEZ,MERCADO,,,,DGCOP,0101000020E6100000F5108DEE20C958C047AAEFFCA28C3340,https://maps.app.goo.gl/uGRHNjVN6sURABhY7,TENOLOGICO,GUSTAVO A. MADERO,LOMA DE LA PALMA,PLATSOBSE_DGCOP_MTTO_MERCADOS_CUAUTEPEC_36,3473,ACTIVO,,,,,,
41,JOSE LOPEZ PORTILLO,,ECONOMIA,OBRAS QUE TRANSFORMAN LA ECONOMIA LOCAL Y FOMENTAN EL EMPLEO,MANTENIMIENTO A MERCADOS PUBLICOS,MTTO_MERCADOS,DGCOP,GABINETE,2025,,,,,TERMINADO,100.0,JUAN HERNANDEZ,MERCADO,,,,DGCOP,0101000020E6100000E1B4E0455FC458C013F241CF66693340,https://maps.app.goo.gl/qCW3CWHRacVuT9nE6,AVE CENTRAL,IZTACALCO,PANTITLAN I,PLATSOBSE_DGCOP_MTTO_MERCADOS_JOSE_LOPEZ_PORTILLO_41,3477,ACTIVO,,,,,,
33,PROGRESO NACIONAL,,ECONOMIA,OBRAS QUE TRANSFORMAN LA ECONOMIA LOCAL Y FOMENTAN EL EMPLEO,MANTENIMIENTO A MERCADOS PUBLICOS,MTTO_MERCADOS,DGCOP,CASA POR CASA,2025,,,,,TERMINADO,100.0,JUAN HERNANDEZ,MERCADO,,,,DGCOP,0101000020E610000091B6F1272ACA58C0836BEEE87F853340,https://maps.app.goo.gl/dYEGYuNAQ8HGFY1x5,CALLE 28,GUSTAVO A. MADERO,GUADALUPE PROLETARIA,PLATSOBSE_DGCOP_MTTO_MERCADOS_PROGRESO_NACIONAL_33,3460,ACTIVO,,,,,,
37,PRIMERO DE SEPTIEMBRE,,ECONOMIA,OBRAS QUE TRANSFORMAN LA ECONOMIA LOCAL Y FOMENTAN EL EMPLEO,MANTENIMIENTO A MERCADOS PUBLICOS,MTTO_MERCADOS,DGCOP,CASA POR CASA,2025,,,,,TERMINADO,100.0,JUAN HERNANDEZ,MERCADO,,,,DGCOP,0101000020E610000097FDBAD39DC858C087527B116D773340,https://maps.app.goo.gl/QwWLaEWxoSf4LVKJ8,CLAVE,GUSTAVO A. MADERO,VALLEJO I,PLATSOBSE_DGCOP_MTTO_MERCADOS_PRIMERO_DE_SEPTIEMBRE_37,3475,ACTIVO,,,,,,
14,PRIMERO DE DICIEMBRE,,ECONOMIA,OBRAS QUE TRANSFORMAN LA ECONOMIA LOCAL Y FOMENTAN EL EMPLEO,MANTENIMIENTO A MERCADOS PUBLICOS,MTTO_MERCADOS,DGCOP,GABINETE,2025,,,,,TERMINADO,100.0,JUAN HERNANDEZ,MERCADO,,,,DGCOP,0101000020E6100000DE57E542E5C958C09085E81038663340,https://maps.app.goo.gl/4nj3GnxBdZH98awAA,UXMAL,BENITO JUÁREZ,NARVARTE I,PLATSOBSE_DGCOP_MTTO_MERCADOS_PRIMERO_DE_DICIEMBRE_14,3463,ACTIVO,,,,,,
09DPR2956V,LIC EMILIO PORTES GIL,,ESPACIO_PUBLICO,OBRAS QUE TRANSFORMAN EL ESPACIO PUBLICO Y CONTRIBUYEN AL DERECHO A LA CIUDAD,"1,2,3 POR MI ESCUELA RENOVAR PARA TRANSFORMAR","1,2,3_ESCUELAS",ILIFE,CASA POR CASA,2025,,,,,TERMINADO,100.0,JUAN HERNANDEZ,PRIMARIA,,,,ILIFE,0101000020E6100000589C8E54F5CA58C0B07B6855D4553340,"https://www.google.com/maps/place/Coyamel+178,+35C,+Pedregal+de+Santo+Domingo,+Coyoac%C3%A1n,+04369+Ciudad+de+M%C3%A9xico,+CDMX/@19.3350799,-99.1715159,19.6z/data=!4m6!3m5!1s0x85ce001e4f7a2243:0x8cc740a40643f7c9!8m2!3d19.3352335!4d-99.1712146!16s%2Fg%2F1",COYAMEL 178,COYOACÁN,PEDREGAL DE STO DOMINGO I,PLATSOBSE_ILIFE_1_2_3_ESCUELAS_LIC_EMILIO_PORTES_GIL_09DPR2956V_09DPR2956V,3101,ACTIVO,,,,,,
55,BENITO JUAREZ ANEXO,,ECONOMIA,OBRAS QUE TRANSFORMAN LA ECONOMIA LOCAL Y FOMENTAN EL EMPLEO,MANTENIMIENTO A MERCADOS PUBLICOS,MTTO_MERCADOS,DGCOP,GABINETE,2025,2026-06-10 17:39:49.815,actualizacion_dgcop,,,EN PROCESO,99.0,JUAN HERNANDEZ,MERCADO,,,,DGCOP,0101000020E6100000BE1248895DC158C02DEBFEB110313340,https://maps.app.goo.gl/6rYYGEZHSxMeCFBY6,QUERETARO,MILPA ALTA,VILLA MILPA ALTA (PBLO),PLATSOBSE_DGCOP_MTTO_MERCADOS_BENITO_JUAREZ_ANEXO_55,3491,ACTIVO,,,,,,
69,MOCTEZUMA,,ECONOMIA,OBRAS QUE TRANSFORMAN LA ECONOMIA LOCAL Y FOMENTAN EL EMPLEO,MANTENIMIENTO A MERCADOS PUBLICOS,MTTO_MERCADOS,DGCOP,GABINETE,2025,2026-06-10 17:47:46.599,actualizacion_dgcop,,,EN PROCESO,96.08,JUAN HERNANDEZ,MERCADO,,,,DGCOP,0101000020E6100000DAE731CA33C658C0EF92382BA26E3340,https://maps.app.goo.gl/TyJ7yDsGv53rK8Bf7,CALLE OTE. 164,VENUSTIANO CARRANZA,MOCTEZUMA 2A SECCION II,PLATSOBSE_DGCOP_MTTO_MERCADOS_MOCTEZUMA_69,3483,ACTIVO,,,,,,
56,SANTA CECILIA,,ECONOMIA,OBRAS QUE TRANSFORMAN LA ECONOMIA LOCAL Y FOMENTAN EL EMPLEO,MANTENIMIENTO A MERCADOS PUBLICOS,MTTO_MERCADOS,DGCOP,GABINETE,2025,,,,,TERMINADO,100.0,JUAN HERNANDEZ,MERCADO,,,,DGCOP,0101000020E61000009AEE75525FC058C08E20956247473340,https://maps.app.goo.gl/1ZavusFwd4VeCNcx5,CARLOS ESPINOSA DE LOS MONTEROS,TLÁHUAC,SANTA CECILIA,PLATSOBSE_DGCOP_MTTO_MERCADOS_SANTA_CECILIA_56,3480,ACTIVO,,,,,,
72,MERCED NAVE MENOR,,ECONOMIA,OBRAS QUE TRANSFORMAN LA ECONOMIA LOCAL Y FOMENTAN EL EMPLEO,MANTENIMIENTO A MERCADOS PUBLICOS,MTTO_MERCADOS,DGCOP,GABINETE,2025,2026-06-10 17:50:25.835,actualizacion_dgcop,,,EN PROCESO,92.0,JUAN HERNANDEZ,MERCADO,,,,DGCOP,0101000020E6100000D67D74A8EEC758C05F679EB70C6D3340,https://maps.app.goo.gl/gLXk7w9BkE8MYQbj9,CIRCUNVALACION,VENUSTIANO CARRANZA,CENTRO II,PLATSOBSE_DGCOP_MTTO_MERCADOS_MERCED_NAVE_MENOR_72,3486,ACTIVO,,,,,,
09DML0062J,CENTRO DE ATENCION MULTIPLE No. 15,,ESPACIO_PUBLICO,OBRAS QUE TRANSFORMAN EL ESPACIO PUBLICO Y CONTRIBUYEN AL DERECHO A LA CIUDAD,"1,2,3 POR MI ESCUELA RENOVAR PARA TRANSFORMAR","1,2,3_ESCUELAS",DGCOP,AUTORIDAD EDUCATIVA,2025,2026-05-20 16:41:26.807,actualizacion_dgcop,,,TERMINADO,100.0,JUAN HERNANDEZ,CAM,,,,DGCOP,0101000020E61000004DF4F92823CA58C0A680B4FF014A3340,https://maps.app.goo.gl/XDJBCscXtzd7AZsU6,BELISARIO DOMINGUEZ SECC 16,TLALPAN,BELISARIO DOMINGUEZ,PLATSOBSE_DGCOP_1_2_3_ESCUELAS_CENTRO_DE_ATENCION_MULTIPLE_NO_15_09DML0062J_09DML0062J,2794,ACTIVO,,,,,,
74,AMPLIACION SAN MARCOS,,ECONOMIA,OBRAS QUE TRANSFORMAN LA ECONOMIA LOCAL Y FOMENTAN EL EMPLEO,MANTENIMIENTO A MERCADOS PUBLICOS,MTTO_MERCADOS,DGCOP,GABINETE,2025,,,,,TERMINADO,100.0,JUAN HERNANDEZ,MERCADO,,,,DGCOP,0101000020E6100000F6CFD38041C758C0C8B1F50CE1443340,https://maps.app.goo.gl/iLfTr3HDp8pg5Sx19,TEPOZANES,XOCHIMILCO,SAN MARCOS (AMPL),PLATSOBSE_DGCOP_MTTO_MERCADOS_AMPLIACION_SAN_MARCOS_74,3484,ACTIVO,,,,,,
62,LAZARO CARDENAS,,ECONOMIA,OBRAS QUE TRANSFORMAN LA ECONOMIA LOCAL Y FOMENTAN EL EMPLEO,MANTENIMIENTO A MERCADOS PUBLICOS,MTTO_MERCADOS,DGCOP,GABINETE,2025,,,,,TERMINADO,100.0,JUAN HERNANDEZ,MERCADO,,,,DGCOP,0101000020E6100000D3DD7536E4C858C016855D143D4C3340,https://maps.app.goo.gl/mBZbgagJHqdsSYxq6,CALZ. ACOXPA,TLALPAN,VILLA LAZARO CARDENAS,PLATSOBSE_DGCOP_MTTO_MERCADOS_LAZARO_CARDENAS_62,3489,ACTIVO,,,,,,
75,XOCHIMILCO ZONA (XOCHITL),,ECONOMIA,OBRAS QUE TRANSFORMAN LA ECONOMIA LOCAL Y FOMENTAN EL EMPLEO,MANTENIMIENTO A MERCADOS PUBLICOS,MTTO_MERCADOS,DGCOP,GABINETE,2025,,,,,TERMINADO,100.0,JUAN HERNANDEZ,MERCADO,,,,DGCOP,0101000020E61000003ECF9F36AAC658C097395D1613433340,https://maps.app.goo.gl/fitMPevfEAbWS2kx9,FRANCISCO I. MADERO,XOCHIMILCO,EL ROSARIO (BARR),PLATSOBSE_DGCOP_MTTO_MERCADOS_XOCHIMILCO_ZONA_XOCHITL_75,3485,ACTIVO,,,,,,
11,REYNOSA,,ECONOMIA,OBRAS QUE TRANSFORMAN LA ECONOMIA LOCAL Y FOMENTAN EL EMPLEO,MANTENIMIENTO A MERCADOS PUBLICOS,MTTO_MERCADOS,DGCOP,GABINETE,2025,,,,,TERMINADO,100.0,JUAN HERNANDEZ,MERCADO,,,,DGCOP,0101000020E61000000C03965CC5CB58C0C501F4FBFE7D3340,https://maps.app.goo.gl/vMo1xmQQrt8FaTN87,REFINERIA CORONA,AZCAPOTZALCO,SAN ANDRES (PBLO),PLATSOBSE_DGCOP_MTTO_MERCADOS_REYNOSA_11,3488,ACTIVO,,,,,,
09DML0139H,CENTRO DE ATENCION MULTIPLE No. 105,,ESPACIO_PUBLICO,OBRAS QUE TRANSFORMAN EL ESPACIO PUBLICO Y CONTRIBUYEN AL DERECHO A LA CIUDAD,"1,2,3 POR MI ESCUELA RENOVAR PARA TRANSFORMAR","1,2,3_ESCUELAS",DGCOP,CASA POR CASA,2025,2026-06-03 18:30:26.318,actualizacion_dgcop,,,TERMINADO,100.0,JUAN HERNANDEZ,CAM,,,,DGCOP,0101000020E61000001DC87A6AF5C358C08944A165DD673340,https://maps.app.goo.gl/tdHA97fEcer1WcgE7,PRIV. JUAN DE LA LUZ ENRIQUEZ,IZTACALCO,PANTITLAN V,PLATSOBSE_DGCOP_1_2_3_ESCUELAS_CENTRO_DE_ATENCION_MULTIPLE_NO_105_09DML0139H_09DML0139H,2957,ACTIVO,,,,,,
09DES0066Q,IDA APPENDINI DAGASSO,,ESPACIO_PUBLICO,OBRAS QUE TRANSFORMAN EL ESPACIO PUBLICO Y CONTRIBUYEN AL DERECHO A LA CIUDAD,"1,2,3 POR MI ESCUELA RENOVAR PARA TRANSFORMAR","1,2,3_ESCUELAS",DGCOP,AUTORIDAD EDUCATIVA,2025,2026-06-10 17:30:04.991,actualizacion_dgcop,,,EN PROCESO,95.23,JUAN HERNANDEZ,SECUNDARIA,,,,DGCOP,0101000020E61000003F73D6A71CCD58C0DBFAE93F6B6E3340,https://maps.app.goo.gl/m93vDjT9nANFGzyA6,JORGE BERNARD SHAW,MIGUEL HIDALGO,PALMITAS (POLANCO),PLATSOBSE_DGCOP_1_2_3_ESCUELAS_IDA_APPENDINI_DAGASSO_09DES0066Q_09DES0066Q,2997,ACTIVO,,,,,,
09DPR1029Z,ROBERTO LARA Y LOPEZ,,ESPACIO_PUBLICO,OBRAS QUE TRANSFORMAN EL ESPACIO PUBLICO Y CONTRIBUYEN AL DERECHO A LA CIUDAD,"1,2,3 POR MI ESCUELA RENOVAR PARA TRANSFORMAR","1,2,3_ESCUELAS",DGCOP,CASA POR CASA,2025,2026-06-10 17:30:25.134,actualizacion_dgcop,,,EN PROCESO,93.8,JUAN HERNANDEZ,PRIMARIA,,,,DGCOP,0101000020E6100000B2F677B647C658C01E37FC6EBA713340,https://maps.app.goo.gl/keDxpanCwdTUgWxJA,CALLE PERSIA,VENUSTIANO CARRANZA,ROMERO RUBIO,PLATSOBSE_DGCOP_1_2_3_ESCUELAS_ROBERTO_LARA_Y_LOPEZ_09DPR1029Z_09DPR1029Z,2850,ACTIVO,,,,,,
09DPR2505S,DR. AGUSTIN RIVERA,,ESPACIO_PUBLICO,OBRAS QUE TRANSFORMAN EL ESPACIO PUBLICO Y CONTRIBUYEN AL DERECHO A LA CIUDAD,"1,2,3 POR MI ESCUELA RENOVAR PARA TRANSFORMAR","1,2,3_ESCUELAS",DGCOP,AUTORIDAD EDUCATIVA FEDERAL,2025,2026-06-03 18:41:21.411,actualizacion_dgcop,,,TERMINADO,100.0,JUAN HERNANDEZ,PRIMARIA,,,,DGCOP,0101000020E61000007B4D0F0A4AC958C074620FED636D3340,https://maps.app.goo.gl/pYXkbM4b32zBfYyn8,AV ARCOS DE BELEN,CUAUHTÉMOC,CENTRO VIII,PLATSOBSE_DGCOP_1_2_3_ESCUELAS_DR_AGUSTIN_RIVERA_09DPR2505S_09DPR2505S,2857,ACTIVO,,,,,,
09DPR1842M,ADOLFO RUIZ CORTINES,,ESPACIO_PUBLICO,OBRAS QUE TRANSFORMAN EL ESPACIO PUBLICO Y CONTRIBUYEN AL DERECHO A LA CIUDAD,"1,2,3 POR MI ESCUELA RENOVAR PARA TRANSFORMAR","1,2,3_ESCUELAS",ILIFE,CASA POR CASA,2025,,,,,TERMINADO,100.0,JUAN HERNANDEZ,PRIMARIA,,,,ILIFE,0101000020E61000005C8D04CD5FCD58C0F0F05837F7603340,"https://www.google.com/maps/place/ESCUELA+PRIMARIA+ADOLFO+RU%C3%8DZ+CORTINEZ/@19.3788074,-99.2091282,20z/data=!4m6!3m5!1s0x85d200344e6ce16d:0x61923756eb514b2b!8m2!3d19.3788617!4d-99.208897!16s%2Fg%2F12hsfp3d6?entry=ttu&g_ep=EgoyMDI2MDIxMS4wIKXMDSoASAFQAw",BENITO JUAREZ 118,ÁLVARO OBREGÓN,BARRIO NORTE,PLATSOBSE_ILIFE_1_2_3_ESCUELAS_ADOLFO_RUIZ_CORTINES_09DPR1842M_09DPR1842M,3009,ACTIVO,,,,,,
09DJN0360J,PATRIA,,ESPACIO_PUBLICO,OBRAS QUE TRANSFORMAN EL ESPACIO PUBLICO Y CONTRIBUYEN AL DERECHO A LA CIUDAD,"1,2,3 POR MI ESCUELA RENOVAR PARA TRANSFORMAR","1,2,3_ESCUELAS",ILIFE,CASA POR CASA,2025,,,,,TERMINADO,100.0,JUAN HERNANDEZ,PREESCOLAR,,,,ILIFE,0101000020E6100000DCE45BC15FC958C0707EB5FA135D3340,"https://www.google.com/maps/place/Jard%C3%ADn+de+Ni%C3%B1os+%22Patria%22/@19.3635079,-99.1467112,20.25z/data=!4m6!3m5!1s0x85d1ffb5134eaa9b:0xa2a1002f69f0888c!8m2!3d19.3636003!4d-99.1464835!16s%2Fg%2F1tc_rf_s?entry=ttu&g_ep=EgoyMDI2MDIxMC4wIKXMDSoASAFQAw%",AV REPUBLICAS 97,BENITO JUÁREZ,PORTALES III,PLATSOBSE_ILIFE_1_2_3_ESCUELAS_PATRIA_09DJN0360J_09DJN0360J,3011,ACTIVO,,,,,,
09DPR2525F,MANUEL LOPEZ COTILLA,,ESPACIO_PUBLICO,OBRAS QUE TRANSFORMAN EL ESPACIO PUBLICO Y CONTRIBUYEN AL DERECHO A LA CIUDAD,"1,2,3 POR MI ESCUELA RENOVAR PARA TRANSFORMAR","1,2,3_ESCUELAS",DGCOP,AUTORIDAD EDUCATIVA FEDERAL,2025,2026-06-03 19:05:06.186,actualizacion_dgcop,,,TERMINADO,100.0,JUAN HERNANDEZ,PRIMARIA,,,,DGCOP,0101000020E61000006D1CB1169FCA58C083C30B22526B3340,https://maps.app.goo.gl/YhWWMJQkzBWyS9Ut7,MEDELLINA,CUAUHTÉMOC,ROMA NORTE I,PLATSOBSE_DGCOP_1_2_3_ESCUELAS_MANUEL_LOPEZ_COTILLA_09DPR2525F_09DPR2525F,2949,ACTIVO,,,,,,
09DTV0027U,TELESECUNDARIA 27,,ESPACIO_PUBLICO,OBRAS QUE TRANSFORMAN EL ESPACIO PUBLICO Y CONTRIBUYEN AL DERECHO A LA CIUDAD,"1,2,3 POR MI ESCUELA RENOVAR PARA TRANSFORMAR","1,2,3_ESCUELAS",ILIFE,CASA POR CASA,2025,,,,,TERMINADO,100.0,JUAN HERNANDEZ,TELESECUNDARIA,,,,ILIFE,0101000020E61000009081C77BFACA58C0A088F3B8B9543340,"https://www.google.com/maps/place/Escuela+Telesecundaria+N%C2%B0+27/@19.3308308,-99.1718319,19.01z/data=!4m6!3m5!1s0x85ce001936918c19:0x613e749b42fe2159!8m2!3d19.3309031!4d-99.1716709!16s%2Fg%2F1pt_16qbl?entry=ttu&g_ep=EgoyMDI2MDIxMS4wIKXMDSoASAFQAw%3D%3",ANACAHUITA Y OCOXAL SN,COYOACÁN,PEDREGAL DE STO DOMINGO IX,PLATSOBSE_ILIFE_1_2_3_ESCUELAS_TELESECUNDARIA_27_09DTV0027U_09DTV0027U,3015,ACTIVO,,,,,,
09DPR4184M,JOSE JESUS AGUILERA PALOMINO,,ESPACIO_PUBLICO,OBRAS QUE TRANSFORMAN EL ESPACIO PUBLICO Y CONTRIBUYEN AL DERECHO A LA CIUDAD,"1,2,3 POR MI ESCUELA RENOVAR PARA TRANSFORMAR","1,2,3_ESCUELAS",ILIFE,CASA POR CASA,2025,,,,,TERMINADO,100.0,JUAN HERNANDEZ,PRIMARIA,,,,ILIFE,0101000020E6100000E031177206CB58C040C7D9FCCE543340,"https://www.google.com/maps/place/Escuela+Primaria+Jos%C3%A9+Jesus+Aguilera+Palom%C3%ADn/@19.3312673,-99.1724083,19.58z/data=!4m6!3m5!1s0x85ce00194d7c1733:0x66f4923257188b77!8m2!3d19.3312471!4d-99.1722595!16s%2Fg%2F1tftfn9c?entry=ttu&g_ep=EgoyMDI2MDIxMS4",OCOXAL SN ESQ TEPEYAUTLE,COYOACÁN,PEDREGAL DE STO DOMINGO IX,PLATSOBSE_ILIFE_1_2_3_ESCUELAS_JOSE_JESUS_AGUILERA_PALOMINO_09DPR4184M_09DPR4184M,3016,ACTIVO,,,,,,
09DJN0701Q,MA. ELENA CHANES,,ESPACIO_PUBLICO,OBRAS QUE TRANSFORMAN EL ESPACIO PUBLICO Y CONTRIBUYEN AL DERECHO A LA CIUDAD,"1,2,3 POR MI ESCUELA RENOVAR PARA TRANSFORMAR","1,2,3_ESCUELAS",DGCOP,TERRITORIOS DE PAZ,2025,2026-06-10 18:10:33.823,actualizacion_dgcop,,,EN PROCESO,70.0,JUAN HERNANDEZ,PREESCOLAR,,,,DGCOP,0101000020E61000005307793D98C858C0D461855B3E723340,https://maps.app.goo.gl/hXTvqE1BXmZfKHAHA,GONZALEZ BOCANEGRA,CUAUHTÉMOC,MORELOS III,PLATSOBSE_DGCOP_1_2_3_ESCUELAS_MA_ELENA_CHANES_09DJN0701Q_09DJN0701Q,2867,ACTIVO,,,,,,
09DML0104S,CENTRO DE ATENCION MULTIPLE No 39,,ESPACIO_PUBLICO,OBRAS QUE TRANSFORMAN EL ESPACIO PUBLICO Y CONTRIBUYEN AL DERECHO A LA CIUDAD,"1,2,3 POR MI ESCUELA RENOVAR PARA TRANSFORMAR","1,2,3_ESCUELAS",ILIFE,CASA POR CASA,2025,,,,,TERMINADO,100.0,JUAN HERNANDEZ,CAM,,,,ILIFE,0101000020E61000007C0E73471EC958C0E06E2917495E3340,"https://www.google.com/maps/place/Centro+de+Atenci%C3%B3n+Multiple+No+39/@19.3685117,-99.1426247,19.45z/data=!4m6!3m5!1s0x85d1fe4c78c60ea5:0xba5c4252c2a630d6!8m2!3d19.3682821!4d-99.1424676!16s%2Fg%2F1q67dfxwq?entry=ttu&g_ep=EgoyMDI2MDIxMS4wIKXMDSoASAFQAw",MUNICIPIO LIBRE N 59 BIS,BENITO JUÁREZ,PORTALES I,PLATSOBSE_ILIFE_1_2_3_ESCUELAS_CENTRO_DE_ATENCION_MULTIPLE_NO_39_09DML0104S_09DML0104S,3017,ACTIVO,,,,,,
09DST0049S,ESCUELA SECUNDARIA TECNICA 49,,ESPACIO_PUBLICO,OBRAS QUE TRANSFORMAN EL ESPACIO PUBLICO Y CONTRIBUYEN AL DERECHO A LA CIUDAD,"1,2,3 POR MI ESCUELA RENOVAR PARA TRANSFORMAR","1,2,3_ESCUELAS",ILIFE,CASA POR CASA,2025,,,,,TERMINADO,100.0,JUAN HERNANDEZ,SECUNDARIA,,,,ILIFE,0101000020E610000040E8935A6ECA58C070750CFA7F543340,"https://www.google.com/maps/place/Escuela+Secundaria+Tecnica+N%C2%B0+49+%22Jos%C3%A9+Vasconcelos%22/@19.3300232,-99.1632057,18.52z/data=!4m6!3m5!1s0x85ce0023f399d94d:0x391c4dd625001474!8m2!3d19.3300416!4d-99.1629718!16s%2Fg%2F1vr3dhms?entry=ttu&g_ep=Egoy",AV ESCUINAPA Y PAPALOTL SN,COYOACÁN,PEDREGAL DE STO DOMINGO III,PLATSOBSE_ILIFE_1_2_3_ESCUELAS_ESCUELA_SECUNDARIA_TECNICA_49_09DST0049S_09DST0049S,3018,ACTIVO,,,,,,
09DJN0221I,ADOLFO RUIZ CORTINES,,ESPACIO_PUBLICO,OBRAS QUE TRANSFORMAN EL ESPACIO PUBLICO Y CONTRIBUYEN AL DERECHO A LA CIUDAD,"1,2,3 POR MI ESCUELA RENOVAR PARA TRANSFORMAR","1,2,3_ESCUELAS",ILIFE,CASA POR CASA,2025,,,,,TERMINADO,100.0,JUAN HERNANDEZ,PREESCOLAR,,,,ILIFE,0101000020E610000098C5FF5EE1CA58C0A0A9991FD1513340,"https://www.google.com/maps/place/Sep+Jard%C3%ADn+de+Ni%C3%B1os+Adolfo+Ru%C3%ADz+Cortines/@19.3191304,-99.1703969,18.61z/data=!4m6!3m5!1s0x85ce0015cede244f:0xfc5f1d939a6acdb7!8m2!3d19.3194537!4d-99.1697262!16s%2Fg%2F1tdqhtf6?entry=ttu&g_ep=EgoyMDI2MDIxMS",TEJAMANIL Y ZIHUATLAN,COYOACÁN,PEDREGAL DE STO DOMINGO VII,PLATSOBSE_ILIFE_1_2_3_ESCUELAS_ADOLFO_RUIZ_CORTINES_09DJN0221I_09DJN0221I,3020,ACTIVO,,,,,,
09DJN1290L,JOSE TRINIDAD SAN MIGUEL PINEDA,,ESPACIO_PUBLICO,OBRAS QUE TRANSFORMAN EL ESPACIO PUBLICO Y CONTRIBUYEN AL DERECHO A LA CIUDAD,"1,2,3 POR MI ESCUELA RENOVAR PARA TRANSFORMAR","1,2,3_ESCUELAS",ILIFE,TERRITORIO DE PAZ,2025,,,,,TERMINADO,100.0,JUAN HERNANDEZ,PREESCOLAR,,,,ILIFE,0101000020E6100000606FC11EEEBC58C090F130489F393340,"https://www.google.com/maps/place/K%C3%ADnder+Jos%C3%A9+Trinidad/@19.2252507,-98.952686,18.23z/data=!4m6!3m5!1s0x85ce1b3458272f7d:0x4f090a7411390f6b!8m2!3d19.2250806!4d-98.9519423!16s%2Fg%2F11fs023747?entry=ttu&g_ep=EgoyMDI2MDIxMS4wIKXMDSoASAFQAw%3D%3D",CALMECAC SN BARRIO SANTA CRUZ,TLÁHUAC,SAN ANDRES MIXQUIC (PBLO),PLATSOBSE_ILIFE_1_2_3_ESCUELAS_JOSE_TRINIDAD_SAN_MIGUEL_PINEDA_09DJN1290L_09DJN1290L,3021,ACTIVO,,,,,,
09DPR3234X,PROFR TOMAS FREGOSO,,ESPACIO_PUBLICO,OBRAS QUE TRANSFORMAN EL ESPACIO PUBLICO Y CONTRIBUYEN AL DERECHO A LA CIUDAD,"1,2,3 POR MI ESCUELA RENOVAR PARA TRANSFORMAR","1,2,3_ESCUELAS",ILIFE,TERRITORIO DE PAZ,2025,,,,,TERMINADO,100.0,JUAN HERNANDEZ,PRIMARIA,,,,ILIFE,0101000020E61000002C6F3BD1E8BC58C020EB6CE6C5393340,"https://www.google.com/maps/place/Escuela+Primaria+%22ProfesorTom%C3%A1s+Fregoso%22/@19.2255845,-98.9520075,18.98z/data=!4m14!1m7!3m6!1s0x85ce1b3458272f7d:0x4f090a7411390f6b!2sK%C3%ADnder+Jos%C3%A9+Trinidad!8m2!3d19.2250806!4d-98.9519423!16s%2Fg%2F11fs02",CALMECAC No1,TLÁHUAC,SAN ANDRES MIXQUIC (PBLO),PLATSOBSE_ILIFE_1_2_3_ESCUELAS_PROFR_TOMAS_FREGOSO_09DPR3234X_09DPR3234X,3022,ACTIVO,,,,,,
09DPR1323C,LIC EDUARDO NOVOA,,ESPACIO_PUBLICO,OBRAS QUE TRANSFORMAN EL ESPACIO PUBLICO Y CONTRIBUYEN AL DERECHO A LA CIUDAD,"1,2,3 POR MI ESCUELA RENOVAR PARA TRANSFORMAR","1,2,3_ESCUELAS",ILIFE,CASA POR CASA,2025,,,,,TERMINADO,100.0,JUAN HERNANDEZ,PRIMARIA,,,,ILIFE,0101000020E6100000A0FE735E63C958C080CC7DCA315D3340,"https://www.google.com/maps/place/Escuela+Primaria+Lic.+Eduardo+Novoa/@19.3642052,-99.1474007,18.69z/data=!4m6!3m5!1s0x85d1fe4d34e3e13d:0xa37aa50390dd6da1!8m2!3d19.364369!4d-99.1464592!16s%2Fg%2F1wf38z3f?entry=ttu&g_ep=EgoyMDI2MDIxMS4wIKXMDSoASAFQAw%3D%3",RUMANIA No701,BENITO JUÁREZ,PORTALES III,PLATSOBSE_ILIFE_1_2_3_ESCUELAS_LIC_EDUARDO_NOVOA_09DPR1323C_09DPR1323C,3025,ACTIVO,,,,,,
09DES0023S,ESCUELA SECUNDARIA MTRO JUAN G HOLGUIN,,ESPACIO_PUBLICO,OBRAS QUE TRANSFORMAN EL ESPACIO PUBLICO Y CONTRIBUYEN AL DERECHO A LA CIUDAD,"1,2,3 POR MI ESCUELA RENOVAR PARA TRANSFORMAR","1,2,3_ESCUELAS",ILIFE,AUTORIDAD EDUCATIVA,2025,,,,,TERMINADO,100.0,JUAN HERNANDEZ,SECUNDARIA,,,,ILIFE,0101000020E6100000E44A1BAA16CA58C020AFF26C566D3340,"https://www.google.com/maps/place/Escuela+Secundaria+Diurna+N%C2%BA+23+%22Mtro.+Juan+G.+Holgu%C3%ADn%22/@19.4272915,-99.1582929,18.24z/data=!4m14!1m7!3m6!1s0x85d1ff32119b6e8f:0x9a09eb7bde711f16!2sEscuela+Secundaria+Diurna+N%C2%BA+23+%22Mtro.+Juan+G.+Holg",CALLE LIVERPOOL NO 40,CUAUHTÉMOC,JUAREZ,PLATSOBSE_ILIFE_1_2_3_ESCUELAS_ESCUELA_SECUNDARIA_MTRO_JUAN_G_HOLGUIN_09DES0023S_09DES0023S,3026,ACTIVO,,,,,,
09DST0043Y,ESCUELA SECUNDARIA TECNICA 43,,ESPACIO_PUBLICO,OBRAS QUE TRANSFORMAN EL ESPACIO PUBLICO Y CONTRIBUYEN AL DERECHO A LA CIUDAD,"1,2,3 POR MI ESCUELA RENOVAR PARA TRANSFORMAR","1,2,3_ESCUELAS",ILIFE,AUTORIDAD EDUCATIVA,2025,,,,,TERMINADO,100.0,JUAN HERNANDEZ,SECUNDARIA,,,,ILIFE,0101000020E61000006849087921C858C010DC6E68E3513340,"https://www.google.com/maps/place/Escuela+Secundaria+T%C3%A9cnica+N%C2%B0+43+%22Luis+Enrique+Erro%22/@19.3195785,-99.1281521,18.95z/data=!4m10!1m2!2m1!1sESCUELA+SECUNDARIA+TECNICA+43!3m6!1s0x85ce01c10fe9770d:0x5e9d6c8cbe1af185!8m2!3d19.3198138!4d-99.1270",PEDRO SAINZ DE BARANDA SN ESQ GUSTAVO SALAZAR,COYOACÁN,LOS CIPRESES,PLATSOBSE_ILIFE_1_2_3_ESCUELAS_ESCUELA_SECUNDARIA_TECNICA_43_09DST0043Y_09DST0043Y,3028,ACTIVO,,,,,,
09DPR2299Z,PROFR ADOLFO VELASQUEZ VILCHES,,ESPACIO_PUBLICO,OBRAS QUE TRANSFORMAN EL ESPACIO PUBLICO Y CONTRIBUYEN AL DERECHO A LA CIUDAD,"1,2,3 POR MI ESCUELA RENOVAR PARA TRANSFORMAR","1,2,3_ESCUELAS",ILIFE,FAM REGULAR,2025,,,,,TERMINADO,100.0,JUAN HERNANDEZ,PRIMARIA,,,,ILIFE,0101000020E610000050D7B80458CD58C090B257CA32643340,"https://www.google.com/maps/place/PRIMARIA+PROFR+ADOLFO+VELASQUEZ+VILCHES/@19.3915863,-99.2086773,19.01z/data=!4m6!3m5!1s0x85d201c8dd8b257b:0xff198c80e7d139db!8m2!3d19.3915404!4d-99.2083323!16s%2Fg%2F11c6vf9t1j?entry=ttu&g_ep=EgoyMDI2MDIxMS4wIKXMDSoASAFQ",INFORME DE GONIERNO No3,ÁLVARO OBREGÓN,LA CONCHITA,PLATSOBSE_ILIFE_1_2_3_ESCUELAS_PROFR_ADOLFO_VELASQUEZ_VILCHES_09DPR2299Z_09DPR2299Z,3038,ACTIVO,,,,,,
09DJN3000S,LABORATORIO PEDAGOGICO LAURO AGUIRRE ANEXO A LA ENMJN,,ESPACIO_PUBLICO,OBRAS QUE TRANSFORMAN EL ESPACIO PUBLICO Y CONTRIBUYEN AL DERECHO A LA CIUDAD,"1,2,3 POR MI ESCUELA RENOVAR PARA TRANSFORMAR","1,2,3_ESCUELAS",ILIFE,AUTORIDAD EDUCATIVA,2025,,,,,TERMINADO,100.0,JUAN HERNANDEZ,PREESCOLAR,,,,ILIFE,0101000020E6100000183D10BFEACB58C0D0EE9A4A585C3340,"https://www.google.com/maps/place/Laboratorio+pedag%C3%B3gico+Lauro+Aguirre/@19.3615005,-99.1870989,19.21z/data=!4m6!3m5!1s0x85d1ff5f421fcd63:0xbdfe3bae5bb004b9!8m2!3d19.3607955!4d-99.1862062!16s%2Fg%2F11h7q6tlm3?entry=ttu&g_ep=EgoyMDI2MDIxMS4wIKXMDSoASA",CALLE GUSTAVO E CAMPA NO 94,ÁLVARO OBREGÓN,GUADALUPE INN,PLATSOBSE_ILIFE_1_2_3_ESCUELAS_LABORATORIO_PEDAGOGICO_LAURO_AGUIRRE_ANEXO_A_LA_ENMJN_09DJN3000S_09DJN3000S,3040,ACTIVO,,,,,,
09DPR1832F,JOSE AGUSTIN RAMIREZ ALTAMIRANO,,ESPACIO_PUBLICO,OBRAS QUE TRANSFORMAN EL ESPACIO PUBLICO Y CONTRIBUYEN AL DERECHO A LA CIUDAD,"1,2,3 POR MI ESCUELA RENOVAR PARA TRANSFORMAR","1,2,3_ESCUELAS",ILIFE,FAM REGULAR,2025,,,,,TERMINADO,100.0,JUAN HERNANDEZ,PRIMARIA,,,,ILIFE,0101000020E6100000303A05D147CD58C040642AC953633340,"https://www.google.com/maps/place/Escuela+Jos%C3%A9+Agust%C3%ADn+Ram%C3%ADrez+Altamirano/@19.388052,-99.2100854,17z/data=!3m1!4b1!4m6!3m5!1s0x85d201d049144e33:0xab57758c6ffe5a8d!8m2!3d19.388052!4d-99.2075105!16s%2Fg%2F1tdq_1j6?entry=ttu&g_ep=EgoyMDI2MDIx",CAMINO REAL A TOLUCA MZA 4 UH IMSS SN,ÁLVARO OBREGÓN,SANTA FE (U HAB),PLATSOBSE_ILIFE_1_2_3_ESCUELAS_JOSE_AGUSTIN_RAMIREZ_ALTAMIRANO_09DPR1832F_09DPR1832F,3041,ACTIVO,,,,,,
09DPR2331S,REPUBLICA DOMINICANA,,ESPACIO_PUBLICO,OBRAS QUE TRANSFORMAN EL ESPACIO PUBLICO Y CONTRIBUYEN AL DERECHO A LA CIUDAD,"1,2,3 POR MI ESCUELA RENOVAR PARA TRANSFORMAR","1,2,3_ESCUELAS",ILIFE,CASA POR CASA,2025,,,,,TERMINADO,100.0,JUAN HERNANDEZ,PRIMARIA,,,,ILIFE,0101000020E61000004C228FB255C858C0203905984B733340,"https://www.google.com/maps/place/Escuela+Primaria+Republica+Dominicana/@19.4503516,-99.1305251,20.04z/data=!4m6!3m5!1s0x85d1f9292c316125:0xd5993b9f979635a2!8m2!3d19.4502341!4d-99.1301163!16s%2Fg%2F11c6lwr9vj?entry=ttu&g_ep=EgoyMDI2MDIxMC4wIKXMDSoASAFQAw",CALLE DE LA CONSTANCIA No 68,CUAUHTÉMOC,MORELOS I,PLATSOBSE_ILIFE_1_2_3_ESCUELAS_REPUBLICA_DOMINICANA_09DPR2331S_09DPR2331S,3042,ACTIVO,,,,,,
09DPR0928L,RAMON LOPEZ VELARDE,,ESPACIO_PUBLICO,OBRAS QUE TRANSFORMAN EL ESPACIO PUBLICO Y CONTRIBUYEN AL DERECHO A LA CIUDAD,"1,2,3 POR MI ESCUELA RENOVAR PARA TRANSFORMAR","1,2,3_ESCUELAS",ILIFE,CASA POR CASA,2025,,,,,TERMINADO,100.0,JUAN HERNANDEZ,PRIMARIA,,,,ILIFE,0101000020E6100000E875A2C0EFC858C0F087D763F06A3340,"https://www.google.com/maps/place/ESCUELA+PRIMARIA+RAM%C3%93N+L%C3%93PEZ+VELARDE/@19.4181126,-99.1397658,18.75z/data=!4m10!1m2!2m1!1sramon+lopez+velarde+escuela+primaria!3m6!1s0x85d1fedbd14d7807:0xe21cd810ab0dd7db!8m2!3d19.4178294!4d-99.1396562!15sCiRyYW",RAFAEL ANGEL DE LA PEÑA 73,CUAUHTÉMOC,OBRERA I,PLATSOBSE_ILIFE_1_2_3_ESCUELAS_RAMON_LOPEZ_VELARDE_09DPR0928L_09DPR0928L,3043,ACTIVO,,,,,,
09DJN0728X,XOCHIPILLI,,ESPACIO_PUBLICO,OBRAS QUE TRANSFORMAN EL ESPACIO PUBLICO Y CONTRIBUYEN AL DERECHO A LA CIUDAD,"1,2,3 POR MI ESCUELA RENOVAR PARA TRANSFORMAR","1,2,3_ESCUELAS",ILIFE,CASA POR CASA,2025,,,,,TERMINADO,100.0,JUAN HERNANDEZ,PREESCOLAR,,,,ILIFE,0101000020E610000048373407ADC858C01045E131A86B3340,"https://www.google.com/maps/place/Jard%C3%ADn+de+Ni%C3%B1os+%22Xochipilli%22/@19.420042,-99.1356641,19.75z/data=!4m6!3m5!1s0x85d1fedc8fe4dc45:0x23c639b54c089fad!8m2!3d19.4199635!4d-99.1356176!16s%2Fg%2F1tkb5g0k?entry=ttu&g_ep=EgoyMDI2MDIxMC4wIKXMDSoASAFQ",5 DE FEBRERO 188,CUAUHTÉMOC,OBRERA I,PLATSOBSE_ILIFE_1_2_3_ESCUELAS_XOCHIPILLI_09DJN0728X_09DJN0728X,3044,ACTIVO,,,,,,
09DJN0359U,MATEANA M DE AVELEYRA,,ESPACIO_PUBLICO,OBRAS QUE TRANSFORMAN EL ESPACIO PUBLICO Y CONTRIBUYEN AL DERECHO A LA CIUDAD,"1,2,3 POR MI ESCUELA RENOVAR PARA TRANSFORMAR","1,2,3_ESCUELAS",ILIFE,CASA POR CASA,2025,,,,,TERMINADO,100.0,JUAN HERNANDEZ,PREESCOLAR,,,,ILIFE,0101000020E61000005CBFB05C23C958C0908803DA885D3340,"https://www.google.com/maps/place/Jardin+De+Ni%C3%B1os+Prof.+Mateana+M.+De+Aveleyra/@19.36556,-99.1430056,20.5z/data=!4m6!3m5!1s0x85d1fe4bac1ccd5f:0x11bcabb4605fdcfa!8m2!3d19.365509!4d-99.1428436!16s%2Fg%2F11c1pglx26?entry=ttu&g_ep=EgoyMDI2MDIxMC4wIKXMDS",CALZADA DE TLALPAN Y EMPERADORES SN,BENITO JUÁREZ,PORTALES II,PLATSOBSE_ILIFE_1_2_3_ESCUELAS_MATEANA_M_DE_AVELEYRA_09DJN0359U_09DJN0359U,3045,ACTIVO,,,,,,
09DPR1212Y,SILVESTRE REVUELTAS,,ESPACIO_PUBLICO,OBRAS QUE TRANSFORMAN EL ESPACIO PUBLICO Y CONTRIBUYEN AL DERECHO A LA CIUDAD,"1,2,3 POR MI ESCUELA RENOVAR PARA TRANSFORMAR","1,2,3_ESCUELAS",ILIFE,CASA POR CASA,2025,,,,,TERMINADO,100.0,JUAN HERNANDEZ,PRIMARIA,,,,ILIFE,0101000020E61000007C5CDC4AEBC958C040E558F7765E3340,"https://www.google.com/maps/place/Escuela+Primaria+%22Silvestre+Revueltas%22/@19.3691479,-99.1550614,20z/data=!4m6!3m5!1s0x85d1ffaefd9ffa9f:0x364beb9e43e6eb5b!8m2!3d19.3690552!4d-99.1550576!16s%2Fg%2F1td5m125?entry=ttu&g_ep=EgoyMDI2MDIxMC4wIKXMDSoASAFQAw",PRESIDENTES Y DR VERTIZ,BENITO JUÁREZ,PORTALES I,PLATSOBSE_ILIFE_1_2_3_ESCUELAS_SILVESTRE_REVUELTAS_09DPR1212Y_09DPR1212Y,3046,ACTIVO,,,,,,
09DJN1079R,REP ESPAÑOLA,,ESPACIO_PUBLICO,OBRAS QUE TRANSFORMAN EL ESPACIO PUBLICO Y CONTRIBUYEN AL DERECHO A LA CIUDAD,"1,2,3 POR MI ESCUELA RENOVAR PARA TRANSFORMAR","1,2,3_ESCUELAS",ILIFE,CASA POR CASA,2025,,,,,TERMINADO,100.0,JUAN HERNANDEZ,PREESCOLAR,,,,ILIFE,0101000020E61000002C443C5E71C858C0A07CC10786733340,"https://www.google.com/maps/place/DIF+-+C.D.C.+Rep%C3%BAblica+Espa%C3%B1ola/@19.4514641,-99.1321341,18.79z/data=!4m14!1m7!3m6!1s0x85d1f915d1d93f37:0xcfd10b36746380d3!2sDIF+-+C.D.C.+Rep%C3%BAblica+Espa%C3%B1ola!8m2!3d19.4515092!4d-99.1315642!16s%2Fg%2F1tf",PASEO DE LA REFORMA NORTE 705,CUAUHTÉMOC,MORELOS I,PLATSOBSE_ILIFE_1_2_3_ESCUELAS_REP_ESPA_OLA_09DJN1079R_09DJN1079R,3047,ACTIVO,,,,,,
09DTV0111S,TELESECUNDARIA 111,,ESPACIO_PUBLICO,OBRAS QUE TRANSFORMAN EL ESPACIO PUBLICO Y CONTRIBUYEN AL DERECHO A LA CIUDAD,"1,2,3 POR MI ESCUELA RENOVAR PARA TRANSFORMAR","1,2,3_ESCUELAS",ILIFE,CASA POR CASA,2025,,,,,TERMINADO,100.0,JUAN HERNANDEZ,TELESECUNDARIA,,,,ILIFE,0101000020E61000002C443C5E71C858C0A07CC10786733340,"https://www.google.com/maps/place/Telesecundaria+No.+111/@19.4512652,-99.1321349,19.79z/data=!4m10!1m2!2m1!1stelesecundaria+111!3m6!1s0x85d1f93c7fd4643d:0xb7dbeb4940a30a55!8m2!3d19.4512173!4d-99.1319535!15sChJ0ZWxlc2VjdW5kYXJpYSAxMTGSARhnZW5lcmFsX2VkdWNh",PASEO DE LA REFORMA NORTE 705,CUAUHTÉMOC,MORELOS I,PLATSOBSE_ILIFE_1_2_3_ESCUELAS_TELESECUNDARIA_111_09DTV0111S_09DTV0111S,3048,ACTIVO,,,,,,
09DPR2376O,LUCIO TAPIA,,ESPACIO_PUBLICO,OBRAS QUE TRANSFORMAN EL ESPACIO PUBLICO Y CONTRIBUYEN AL DERECHO A LA CIUDAD,"1,2,3 POR MI ESCUELA RENOVAR PARA TRANSFORMAR","1,2,3_ESCUELAS",ILIFE,TERRITORIOS DE PAZ,2025,,,,,TERMINADO,100.0,JUAN HERNANDEZ,PRIMARIA,,,,ILIFE,0101000020E61000002C61C1B45CC858C0C0BFE96A2B723340,"https://www.google.com/maps/place/Escuela+Primaria+Lucio+Tapia/@19.4458199,-99.1307375,20z/data=!4m15!1m8!3m7!1s0x85d1f93a71e6dd79:0xa88ee393c988a51b!2sJes%C3%BAs+Carranza+38,+Tepito,+Morelos,+Cuauht%C3%A9moc,+06200+Ciudad+de+M%C3%A9xico,+CDMX!3b1!8m2!3d",JESUS CARRANZA NO 38,CUAUHTÉMOC,MORELOS III,PLATSOBSE_ILIFE_1_2_3_ESCUELAS_LUCIO_TAPIA_09DPR2376O_09DPR2376O,3049,ACTIVO,,,,,,
09DPR1338E,PADRE MIER,,ESPACIO_PUBLICO,OBRAS QUE TRANSFORMAN EL ESPACIO PUBLICO Y CONTRIBUYEN AL DERECHO A LA CIUDAD,"1,2,3 POR MI ESCUELA RENOVAR PARA TRANSFORMAR","1,2,3_ESCUELAS",ILIFE,AUTORIDAD EDUCATIVA,2025,,,,,TERMINADO,100.0,JUAN HERNANDEZ,PRIMARIA,,,,ILIFE,0101000020E61000007C67CCF699CA58C0F06BE5CE656F3340,"https://www.google.com/maps/place/Escuela+Primar%C3%ADa+Padre+Mier/@19.4350753,-99.1657082,19.5z/data=!4m6!3m5!1s0x85d1f8ca5a0ffedd:0xab59c1d48d9c87da!8m2!3d19.4351175!4d-99.1657082!16s%2Fg%2F1tdnx79h?entry=ttu&g_ep=EgoyMDI2MDIxMC4wIKXMDSoASAFQAw%3D%3D",CALLE MANUEL MARIA CONTRERAS NO 116,CUAUHTÉMOC,SAN RAFAEL II,PLATSOBSE_ILIFE_1_2_3_ESCUELAS_PADRE_MIER_09DPR1338E_09DPR1338E,3050,ACTIVO,,,,,,
09DTV0032F,TELESECUNDARIA 32,,ESPACIO_PUBLICO,OBRAS QUE TRANSFORMAN EL ESPACIO PUBLICO Y CONTRIBUYEN AL DERECHO A LA CIUDAD,"1,2,3 POR MI ESCUELA RENOVAR PARA TRANSFORMAR","1,2,3_ESCUELAS",ILIFE,CASA POR CASA,2025,,,,,TERMINADO,100.0,JUAN HERNANDEZ,TELESECUNDARIA,,,,ILIFE,0101000020E6100000D43DD20322C958C0B0C50AC9785E3340,"https://www.google.com/maps/place/Escuela+Telesecundaria+N%C2%B0+32/@19.369028,-99.1438276,18z/data=!4m6!3m5!1s0x85d1fe4c62f94b9d:0xcaaf3d42c3095c32!8m2!3d19.3682968!4d-99.1426245!16s%2Fg%2F1q67gtc9w?entry=ttu&g_ep=EgoyMDI2MDIxMS4wIKXMDSoASAFQAw%3D%3D",ANTILLAS 65,BENITO JUÁREZ,PORTALES I,PLATSOBSE_ILIFE_1_2_3_ESCUELAS_TELESECUNDARIA_32_09DTV0032F_09DTV0032F,3056,ACTIVO,,,,,,
09DJN0379H,MELCHOR OCAMPO,,ESPACIO_PUBLICO,OBRAS QUE TRANSFORMAN EL ESPACIO PUBLICO Y CONTRIBUYEN AL DERECHO A LA CIUDAD,"1,2,3 POR MI ESCUELA RENOVAR PARA TRANSFORMAR","1,2,3_ESCUELAS",ILIFE,CASA POR CASA,2025,,,,,TERMINADO,100.0,JUAN HERNANDEZ,PREESCOLAR,,,,ILIFE,0101000020E6100000AC1C38635CC858C0E0950D100E733340,"https://www.google.com/maps/place/C.+Pe%C3%B1%C3%B3n+20,+Morelos,+Cuauht%C3%A9moc,+15940+Ciudad+de+M%C3%A9xico,+CDMX/@19.4495502,-99.1318575,17.79z/data=!4m6!3m5!1s0x85d1f93bbe095d81:0x25dfa58f2620ad25!8m2!3d19.4494545!4d-99.1306342!16s%2Fg%2F11cnddqdqt?",CALLE PEÑON 20,CUAUHTÉMOC,MORELOS I,PLATSOBSE_ILIFE_1_2_3_ESCUELAS_MELCHOR_OCAMPO_09DJN0379H_09DJN0379H,3057,ACTIVO,,,,,,
09DJN1016F,CMDTE DE BOMBEROS JOSE SAAVEDRA DEL RAZO,,ESPACIO_PUBLICO,OBRAS QUE TRANSFORMAN EL ESPACIO PUBLICO Y CONTRIBUYEN AL DERECHO A LA CIUDAD,"1,2,3 POR MI ESCUELA RENOVAR PARA TRANSFORMAR","1,2,3_ESCUELAS",ILIFE,CASA POR CASA,2025,,,,,TERMINADO,100.0,JUAN HERNANDEZ,PREESCOLAR,,,,ILIFE,0101000020E6100000B84D8F91CEC958C03073F7934C5D3340,"https://www.google.com/maps/place/Jardin+de+Ni%C3%B1os+Cmdte.+de+Bomberos+Jose+Saavedra+del+Razo/@19.3643668,-99.1533589,19.31z/data=!4m6!3m5!1s0x85d1ffb659c50f0f:0x4d4806d4cdc302ff!8m2!3d19.3643927!4d-99.1532396!16s%2Fg%2F11bbtbf137?entry=ttu&g_ep=EgoyM",REPUBLICAS 174 Y TOKIO SN,BENITO JUÁREZ,PORTALES III,PLATSOBSE_ILIFE_1_2_3_ESCUELAS_CMDTE_DE_BOMBEROS_JOSE_SAAVEDRA_DEL_RAZO_09DJN1016F_09DJN1016F,3058,ACTIVO,,,,,,
09DDI0016C,CAI SEP NO 16 JEAN PIAGET,,ESPACIO_PUBLICO,OBRAS QUE TRANSFORMAN EL ESPACIO PUBLICO Y CONTRIBUYEN AL DERECHO A LA CIUDAD,"1,2,3 POR MI ESCUELA RENOVAR PARA TRANSFORMAR","1,2,3_ESCUELAS",ILIFE,CASA POR CASA,2025,,,,,TERMINADO,100.0,JUAN HERNANDEZ,CAI,,,,ILIFE,0101000020E61000001C275F81BDC958C030BED796B35C3340,"https://www.google.com/maps/place/CAI+Sep+No.+16+Jean+Piaget/@19.3622408,-99.1524394,19.05z/data=!4m6!3m5!1s0x85d1ffb61a1ad5b5:0xf301bdd0e00035f7!8m2!3d19.3620682!4d-99.1522168!16s%2Fg%2F11g6xn6kgz?entry=ttu&g_ep=EgoyMDI2MDIxMS4wIKXMDSoASAFQAw%3D%3D",CALLE SARATOGA 910,BENITO JUÁREZ,PORTALES III,PLATSOBSE_ILIFE_1_2_3_ESCUELAS_CAI_SEP_NO_16_JEAN_PIAGET_09DDI0016C_09DDI0016C,3059,ACTIVO,,,,,,
09DES0188A,AZTECAS,,ESPACIO_PUBLICO,OBRAS QUE TRANSFORMAN EL ESPACIO PUBLICO Y CONTRIBUYEN AL DERECHO A LA CIUDAD,"1,2,3 POR MI ESCUELA RENOVAR PARA TRANSFORMAR","1,2,3_ESCUELAS",ILIFE,CASA POR CASA,2025,,,,,TERMINADO,100.0,JUAN HERNANDEZ,SECUNDARIA,,,,ILIFE,0101000020E6100000440196BEC4CA58C040DCB52758533340,"https://www.google.com/maps/place/Escuela+Secundaria+Diurna+N%C2%B0+188+%22Aztecas%22/@19.3247195,-99.1686906,18.64z/data=!4m6!3m5!1s0x85ce0023f0fecd4d:0x1788d3f5ef7f3f71!8m2!3d19.3252605!4d-99.1681684!16s%2Fg%2F1tg9hx26?entry=ttu&g_ep=EgoyMDI2MDIxMS4wIK",AMATL SN ESQ XOCHIAPAN,COYOACÁN,PEDREGAL DE STO DOMINGO V,PLATSOBSE_ILIFE_1_2_3_ESCUELAS_AZTECAS_09DES0188A_09DES0188A,3060,ACTIVO,,,,,,
09DPR2218Z,LUXEMBURGO,,ESPACIO_PUBLICO,OBRAS QUE TRANSFORMAN EL ESPACIO PUBLICO Y CONTRIBUYEN AL DERECHO A LA CIUDAD,"1,2,3 POR MI ESCUELA RENOVAR PARA TRANSFORMAR","1,2,3_ESCUELAS",ILIFE,AUTORIDAD EDUCATIVA,2025,,,,,TERMINADO,100.0,JUAN HERNANDEZ,PRIMARIA,,,,ILIFE,0101000020E6100000C83CB4049CCC58C000AF8269A75E3340,"https://www.google.com/maps/place/Escuela+Primaria+Luxemburgo/@19.369495,-99.1978641,17.87z/data=!4m6!3m5!1s0x85d20025b9c0b30b:0xd6f58bdd2479ba97!8m2!3d19.3696467!4d-99.1970013!16s%2Fg%2F1ptxvs2g0?entry=ttu&g_ep=EgoyMDI2MDIxMS4wIKXMDSoASAFQAw%3D%3D",CALLE EDIFIFICIO F MANZANA F NO 35,ÁLVARO OBREGÓN,LOMAS DE PLATEROS (U HAB) II,PLATSOBSE_ILIFE_1_2_3_ESCUELAS_LUXEMBURGO_09DPR2218Z_09DPR2218Z,3062,ACTIVO,,,,,,
09DTV0003K,TELESECUNDARIA 3,,ESPACIO_PUBLICO,OBRAS QUE TRANSFORMAN EL ESPACIO PUBLICO Y CONTRIBUYEN AL DERECHO A LA CIUDAD,"1,2,3 POR MI ESCUELA RENOVAR PARA TRANSFORMAR","1,2,3_ESCUELAS",ILIFE,AUTORIDAD EDUCATIVA,2025,,,,,TERMINADO,100.0,JUAN HERNANDEZ,TELESECUNDARIA,,,,ILIFE,0101000020E61000002C60B85A1ECD58C0307A7E493C5E3340,"https://www.google.com/maps/place/TELESECUNDARIA+03/@19.3681653,-99.2052613,18.98z/data=!4m14!1m7!3m6!1s0x85d2003a4b7e2c03:0x9d89ad6800ba0644!2sTELESECUNDARIA+03!8m2!3d19.3681268!4d-99.2049334!16s%2Fg%2F1v16qnd1!3m5!1s0x85d2003a4b7e2c03:0x9d89ad6800ba064",CALLE RIO MIXCOAC ORIENTE Y CIRCUITO 3 SN,ÁLVARO OBREGÓN,LOMAS DE PLATEROS (U HAB) I,PLATSOBSE_ILIFE_1_2_3_ESCUELAS_TELESECUNDARIA_3_09DTV0003K_09DTV0003K,3063,ACTIVO,,,,,,
61,PLAZA MEXICANA DEL SUR,8.0,ECONOMIA,OBRAS QUE TRANSFORMAN LA ECONOMIA LOCAL Y FOMENTAN EL EMPLEO,MANTENIMIENTO A MERCADOS PUBLICOS,MTTO_MERCADOS,DGCOP,OBRAS DEL MUNDIAL,2025,,,,,TERMINADO,100.0,JUAN HERNANDEZ,MERCADO,,,,DGCOP,0101000020E610000055F833BC59C958C001310917F24C3340,https://maps.app.goo.gl/RM2irftmMAuGr5ac7,CALZ. ACOXPA,TLALPAN,SAN LORENZO HUIPULCO,PLATSOBSE_DGCOP_MTTO_MERCADOS_PLAZA_MEXICANA_DEL_SUR_61,3434,ACTIVO,,,,,,
204,204. PILARES ATLAMPA,13.0,GRANDES_OBRAS,GRANDES OBRAS QUE TRANSFORMAN LA CAPITAL,EL BALON VUELVE AL BARRIO,BALON_BARRIO,DGCOP,OBRAS DEL MUNDIAL,2026,2026-05-20 01:18:28.861,admin,2026-03-31,,INAUGURADA,100.0,JUAN HERNANDEZ,MULTICANCHA,600.0,CONCRETO,,DGPEST,0101000020E6100000BC0512143FCA58C004CAA65CE1753340,https://maps.app.goo.gl/dqB7Z6w2wi4Rc5eM9,CERRADA DE CEDRO 561,CUAUHTEMOC,ATLAMPA,PLATSOBSE_DGCOP_BALON_BARRIO_204_PILARES_ATLAMPA_204,3930,ACTIVO,,,,,,
171,171. PARQUE ARGENTINA,13.0,GRANDES_OBRAS,GRANDES OBRAS QUE TRANSFORMAN LA CAPITAL,EL BALON VUELVE AL BARRIO,BALON_BARRIO,DGCOP,OBRAS DEL MUNDIAL,2026,2026-05-20 16:45:17.632,admin,2026-04-01,,INAUGURADA,100.0,JUAN HERNANDEZ,FUTBOL RAPIDO,1200.0,CONCRETO,,DGPEST,0101000020E61000000D8D278238CD58C0F6083543AA743340,https://maps.app.goo.gl/skYzEN291sCxRebv6,"ESQ. CON PRIV.ANGEL SILVA, C. LAGO CANEGU�N S/N, ARGENTINA ANTIGUA, MIGUEL HIDALGO, 11270 CIUDAD DE M�XICO, CDMX",MIGUEL HIDALGO,ARGENTINA ANTIGUA,PLATSOBSE_DGCOP_BALON_BARRIO_171_PARQUE_ARGENTINA_171,3926,ACTIVO,,,,,,
176,176. TORRE 14 FUTBOL CALLE 2A CDA AV 605,13.0,GRANDES_OBRAS,GRANDES OBRAS QUE TRANSFORMAN LA CAPITAL,EL BALON VUELVE AL BARRIO,BALON_BARRIO,DGCOP,OBRAS DEL MUNDIAL,2026,,,,,INAUGURADA,100.0,JUAN HERNANDEZ,FUTBOL RAPIDO,1200.0,PASTO SINTETICO,,DGPEST,0101000020E6100000164D672783C458C02A91442FA3743340,https://maps.app.goo.gl/UXqqnpcg9dyLWKps8,"2a. 605, San Juan de Arag�n III Secc, Gustavo A. Madero, 07970 Ciudad de M�xico, CDMX",GUSTAVO A. MADERO,SAN JUAN DE ARAGON,PLATSOBSE_DGCOP_BALON_BARRIO_176_TORRE_14_FUTBOL_CALLE_2A_CDA_AV_605_176,3928,ACTIVO,,,,,,
173,173. CANCHA DEL PARQUE LA TORRE,13.0,GRANDES_OBRAS,GRANDES OBRAS QUE TRANSFORMAN LA CAPITAL,EL BALON VUELVE AL BARRIO,BALON_BARRIO,DGCOP,OBRAS DEL MUNDIAL,2026,2026-05-20 01:15:05.276,admin,2026-04-01,,INAUGURADA,100.0,JUAN HERNANDEZ,FUTBOL 7,1750.0,PASTO SINTETICO,,DGPEST,0101000020E610000066BFEE74E7CC58C05340DAFF007F3340,https://maps.app.goo.gl/svipTiVRT5CcRJ2N8,"Athletic Field, Pdte Madero, 02420 Ciudad de M�xico, CDMX",AZCAPOTZALCO,EL PRESIDENTE,PLATSOBSE_DGCOP_BALON_BARRIO_173_CANCHA_DEL_PARQUE_LA_TORRE_173,3927,ACTIVO,,,,,,
183,183. SAN JUAN DE ARAGON,13.0,GRANDES_OBRAS,GRANDES OBRAS QUE TRANSFORMAN LA CAPITAL,EL BALON VUELVE AL BARRIO,BALON_BARRIO,DGCOP,OBRAS DEL MUNDIAL,2026,,,,,TERMINADO,100.0,JUAN HERNANDEZ,FUTBOL RAPIDO,1200.0,CONCRETO,,DGPEST,0101000020E6100000AF93FAB2B4C458C0890AD5CDC5773340,https://maps.app.goo.gl/NunSdpynNFGpwWpQ8,"Av 493 32, San Juan de Arag�n VII Secc, Gustavo A. Madero, 07910 Ciudad de M�xico, CDMX",GUSTAVO A. MADERO,SAN JUAN DE ARAGON VII SECC,PLATSOBSE_DGCOP_BALON_BARRIO_183_SAN_JUAN_DE_ARAGON_183,3929,ACTIVO,,,,,,
246,246. PARQUE CALLES,13.0,GRANDES_OBRAS,GRANDES OBRAS QUE TRANSFORMAN LA CAPITAL,EL BALON VUELVE AL BARRIO,BALON_BARRIO,DGOT,OBRAS DEL MUNDIAL,2026,,,,,TERMINADO,100.0,JUAN HERNANDEZ,FUTBOL RAPIDO,1200.0,PASTO SINTETICO,,DGPEST,0101000020E61000009CA73AE466C758C0BCCCB051D6733340,https://maps.app.goo.gl/oVfS5NGZv7bDjbsY9,"Congreso de la Uni�n y Cobre, Popular Rastro, 15220 Ciudad de M�xico, CDMX",V. CARRANZA,POPULAR RASTRO,PLATSOBSE_DGOT_BALON_BARRIO_246_PARQUE_CALLES_246,3933,ACTIVO,,,,,,
304,304. CANCHA GRAN CANAL 5,13.0,GRANDES_OBRAS,GRANDES OBRAS QUE TRANSFORMAN LA CAPITAL,EL BALON VUELVE AL BARRIO,BALON_BARRIO,DGOT,OBRAS DEL MUNDIAL,2026,,,,,INAUGURADA,100.0,JUAN HERNANDEZ,MULTICANCHA,600.0,CONCRETO,,DGPEST,0101000020E6100000C9AF1F6283C658C072DEFFC709733340,https://maps.app.goo.gl/E973zwMTWgfcWeVp8,"5O TRAMO 20 DE NOVIEMBRE, VENUSTIANO CARRANZA, 15420 CIUDAD DE M�XICO, CDMX",V. CARRANZA,SIMON BOLIVAR,PLATSOBSE_DGOT_BALON_BARRIO_304_CANCHA_GRAN_CANAL_5_304,3934,ACTIVO,,,,,,
515,515. LAZARO CARDENAS,13.0,GRANDES_OBRAS,GRANDES OBRAS QUE TRANSFORMAN LA CAPITAL,EL BALON VUELVE AL BARRIO,BALON_BARRIO,DGPEST,OBRAS DEL MUNDIAL,2026,,,,,TERMINADO,100.0,JUAN HERNANDEZ,MULTICANCHA,,CONCRETO,,DGPEST,0101000020E610000024D1CB2896C258C02503401537423340,"https://maps.app.goo.gl/jCWy4r572hXB9sY47
","Cda. L�zaro C�rdenas 36, San Luis Tlaxialtemalco, Xochimilco, 16610 Ciudad de M�xico, CDMX
",XOCHIMILCO,SAN LUIS TLAXIALTEMALCO,PLATSOBSE_DGPEST_BALON_BARRIO_515_LAZARO_CARDENAS_515,3935,ACTIVO,,,,,,
75,75. CANCHA CASA DE LA MUJER,13.0,GRANDES_OBRAS,GRANDES OBRAS QUE TRANSFORMAN LA CAPITAL,EL BALON VUELVE AL BARRIO,BALON_BARRIO,DGOIV,OBRAS DEL MUNDIAL,2026,2026-05-20 17:58:13.261,actualizacion_dgpest,,,TERMINADO,100.0,JUAN HERNANDEZ,MULTICANCHA,600.0,CONCRETO,,DGPEST,0101000020E6100000581CCEFC6AD058C057B26323104F3340,https://maps.app.goo.gl/LSPVPAp75znTVHfD7,"Cda soledad, San Bernab� Ocotepec, La Magdalena Contreras, 10300 Ciudad de M�xico, CDMX",MAGDALENA CONTRERAS,SAN BERNABE OCOTEPEC,PLATSOBSE_DGOIV_BALON_BARRIO_75_CANCHA_CASA_DE_LA_MUJER_75,3936,ACTIVO,,,,,,
217,217 UTOPIA TOPILEJO,13.0,GRANDES_OBRAS,GRANDES OBRAS QUE TRANSFORMAN LA CAPITAL,EL BALON VUELVE AL BARRIO,BALON_BARRIO,DGCOP,OBRAS DEL MUNDIAL,2026,2026-05-22 17:30:56.020,actualizacion_dgpest,,,TERMINADO,100.0,JUAN HERNANDEZ,FUTBOL 11,4050.0,PASTO SINTETICO,PRESUPUESTO UTOPIAS,DGPEST,0101000020E6100000C18BBE8234C958C018B49080D1313340,https://maps.app.goo.gl/Y2o6SfrWcvjzAPnR7,"STA. CRUZ 885, SAN MIGUEL TOPILEJO, TLALPAN, 14500 SAN MIGUEL TOPILEJO, CDMX",TLALPAN,TOPILEJO,PLATSOBSE_DGCOP_BALON_BARRIO_217_UTOPIA_TOPILEJO_217,2721,ACTIVO,,,,,,
8,FERNANDO RAMIREZ,5.0,GRANDES_OBRAS,GRANDES OBRAS QUE TRANSFORMAN LA CAPITAL,REHABILITACION DE PASOS A DESNIVEL,PASOS_DESNIVEL,DGCOP,OBRAS DEL MUNDIAL,2026,,,,,SIN INICIAR,0.0,JUAN HERNANDEZ,PASOS A DESNIVEL,,,,DGCOP,0101000020E6100000F8999A6DA7C858C0EF1E6225B8693340,,SAN ANTONIO ABAD #179 (JOSE T. CUELLAR),CUAUHTÉMOC,OBRERA,PLATSOBSE_DGCOP_PASOS_DESNIVEL_FERNANDO_RAMIREZ_8,3408,ACTIVO,,,,,,
507,507 PILARES ERNESTO CHE GUEVARA,13.0,GRANDES_OBRAS,GRANDES OBRAS QUE TRANSFORMAN LA CAPITAL,EL BALON VUELVE AL BARRIO,BALON_BARRIO,DGSUS,OBRAS DEL MUNDIAL,2026,2026-05-22 23:20:56.579,actualizacion_dgpest,2026-05-07,,INAUGURADA,100.0,JUAN HERNANDEZ,MULTICANCHA,600.0,CONCRETO,,DGPEST,0101000020E6100000C7F2AE7AC0C158C0180B43E4F45D3340,https://maps.app.goo.gl/kpRaGNkvQY3opajj8,"Carlos Pacheco, Ejército de Oriente Zona Peñón, Iztapalapa, 09239 Ciudad de México, CDMX",IZTAPALAPA,EJÉRCITO DE ORIENTE ZONA PEÑÓN,PLATSOBSE_DGSUS_BALON_BARRIO_507_PILARES_ERNESTO_CHE_GUEVARA_507,2767,ACTIVO,,,,,,
09DJN0318U,JUAN E HERNANDEZ Y DAVALOS,,ESPACIO_PUBLICO,OBRAS QUE TRANSFORMAN EL ESPACIO PUBLICO Y CONTRIBUYEN AL DERECHO A LA CIUDAD,"1,2,3 POR MI ESCUELA RENOVAR PARA TRANSFORMAR","1,2,3_ESCUELAS",ILIFE,TERRITORIO DE PAZ,2025,,,,,TERMINADO,100.0,JUAN HERNANDEZ,PREESCOLAR,,,,ILIFE,0101000020E6100000409EAF66B0BF58C0E0553F96FC3E3340,"https://www.google.com/maps/place/Jard%C3%ADn+de+Ni%C3%B1os+Juan+E.+Hern%C3%A1ndez+y+D%C3%A1valos/@19.2461524,-98.9969779,18.04z/data=!4m10!1m2!2m1!1sESCUELA+JUAN+E+HERNANDEZ+Y+DAVALOS!3m6!1s0x85ce1b5ea726d7fb:0x5ad2dd7c98ef0273!8m2!3d19.2459247!4d-98.99",MIGUEL NEGRETE SN,TLÁHUAC,SAN JUAN IXTAYOPAN (PBLO),PLATSOBSE_ILIFE_1_2_3_ESCUELAS_JUAN_E_HERNANDEZ_Y_DAVALOS_09DJN0318U_09DJN0318U,3068,ACTIVO,,,,,,
09DPR2411D,DOLORES CORREA ZAPATA,,ESPACIO_PUBLICO,OBRAS QUE TRANSFORMAN EL ESPACIO PUBLICO Y CONTRIBUYEN AL DERECHO A LA CIUDAD,"1,2,3 POR MI ESCUELA RENOVAR PARA TRANSFORMAR","1,2,3_ESCUELAS",ILIFE,TERRITORIOS DE PAZ,2025,,,,,TERMINADO,100.0,JUAN HERNANDEZ,PRIMARIA,,,,ILIFE,0101000020E610000060F0B100B9C858C0D0D732E4F1713340,"https://www.google.com/maps/place/ESCUELA+DOLORES+CORREA+ZAPATA/@19.4452769,-99.1364397,19z/data=!4m6!3m5!1s0x85d1f95e690e392b:0x9e21e68aa577826c!8m2!3d19.4451847!4d-99.1364268!16s%2Fg%2F11g3zzt9dj?entry=ttu&g_ep=EgoyMDI2MDIxMC4wIKXMDSoASAFQAw%3D%3D",JAIME NUNO NUM 39,CUAUHTÉMOC,MORELOS III,PLATSOBSE_ILIFE_1_2_3_ESCUELAS_DOLORES_CORREA_ZAPATA_09DPR2411D_09DPR2411D,3069,ACTIVO,,,,,,
09DPR2220N,MATILDE ACOSTA,,ESPACIO_PUBLICO,OBRAS QUE TRANSFORMAN EL ESPACIO PUBLICO Y CONTRIBUYEN AL DERECHO A LA CIUDAD,"1,2,3 POR MI ESCUELA RENOVAR PARA TRANSFORMAR","1,2,3_ESCUELAS",ILIFE,FAM REGULAR,2025,2026-05-20 01:05:02.402,admin,2026-01-13,,INAUGURADA,100.0,JUAN HERNANDEZ,PRIMARIA,,,,ILIFE,0101000020E6100000F41959E901CD58C0D04104B5EF5D3340,"https://www.google.com/maps/place/Escuela+Primaria+Matilde+Acosta/@19.3667745,-99.2033118,18.53z/data=!4m6!3m5!1s0x85d2003b0bc2da21:0x363d9082618b8960!8m2!3d19.3668392!4d-99.2033106!16s%2Fg%2F1pzyn0stk?entry=ttu&g_ep=EgoyMDI2MDIxMS4wIKXMDSoASAFQAw%3D%3D",FRANCISCO DE P MIRANDA SN,ÁLVARO OBREGÓN,LOMAS DE PLATEROS (U HAB) I,PLATSOBSE_ILIFE_1_2_3_ESCUELAS_MATILDE_ACOSTA_09DPR2220N_09DPR2220N,3072,ACTIVO,,,,,,
09DJN0155Z,CAPITAN IGNACIO JOSE DE ALLENDE,,ESPACIO_PUBLICO,OBRAS QUE TRANSFORMAN EL ESPACIO PUBLICO Y CONTRIBUYEN AL DERECHO A LA CIUDAD,"1,2,3 POR MI ESCUELA RENOVAR PARA TRANSFORMAR","1,2,3_ESCUELAS",DGCOP,TERRITORIOS DE PAZ,2025,2026-06-10 17:56:35.548,actualizacion_dgcop,,,EN PROCESO,86.0,JUAN HERNANDEZ,PREESCOLAR,,,,DGCOP,0101000020E6100000F19D98F562C958C0286552431B343340,https://maps.app.goo.gl/FQr7eDUf4QkymKVd7,LAS CRUCES,TLALPAN,SAN MIGUEL TOPILEJO (PBLO),PLATSOBSE_DGCOP_1_2_3_ESCUELAS_CAPITAN_IGNACIO_JOSE_DE_ALLENDE_09DJN0155Z_09DJN0155Z,2901,ACTIVO,,,,,,
190,"190 DEPORTIVO ""100 METROS""",13.0,GRANDES_OBRAS,GRANDES OBRAS QUE TRANSFORMAN LA CAPITAL,EL BALON VUELVE AL BARRIO,BALON_BARRIO,DGCOP,OBRAS DEL MUNDIAL,2026,2026-05-13 18:35:56.498,actualizacion_dgpest,,,TERMINADO,100.0,JUAN HERNANDEZ,MULTICANCHA,600.0,CONCRETO,,DGPEST,0101000020E6100000CB2DAD86C4C958C0C364AA6054823340,https://maps.app.goo.gl/tTn2gRo8fX9Um5NE8,"NUEVA INDUSTRIAL VALLEJO, GUSTAVO A. MADERO, 07700 CIUDAD DE MÉXICO, CDMX",GUSTAVO A. MADERO,NUEVA INDUSTRIAL VALLEJO,PLATSOBSE_DGCOP_BALON_BARRIO_190_DEPORTIVO_100_METROS_190,2730,ACTIVO,,,,,,
09DJN1097G,FEDERICO CHOPIN,,ESPACIO_PUBLICO,OBRAS QUE TRANSFORMAN EL ESPACIO PUBLICO Y CONTRIBUYEN AL DERECHO A LA CIUDAD,"1,2,3 POR MI ESCUELA RENOVAR PARA TRANSFORMAR","1,2,3_ESCUELAS",DGCOP,CASA POR CASA,2025,2026-05-13 19:11:39.858,actualizacion_dgcop,,,TERMINADO,100.0,JUAN HERNANDEZ,PREESCOLAR,,,,DGCOP,0101000020E6100000B8E68EFE97C458C0CCD0782288633340,https://maps.app.goo.gl/AWKAwf8kV9nu4VTJA,SUR 22,IZTACALCO,AGRICOLA ORIENTAL III,PLATSOBSE_DGCOP_1_2_3_ESCUELAS_FEDERICO_CHOPIN_09DJN1097G_09DJN1097G,2877,ACTIVO,,,,,,
09DPR2020P,FRANCISCO HERNANDEZ DE CORDOBA,,ESPACIO_PUBLICO,OBRAS QUE TRANSFORMAN EL ESPACIO PUBLICO Y CONTRIBUYEN AL DERECHO A LA CIUDAD,"1,2,3 POR MI ESCUELA RENOVAR PARA TRANSFORMAR","1,2,3_ESCUELAS",ILIFE,TERRITORIO DE PAZ,2025,,,,,TERMINADO,100.0,JUAN HERNANDEZ,PRIMARIA,,,,ILIFE,0101000020E610000018ECFA7DA2BF58C0F06BBDF75A3E3340,"https://www.google.com/maps/place/Esc.+Prim.+Francisco+Hern%C3%A1ndez+De+C%C3%B3rdoba/@19.2433373,-98.9951016,18.58z/data=!4m6!3m5!1s0x85ce1b5c702c4233:0x70cbd9a5f4eee489!8m2!3d19.243552!4d-98.9942818!16s%2Fg%2F11ckvfljh5?entry=ttu&g_ep=EgoyMDI2MDIxMS4wI",IGNACIO ZARAGOZA SN,TLÁHUAC,SAN JUAN IXTAYOPAN (PBLO),PLATSOBSE_ILIFE_1_2_3_ESCUELAS_FRANCISCO_HERNANDEZ_DE_CORDOBA_09DPR2020P_09DPR2020P,3073,ACTIVO,,,,,,
09DPR2021O,MAESTRO FELIX JIMENEZ NAJERA,,ESPACIO_PUBLICO,OBRAS QUE TRANSFORMAN EL ESPACIO PUBLICO Y CONTRIBUYEN AL DERECHO A LA CIUDAD,"1,2,3 POR MI ESCUELA RENOVAR PARA TRANSFORMAR","1,2,3_ESCUELAS",ILIFE,TERRITORIO DE PAZ,2025,,,,,TERMINADO,100.0,JUAN HERNANDEZ,PRIMARIA,,,,ILIFE,0101000020E61000005014B5E8ACBF58C000288FF68B3F3340,"https://www.google.com/maps/place/Escuela+Primaria+Maestro+F%C3%A9lix+Jim%C3%A9nez+N%C3%A1jera/@19.2482712,-98.9957922,19.07z/data=!4m6!3m5!1s0x85ce1b5c1d43ac1b:0x55a8cb903ce7f8b9!8m2!3d19.2481771!4d-98.9948533!16s%2Fg%2F1vc6dr96?entry=ttu&g_ep=EgoyMDI2M",PROL MIGUEL NEGRETE SN,TLÁHUAC,SAN JUAN IXTAYOPAN (PBLO),PLATSOBSE_ILIFE_1_2_3_ESCUELAS_MAESTRO_FELIX_JIMENEZ_NAJERA_09DPR2021O_09DPR2021O,3074,ACTIVO,,,,,,
3,TAXQUENA,9.0,MOVILIDAD,OBRAS QUE TRANSFORMAN LA MOVILIDAD SUSTENTABLE,BICIESTACIONAMIENTOS,BICIESTACIONAMIENTOS,DGOIV,OBRAS DEL MUNDIAL,2025,2026-05-12 20:12:08.435,admin,2026-05-11,,INAUGURADA,100.0,JUAN HERNANDEZ,BICIESTACIONAMIENTO,,,,DGOIV,0101000020E6100000F5476396CDC858C09531B52635583340,https://maps.app.goo.gl/Fvc55vzRAkrk7v1w7,CERRO DE JESUS,COYOACÁN,CAMPESTRE CHURUBUSCO,PLATSOBSE_DGOIV_BICIESTACIONAMIENTOS_TAXQUENA_3,3110,ACTIVO,,,,,,
5,ACERVO HISTORICO DE NOTARIAS DE LA CDMX,18.0,ESPACIO_PUBLICO,OBRAS QUE TRANSFORMAN EL ESPACIO PUBLICO Y CONTRIBUYEN AL DERECHO A LA CIUDAD,ILUMINACION ARTISTICA DE EDIFICIOS DEL CENTRO HISTORICO,ILUM_ART_CH,DGSUS,OBRAS DEL MUNDIAL,2025,2026-05-12 20:17:02.723,admin,2026-05-06,,ENTREGADO,100.0,JUAN HERNANDEZ,ILUMINACION DE EDIFICIOS,,,,DGSUS,0101000020E61000007885991139C958C0AD985B6B396F3340,https://maps.app.goo.gl/Xgh4c2tktbuHUMyHA,AV. JUAREZ #44,CUAUHTEMOC,CENTRO VIII,PLATSOBSE_DGSUS_ILUM_ART_CH_ACERVO_HISTORICO_DE_NOTARIAS_DE_LA_CDMX_5,3149,ACTIVO,,,,,,
09DPR3109Z,MARTIN LUIS GUZMAN,,ESPACIO_PUBLICO,OBRAS QUE TRANSFORMAN EL ESPACIO PUBLICO Y CONTRIBUYEN AL DERECHO A LA CIUDAD,"1,2,3 POR MI ESCUELA RENOVAR PARA TRANSFORMAR","1,2,3_ESCUELAS",ILIFE,CASA POR CASA,2025,2026-05-20 01:05:14.608,admin,2026-01-29,,INAUGURADA,100.0,JUAN HERNANDEZ,PRIMARIA,,,,ILIFE,0101000020E61000009488EB5D70CA58C030871BD985533340,"https://www.google.com/maps/place/Escuela+Primaria+Martin+Luis+Guzman/@19.3264567,-99.1650298,17.94z/data=!4m10!1m2!2m1!1sESCUELA+MARTIN+LUIS+GUZMAN!3m6!1s0x85ce002362ce3e2d:0x9516d0bc1cd09a68!8m2!3d19.3262841!4d-99.1630821!15sChpFU0NVRUxBIE1BUlRJTiBMVUl",COATL SN,COYOACÁN,PEDREGAL DE STO DOMINGO VI,PLATSOBSE_ILIFE_1_2_3_ESCUELAS_MARTIN_LUIS_GUZMAN_09DPR3109Z_09DPR3109Z,3076,ACTIVO,,,,,,
2,MUSEO DE LAS VIZCAINAS,18.0,ESPACIO_PUBLICO,OBRAS QUE TRANSFORMAN EL ESPACIO PUBLICO Y CONTRIBUYEN AL DERECHO A LA CIUDAD,ILUMINACION ARTISTICA DE EDIFICIOS DEL CENTRO HISTORICO,ILUM_ART_CH,DGSUS,OBRAS DEL MUNDIAL,2025,2026-05-12 20:17:16.990,admin,2026-05-06,,ENTREGADO,100.0,JUAN HERNANDEZ,ILUMINACION DE EDIFICIOS,,,,DGSUS,0101000020E61000005F257A74FEC858C0D701C6E9DA6D3340,https://maps.app.goo.gl/KQfq5gVUjJgzPsGY9,VIZCAINAS #21,CUAUHTEMOC,CENTRO IV,PLATSOBSE_DGSUS_ILUM_ART_CH_MUSEO_DE_LAS_VIZCAINAS_2,3146,ACTIVO,,,,,,
14,DEPORTIVO EL TRIANGULO,,CUIDADO,OBRAS QUE TRANSFORMAN LAS TAREAS DEL CUIDADO Y EL BIENESTAR,CONSTRUCCION DE UTOPIAS,CONST_UTOPIAS,DGCOP,OBRAS EN GENERAL,2025,2026-06-10 17:35:05.635,actualizacion_dgcop,,,EN PROCESO,43.96,JUAN HERNANDEZ,CONSTRUCCION UTOPIAS,,,,DGCOP,0101000020E61000003E23111AC1C058C0416667D13B493340,,AV. TLAHUAC,TLÁHUAC,EL TRIANGULO,PLATSOBSE_DGCOP_CONST_UTOPIAS_DEPORTIVO_EL_TRIANGULO_14,3201,ACTIVO,,,,,,
09DST0042Z,ESCUELA SECUNDARIA TECNICA 42,,ESPACIO_PUBLICO,OBRAS QUE TRANSFORMAN EL ESPACIO PUBLICO Y CONTRIBUYEN AL DERECHO A LA CIUDAD,"1,2,3 POR MI ESCUELA RENOVAR PARA TRANSFORMAR","1,2,3_ESCUELAS",DGCOP,CASA POR CASA,2025,2026-06-10 18:02:11.917,actualizacion_dgcop,,,EN PROCESO,82.0,JUAN HERNANDEZ,SECUNDARIA,,,,DGCOP,0101000020E61000009C33A2B437C858C03255302AA9733340,https://maps.app.goo.gl/kNPWBEu3myTodeQX8,GOROSTIZA,CUAUHTÉMOC,MORELOS I,PLATSOBSE_DGCOP_1_2_3_ESCUELAS_ESCUELA_SECUNDARIA_TECNICA_42_09DST0042Z_09DST0042Z,2911,ACTIVO,,,,,,
09DPR2953Y,PROFR NARCISO RAMOS GALICIA,,ESPACIO_PUBLICO,OBRAS QUE TRANSFORMAN EL ESPACIO PUBLICO Y CONTRIBUYEN AL DERECHO A LA CIUDAD,"1,2,3 POR MI ESCUELA RENOVAR PARA TRANSFORMAR","1,2,3_ESCUELAS",ILIFE,CASA POR CASA,2025,,,,,TERMINADO,100.0,JUAN HERNANDEZ,PRIMARIA,,,,ILIFE,0101000020E6100000603E57B641C058C01000F56E09453340,"https://www.google.com/maps/place/Escuela+Primaria+%22Profr.+Narciso+Ramos+Galicia%22/@19.2693051,-99.0045415,18.42z/data=!4m6!3m5!1s0x85ce1cba25c8d5f9:0x88b9a16443edb471!8m2!3d19.2695973!4d-99.0040133!16s%2Fg%2F1tdcxf6x?entry=ttu&g_ep=EgoyMDI2MDIxMS4wIK",CALLE HIDALGO Y CUITLAHUAC SN,TLÁHUAC,SAN PEDRO TLAHUAC (PBLO),PLATSOBSE_ILIFE_1_2_3_ESCUELAS_PROFR_NARCISO_RAMOS_GALICIA_09DPR2953Y_09DPR2953Y,3075,ACTIVO,,,,,,
09DPR0019M,DANIEL COSIO VILLEGAS,,ESPACIO_PUBLICO,OBRAS QUE TRANSFORMAN EL ESPACIO PUBLICO Y CONTRIBUYEN AL DERECHO A LA CIUDAD,"1,2,3 POR MI ESCUELA RENOVAR PARA TRANSFORMAR","1,2,3_ESCUELAS",ILIFE,CASA POR CASA,2025,,,,,TERMINADO,100.0,JUAN HERNANDEZ,PRIMARIA,,,,ILIFE,0101000020E6100000B019CAB568C258C0C06BAACDE74F3340,"https://www.google.com/maps/place/Escuela+Primaria+%22Daniel+Cos%C3%ADo+Villegas%22/@19.311892,-99.0381744,18.97z/data=!4m6!3m5!1s0x85ce02e9a9950fd3:0x19b0678e38156c1a!8m2!3d19.3120998!4d-99.0376427!16s%2Fg%2F1ptwx2076?entry=ttu&g_ep=EgoyMDI2MDIxMS4wIKXM",AV CECILIO ACOSTA SN,TLÁHUAC,SAN MIGUEL ZAPOTITLA,PLATSOBSE_ILIFE_1_2_3_ESCUELAS_DANIEL_COSIO_VILLEGAS_09DPR0019M_09DPR0019M,3077,ACTIVO,,,,,,
09DPR2999T,WILFRIDO MASSIEU,,ESPACIO_PUBLICO,OBRAS QUE TRANSFORMAN EL ESPACIO PUBLICO Y CONTRIBUYEN AL DERECHO A LA CIUDAD,"1,2,3 POR MI ESCUELA RENOVAR PARA TRANSFORMAR","1,2,3_ESCUELAS",ILIFE,CASA POR CASA,2025,,,,,TERMINADO,100.0,JUAN HERNANDEZ,PRIMARIA,,,,ILIFE,0101000020E61000001C46DAD3A8CA58C06068A5B3E4543340,"https://www.google.com/maps/place/Primaria+Wilfrido+Massieu/@19.3316344,-99.1684009,18.21z/data=!4m6!3m5!1s0x85ce01a5b342a6c9:0x2849a1ba60fcb3e0!8m2!3d19.3315218!4d-99.1665583!16s%2Fg%2F11kjh0bfl5?entry=ttu&g_ep=EgoyMDI2MDIxMS4wIKXMDSoASAFQAw%3D%3D",AILE 134,COYOACÁN,PEDREGAL DE STO DOMINGO III,PLATSOBSE_ILIFE_1_2_3_ESCUELAS_WILFRIDO_MASSIEU_09DPR2999T_09DPR2999T,3078,ACTIVO,,,,,,
09DES0149Z,DAVID ALFARO SIQUEIROS,,ESPACIO_PUBLICO,OBRAS QUE TRANSFORMAN EL ESPACIO PUBLICO Y CONTRIBUYEN AL DERECHO A LA CIUDAD,"1,2,3 POR MI ESCUELA RENOVAR PARA TRANSFORMAR","1,2,3_ESCUELAS",ILIFE,AUTORIDAD EDUCATIVA,2025,,,,,TERMINADO,100.0,JUAN HERNANDEZ,SECUNDARIA,,,,ILIFE,0101000020E610000074B3106480C858C0503C347E1E503340,"https://www.google.com/maps/place/Escuela+Secundaria+Diurna+N%C2%B0+149+%22David+Alfaro+Siqueiros%22/@19.3128737,-99.1354358,17.87z/data=!4m10!1m2!2m1!1sESCUELA+DAVID+ALFARO+SIQUEIROS!3m6!1s0x85ce01b84cb98d73:0x68cc3ae8c7c443e1!8m2!3d19.3128127!4d-99.132",CALLE MAR DE LA TRANQUILIDAD ENTRE FECUNDIDAD Y BAHIA ASTRONAUTA SN,COYOACÁN,LOS OLIVOS (FRACC),PLATSOBSE_ILIFE_1_2_3_ESCUELAS_DAVID_ALFARO_SIQUEIROS_09DES0149Z_09DES0149Z,3079,ACTIVO,,,,,,
9,HERMANOS GALEANA,,CUIDADO,OBRAS QUE TRANSFORMAN LAS TAREAS DEL CUIDADO Y EL BIENESTAR,CONSTRUCCION DE UTOPIAS,CONST_UTOPIAS,DGCOP,OBRAS EN GENERAL,2025,2026-06-10 17:53:26.359,actualizacion_dgcop,,,EN PROCESO,96.87,JUAN HERNANDEZ,CONSTRUCCION UTOPIAS,,,,DGCOP,0101000020E61000006FBFB3BCD1C458C0927DA7536A793340,,AV. JOSE LORETO FABELA,GUSTAVO A. MADERO,SAN JUAN DE ARAGON 7 SECC (U HAB) I,PLATSOBSE_DGCOP_CONST_UTOPIAS_HERMANOS_GALEANA_9,3196,ACTIVO,,,,,,
09DES0157H,JUAN AMOS COMENIO,,ESPACIO_PUBLICO,OBRAS QUE TRANSFORMAN EL ESPACIO PUBLICO Y CONTRIBUYEN AL DERECHO A LA CIUDAD,"1,2,3 POR MI ESCUELA RENOVAR PARA TRANSFORMAR","1,2,3_ESCUELAS",ILIFE,AUTORIDAD EDUCATIVA,2025,,,,,TERMINADO,100.0,JUAN HERNANDEZ,SECUNDARIA,,,,ILIFE,0101000020E6100000FCD6991A94C958C0407EDE544E503340,"https://www.google.com/maps/search/ESCUELA+JUAN+AMOS+COMENIO/@19.3136437,-99.1508035,18.18z?entry=ttu&g_ep=EgoyMDI2MDIxMS4wIKXMDSoASAFQAw%3D%3D",SAN CASTULO SN,COYOACÁN,PEDREGAL DE SANTA URSULA I,PLATSOBSE_ILIFE_1_2_3_ESCUELAS_JUAN_AMOS_COMENIO_09DES0157H_09DES0157H,3080,ACTIVO,,,,,,
09DES0174Y,AMADO NERVO,,ESPACIO_PUBLICO,OBRAS QUE TRANSFORMAN EL ESPACIO PUBLICO Y CONTRIBUYEN AL DERECHO A LA CIUDAD,"1,2,3 POR MI ESCUELA RENOVAR PARA TRANSFORMAR","1,2,3_ESCUELAS",DGCOP,CASA POR CASA,2025,2026-05-27 18:47:59.671,actualizacion_dgcop,,,TERMINADO,100.0,JUAN HERNANDEZ,SECUNDARIA,,,,DGCOP,0101000020E6100000CAA8328CBBCD58C026C5C727647B3340,https://maps.app.goo.gl/xocFUN3YX7F4zhGn6,ENRIQUE A?ORVE,AZCAPOTZALCO,SAN PEDRO XALPA (AMPL) I,PLATSOBSE_DGCOP_1_2_3_ESCUELAS_AMADO_NERVO_09DES0174Y_09DES0174Y,2835,ACTIVO,,,,,,
09DPR1974D,ESPERANZA LOPEZ MATEOS,,ESPACIO_PUBLICO,OBRAS QUE TRANSFORMAN EL ESPACIO PUBLICO Y CONTRIBUYEN AL DERECHO A LA CIUDAD,"1,2,3 POR MI ESCUELA RENOVAR PARA TRANSFORMAR","1,2,3_ESCUELAS",ILIFE,AUTORIDAD EDUCATIVA,2025,,,,,TERMINADO,100.0,JUAN HERNANDEZ,PRIMARIA,,,,ILIFE,0101000020E610000054235B6F82C958C0D0FB5C90EB4F3340,"https://www.google.com/maps/place/Escuela+Primaria+Esperanza+L%C3%B3pez+Mateos/@19.3120581,-99.1492231,19.09z/data=!4m6!3m5!1s0x85ce004a8ad411f7:0x244a5d3b0a4108b3!8m2!3d19.3121627!4d-99.1485899!16s%2Fg%2F1tqty6fq?entry=ttu&g_ep=EgoyMDI2MDIxMS4wIKXMDSoAS",CALLE SAN LEON Y SAN RAUL SN,COYOACÁN,PEDREGAL DE SANTA URSULA I,PLATSOBSE_ILIFE_1_2_3_ESCUELAS_ESPERANZA_LOPEZ_MATEOS_09DPR1974D_09DPR1974D,3081,ACTIVO,,,,,,
1,CLINICA CONDESA,,CUIDADO,OBRAS QUE TRANSFORMAN LAS TAREAS DEL CUIDADO Y EL BIENESTAR,CONSTRUCCION DE CLINICAS CONDESA,CLINICA_CONDESA,DGCOP,OBRAS EN GENERAL,2025,2026-06-10 17:22:14.665,actualizacion_dgcop,,,EN PROCESO,75.07,JUAN HERNANDEZ,COMUNIDAD SEGURA,,,,DGCOP,0101000020E6100000B2D826158DC458C014B1886187793340,https://maps.app.goo.gl/VBsGQDT28fkAbW3z7,AV. FRANCISCO MORAZAN,GUSTAVO A. MADERO,CASAS ALEMAN (AMPL) I,PLATSOBSE_DGCOP_CLINICA_CONDESA_CLINICA_CONDESA_1,3225,ACTIVO,,,,,,
11,DEPORTIVO DE SAN MIGUEL TOPILEJO,,CUIDADO,OBRAS QUE TRANSFORMAN LAS TAREAS DEL CUIDADO Y EL BIENESTAR,CONSTRUCCION DE UTOPIAS,CONST_UTOPIAS,DGCOP,OBRAS EN GENERAL,2025,2026-06-10 17:33:40.750,actualizacion_dgcop,,,EN PROCESO,93.93,JUAN HERNANDEZ,CONSTRUCCION UTOPIAS,,,,DGCOP,0101000020E6100000CFF57D3848C958C019FF3EE3C2313340,,CALLE SANTA CRUZ,TLALPAN,SAN MIGUEL TOPILEJO (PBLO),PLATSOBSE_DGCOP_CONST_UTOPIAS_DEPORTIVO_DE_SAN_MIGUEL_TOPILEJO_11,3198,ACTIVO,,,,,,
43,AGRICOLA ORIENTAL,,ECONOMIA,OBRAS QUE TRANSFORMAN LA ECONOMIA LOCAL Y FOMENTAN EL EMPLEO,MANTENIMIENTO A MERCADOS PUBLICOS,MTTO_MERCADOS,DGCOP,GABINETE,2025,2026-06-10 17:40:20.902,actualizacion_dgcop,,,EN PROCESO,98.0,JUAN HERNANDEZ,MERCADO,,,,DGCOP,0101000020E6100000BB7EC16ED8C458C0DCA0F65B3B653340,https://maps.app.goo.gl/C5uXZ369pEF4irKw5,OTE. 237,IZTACALCO,AGRICOLA ORIENTAL II,PLATSOBSE_DGCOP_MTTO_MERCADOS_AGRICOLA_ORIENTAL_43,3444,ACTIVO,,,,,,
09DES0227M,SOUMAYA DOMIT GEMAYEL,,ESPACIO_PUBLICO,OBRAS QUE TRANSFORMAN EL ESPACIO PUBLICO Y CONTRIBUYEN AL DERECHO A LA CIUDAD,"1,2,3 POR MI ESCUELA RENOVAR PARA TRANSFORMAR","1,2,3_ESCUELAS",DGCOP,CASA POR CASA,2025,2026-05-20 16:14:15.877,actualizacion_dgcop,,,TERMINADO,100.0,JUAN HERNANDEZ,SECUNDARIA,,,,DGCOP,0101000020E6100000B9162D40DBCC58C096B1A19BFD813340,https://maps.app.goo.gl/F4bGDpHPA3J4V2Fz7,MAYAS,AZCAPOTZALCO,EL ROSARIO C (U HAB),PLATSOBSE_DGCOP_1_2_3_ESCUELAS_SOUMAYA_DOMIT_GEMAYEL_09DES0227M_09DES0227M,2974,ACTIVO,,,,,,
12,LAMINADORES,,ECONOMIA,OBRAS QUE TRANSFORMAN LA ECONOMIA LOCAL Y FOMENTAN EL EMPLEO,MANTENIMIENTO A MERCADOS PUBLICOS,MTTO_MERCADOS,DGCOP,GABINETE,2025,2026-06-10 17:47:13.463,actualizacion_dgcop,,,EN PROCESO,95.69,JUAN HERNANDEZ,MERCADO,,,,DGCOP,0101000020E6100000029CDEC5FBC958C08A00A777F17A3340,https://maps.app.goo.gl/sFdhczJMbe4rXv178,LAMINADORES,AZCAPOTZALCO,MONTE ALTO,PLATSOBSE_DGCOP_MTTO_MERCADOS_LAMINADORES_12,3476,ACTIVO,,,,,,
67,PENSADOR MEXICANO,,ECONOMIA,OBRAS QUE TRANSFORMAN LA ECONOMIA LOCAL Y FOMENTAN EL EMPLEO,MANTENIMIENTO A MERCADOS PUBLICOS,MTTO_MERCADOS,DGCOP,GABINETE,2025,2026-06-10 17:51:07.212,actualizacion_dgcop,,,EN PROCESO,91.42,JUAN HERNANDEZ,MERCADO,,,,DGCOP,0101000020E61000008B321B6492C558C01C959BA8A5713340,https://maps.app.goo.gl/59R2DM5hwHB3PNds7,C. NTE. 172,VENUSTIANO CARRANZA,PENSADOR MEXICANO II,PLATSOBSE_DGCOP_MTTO_MERCADOS_PENSADOR_MEXICANO_67,3419,ACTIVO,,,,,,
09DPR0117N,LIC. ADOLFO LOPEZ MATEOS,,ESPACIO_PUBLICO,OBRAS QUE TRANSFORMAN EL ESPACIO PUBLICO Y CONTRIBUYEN AL DERECHO A LA CIUDAD,"1,2,3 POR MI ESCUELA RENOVAR PARA TRANSFORMAR","1,2,3_ESCUELAS",DGCOP,SECTEI,2025,2026-06-03 18:28:35.612,actualizacion_dgcop,,,TERMINADO,100.0,PAULA LOPEZ,PRIMARIA,,,,DGCOP,0101000020E6100000339EF00292CD58C07188A489967D3340,https://maps.app.goo.gl/MeLzvPNFRzbaqbRR8,FRANCISCO SARABIA,,PROVIDENCIA,PLATSOBSE_DGCOP_1_2_3_ESCUELAS_LIC_ADOLFO_LOPEZ_MATEOS_09DPR0117N_09DPR0117N,2779,ACTIVO,,,,,,
73,UNIDAD RASTRO,,ECONOMIA,OBRAS QUE TRANSFORMAN LA ECONOMIA LOCAL Y FOMENTAN EL EMPLEO,MANTENIMIENTO A MERCADOS PUBLICOS,MTTO_MERCADOS,DGCOP,GABINETE,2025,2026-06-10 17:50:44.022,actualizacion_dgcop,,,EN PROCESO,94.19,PAULA LOPEZ,MERCADO,,,,DGCOP,0101000020E61000003831242713C758C0A33D5E4887733340,https://maps.app.goo.gl/xiUSULh4zQWo3Xmu6,ESTANO,VENUSTIANO CARRANZA,FELIPE ANGELES,PLATSOBSE_DGCOP_MTTO_MERCADOS_UNIDAD_RASTRO_73,3490,ACTIVO,,,,,,
09DST0034Q,SECUNDARIA TECNICA 34 LUIS MASSIU,,ESPACIO_PUBLICO,OBRAS QUE TRANSFORMAN EL ESPACIO PUBLICO Y CONTRIBUYEN AL DERECHO A LA CIUDAD,"1,2,3 POR MI ESCUELA RENOVAR PARA TRANSFORMAR","1,2,3_ESCUELAS",ILIFE,TERRITORIO DE PAZ,2025,,,,,TERMINADO,100.0,PAULA LOPEZ,SECUNDARIA,,,,ILIFE,0101000020E61000003465209104BD58C060E870A9D2393340,"https://www.google.com/maps/place/Escuela+Secundaria+T%C3%A9cnica+N%C2%B0+34+%22Ing.+Luis+V.+Massieu%22/@19.2256909,-98.9541377,18.33z/data=!4m14!1m7!3m6!1s0x85ce1bbc1560c0c1:0x8a988b2f5635313e!2sEscuela+Secundaria+T%C3%A9cnica+N%C2%B0+34+%22Ing.+Luis+V.",CARRETERA MIXQUIC CHALCO SN,TLÁHUAC,SAN ANDRES MIXQUIC (PBLO),PLATSOBSE_ILIFE_1_2_3_ESCUELAS_SECUNDARIA_TECNICA_34_LUIS_MASSIU_09DST0034Q_09DST0034Q,3082,ACTIVO,,,,,,
09DJN0644P,MIXQUIC,,ESPACIO_PUBLICO,OBRAS QUE TRANSFORMAN EL ESPACIO PUBLICO Y CONTRIBUYEN AL DERECHO A LA CIUDAD,"1,2,3 POR MI ESCUELA RENOVAR PARA TRANSFORMAR","1,2,3_ESCUELAS",ILIFE,TERRITORIO DE PAZ,2025,,,,,TERMINADO,100.0,PAULA LOPEZ,PREESCOLAR,,,,ILIFE,0101000020E610000084A4AE69A9BD58C0D0F3EF2D9B393340,"https://www.google.com/maps/place/Jard%C3%ADn+de+Ni%C3%B1os+%22Mixquic%22/@19.2248806,-98.9644073,18.83z/data=!4m10!1m2!2m1!1sESCUELA+MIXQUIC!3m6!1s0x85ce1ba15bd16dc5:0x32ae1fa6f96d4fc4!8m2!3d19.2249647!4d-98.9634422!15sCg9FU0NVRUxBIE1JWFFVSUNaESIPZXNjdW",JOSEFA ORTIZ DE DOMINGUEZ NO 15A,TLÁHUAC,SAN ANDRES MIXQUIC (PBLO),PLATSOBSE_ILIFE_1_2_3_ESCUELAS_MIXQUIC_09DJN0644P_09DJN0644P,3083,ACTIVO,,,,,,
09DPR2027I,CRISTOBAL COLON,,ESPACIO_PUBLICO,OBRAS QUE TRANSFORMAN EL ESPACIO PUBLICO Y CONTRIBUYEN AL DERECHO A LA CIUDAD,"1,2,3 POR MI ESCUELA RENOVAR PARA TRANSFORMAR","1,2,3_ESCUELAS",ILIFE,TERRITORIO DE PAZ,2025,,,,,TERMINADO,100.0,PAULA LOPEZ,PRIMARIA,,,,ILIFE,0101000020E61000007CB0FF26BABD58C050F366688F393340,"https://www.google.com/maps/place/Escuela+Primaria+%22Crist%C3%B3bal+Col%C3%B3n%22/@19.2247723,-98.9644171,19z/data=!4m15!1m8!3m7!1s0x85ce1ba14467df5d:0x9afc9d091c7f4186!2sPl.+Ju%C3%A1rez+17,+Los+Reyes,+Tl%C3%A1huac,+13630+San+Andr%C3%A9s+Mixquic,+CDMX!3",PLAZA JUAREZ NO 17,TLÁHUAC,SAN ANDRES MIXQUIC (PBLO),PLATSOBSE_ILIFE_1_2_3_ESCUELAS_CRISTOBAL_COLON_09DPR2027I_09DPR2027I,3084,ACTIVO,,,,,,
09DPR0135C,MAESTRO JOSE GUADALUPE NAJERA JIMENEZ,,ESPACIO_PUBLICO,OBRAS QUE TRANSFORMAN EL ESPACIO PUBLICO Y CONTRIBUYEN AL DERECHO A LA CIUDAD,"1,2,3 POR MI ESCUELA RENOVAR PARA TRANSFORMAR","1,2,3_ESCUELAS",ILIFE,CASA POR CASA,2025,,,,,TERMINADO,100.0,PAULA LOPEZ,PRIMARIA,,,,ILIFE,0101000020E6100000E46318F4B5C758C0203047B6F3553340,"https://www.google.com/maps/place/Escuela+Primaria+%22Maestro+Jos%C3%A9+Guadalupe+N%C3%A1jera+Jim%C3%A9nez%22/@19.3357774,-99.1213987,17.85z/data=!4m6!3m5!1s0x85ce01e11f390573:0xd0c78ca5b39c9c6a!8m2!3d19.3355343!4d-99.1204086!16s%2Fg%2F11c60ndp23?entry=t",AV MIGHUEL HIDALGO No 205,COYOACÁN,SAN FRANCISCO CULHUACAN (PBLO),PLATSOBSE_ILIFE_1_2_3_ESCUELAS_MAESTRO_JOSE_GUADALUPE_NAJERA_JIMENEZ_09DPR0135C_09DPR0135C,3085,ACTIVO,,,,,,
09DES0162T,FRANCISCO MONTERDE,,ESPACIO_PUBLICO,OBRAS QUE TRANSFORMAN EL ESPACIO PUBLICO Y CONTRIBUYEN AL DERECHO A LA CIUDAD,"1,2,3 POR MI ESCUELA RENOVAR PARA TRANSFORMAR","1,2,3_ESCUELAS",ILIFE,TERRITORIO DE PAZ,2025,,,,,TERMINADO,100.0,PAULA LOPEZ,SECUNDARIA,,,,ILIFE,0101000020E6100000C0A10A4094BF58C0307DA4F4CB3D3340,"https://www.google.com/maps/place/Escuela+Secundaria+Diurna+N%C2%B0+162+%22Francisco+Monterde%22/@19.2413026,-98.9939051,19.21z/data=!4m6!3m5!1s0x85ce1b5d1f32d665:0x94652ac584111247!8m2!3d19.2413485!4d-98.9933979!16s%2Fg%2F11g8xkp27b?entry=ttu&g_ep=EgoyM",JUAN ESCUTIA 52,TLÁHUAC,SAN JUAN IXTAYOPAN (PBLO),PLATSOBSE_ILIFE_1_2_3_ESCUELAS_FRANCISCO_MONTERDE_09DES0162T_09DES0162T,3086,ACTIVO,,,,,,
09DJN0742Q,JARDIN DE NIÑOS ANEXO CENTRO ESCOLAR REVOLUCION,,ESPACIO_PUBLICO,OBRAS QUE TRANSFORMAN EL ESPACIO PUBLICO Y CONTRIBUYEN AL DERECHO A LA CIUDAD,"1,2,3 POR MI ESCUELA RENOVAR PARA TRANSFORMAR","1,2,3_ESCUELAS",ILIFE,AUTORIDAD EDUCATIVA,2025,,,,,TERMINADO,100.0,PAULA LOPEZ,PREESCOLAR,,,,ILIFE,0101000020E6100000CC6DDC1871C958C0E0BBD583496D3340,"https://www.google.com/maps/place/Anexo+Centro+Escolar+Revoluci%C3%B3n/@19.4266698,-99.1482843,18.86z/data=!4m6!3m5!1s0x85d1ff0008ec1e5b:0xcbbac6111cf5e3bc!8m2!3d19.4266391!4d-99.1474684!16s%2Fg%2F11vzxwc15t?entry=ttu&g_ep=EgoyMDI2MDIxMS4wIKXMDSoASAFQAw%",CALLE GRAL. GABRIEL HERNANDEZ,CUAUHTÉMOC,DOCTORES I,PLATSOBSE_ILIFE_1_2_3_ESCUELAS_JARDIN_DE_NI_OS_ANEXO_CENTRO_ESCOLAR_REVOLUCION_09DJN0742Q_09DJN0742Q,3087,ACTIVO,,,,,,
09DPR4002N,LUIS PENICHE VALLADO,,ESPACIO_PUBLICO,OBRAS QUE TRANSFORMAN EL ESPACIO PUBLICO Y CONTRIBUYEN AL DERECHO A LA CIUDAD,"1,2,3 POR MI ESCUELA RENOVAR PARA TRANSFORMAR","1,2,3_ESCUELAS",ILIFE,CASA POR CASA,2025,,,,,TERMINADO,100.0,PAULA LOPEZ,PRIMARIA,,,,ILIFE,0101000020E61000002856DCDB69C258C0104C1CDEDE4F3340,"https://www.google.com/maps/place/Escuela+Primaria+%22Luis+Peniche+Vallado%22/@19.3122886,-99.0380172,21z/data=!4m6!3m5!1s0x85ce02e9a764e585:0xc66e887c4d880d4b!8m2!3d19.3122872!4d-99.0381059!16s%2Fg%2F11cn5m01zq?entry=ttu&g_ep=EgoyMDI2MDIxMC4wIKXMDSoASAF",AV CECILIO ACOSTA SN,TLÁHUAC,SAN MIGUEL ZAPOTITLA,PLATSOBSE_ILIFE_1_2_3_ESCUELAS_LUIS_PENICHE_VALLADO_09DPR4002N_09DPR4002N,3088,ACTIVO,,,,,,
09DPR2683V,PROFR RUBEN VIZCARRA Y CAMPOS,,ESPACIO_PUBLICO,OBRAS QUE TRANSFORMAN EL ESPACIO PUBLICO Y CONTRIBUYEN AL DERECHO A LA CIUDAD,"1,2,3 POR MI ESCUELA RENOVAR PARA TRANSFORMAR","1,2,3_ESCUELAS",ILIFE,CASA POR CASA,2025,,,,,TERMINADO,100.0,PAULA LOPEZ,PRIMARIA,,,,ILIFE,0101000020E61000003479DB6030CA58C01099A88967553340,"https://www.google.com/maps/place/ESCUELA+PRIMARIA+PROFR.+RUBEN+VIZCARRA+Y+CAMPOS/@19.3339715,-99.1602134,17.66z/data=!4m6!3m5!1s0x85ce00265f2f1025:0x492dd39fb3b7e806!8m2!3d19.3337269!4d-99.1593131!16s%2Fg%2F11b6_9wgg8?entry=ttu&g_ep=EgoyMDI2MDIxMS4wIKXM",TOCHTLI Y CANTERA SN,COYOACÁN,PEDREGAL DE STO DOMINGO II,PLATSOBSE_ILIFE_1_2_3_ESCUELAS_PROFR_RUBEN_VIZCARRA_Y_CAMPOS_09DPR2683V_09DPR2683V,3090,ACTIVO,,,,,,
09DPR5133M,JAIME SABINES,,ESPACIO_PUBLICO,OBRAS QUE TRANSFORMAN EL ESPACIO PUBLICO Y CONTRIBUYEN AL DERECHO A LA CIUDAD,"1,2,3 POR MI ESCUELA RENOVAR PARA TRANSFORMAR","1,2,3_ESCUELAS",ILIFE,CASA POR CASA,2025,,,,,TERMINADO,100.0,PAULA LOPEZ,PRIMARIA,,,,ILIFE,0101000020E6100000ACEA50C56FC258C0C0FEE3BFBE4D3340,"https://www.google.com/maps/place/Escuela+Primaria+%22Jaime+Sabines%22/@19.3040716,-99.0378788,18z/data=!4m6!3m5!1s0x85ce02e6dbaa7aff:0x5c2a3e0e75409f37!8m2!3d19.3036899!4d-99.0383682!16s%2Fg%2F11cn0t97h0?entry=ttu&g_ep=EgoyMDI2MDIxMC4wIKXMDSoASAFQAw%3D%",AV SAN RAFAEL ATLIXCO NO 3495,TLÁHUAC,SAN MIGUEL ZAPOTITLA,PLATSOBSE_ILIFE_1_2_3_ESCUELAS_JAIME_SABINES_09DPR5133M_09DPR5133M,3091,ACTIVO,,,,,,
22,SAN MATEO TLALTENANGO,,ECONOMIA,OBRAS QUE TRANSFORMAN LA ECONOMIA LOCAL Y FOMENTAN EL EMPLEO,MANTENIMIENTO A MERCADOS PUBLICOS,MTTO_MERCADOS,DGCOP,GABINETE,2025,2026-06-10 17:51:37.122,actualizacion_dgcop,,,EN PROCESO,87.2,PAULA LOPEZ,MERCADO,,,,DGCOP,0101000020E610000085B4C6A013D258C09DBAF2599E573340,https://maps.app.goo.gl/jb35La6eHdDFwyRf8,MINA 5B,CUAJIMALPA DE MORELOS,SAN MATEO TLALTENANGO (PBLO),PLATSOBSE_DGCOP_MTTO_MERCADOS_SAN_MATEO_TLALTENANGO_22,3470,ACTIVO,,,,,,
112,112 CANCHA CALLE 25 DE SEPTIEMBRE Y EJE 5 SUR,13.0,GRANDES_OBRAS,GRANDES OBRAS QUE TRANSFORMAN LA CAPITAL,EL BALON VUELVE AL BARRIO,BALON_BARRIO,DGSUS,OBRAS DEL MUNDIAL,2026,2026-05-22 23:08:02.780,actualizacion_dgpest,2026-05-07,,INAUGURADA,100.0,PAULA LOPEZ,FUTBOL RAPIDO,1200.0,CONCRETO,,DGPEST,0101000020E6100000B936548CF3C358C023DBF97E6A603340,https://maps.app.goo.gl/SYss6mkYgRyUPNRi6,"CALLE 25 DE SEPTIEMBRE ESQUINA EJE 5 SUR, COL. LEYES DE REFORMA",IZTAPALAPA,LEYES DE REFORMA 3ERA SECCION,PLATSOBSE_DGSUS_BALON_BARRIO_112_CANCHA_CALLE_25_DE_SEPTIEMBRE_Y_EJE_5_SUR_112,2514,ACTIVO,,,,,,
63,24 DE FEBRERO,,ECONOMIA,OBRAS QUE TRANSFORMAN LA ECONOMIA LOCAL Y FOMENTAN EL EMPLEO,MANTENIMIENTO A MERCADOS PUBLICOS,MTTO_MERCADOS,DGCOP,GABINETE,2025,2026-06-10 17:55:24.742,actualizacion_dgcop,,,EN PROCESO,54.21,PAULA LOPEZ,MERCADO,,,,DGCOP,0101000020E6100000217365506DCE58C0C4CC3E8F51463340,https://maps.app.goo.gl/2RYZ5JHYz51bBtRz9,FERROCARRIL CUERNAVACA,TLALPAN,LOMAS ALTAS DE PADIERNA SUR,PLATSOBSE_DGCOP_MTTO_MERCADOS_24_DE_FEBRERO_63,3420,ACTIVO,,,,,,
09DPR2467F,DR ANGEL MA GARIBAY,,ESPACIO_PUBLICO,OBRAS QUE TRANSFORMAN EL ESPACIO PUBLICO Y CONTRIBUYEN AL DERECHO A LA CIUDAD,"1,2,3 POR MI ESCUELA RENOVAR PARA TRANSFORMAR","1,2,3_ESCUELAS",ILIFE,CASA POR CASA,2025,,,,,TERMINADO,100.0,PAULA LOPEZ,PRIMARIA,,,,ILIFE,0101000020E610000080486FDECFCA58C060909440E0503340,"https://www.google.com/maps/place/Escuela+Primaria+Doctor+%C3%81ngel+Mar%C3%ADa+Garibay/@19.3160255,-99.1696156,19.51z/data=!4m10!1m2!2m1!1sESCUELA+DR+ANGEL+MA+GARIBAY!3m6!1s0x85d1ff132ac26615:0x22995403e692fed4!8m2!3d19.3158953!4d-99.1689384!15sChtFU0NV",CERRADA CHAUCINGO SN,COYOACÁN,AJUSCO III,PLATSOBSE_ILIFE_1_2_3_ESCUELAS_DR_ANGEL_MA_GARIBAY_09DPR2467F_09DPR2467F,3092,ACTIVO,,,,,,
7,# 228 JARDIN FORTUNA NACIONAL,,ECONOMIA,OBRAS QUE TRANSFORMAN LA ECONOMIA LOCAL Y FOMENTAN EL EMPLEO,MANTENIMIENTO A MERCADOS PUBLICOS,MTTO_MERCADOS,DGCOP,CASA POR CASA,2025,2026-06-10 17:56:44.954,actualizacion_dgcop,,,EN PROCESO,40.0,PAULA LOPEZ,MERCADO,,,,DGCOP,0101000020E61000000C1F115322CD58C01DCBBBEA017B3340,https://maps.app.goo.gl/srvqHg68iufJ4nXs9,CAMPO FORTUNA NACIONAL,AZCAPOTZALCO,SAN ANTONIO (FRACC),PLATSOBSE_DGCOP_MTTO_MERCADOS_228_JARDIN_FORTUNA_NACIONAL_7,3437,ACTIVO,,,,,,
09DES0034Y,EUGENIA LEON PUIG,,ESPACIO_PUBLICO,OBRAS QUE TRANSFORMAN EL ESPACIO PUBLICO Y CONTRIBUYEN AL DERECHO A LA CIUDAD,"1,2,3 POR MI ESCUELA RENOVAR PARA TRANSFORMAR","1,2,3_ESCUELAS",ILIFE,SECTEI,2025,,,,,TERMINADO,100.0,PAULA LOPEZ,SECUNDARIA,,,,ILIFE,0101000020E610000034D98D0208C958C0C02DEEF9615C3340,"https://www.google.com/maps/place/Escuela+Secundaria+Diurna+N%C2%B0+34+%22Eugenia+Le%C3%B3n+Puig%22/@19.360768,-99.1415035,20z/data=!4m6!3m5!1s0x85d1fe35c1e99501:0x67b78083f5f88c04!8m2!3d19.3608442!4d-99.1411322!16s%2Fg%2F1pv6xn0mr?entry=ttu&g_ep=EgoyMDI",ALTAMIRA No 913,BENITO JUÁREZ,MIRAVALLE,PLATSOBSE_ILIFE_1_2_3_ESCUELAS_EUGENIA_LEON_PUIG_09DES0034Y_09DES0034Y,3094,ACTIVO,,,,,,
09DPR1325A,LIC EDUARDO NOVOA,,ESPACIO_PUBLICO,OBRAS QUE TRANSFORMAN EL ESPACIO PUBLICO Y CONTRIBUYEN AL DERECHO A LA CIUDAD,"1,2,3 POR MI ESCUELA RENOVAR PARA TRANSFORMAR","1,2,3_ESCUELAS",ILIFE,CASA POR CASA,2025,,,,,TERMINADO,100.0,PAULA LOPEZ,PRIMARIA,,,,ILIFE,0101000020E61000008C6BD34D62C958C0B0A8F3814F5D3340,"https://www.google.com/maps/place/Escuela+Primaria+Lic.+Eduardo+Novoa/@19.3641892,-99.1467934,19.5z/data=!4m6!3m5!1s0x85d1fe4d34e3e13d:0xa37aa50390dd6da1!8m2!3d19.364369!4d-99.1464592!16s%2Fg%2F1wf38z3f?entry=ttu&g_ep=EgoyMDI2MDIxMC4wIKXMDSoASAFQAw%3D%3D",RUMANIA No 701,BENITO JUÁREZ,PORTALES III,PLATSOBSE_ILIFE_1_2_3_ESCUELAS_LIC_EDUARDO_NOVOA_09DPR1325A_09DPR1325A,3095,ACTIVO,,,,,,
09DPR0018N,JULIO DE LA FUENTE,,ESPACIO_PUBLICO,OBRAS QUE TRANSFORMAN EL ESPACIO PUBLICO Y CONTRIBUYEN AL DERECHO A LA CIUDAD,"1,2,3 POR MI ESCUELA RENOVAR PARA TRANSFORMAR","1,2,3_ESCUELAS",ILIFE,CASA POR CASA,2025,,,,,TERMINADO,100.0,PAULA LOPEZ,PRIMARIA,,,,ILIFE,0101000020E6100000F4813C28ECC358C040C7317C86493340,"https://www.google.com/maps/place/Escuela+Primaria+%22Julio+de+la+Fuente%22/@19.2872445,-99.0610779,21z/data=!4m6!3m5!1s0x85ce03a919088627:0xeb2f38818f653ffa!8m2!3d19.2872228!4d-99.0610264!16s%2Fg%2F1tk8ny8k?entry=ttu&g_ep=EgoyMDI2MDIxMC4wIKXMDSoASAFQAw%",SIRENA SN,TLÁHUAC,DEL MAR SUR,PLATSOBSE_ILIFE_1_2_3_ESCUELAS_JULIO_DE_LA_FUENTE_09DPR0018N_09DPR0018N,3096,ACTIVO,,,,,,
09DJN0012C,JOSEFA DURAN,,ESPACIO_PUBLICO,OBRAS QUE TRANSFORMAN EL ESPACIO PUBLICO Y CONTRIBUYEN AL DERECHO A LA CIUDAD,"1,2,3 POR MI ESCUELA RENOVAR PARA TRANSFORMAR","1,2,3_ESCUELAS",ILIFE,CASA POR CASA,2025,,,,,TERMINADO,100.0,PAULA LOPEZ,PREESCOLAR,,,,ILIFE,0101000020E6100000C89CAF470ACB58C010F909CB12553340,"https://www.google.com/maps/place/JARDIN+DE+NI%C3%91OS+%22JOSEFA+DURAN%22/@19.3319027,-99.1729948,18.36z/data=!4m6!3m5!1s0x85ce001ea54ba5c7:0xa1c67a5eb27a6803!8m2!3d19.3322679!4d-99.1724702!16s%2Fg%2F1pt_dnmgs?entry=ttu&g_ep=EgoyMDI2MDIxMS4wIKXMDSoASAFQA",TEPEYAUCLE Y ESCUINAPA,COYOACÁN,PEDREGAL DE STO DOMINGO IX,PLATSOBSE_ILIFE_1_2_3_ESCUELAS_JOSEFA_DURAN_09DJN0012C_09DJN0012C,3097,ACTIVO,,,,,,
09DJN0076N,FAMILIA JUAREZ MAZA,,ESPACIO_PUBLICO,OBRAS QUE TRANSFORMAN EL ESPACIO PUBLICO Y CONTRIBUYEN AL DERECHO A LA CIUDAD,"1,2,3 POR MI ESCUELA RENOVAR PARA TRANSFORMAR","1,2,3_ESCUELAS",ILIFE,CASA POR CASA,2025,,,,,TERMINADO,100.0,PAULA LOPEZ,PREESCOLAR,,,,ILIFE,0101000020E6100000C4CFEC19F8CA58C0D09BE8A6CD543340,"https://www.google.com/maps/place/C.D.C.+Fam.+Ju%C3%A1rez+Maza/@19.3314352,-99.1716744,19.01z/data=!4m6!3m5!1s0x85ce001932a906e7:0xa4493f9f5988380a!8m2!3d19.3313446!4d-99.171361!16s%2Fg%2F1tdlhmw9?entry=ttu&g_ep=EgoyMDI2MDIxMS4wIKXMDSoASAFQAw%3D%3D",AV ANACAHUITA SN,COYOACÁN,PEDREGAL DE STO DOMINGO IX,PLATSOBSE_ILIFE_1_2_3_ESCUELAS_FAMILIA_JUAREZ_MAZA_09DJN0076N_09DJN0076N,3098,ACTIVO,,,,,,
09DPR3231Z,ALFONSO SIERRA PARTIDA,,ESPACIO_PUBLICO,OBRAS QUE TRANSFORMAN EL ESPACIO PUBLICO Y CONTRIBUYEN AL DERECHO A LA CIUDAD,"1,2,3 POR MI ESCUELA RENOVAR PARA TRANSFORMAR","1,2,3_ESCUELAS",ILIFE,CASA POR CASA,2025,,,,,TERMINADO,100.0,PAULA LOPEZ,PRIMARIA,,,,ILIFE,0101000020E610000000EEB1440CCB58C0A0225435E6543340,"https://www.google.com/maps/place/Escuela+Primaria+N%C2%BA5+%22Prof.+Alfonso+Sierra+Partida%22/@19.3314167,-99.173184,18z/data=!3m1!4b1!4m6!3m5!1s0x85ce001eb26ec3e5:0x7b065349b3deffd5!8m2!3d19.3314153!4d-99.1724664!16s%2Fg%2F1ptz22mpp?entry=ttu&g_ep=Egoy",TEPEYAUCLE 35C,COYOACÁN,PEDREGAL DE STO DOMINGO IX,PLATSOBSE_ILIFE_1_2_3_ESCUELAS_ALFONSO_SIERRA_PARTIDA_09DPR3231Z_09DPR3231Z,3099,ACTIVO,,,,,,
09DPR1172N,CARLOS A CARRILLO,,ESPACIO_PUBLICO,OBRAS QUE TRANSFORMAN EL ESPACIO PUBLICO Y CONTRIBUYEN AL DERECHO A LA CIUDAD,"1,2,3 POR MI ESCUELA RENOVAR PARA TRANSFORMAR","1,2,3_ESCUELAS",ILIFE,CASA POR CASA,2025,,,,,TERMINADO,100.0,PAULA LOPEZ,PRIMARIA,,,,ILIFE,0101000020E61000003445B0031DC958C0D09ED5F8465E3340,"https://www.google.com/maps/place/Escuela+Primaria+Carlos+A.+Carrillo/@19.368242,-99.1426386,20z/data=!4m14!1m7!3m6!1s0x85d1fe4c78c0c37f:0xdd3b6e0fbc59a288!2sEscuela+Primaria+Carlos+A.+Carrillo!8m2!3d19.3682983!4d-99.1423798!16s%2Fg%2F1q67qpkfj!3m5!1s0x8",MUNICIPIO LIBRE 1301,BENITO JUÁREZ,PORTALES I,PLATSOBSE_ILIFE_1_2_3_ESCUELAS_CARLOS_A_CARRILLO_09DPR1172N_09DPR1172N,3102,ACTIVO,,,,,,
09DJN0387Q,ANTON S MAKARENKO,,ESPACIO_PUBLICO,OBRAS QUE TRANSFORMAN EL ESPACIO PUBLICO Y CONTRIBUYEN AL DERECHO A LA CIUDAD,"1,2,3 POR MI ESCUELA RENOVAR PARA TRANSFORMAR","1,2,3_ESCUELAS",ILIFE,CASA POR CASA,2025,,,,,TERMINADO,100.0,PAULA LOPEZ,PREESCOLAR,,,,ILIFE,0101000020E6100000AC2D8C4AEAC958C020AB3AC2AB5E3340,"https://www.google.com/maps/place/Jard%C3%ADn+de+Ni%C3%B1os+Ant%C3%B3n+S.+Makarenko/@19.3697448,-99.1550489,20.05z/data=!4m6!3m5!1s0x85d1ff023d2afb01:0xa5be4e6070cc0858!8m2!3d19.3697908!4d-99.1547709!16s%2Fg%2F11kjp839xb?entry=ttu&g_ep=EgoyMDI2MDIxMS4wIK",MUNICIPIO LIBRE 200,BENITO JUÁREZ,PORTALES I,PLATSOBSE_ILIFE_1_2_3_ESCUELAS_ANTON_S_MAKARENKO_09DJN0387Q_09DJN0387Q,3103,ACTIVO,,,,,,
09DJN0955S,IXTAYOPAN,,ESPACIO_PUBLICO,OBRAS QUE TRANSFORMAN EL ESPACIO PUBLICO Y CONTRIBUYEN AL DERECHO A LA CIUDAD,"1,2,3 POR MI ESCUELA RENOVAR PARA TRANSFORMAR","1,2,3_ESCUELAS",ILIFE,TERRITORIO DE PAZ,2025,,,,,TERMINADO,100.0,PAULA LOPEZ,PREESCOLAR,,,,ILIFE,0101000020E610000028E4FCD2ABBF58C030BB49F7123D3340,"https://www.google.com/maps/place/jardin+de+ni%C3%B1os+ixtayopan/@19.2384775,-98.9959032,18.99z/data=!4m10!1m2!2m1!1sESCUELA+IXTAYOPAN!3m6!1s0x85ce1b433e152045:0xbf0982fa6a79e59!8m2!3d19.2384723!4d-98.9948643!15sChFFU0NVRUxBIElYVEFZT1BBTloTIhFlc2N1ZWxhIG",CUAUHTEMOC 3,TLÁHUAC,SAN JUAN IXTAYOPAN (PBLO),PLATSOBSE_ILIFE_1_2_3_ESCUELAS_IXTAYOPAN_09DJN0955S_09DJN0955S,3105,ACTIVO,,,,,,
09DES0256H,DELEGACION COYOACAN,,ESPACIO_PUBLICO,OBRAS QUE TRANSFORMAN EL ESPACIO PUBLICO Y CONTRIBUYEN AL DERECHO A LA CIUDAD,"1,2,3 POR MI ESCUELA RENOVAR PARA TRANSFORMAR","1,2,3_ESCUELAS",ILIFE,CASA POR CASA,2025,,,,,TERMINADO,100.0,PAULA LOPEZ,SECUNDARIA,,,,ILIFE,0101000020E6100000F8C5536D27CB58C0C051DC19FB553340,"https://www.google.com/maps/place/Escuela+Secundaria+Diurna+N%C2%B0+256+%22Delegaci%C3%B3n+Coyoac%C3%A1n%22/@19.335481,-99.1757803,18.28z/data=!4m6!3m5!1s0x85d1ffd72d888de3:0xd1cec5ae22d70084!8m2!3d19.3358253!4d-99.1742656!16s%2Fg%2F1tftrfjw?entry=ttu&g_",EJE VIAL 10 SUR PEDRO ENRIQUEZ UREÑA SN,COYOACÁN,COPILCO UNIVERSIDAD II,PLATSOBSE_ILIFE_1_2_3_ESCUELAS_DELEGACION_COYOACAN_09DES0256H_09DES0256H,3106,ACTIVO,,,,,,
201,201 PARQUE SOLIDARIDAD,13.0,GRANDES_OBRAS,GRANDES OBRAS QUE TRANSFORMAN LA CAPITAL,EL BALON VUELVE AL BARRIO,BALON_BARRIO,DGCOP,OBRAS DEL MUNDIAL,2026,2026-05-27 20:04:07.159,actualizacion_dgpest,2026-04-30,,INAUGURADA,100.0,PAULA LOPEZ,FUTBOL RAPIDO,1200.0,CONCRETO,,DGPEST,0101000020E610000064E94317D4C958C02DB308C556883340,https://maps.app.goo.gl/PGPZU8vM5ZGrNydn7,"07264, AUTOMATAZACION MZ19LT12, SOLIDARIDAD NACIONAL, GUSTAVO A. MADERO, CIUDAD DE MÉXICO, CDMX",GUSTAVO A. MADERO,SOLIDARIDAD NACIONAL,PLATSOBSE_DGCOP_BALON_BARRIO_201_PARQUE_SOLIDARIDAD_201,2546,ACTIVO,,,,,,
09DJN0390D,EDUARDO CLAPAREDE,,ESPACIO_PUBLICO,OBRAS QUE TRANSFORMAN EL ESPACIO PUBLICO Y CONTRIBUYEN AL DERECHO A LA CIUDAD,"1,2,3 POR MI ESCUELA RENOVAR PARA TRANSFORMAR","1,2,3_ESCUELAS",DGCOP,CASA POR CASA,2025,2026-06-10 16:34:07.803,actualizacion_dgcop,,,EN PROCESO,96.5,PAULA LOPEZ,PREESCOLAR,,,,DGCOP,0101000020E610000055F65D11FCCC58C0A30227DBC0813340,https://maps.app.goo.gl/UADAZSXBE5SfyBgh6,PLANETAS,AZCAPOTZALCO,EL ROSARIO C (U HAB),PLATSOBSE_DGCOP_1_2_3_ESCUELAS_EDUARDO_CLAPAREDE_09DJN0390D_09DJN0390D,2906,ACTIVO,,,,,,
09DPR3043G,LEONA VICARIO,,ESPACIO_PUBLICO,OBRAS QUE TRANSFORMAN EL ESPACIO PUBLICO Y CONTRIBUYEN AL DERECHO A LA CIUDAD,"1,2,3 POR MI ESCUELA RENOVAR PARA TRANSFORMAR","1,2,3_ESCUELAS",DGCOP,CASA POR CASA,2025,2026-06-10 16:34:33.521,actualizacion_dgcop,,,EN PROCESO,96.19,PAULA LOPEZ,PRIMARIA,,,,DGCOP,0101000020E610000023DDCF29C8C958C0BCCADAA6788C3340,https://maps.app.goo.gl/gakXuuMd9KE2PT7t8,MICHOACAN,GUSTAVO A. MADERO,CHALMA DE GUADALUPE II,PLATSOBSE_DGCOP_1_2_3_ESCUELAS_LEONA_VICARIO_09DPR3043G_09DPR3043G,2942,ACTIVO,,,,,,
09DPR1779A,VICENTE GUERRERO,,ESPACIO_PUBLICO,OBRAS QUE TRANSFORMAN EL ESPACIO PUBLICO Y CONTRIBUYEN AL DERECHO A LA CIUDAD,"1,2,3 POR MI ESCUELA RENOVAR PARA TRANSFORMAR","1,2,3_ESCUELAS",DGCOP,CASA POR CASA,2025,2026-06-03 18:31:14.713,actualizacion_dgcop,,,TERMINADO,100.0,PAULA LOPEZ,PRIMARIA,,,,DGCOP,0101000020E6100000F4346090F4D158C0C53C2B69C5573340,https://maps.app.goo.gl/ksxqzchARFvHFrde8,MINA,CUAJIMALPA DE MORELOS,SAN MATEO TLALTENANGO (PBLO),PLATSOBSE_DGCOP_1_2_3_ESCUELAS_VICENTE_GUERRERO_09DPR1779A_09DPR1779A,2982,ACTIVO,,,,,,
126,126 PARQUE DEPORTIVO HUITZICO,13.0,GRANDES_OBRAS,GRANDES OBRAS QUE TRANSFORMAN LA CAPITAL,EL BALON VUELVE AL BARRIO,BALON_BARRIO,DGSUS,OBRAS DEL MUNDIAL,2026,2026-05-13 19:03:33.646,actualizacion_dgpest,2026-04-22,,INAUGURADA,100.0,PAULA LOPEZ,MULTICANCHA,600.0,CONCRETO,"SE ELIMINO LA CANCHA, POR TAL MOTIVO SE MUEVE LA UBICACION A LA MULTICANCHA QUE ANTERIORMENTE TENIA EL ID 303. INICIA TRABAJOS EL LUNES 25 DE ENERO",DGPEST,0101000020E6100000ED0DBE3099BE58C00C01C0B167533340,https://maps.app.goo.gl/cH47XQi9CTgrTN2U8,"EMILIANO ZAPATA, IZTAPALAPA, 13119 CIUDAD DE MÉXICO, CDMX",IZTAPALAPA,HUITZICO,PLATSOBSE_DGSUS_BALON_BARRIO_126_PARQUE_DEPORTIVO_HUITZICO_126,2708,ACTIVO,,,,,,
09DDI0015D,CAI SEP NO 15 CAROLINA AGAZZI,,ESPACIO_PUBLICO,OBRAS QUE TRANSFORMAN EL ESPACIO PUBLICO Y CONTRIBUYEN AL DERECHO A LA CIUDAD,"1,2,3 POR MI ESCUELA RENOVAR PARA TRANSFORMAR","1,2,3_ESCUELAS",DGCOP,CASA POR CASA,2025,2026-06-03 18:41:13.237,actualizacion_dgcop,,,TERMINADO,100.0,PAULA LOPEZ,CAI,,,,DGCOP,0101000020E6100000D13FC1C58ACB58C077BF0AF0DD7E3340,https://maps.app.goo.gl/aUmfSbCTDdcpf2So6,"C. ROSAS MORENO,",AZCAPOTZALCO,SANTA BARBARA (PBLO),PLATSOBSE_DGCOP_1_2_3_ESCUELAS_CAI_SEP_NO_15_CAROLINA_AGAZZI_09DDI0015D_09DDI0015D,2844,ACTIVO,,,,,,
134,134 EJERCITO DE ORIENTE,13.0,GRANDES_OBRAS,GRANDES OBRAS QUE TRANSFORMAN LA CAPITAL,EL BALON VUELVE AL BARRIO,BALON_BARRIO,DGSUS,OBRAS DEL MUNDIAL,2026,2026-05-20 17:37:10.805,actualizacion_dgpest,,,TERMINADO,100.0,PAULA LOPEZ,FUTBOL RAPIDO,1200.0,CONCRETO,,DGPEST,0101000020E610000047E6913F18C258C06A4E5E6402623340,https://maps.app.goo.gl/c9JivRZGkeSiCWSz9,"Calz. Ignacio Zaragoza, Ejército de Oriente Indeco II Issste, Iztapalapa, 09230 Ciudad de México, CDMX",IZTAPALAPA,EJERCITO DE ORIENTE,PLATSOBSE_DGSUS_BALON_BARRIO_134_EJERCITO_DE_ORIENTE_134,2711,ACTIVO,,,,,,
09DJN0478H,JOSEFA MURILLO,,ESPACIO_PUBLICO,OBRAS QUE TRANSFORMAN EL ESPACIO PUBLICO Y CONTRIBUYEN AL DERECHO A LA CIUDAD,"1,2,3 POR MI ESCUELA RENOVAR PARA TRANSFORMAR","1,2,3_ESCUELAS",DGCOP,CASA POR CASA,2025,2026-06-03 18:42:03.402,actualizacion_dgcop,,,TERMINADO,100.0,PAULA LOPEZ,PREESCOLAR,,,,DGCOP,0101000020E6100000E085ADD9CAC758C0904AB1A371703340,https://maps.app.goo.gl/eDiVwynW98r14SnA9,NICOLAS BRAVO,VENUSTIANO CARRANZA,MORELOS I,PLATSOBSE_DGCOP_1_2_3_ESCUELAS_JOSEFA_MURILLO_09DJN0478H_09DJN0478H,2858,ACTIVO,,,,,,
251,251 AV. 414-A,13.0,GRANDES_OBRAS,GRANDES OBRAS QUE TRANSFORMAN LA CAPITAL,EL BALON VUELVE AL BARRIO,BALON_BARRIO,DGOT,OBRAS DEL MUNDIAL,2026,2026-05-13 18:06:52.570,actualizacion_dgpest,,,TERMINADO,100.0,PAULA LOPEZ,FUTBOL RAPIDO,1200.0,CONCRETO,,DGPEST,0101000020E61000009279E40F06C458C0942F682101773340,https://maps.app.goo.gl/Vp4njngWJ1WuLzjw5,"AV 414-A 14, SAN JUAN DE ARAGÓN VI SECC, GUSTAVO A. MADERO, 07918 CIUDAD DE MÉXICO, CDMX",GUSTAVO A. MADERO,SAN JUAN DE ARAGON 6A SECCION (U HAB) II,PLATSOBSE_DGOT_BALON_BARRIO_251_AV_414_A_251,2473,ACTIVO,,,,,,
09DPR3102F,NARCISO BASSOLS,,ESPACIO_PUBLICO,OBRAS QUE TRANSFORMAN EL ESPACIO PUBLICO Y CONTRIBUYEN AL DERECHO A LA CIUDAD,"1,2,3 POR MI ESCUELA RENOVAR PARA TRANSFORMAR","1,2,3_ESCUELAS",DGCOP,CASA POR CASA,2025,2026-06-10 17:16:53.977,actualizacion_dgcop,,,EN PROCESO,94.6,PAULA LOPEZ,PRIMARIA,,,,DGCOP,0101000020E610000096B377465BCD58C00D535BEA20833340,https://maps.app.goo.gl/uph7DQUuGhis9Wud7,MATEMATICAS,AZCAPOTZALCO,EL ROSARIO A (U HAB),PLATSOBSE_DGCOP_1_2_3_ESCUELAS_NARCISO_BASSOLS_09DPR3102F_09DPR3102F,2998,ACTIVO,,,,,,
70,70 DEPORTIVO SAN LUIS TLAXIALTEMALCO,13.0,GRANDES_OBRAS,GRANDES OBRAS QUE TRANSFORMAN LA CAPITAL,EL BALON VUELVE AL BARRIO,BALON_BARRIO,DGOIV,OBRAS DEL MUNDIAL,2026,2026-06-10 17:33:39.060,actualizacion_dgpest,,,TERMINADO,100.0,PAULA LOPEZ,FUTBOL 7,1750.0,PASTO NATURAL,,DGPEST,0101000020E6100000EA04341136C258C0BB7B80EECB413340,https://maps.app.goo.gl/MRnAN48UjcUc18nv9,"AV. 5 DE MAYO, SAN LUIS TLAXIALTEMALCO, XOCHIMILCO, 16610 CIUDAD DE MÉXICO, CDMX",XOCHIMILCO,SAN LUIS TLAXIALTEMALCO (PBLO),PLATSOBSE_DGOIV_BALON_BARRIO_70_DEPORTIVO_SAN_LUIS_TLAXIALTEMALCO_70,2507,ACTIVO,,,,,,
174,174 HIDROGENO Y URANO,13.0,GRANDES_OBRAS,GRANDES OBRAS QUE TRANSFORMAN LA CAPITAL,EL BALON VUELVE AL BARRIO,BALON_BARRIO,DGCOP,OBRAS DEL MUNDIAL,2026,2026-06-10 17:34:21.317,actualizacion_dgpest,,,TERMINADO,100.0,PAULA LOPEZ,FÚTBOL RÁPIDO,600.0,CONCRETO,,DGPEST,0101000020E61000004F2734A4E5CC58C09A492FC5B0823340,https://maps.app.goo.gl/D2Qnsw3AmppZwB7KA,"Uranio 22, El Rosario, Azcapotzalco, 02100 Ciudad de México, CDMX",AZCAPOTZALCO,EL ROSARIO,PLATSOBSE_DGCOP_BALON_BARRIO_174_HIDROGENO_Y_URANO_174,2537,ACTIVO,,,,,,
09DPR2879G,JESUS MASTACHE ROMAN,,ESPACIO_PUBLICO,OBRAS QUE TRANSFORMAN EL ESPACIO PUBLICO Y CONTRIBUYEN AL DERECHO A LA CIUDAD,"1,2,3 POR MI ESCUELA RENOVAR PARA TRANSFORMAR","1,2,3_ESCUELAS",DGCOP,CASA POR CASA,2025,2026-06-03 18:33:32.134,actualizacion_dgcop,,,TERMINADO,100.0,PAULA LOPEZ,PRIMARIA,,,,DGCOP,0101000020E610000087FBC8AD49C758C0A0E062450D623340,https://maps.app.goo.gl/UJ7j9Z6vdz35ZUMG7,VALENTIN GOMEZ FARIAS,IZTACALCO,CAMPAMENTO 2 DE OCTUBRE I,PLATSOBSE_DGCOP_1_2_3_ESCUELAS_JESUS_MASTACHE_ROMAN_09DPR2879G_09DPR2879G,2922,ACTIVO,,,,,,
09DJN1234T,KAMBESAH,,ESPACIO_PUBLICO,OBRAS QUE TRANSFORMAN EL ESPACIO PUBLICO Y CONTRIBUYEN AL DERECHO A LA CIUDAD,"1,2,3 POR MI ESCUELA RENOVAR PARA TRANSFORMAR","1,2,3_ESCUELAS",DGCOP,CASA POR CASA,2025,2026-06-03 18:40:17.913,actualizacion_dgcop,,,TERMINADO,100.0,PAULA LOPEZ,PREESCOLAR,,,,DGCOP,0101000020E610000081ED60C43ECF58C09A7D1EA33C473340,https://maps.app.goo.gl/FDjByvBbrsRAhCi16,AVENIDA FERROCARRIL CUERNAVACA,TLALPAN,PEDREGAL DE SN NICOLAS 4A SECC II,PLATSOBSE_DGCOP_1_2_3_ESCUELAS_KAMBESAH_09DJN1234T_09DJN1234T,2791,ACTIVO,,,,,,
283,283 DEPORTIVO SAN LORENZO TLACOYUCAN,13.0,GRANDES_OBRAS,GRANDES OBRAS QUE TRANSFORMAN LA CAPITAL,EL BALON VUELVE AL BARRIO,BALON_BARRIO,DGPEST,OBRAS DEL MUNDIAL,2026,2026-05-13 18:33:52.130,actualizacion_dgpest,,,TERMINADO,100.0,PAULA LOPEZ,FUTBOL 11,4050.0,PASTO SINTETICO,,DGPEST,0101000020E61000004B9352D0EDC158C03B3AAE46762D3340,https://maps.app.goo.gl/tN6eHUQ1ZX1C6fkR9,"CONSULADO 2, VILLA MILPA ALTA, SAN LORENZO TLACOYUCAN, MILPA ALTA, 12500 SAN LORENZO TLACOYUCAN, CDMX",MILPA ALTA,PUEBLO SAN LORENZO TLACOYUCAN,PLATSOBSE_DGPEST_BALON_BARRIO_283_DEPORTIVO_SAN_LORENZO_TLACOYUCAN_283,2561,ACTIVO,,,,,,
186,"186 DEPORTIVO ""MANUEL M. PONCE""",13.0,GRANDES_OBRAS,GRANDES OBRAS QUE TRANSFORMAN LA CAPITAL,EL BALON VUELVE AL BARRIO,BALON_BARRIO,DGCOP,OBRAS DEL MUNDIAL,2026,2026-05-13 18:34:45.427,actualizacion_dgpest,,,TERMINADO,100.0,PAULA LOPEZ,FUTBOL 11,4050.0,TIERRA,,DGPEST,0101000020E6100000ABCFD556ECC758C04F745DF8C1813340,https://maps.app.goo.gl/SPDZifRcpFb9YEy17,"ESQUINA VIÑA DEL MAR, SANTIAGO DE CHILE 9, SAN PEDRO ZACATENCO, GUSTAVO A. MADERO, 07360 CIUDAD DE MÉXICO, CDMX",GUSTAVO A. MADERO,SAN PEDRO ZACATENCO,PLATSOBSE_DGCOP_BALON_BARRIO_186_DEPORTIVO_MANUEL_M_PONCE_186,2706,ACTIVO,,,,,,
512,512 LAZARO CARDENAS,13.0,GRANDES_OBRAS,GRANDES OBRAS QUE TRANSFORMAN LA CAPITAL,EL BALON VUELVE AL BARRIO,BALON_BARRIO,DGPEST,OBRAS DEL MUNDIAL,2026,2026-05-13 18:41:55.120,actualizacion_dgpest,,,TERMINADO,100.0,PAULA LOPEZ,FÚTBOL RÁPIDO,,CONCRETO,,DGPEST,0101000020E6100000EB2CC4349DC258C0C7B546A929423340,"https://maps.app.goo.gl/H2eUwevRiNtrr5Be6
","Cda. Lázaro Cárdenas 36, San Luis Tlaxialtemalco, Xochimilco, 16610 Ciudad de México, CDMX
",XOCHIMILCO,SAN LUIS TLAXIALTEMALCO,PLATSOBSE_DGPEST_BALON_BARRIO_512_LAZARO_CARDENAS_512,2571,ACTIVO,,,,,,
09DPR2817U,PROFR. JOSE ROMERO Y FUENTES,,ESPACIO_PUBLICO,OBRAS QUE TRANSFORMAN EL ESPACIO PUBLICO Y CONTRIBUYEN AL DERECHO A LA CIUDAD,"1,2,3 POR MI ESCUELA RENOVAR PARA TRANSFORMAR","1,2,3_ESCUELAS",DGCOP,CASA POR CASA,2025,2026-06-03 19:03:24.962,actualizacion_dgcop,,,TERMINADO,100.0,PAULA LOPEZ,PRIMARIA,,,,DGCOP,0101000020E61000009563B2B8FFC358C0410DDFC2BA513340,https://maps.app.goo.gl/uahrTjFjPa4DRJJ7A,AV. 2,IZTAPALAPA,LOMAS DE SAN LORENZO II,PLATSOBSE_DGCOP_1_2_3_ESCUELAS_PROFR_JOSE_ROMERO_Y_FUENTES_09DPR2817U_09DPR2817U,2881,ACTIVO,,,,,,
09DPR2090K,REPUBLICA DE MADAGASCAR,,ESPACIO_PUBLICO,OBRAS QUE TRANSFORMAN EL ESPACIO PUBLICO Y CONTRIBUYEN AL DERECHO A LA CIUDAD,"1,2,3 POR MI ESCUELA RENOVAR PARA TRANSFORMAR","1,2,3_ESCUELAS",DGCOP,AUTORIDAD EDUCATIVA FEDERAL,2025,2026-06-10 16:35:44.742,actualizacion_dgcop,,,EN PROCESO,95.45,PAULA LOPEZ,PRIMARIA,,,,DGCOP,0101000020E6100000BEDBBC7152C358C0BD1AA034D4583340,https://maps.app.goo.gl/Hv3Z848z655Qynmt6,JACARANDAS,IZTAPALAPA,JACARANDAS,PLATSOBSE_DGCOP_1_2_3_ESCUELAS_REPUBLICA_DE_MADAGASCAR_09DPR2090K_09DPR2090K,2996,ACTIVO,,,,,,
19,"19 MODULO DEPORTIVO ""JARDIN PINO SUAREZ""",13.0,GRANDES_OBRAS,GRANDES OBRAS QUE TRANSFORMAN LA CAPITAL,EL BALON VUELVE AL BARRIO,BALON_BARRIO,DGOIV,OBRAS DEL MUNDIAL,2026,2026-05-13 19:21:47.690,actualizacion_dgpest,2026-03-26,,INAUGURADA,100.0,PAULA LOPEZ,FUTBOL RAPIDO,1200.0,CONCRETO,,DGPEST,0101000020E610000086E63A8DB4CC58C0E1D39CBCC8643340,https://maps.app.goo.gl/2jSmEuBPGBfoKP3E6,"CALLE JDN 54, JOSÉMARÍA PINO SUÁREZ, ÁLVARO OBREGÓN, 01140 CIUDAD DE MÉXICO, CDMX",ÁLVARO OBREGÓN,JOSE MARIA PINO SUAREZ,PLATSOBSE_DGOIV_BALON_BARRIO_19_MODULO_DEPORTIVO_JARDIN_PINO_SUAREZ_19,2488,ACTIVO,,,,,,
80,80 DEPORTIVO CASA POPULAR,13.0,GRANDES_OBRAS,GRANDES OBRAS QUE TRANSFORMAN LA CAPITAL,EL BALON VUELVE AL BARRIO,BALON_BARRIO,DGOIV,OBRAS DEL MUNDIAL,2026,2026-05-13 20:22:03.417,actualizacion_dgpest,2026-03-31,,INAUGURADA,100.0,PAULA LOPEZ,FUTBOL RAPIDO,1200.0,CONCRETO,,DGPEST,0101000020E6100000C7116BF129CE58C04D49D6E1E8523340,https://maps.app.goo.gl/6aQ6vYvi1U42kqVe7,"Av. Luis Cabrera, San Jerónimo Lídice, La Magdalena Contreras, 10200 Ciudad de México, CDMX",LA MAGDALENA CONTRERAS,SAN JERONIMO LIDICE,PLATSOBSE_DGOIV_BALON_BARRIO_80_DEPORTIVO_CASA_POPULAR_80,2478,ACTIVO,,,,,,
109,109 PARQUE DEPORTIVO HUITZICO,13.0,GRANDES_OBRAS,GRANDES OBRAS QUE TRANSFORMAN LA CAPITAL,EL BALON VUELVE AL BARRIO,BALON_BARRIO,DGSUS,OBRAS DEL MUNDIAL,2026,2026-05-13 18:58:00.563,actualizacion_dgpest,2026-04-02,,INAUGURADA,100.0,PAULA LOPEZ,FUTBOL RAPIDO,1200.0,CONCRETO,,DGPEST,0101000020E6100000D3D050ED9DBE58C0A5F21BCB60533340,https://maps.app.goo.gl/jtiJvS62oxvVHDqH8,"EMILIANO ZAPATA, IZTAPALAPA, 13119 CIUDAD DE MÉXICO, CDMX",IZTAPALAPA,HUITZICO,PLATSOBSE_DGSUS_BALON_BARRIO_109_PARQUE_DEPORTIVO_HUITZICO_109,2479,ACTIVO,,,,,,
154,"154 CANCHA ""TIERRA UNIDA""",13.0,GRANDES_OBRAS,GRANDES OBRAS QUE TRANSFORMAN LA CAPITAL,EL BALON VUELVE AL BARRIO,BALON_BARRIO,DGSUS,OBRAS DEL MUNDIAL,2026,,,,,TERMINADO,100.0,PAULA LOPEZ,MULTICANCHA,600.0,CONCRETO,OBRA POR ADMINISTRACION,DGPEST,0101000020E61000005A8121AB5BD158C02E9276A38F4D3340,https://maps.app.goo.gl/8RbUwHz93pETU7qE7,AND 14,LA MAGDALENA CONTRERAS,PUEBLO SAN BERNABE OCOTEPEC,PLATSOBSE_DGSUS_BALON_BARRIO_154_CANCHA_TIERRA_UNIDA_154,2471,ACTIVO,,,,,,
165,165 PARQUE CANTERA,13.0,GRANDES_OBRAS,GRANDES OBRAS QUE TRANSFORMAN LA CAPITAL,EL BALON VUELVE AL BARRIO,BALON_BARRIO,DGSUS,OBRAS DEL MUNDIAL,2026,,,,,TERMINADO,100.0,PAULA LOPEZ,MULTICANCHA,600.0,CONCRETO,OBRA POR ADMINISTRACION,DGPEST,0101000020E6100000F44F70B1A2CA58C0DA1F28B7ED4F3340,https://maps.app.goo.gl/FnW34JSRoL8Qeee39,"AV. DEL IMÁN 263, AJUSCO, COYOACÁN, 04300 CIUDAD DE MÉXICO, CDMX",COYOACÁN,AJUSCO,PLATSOBSE_DGSUS_BALON_BARRIO_165_PARQUE_CANTERA_165,2534,ACTIVO,,,,,,
506,506 KID AZTECA III,13.0,GRANDES_OBRAS,GRANDES OBRAS QUE TRANSFORMAN LA CAPITAL,EL BALON VUELVE AL BARRIO,BALON_BARRIO,DGSUS,OBRAS DEL MUNDIAL,2026,2026-05-13 18:24:25.245,actualizacion_dgpest,,,TERMINADO,100.0,PAULA LOPEZ,FÚTBOL RÁPIDO,600.0,CONCRETO,,DGPEST,0101000020E6100000BB9A3C6535C858C0FFE6C589AF723340,https://maps.app.goo.gl/W8xGHApwTThAyaoo6,"Tenochtitlan, Tepito, Morelos, Cuauhtémoc, 06200 Ciudad de México, CDMX",CUAUHTÉMOC,MORELOS II,PLATSOBSE_DGSUS_BALON_BARRIO_506_KID_AZTECA_III_506,2570,ACTIVO,,,,,,
15,15 BIBLIOTECA LOMAS DE LA ERA,13.0,GRANDES_OBRAS,GRANDES OBRAS QUE TRANSFORMAN LA CAPITAL,EL BALON VUELVE AL BARRIO,BALON_BARRIO,DGOIV,OBRAS DEL MUNDIAL,2026,,,,,TERMINADO,100.0,PAULA LOPEZ,FUTBOL RAPIDO,1200.0,PASTO SINTETICO,,DGPEST,0101000020E610000031992A1895D058C08AE8D7D64F533340,https://maps.app.goo.gl/uY9ch6mVz6FNfJyo6,"AND. 29 DE OCTUBRE, LOMAS DE LA ERA, ÁLVARO OBREGÓN, 01860 CIUDAD DE MÉXICO, CDMX",ÁLVARO OBREGÓN,LOMAS DE LA ERA,PLATSOBSE_DGOIV_BALON_BARRIO_15_BIBLIOTECA_LOMAS_DE_LA_ERA_15,2647,ACTIVO,,,,,,
28,28 PILARES AJUSCO COYOACAN (CANTERA),13.0,GRANDES_OBRAS,GRANDES OBRAS QUE TRANSFORMAN LA CAPITAL,EL BALON VUELVE AL BARRIO,BALON_BARRIO,DGOIV,OBRAS DEL MUNDIAL,2026,,,,,TERMINADO,100.0,PAULA LOPEZ,MULTICANCHA,600.0,CONCRETO,,DGPEST,0101000020E61000007B832F4CA6CA58C0D74FFF59F34F3340,https://maps.app.goo.gl/aHghja1rUfdpXJRS9,"AV. DEL IMÁN 263, AJUSCO, COYOACÁN, 04300 CIUDAD DE MÉXICO, CDMX",COYOACÁN,AJUSCO,PLATSOBSE_DGOIV_BALON_BARRIO_28_PILARES_AJUSCO_COYOACAN_CANTERA_28,2675,ACTIVO,,,,,,
132,132 CAMELLON LAS TORRES,13.0,GRANDES_OBRAS,GRANDES OBRAS QUE TRANSFORMAN LA CAPITAL,EL BALON VUELVE AL BARRIO,BALON_BARRIO,DGSUS,OBRAS DEL MUNDIAL,2026,,,,,TERMINADO,100.0,PAULA LOPEZ,FUTBOL RAPIDO,1200.0,CONCRETO,,DGPEST,0101000020E610000076543541D4CF58C086E7A56263523340,https://maps.app.goo.gl/YWnTLMe6RPA3Q76b7,"AV. DE LAS TORRES 33, LOS PADRES, LA MAGDALENA CONTRERAS, 10340 CIUDAD DE MÉXICO, CDMX",LA MAGDALENA CONTRERAS,LOS PADRES,PLATSOBSE_DGSUS_BALON_BARRIO_132_CAMELLON_LAS_TORRES_132,2710,ACTIVO,,,,,,
149,149 DEPORTIVO TIBIO MUNOZ,13.0,GRANDES_OBRAS,GRANDES OBRAS QUE TRANSFORMAN LA CAPITAL,EL BALON VUELVE AL BARRIO,BALON_BARRIO,DGSUS,OBRAS DEL MUNDIAL,2026,2026-05-13 18:47:19.078,actualizacion_dgpest,,,TERMINADO,100.0,PAULA LOPEZ,MULTICANCHA,600.0,CONCRETO,OBRA POR ADMINISTRACION,DGPEST,0101000020E6100000CF31207BBDC358C0D6AC33BE2F6E3340,https://maps.app.goo.gl/VZ4qgd95PNz8PTY8A,"XOCHITLÁN SUR, ARENAL 4TA SECC, VENUSTIANO CARRANZA, 15620 CIUDAD DE MÉXICO, CDMX",VENUSTIANO CARRANZA,ARENAL 3A SECCION,PLATSOBSE_DGSUS_BALON_BARRIO_149_DEPORTIVO_TIBIO_MUNOZ_149,2714,ACTIVO,,,,,,
206,206 CANCHAS SANDALO,13.0,GRANDES_OBRAS,GRANDES OBRAS QUE TRANSFORMAN LA CAPITAL,EL BALON VUELVE AL BARRIO,BALON_BARRIO,DGCOP,OBRAS DEL MUNDIAL,2026,,,,,TERMINADO,100.0,PAULA LOPEZ,FUTBOL RAPIDO,1200.0,PASTO SINTETICO,,DGPEST,0101000020E6100000F3599E0777C958C0363AE7A738763340,https://maps.app.goo.gl/xCkT5F5eaVM93v4Z8,"SANTA MARÍA INSURGENTES, CUAUHTÉMOC, 06430 CIUDAD DE MÉXICO, CDMX",CUAUHTÉMOC,SANTA MARIA INSURGENTES,PLATSOBSE_DGCOP_BALON_BARRIO_206_CANCHAS_SANDALO_206,2733,ACTIVO,,,,,,
240,240 PILARES FRAY SERVANDO,13.0,GRANDES_OBRAS,GRANDES OBRAS QUE TRANSFORMAN LA CAPITAL,EL BALON VUELVE AL BARRIO,BALON_BARRIO,DGOT,OBRAS DEL MUNDIAL,2026,2026-05-13 19:29:43.891,actualizacion_dgpest,2026-04-18,,INAUGURADA,100.0,PAULA LOPEZ,FUTBOL RAPIDO,1200.0,CONCRETO,,DGPEST,0101000020E610000077A1B94E23C758C0317903CC7C6B3340,https://maps.app.goo.gl/xq6ERbqFJvmn7zoy9,FRAY SERVANDO TERESA DE MIER & FRANCISCO DEL PASO Y TRONCOSO,VENUSTIANO CARRANZA,JARDIN BALBUENA,PLATSOBSE_DGOT_BALON_BARRIO_240_PILARES_FRAY_SERVANDO_240,2745,ACTIVO,,,,,,
09DES0233X,ALFONSO NORIEGA CANTU,,ESPACIO_PUBLICO,OBRAS QUE TRANSFORMAN EL ESPACIO PUBLICO Y CONTRIBUYEN AL DERECHO A LA CIUDAD,"1,2,3 POR MI ESCUELA RENOVAR PARA TRANSFORMAR","1,2,3_ESCUELAS",DGCOP,CASA POR CASA,2025,2026-05-27 18:44:54.843,actualizacion_dgcop,,,TERMINADO,100.0,PAULA LOPEZ,SECUNDARIA,,,,DGCOP,0101000020E6100000F65D4624B6CB58C09FBAF909177F3340,https://maps.app.goo.gl/7aZN2E15oJfsc7Qm9,AV. GUADALUPE,AZCAPOTZALCO,PANTITLAN III,PLATSOBSE_DGCOP_1_2_3_ESCUELAS_ALFONSO_NORIEGA_CANTU_09DES0233X_09DES0233X,2772,ACTIVO,,,,,,
265,265 VILLAS PANAMERICANA SECC 7/COY,13.0,GRANDES_OBRAS,GRANDES OBRAS QUE TRANSFORMAN LA CAPITAL,EL BALON VUELVE AL BARRIO,BALON_BARRIO,DGPEST,OBRAS DEL MUNDIAL,2026,2026-05-13 19:57:39.376,actualizacion_dgpest,2026-04-06,,INAUGURADA,100.0,PAULA LOPEZ,MULTICANCHA,600.0,CONCRETO,,DGPEST,0101000020E610000069520ABABDCA58C059349D9D0C4E3340,https://maps.app.goo.gl/tKLqqKYnWwtfYqJ57,"Av. de la Libertad s/n, Pedregal de Carrasco, Coyoacán, 04700 Ciudad de México, CDMX",COYOACÁN,VILLA PANAMERICANA,PLATSOBSE_DGPEST_BALON_BARRIO_265_VILLAS_PANAMERICANA_SECC_7_COY_265,2752,ACTIVO,,,,,,
5,5 CETRAM TLAHUAC,13.0,GRANDES_OBRAS,GRANDES OBRAS QUE TRANSFORMAN LA CAPITAL,EL BALON VUELVE AL BARRIO,BALON_BARRIO,DGOIV,OBRAS DEL MUNDIAL,2026,,,,,INAUGURADA,100.0,PAULA LOPEZ,FUTBOL 11,4050.0,PASTO SINTETICO,,DGPEST,0101000020E6100000ACE28DCC23C158C03ACB2C42B1493340,https://maps.app.goo.gl/w6B6hEBG46vyrAa39,"ANTONIO BÉJAR 20, EL TRIÁNGULO, TLÁHUAC, 13460 CIUDAD DE MÉXICO, CDMX",TLÁHUAC,EL TRIANGULO,PLATSOBSE_DGOIV_BALON_BARRIO_5_CETRAM_TLAHUAC_5,2762,ACTIVO,,,,,,
287,287 PILARES TIERRA BLANCA,13.0,GRANDES_OBRAS,GRANDES OBRAS QUE TRANSFORMAN LA CAPITAL,EL BALON VUELVE AL BARRIO,BALON_BARRIO,DGPEST,OBRAS DEL MUNDIAL,2026,,,,,TERMINADO,100.0,PAULA LOPEZ,FUTBOL RAPIDO,1200.0,CONCRETO,,DGPEST,0101000020E6100000D5CF9B8A54C058C042EBE1CB443D3340,https://maps.app.goo.gl/5hkL1RKbDfjnpZzi9,C. PINO S/N ESQ. LA BARRANCA,TLÁHUAC,TIERRA BLANCA,PLATSOBSE_DGPEST_BALON_BARRIO_287_PILARES_TIERRA_BLANCA_287,2764,ACTIVO,,,,,,
236,236 MULTICANCHA PARQUE ZARAGOZA,13.0,GRANDES_OBRAS,GRANDES OBRAS QUE TRANSFORMAN LA CAPITAL,EL BALON VUELVE AL BARRIO,BALON_BARRIO,DGOT,OBRAS DEL MUNDIAL,2026,2026-05-13 19:29:17.505,actualizacion_dgpest,2026-04-12,,INAUGURADA,100.0,PAULA LOPEZ,MULTICANCHA,600.0,CONCRETO,,DGPEST,0101000020E6100000A583F57F0EC558C09833DB15FA683340,https://maps.app.goo.gl/ct3SKSZXQHmg72949,"CALZ. IGNACIO ZARAGOZA 505, PUEBLA, VENUSTIANO CARRANZA, 09220 CIUDAD DE MÉXICO, CDMX",VENUSTIANO CARRANZA,PUEBLA,PLATSOBSE_DGOT_BALON_BARRIO_236_MULTICANCHA_PARQUE_ZARAGOZA_236,2744,ACTIVO,,,,,,
241,241 PILARES FELIPE ANGELES,13.0,GRANDES_OBRAS,GRANDES OBRAS QUE TRANSFORMAN LA CAPITAL,EL BALON VUELVE AL BARRIO,BALON_BARRIO,DGOT,OBRAS DEL MUNDIAL,2026,2026-05-13 19:30:29.992,actualizacion_dgpest,2026-04-18,,INAUGURADA,100.0,PAULA LOPEZ,MULTICANCHA,600.0,CONCRETO,,DGPEST,0101000020E6100000139B8F6B43C758C0C7293A92CB733340,https://maps.app.goo.gl/Lx7KKdvofGj7jF8BA,ESTAÑO S/N,VENUSTIANO CARRANZA,FELIPE ANGELES,PLATSOBSE_DGOT_BALON_BARRIO_241_PILARES_FELIPE_ANGELES_241,2746,ACTIVO,,,,,,
11,TLATELOLCO PUENTE DE PIEDRA,,ESPACIO_PUBLICO,OBRAS QUE TRANSFORMAN EL ESPACIO PUBLICO Y CONTRIBUYEN AL DERECHO A LA CIUDAD,MODULOS DE POLICIAS,MOD_POLICIA,DGCOP,TLATELOLCO MI AMOR,2025,,,,,INAUGURADA,100.0,PAULA LOPEZ,MODULO DE POLICIAS,,,,DGCOP,0101000020E6100000BF60376C5BC958C0F1BA7EC16E743340,https://maps.app.goo.gl/bHGng73Wrand3Uht5,PUENTE DE PIEDRA,CUAUHTÉMOC,TLATELOLCO,PLATSOBSE_DGCOP_MOD_POLICIA_TLATELOLCO_PUENTE_DE_PIEDRA_11,3185,ACTIVO,,,,,,
09DES0004D,MOISES SAENZ,,ESPACIO_PUBLICO,OBRAS QUE TRANSFORMAN EL ESPACIO PUBLICO Y CONTRIBUYEN AL DERECHO A LA CIUDAD,"1,2,3 POR MI ESCUELA RENOVAR PARA TRANSFORMAR","1,2,3_ESCUELAS",ILIFE,PLANTEL ADICIONAL 2025,2025,,,,,TERMINADO,100.0,PAULA LOPEZ,SECUNDARIA,,,,ILIFE,0101000020E6100000A8843A1E33CA58C0106B2A8716713340,https://maps.app.goo.gl/zAMdtdeFPbYDpc2w8,AVENIDA RIBERA DE SAN COSME 61,CUAUHTÉMOC,SANTA MARIA LA RIBERA IV,PLATSOBSE_ILIFE_1_2_3_ESCUELAS_MOISES_SAENZ_09DES0004D_09DES0004D,3019,ACTIVO,,,,,,
09DES0051O,ESCUELA SECUNDARIA PROFESOR CARLOS BENITEZ DELORME,,ESPACIO_PUBLICO,OBRAS QUE TRANSFORMAN EL ESPACIO PUBLICO Y CONTRIBUYEN AL DERECHO A LA CIUDAD,"1,2,3 POR MI ESCUELA RENOVAR PARA TRANSFORMAR","1,2,3_ESCUELAS",ILIFE,AUTORIDAD EDUCATIVA,2025,,,,,TERMINADO,100.0,PAULA LOPEZ,SECUNDARIA,,,,ILIFE,0101000020E61000006817045226C958C080D7018C25633340,"https://www.google.com/maps/place/Escuela+Secundaria+Diurna+N%C2%B0+51+%22Profr.+Carlos+Benitez+Delorme%22/@19.3873873,-99.1439664,18.23z/data=!4m6!3m5!1s0x85d1feff9f803d2d:0x2cf82e4540463889!8m2!3d19.3873725!4d-99.1429701!16s%2Fg%2F1q5gpks0h?entry=ttu&g",CALLE NIÑOS HEROES DE CHAPULTEPEC NO 101,BENITO JUÁREZ,NIÑOS HEROES DE CHAPULTEPEC,PLATSOBSE_ILIFE_1_2_3_ESCUELAS_ESCUELA_SECUNDARIA_PROFESOR_CARLOS_BENITEZ_DELORME_09DES0051O_09DES0051O,3023,ACTIVO,,,,,,
09DTV0116N,ESCUELA TELESECUNDARIA NO116,,ESPACIO_PUBLICO,OBRAS QUE TRANSFORMAN EL ESPACIO PUBLICO Y CONTRIBUYEN AL DERECHO A LA CIUDAD,"1,2,3 POR MI ESCUELA RENOVAR PARA TRANSFORMAR","1,2,3_ESCUELAS",ILIFE,AUTORIDAD EDUCATIVA,2025,,,,,TERMINADO,100.0,PAULA LOPEZ,TELESECUNDARIA,,,,ILIFE,0101000020E6100000404632F266C958C07001914117613340,"https://www.google.com/maps/place/Telesecundaria+116/@19.3795226,-99.1472739,19.35z/data=!4m6!3m5!1s0x85d1ffacbca20ea5:0xfedf15ae865c6169!8m2!3d19.3793461!4d-99.1468596!16s%2Fg%2F11dx8g8d8_?entry=ttu&g_ep=EgoyMDI2MDIxMS4wIKXMDSoASAFQAw%3D%3D",EJE 6 SUR AV INDEPENDENCIA SN,BENITO JUÁREZ,INDEPENDENCIA,PLATSOBSE_ILIFE_1_2_3_ESCUELAS_ESCUELA_TELESECUNDARIA_NO116_09DTV0116N_09DTV0116N,3024,ACTIVO,,,,,,
09DJN0964Z,JOSE CLEMENTE OROZCO,,ESPACIO_PUBLICO,OBRAS QUE TRANSFORMAN EL ESPACIO PUBLICO Y CONTRIBUYEN AL DERECHO A LA CIUDAD,"1,2,3 POR MI ESCUELA RENOVAR PARA TRANSFORMAR","1,2,3_ESCUELAS",ILIFE,CASA POR CASA,2025,,,,,TERMINADO,100.0,PAULA LOPEZ,PREESCOLAR,,,,ILIFE,0101000020E6100000801374A95DC258C01054B217B84F3340,"https://www.google.com/maps/place/Jard%C3%ADn+de+Ni%C3%B1os+%22Jos%C3%A9+Clemente+Orozco%22/@19.311299,-99.0378058,18.96z/data=!4m10!1m2!2m1!1sESCUELA+JOSE+CLEMENTE+OROZCO!3m6!1s0x85ce02e84b8d183d:0x8e3b5d0b426c73ea!8m2!3d19.3113864!4d-99.0366986!15sChxF",CECILIO ACOSTA SN ESQ MANUEL M LOPEZ,TLÁHUAC,SAN MIGUEL ZAPOTITLA,PLATSOBSE_ILIFE_1_2_3_ESCUELAS_JOSE_CLEMENTE_OROZCO_09DJN0964Z_09DJN0964Z,3029,ACTIVO,,,,,,
09DJN0911V,TOHUI,,ESPACIO_PUBLICO,OBRAS QUE TRANSFORMAN EL ESPACIO PUBLICO Y CONTRIBUYEN AL DERECHO A LA CIUDAD,"1,2,3 POR MI ESCUELA RENOVAR PARA TRANSFORMAR","1,2,3_ESCUELAS",ILIFE,CASA POR CASA,2025,,,,,TERMINADO,100.0,PAULA LOPEZ,PREESCOLAR,,,,ILIFE,0101000020E610000010D9129481CA58C0201A74939D543340,"https://www.google.com/maps/place/Tohui/@19.3303704,-99.1645929,19.38z/data=!4m10!1m2!2m1!1sEscuela+TOHUI!3m6!1s0x85ce0023c66e81b5:0x3e4f533b553e1386!8m2!3d19.3304712!4d-99.1641421!15sCg1Fc2N1ZWxhIFRPSFVJWg8iDWVzY3VlbGEgdG9odWmSAQxraW5kZXJnYXJ0ZW6aAURDaT",AHUEJOTE 128-160,COYOACÁN,PEDREGAL DE STO DOMINGO III,PLATSOBSE_ILIFE_1_2_3_ESCUELAS_TOHUI_09DJN0911V_09DJN0911V,3031,ACTIVO,,,,,,
09DPR1097X,ESTADO DE ZACATECAS,,ESPACIO_PUBLICO,OBRAS QUE TRANSFORMAN EL ESPACIO PUBLICO Y CONTRIBUYEN AL DERECHO A LA CIUDAD,"1,2,3 POR MI ESCUELA RENOVAR PARA TRANSFORMAR","1,2,3_ESCUELAS",ILIFE,CASA POR CASA,2025,,,,,TERMINADO,100.0,PAULA LOPEZ,PRIMARIA,,,,ILIFE,0101000020E6100000B86EDC3663C858C050CD099ABF723340,"https://www.google.com/maps/place/Escuela+Primaria+Estado+de+Zacatecas/@19.4486104,-99.1314504,19.25z/data=!4m6!3m5!1s0x85d1f939b5a4e071:0xec614a9cee43562b!8m2!3d19.4482721!4d-99.1310116!16s%2Fg%2F1tfx56_x?entry=ttu&g_ep=EgoyMDI2MDIxMC4wIKXMDSoASAFQAw%3D",RIBERO 29,CUAUHTÉMOC,MORELOS I,PLATSOBSE_ILIFE_1_2_3_ESCUELAS_ESTADO_DE_ZACATECAS_09DPR1097X_09DPR1097X,3032,ACTIVO,,,,,,
09DPR0945B,ANTONIO DE MENDOZA,,ESPACIO_PUBLICO,OBRAS QUE TRANSFORMAN EL ESPACIO PUBLICO Y CONTRIBUYEN AL DERECHO A LA CIUDAD,"1,2,3 POR MI ESCUELA RENOVAR PARA TRANSFORMAR","1,2,3_ESCUELAS",ILIFE,PLANTEL ADICIONAL 2025,2025,,,,,TERMINADO,100.0,PAULA LOPEZ,PRIMARIA,,,,ILIFE,0101000020E6100000EC0D2310AFC458C0E001447EFD643340,"https://www.google.com/maps/place/19%C2%B023'40.2%22N+99%C2%B004'23.5%22W/@19.3949432,-99.0752143,16.38z/data=!4m4!3m3!8m2!3d19.394493!4d-99.073185?entry=ttu&g_ep=EgoyMDI2MDMxNy4wIKXMDSoASAFQAw%3D%3D","AVENIDA SUR 16, NO. 1234",IZTACALCO,AGRICOLA ORIENTAL V,PLATSOBSE_ILIFE_1_2_3_ESCUELAS_ANTONIO_DE_MENDOZA_09DPR0945B_09DPR0945B,3033,ACTIVO,,,,,,
09DPR2334P,ESTADO DE DURANGO,,ESPACIO_PUBLICO,OBRAS QUE TRANSFORMAN EL ESPACIO PUBLICO Y CONTRIBUYEN AL DERECHO A LA CIUDAD,"1,2,3 POR MI ESCUELA RENOVAR PARA TRANSFORMAR","1,2,3_ESCUELAS",ILIFE,TERRITORIOS DE PAZ,2025,,,,,TERMINADO,100.0,PAULA LOPEZ,PRIMARIA,,,,ILIFE,0101000020E610000034E304A392C858C0608952883E723340,"https://www.google.com/maps/place/Escuela+Primaria+Estado+de+Durango/@19.4462006,-99.1337566,20.5z/data=!4m6!3m5!1s0x85d1f93ab0943613:0x1989cfa17a510d5b!8m2!3d19.4462587!4d-99.1338356!16s%2Fg%2F11bwfltgd6?entry=ttu&g_ep=EgoyMDI2MDIxMC4wIKXMDSoASAFQAw%3D%",GONZALEZ BOCANEGRA NO 74,CUAUHTÉMOC,MORELOS III,PLATSOBSE_ILIFE_1_2_3_ESCUELAS_ESTADO_DE_DURANGO_09DPR2334P_09DPR2334P,3034,ACTIVO,,,,,,
09DPR2729Z,PROFR SAMUEL DELGADO I MOYA,,ESPACIO_PUBLICO,OBRAS QUE TRANSFORMAN EL ESPACIO PUBLICO Y CONTRIBUYEN AL DERECHO A LA CIUDAD,"1,2,3 POR MI ESCUELA RENOVAR PARA TRANSFORMAR","1,2,3_ESCUELAS",ILIFE,CASA POR CASA,2025,,,,,TERMINADO,100.0,PAULA LOPEZ,PRIMARIA,,,,ILIFE,0101000020E6100000C025E4A576CA58C0C05BC8AB62543340,"https://www.google.com/maps/place/ESCUELA+PRIMARIA+Prof.+SAMUEL+DELGADO+I.+MOYA/@19.3295997,-99.1636931,19z/data=!4m6!3m5!1s0x85ce0023f0fecd4d:0xa6693c8e9aafd9f!8m2!3d19.3296465!4d-99.1633525!16s%2Fg%2F1tfdz5mm?entry=ttu&g_ep=EgoyMDI2MDIxMS4wIKXMDSoASAFQ",AVENIDA PAPALOTL SN,COYOACÁN,PEDREGAL DE STO DOMINGO IV,PLATSOBSE_ILIFE_1_2_3_ESCUELAS_PROFR_SAMUEL_DELGADO_I_MOYA_09DPR2729Z_09DPR2729Z,3061,ACTIVO,,,,,,
09DPR1885K,BENEMERITO DE LAS AMERICAS,,ESPACIO_PUBLICO,OBRAS QUE TRANSFORMAN EL ESPACIO PUBLICO Y CONTRIBUYEN AL DERECHO A LA CIUDAD,"1,2,3 POR MI ESCUELA RENOVAR PARA TRANSFORMAR","1,2,3_ESCUELAS",ILIFE,AUTORIDAD EDUCATIVA,2025,,,,,TERMINADO,100.0,PAULA LOPEZ,PRIMARIA,,,,ILIFE,0101000020E6100000B8C71E7933CB58C0701B2643655B3340,"https://www.google.com/maps/place/Escuela+Primaria+%22Benem%C3%A9rito+De+Las+Am%C3%A9ricas%22/@19.3570502,-99.1752669,19.88z/data=!4m6!3m5!1s0x85d1ffec50000001:0x9497667134a1f4f1!8m2!3d19.3570487!4d-99.1751983!16s%2Fg%2F11c32lp_ck?entry=ttu&g_ep=EgoyMDI2",CALLE ALUMNOS NO 1,ÁLVARO OBREGÓN,AXOTLA,PLATSOBSE_ILIFE_1_2_3_ESCUELAS_BENEMERITO_DE_LAS_AMERICAS_09DPR1885K_09DPR1885K,3065,ACTIVO,,,,,,
09DPR1908E,RICARDO GOMEZ,,ESPACIO_PUBLICO,OBRAS QUE TRANSFORMAN EL ESPACIO PUBLICO Y CONTRIBUYEN AL DERECHO A LA CIUDAD,"1,2,3 POR MI ESCUELA RENOVAR PARA TRANSFORMAR","1,2,3_ESCUELAS",ILIFE,AUTORIDAD EDUCATIVA,2025,,,,,TERMINADO,100.0,PAULA LOPEZ,PRIMARIA,,,,ILIFE,0101000020E6100000581ABF1A31D358C06052DCBCB65B3340,"https://www.google.com/maps/place/Escuela+PriMar%C3%ADa+Ricardo+G%C3%B3mez/@19.3579071,-99.3002649,18.44z/data=!4m6!3m5!1s0x85d20031464eeaaf:0x1a706e0929725ee4!8m2!3d19.3581775!4d-99.2998947!16s%2Fg%2F1v3h_b0l?entry=ttu&g_ep=EgoyMDI2MDIxMS4wIKXMDSoASAFQA",AV MÉXICO NO 19,CUAJIMALPA DE MORELOS,SAN PEDRO CUAJIMALPA (PBLO),PLATSOBSE_ILIFE_1_2_3_ESCUELAS_RICARDO_GOMEZ_09DPR1908E_09DPR1908E,3066,ACTIVO,,,,,,
09DPR0123Y,PROFR RAMON DURAND,,ESPACIO_PUBLICO,OBRAS QUE TRANSFORMAN EL ESPACIO PUBLICO Y CONTRIBUYEN AL DERECHO A LA CIUDAD,"1,2,3 POR MI ESCUELA RENOVAR PARA TRANSFORMAR","1,2,3_ESCUELAS",ILIFE,CASA POR CASA,2025,,,,,TERMINADO,100.0,PAULA LOPEZ,PRIMARIA,,,,ILIFE,0101000020E61000003CFE0536E0CA58C090AD8138D4503340,"https://www.google.com/maps/place/Esc.+Primaria+%22Profr.+Ram%C3%B3n+Durand%22/@19.3156762,-99.1707099,19z/data=!4m9!1m2!2m1!1sESCUELA+DR+ANGEL+MA+GARIBAY!3m5!1s0x85ce00150c1a2755:0xff318ec7b10bd06a!8m2!3d19.3156766!4d-99.1699452!16s%2Fg%2F11cst24nwy?ent",CERRADA TÍZAR SN,COYOACÁN,PEDREGAL DE STO DOMINGO VII,PLATSOBSE_ILIFE_1_2_3_ESCUELAS_PROFR_RAMON_DURAND_09DPR0123Y_09DPR0123Y,3067,ACTIVO,,,,,,
23,CUAUHTEMOC Y AV. INSURGENTES NORTE,,ESPACIO_PUBLICO,OBRAS QUE TRANSFORMAN EL ESPACIO PUBLICO Y CONTRIBUYEN AL DERECHO A LA CIUDAD,MODULOS DE POLICIAS,MOD_POLICIA,DGCOP,TLATELOLCO MI AMOR,2025,,,,,INAUGURADA,100.0,PAULA LOPEZ,MODULO DE POLICIAS,,,,DGCOP,0101000020E61000007B2FBE688FC958C0C87E164B91743340,https://maps.app.goo.gl/YYe2J1xNVFznab9E9,AV. INSURGENTES NORTE,CUAUHTÉMOC,NONOALCO-TLATELOLCO (U HAB) I,PLATSOBSE_DGCOP_MOD_POLICIA_CUAUHTEMOC_Y_AV_INSURGENTES_NORTE_23,3186,ACTIVO,,,,,,
22,MARTINEZ DE LA TORRE,,ECONOMIA,OBRAS QUE TRANSFORMAN LA ECONOMIA LOCAL Y FOMENTAN EL EMPLEO,MANTENIMIENTO A MERCADOS PUBLICOS (CAPTACION DE AGUA DE LLUVIA EN MERCADOS),CAP_LLUVIA_MERC,DGCOP,,2024,2026-05-20 00:54:52.064,admin,2025-03-10,,INAUGURADA,100.0,PAULA LOPEZ,MERCADO,,,,DGCOP,0101000020E6100000633612B23DC958C072B55F88E6713340,https://maps.app.goo.gl/irLe7gG9xkoFHFp88,EJE 1 NTE.,CUAUHTÉMOC,GUERRERO,PLATSOBSE_DGCOP_CAP_LLUVIA_MERC_MARTINEZ_DE_LA_TORRE_22,3113,ACTIVO,,,,,,
9,MUSEO DE LA CIUDAD DE MEXICO (CASA DE LA CONDESA DE SANTIAGO DE CALIMAYA),18.0,ESPACIO_PUBLICO,OBRAS QUE TRANSFORMAN EL ESPACIO PUBLICO Y CONTRIBUYEN AL DERECHO A LA CIUDAD,ILUMINACION ARTISTICA DE EDIFICIOS DEL CENTRO HISTORICO,ILUM_ART_CH,DGSUS,OBRAS DEL MUNDIAL,2025,2026-05-12 20:17:12.244,admin,2026-05-06,,ENTREGADO,100.0,PAULA LOPEZ,ILUMINACION DE EDIFICIOS,,,,DGSUS,0101000020E610000065EDA5DF74C858C0DE43786AE46D3340,https://maps.app.goo.gl/S1Sxz5V7aqi43Vbj6,JOSE MARIA PINO SUAREZ #30,CUAUHTEMOC,CENTRO IV,PLATSOBSE_DGSUS_ILUM_ART_CH_MUSEO_DE_LA_CIUDAD_DE_MEXICO_CASA_DE_LA_CONDESA_DE_SANTIAGO_DE_CALIMAYA_9,3153,ACTIVO,,,,,,
09DES0128M,JOSE MA. LUIS MORA,,ESPACIO_PUBLICO,OBRAS QUE TRANSFORMAN EL ESPACIO PUBLICO Y CONTRIBUYEN AL DERECHO A LA CIUDAD,"1,2,3 POR MI ESCUELA RENOVAR PARA TRANSFORMAR","1,2,3_ESCUELAS",DGCOP,CASA POR CASA,2025,2026-06-03 19:07:12.405,actualizacion_dgcop,,,TERMINADO,100.0,PAULA LOPEZ,SECUNDARIA,,,,DGCOP,0101000020E6100000A43330F2B2C358C0079ACFB9DB6D3340,https://maps.app.goo.gl/V1MXv5mHS6XzDPoP7,XOCHITLAN SUR,VENUSTIANO CARRANZA,EL ARENAL 4A SECCION,PLATSOBSE_DGCOP_1_2_3_ESCUELAS_JOSE_MA_LUIS_MORA_09DES0128M_09DES0128M,2811,ACTIVO,,,,,,
6,DIF ADOLFO RUIZ CORTINES,,CUIDADO,OBRAS QUE TRANSFORMAN LAS TAREAS DEL CUIDADO Y EL BIENESTAR,"SISTEMA PUBLICO DE CUIDADOS ""CASA DE LAS 3RS""",CASA_3R,DGCOP,CASA POR CASA,2025,2026-05-19 23:34:04.461,admin,2026-04-21,,INAUGURADA,100.0,PAULA LOPEZ,CASA DE LAS 3R,,,,DGCOP,0101000020E61000003BA759A0DDCA58C0A33CF372D8513340,https://maps.app.goo.gl/hjukbzDKxuxRYgEy8,ZIHUATLAN,COYOACÁN,PEDREGAL DE STO DOMINGO VII,PLATSOBSE_DGCOP_CASA_3R_DIF_ADOLFO_RUIZ_CORTINES_6,3140,ACTIVO,,,,,,
1,CAMHU BOCANEGRA (CAIS MARINA),,CUIDADO,OBRAS QUE TRANSFORMAN LAS TAREAS DEL CUIDADO Y EL BIENESTAR,REHABILITACION DE INFRAESTRUCTURA PUBLICA (ALBERGUES),ALBERGUES,DGCOP,OBRAS EN GENERAL,2025,,,,,TERMINADO,100.0,PAULA LOPEZ,ALBERGUE,,,,DGCOP,0101000020E61000007C60C77F81C858C0FC6F253B36723340,https://maps.app.goo.gl/5kSw7mGDmpieKeC19,GONZALEZ BOCANEGRA,CUAUHTÉMOC,MORELOS III,PLATSOBSE_DGCOP_ALBERGUES_CAMHU_BOCANEGRA_CAIS_MARINA_1,3107,ACTIVO,,,,,,
3,CETRAM UNIVERSIDAD,11.0,GRANDES_OBRAS,GRANDES OBRAS QUE TRANSFORMAN LA CAPITAL,REHABILITACIÓN CETRAM,CETRAM,DGOIV,OBRAS DEL MUNDIAL,2025,,,,,TERMINADO,100.0,PAULA LOPEZ,CETRAM,,,,DGOIV,0101000020E6100000B93DF64519CB58C07729AD10BF523340,https://maps.app.goo.gl/jeuNWJSeBrN4JdDA7,AV. DELFIN MADRIGAL,COYOACÁN,CIUDAD UNIVERSITARIA,PLATSOBSE_DGOIV_CETRAM_CETRAM_UNIVERSIDAD_3,3142,ACTIVO,,,,,,
2,UNIVERSIDAD,9.0,MOVILIDAD,OBRAS QUE TRANSFORMAN LA MOVILIDAD SUSTENTABLE,BICIESTACIONAMIENTOS,BICIESTACIONAMIENTOS,DGOIV,OBRAS DEL MUNDIAL,2025,2026-06-03 20:39:54.742,actualizacion_dgoiv,,,TERMINADO,100.0,PAULA LOPEZ,BICIESTACIONAMIENTO,,,,DGOIV,0101000020E61000002BFA0C1913CB58C07BAAC2F9D7523340,https://maps.app.goo.gl/XRyCcTA7XZwi9jmh8,AV.ANTONIO DELFIN MADRIGAL,COYOACÁN,CIUDAD UNIVERSITARIA,PLATSOBSE_DGOIV_BICIESTACIONAMIENTOS_UNIVERSIDAD_2,3111,ACTIVO,,,,,,
1,CRISTO REY,,ECONOMIA,OBRAS QUE TRANSFORMAN LA ECONOMIA LOCAL Y FOMENTAN EL EMPLEO,MANTENIMIENTO A MERCADOS PUBLICOS (CAPTACION DE AGUA DE LLUVIA EN MERCADOS),CAP_LLUVIA_MERC,DGCOP,GABINETE,2025,,,,,TERMINADO,100.0,PAULA LOPEZ,MERCADO,,,,DGCOP,0101000020E6100000ABE97AA2EBCC58C01805C1E3DB633340,https://maps.app.goo.gl/qcv7dGZHMDvfWKYW9,ESCUADRON 201,ÁLVARO OBREGÓN,CRISTO REY,PLATSOBSE_DGCOP_CAP_LLUVIA_MERC_CRISTO_REY_1,3121,ACTIVO,,,,,,
2,CENTENARIO,,ECONOMIA,OBRAS QUE TRANSFORMAN LA ECONOMIA LOCAL Y FOMENTAN EL EMPLEO,MANTENIMIENTO A MERCADOS PUBLICOS (CAPTACION DE AGUA DE LLUVIA EN MERCADOS),CAP_LLUVIA_MERC,DGCOP,GABINETE,2025,,,,,TERMINADO,100.0,PAULA LOPEZ,MERCADO,,,,DGCOP,0101000020E6100000C9E6AA798ECE58C093E00D69545C3340,https://maps.app.goo.gl/VHGCeK22S7ZqY2LQ7,AV CENTENARIO,ÁLVARO OBREGÓN,ARCOS DE CENTENARIO,PLATSOBSE_DGCOP_CAP_LLUVIA_MERC_CENTENARIO_2,3122,ACTIVO,,,,,,
14,BANCO DE LONDRES Y DE MEXICO,18.0,ESPACIO_PUBLICO,OBRAS QUE TRANSFORMAN EL ESPACIO PUBLICO Y CONTRIBUYEN AL DERECHO A LA CIUDAD,ILUMINACION ARTISTICA DE EDIFICIOS DEL CENTRO HISTORICO,ILUM_ART_CH,DGSUS,OBRAS DEL MUNDIAL,2025,2026-05-12 20:17:07.032,admin,2026-05-06,,ENTREGADO,100.0,PAULA LOPEZ,ILUMINACION DE EDIFICIOS,,,,DGSUS,0101000020E6100000E5428AA6D8C858C042C06BE1C36E3340,https://maps.app.goo.gl/q2LmSbfipEy5hVqr8,16 DE SEPTIEMBRE #38,CUAUHTEMOC,CENTRO IV,PLATSOBSE_DGSUS_ILUM_ART_CH_BANCO_DE_LONDRES_Y_DE_MEXICO_14,3158,ACTIVO,,,,,,
3,TEMPLO DE SAN FRANCSICO,18.0,ESPACIO_PUBLICO,OBRAS QUE TRANSFORMAN EL ESPACIO PUBLICO Y CONTRIBUYEN AL DERECHO A LA CIUDAD,ILUMINACION ARTISTICA DE EDIFICIOS DEL CENTRO HISTORICO,ILUM_ART_CH,DGSUS,OBRAS DEL MUNDIAL,2025,2026-05-12 20:17:55.206,admin,2026-05-06,,ENTREGADO,100.0,PAULA LOPEZ,ILUMINACION DE EDIFICIOS,,,,DGSUS,0101000020E610000065EA09A6F5C858C05EF98788F66E3340,https://maps.app.goo.gl/zVsb4DFDuXxQxAid8,FRANCISCO I. MADERO #7,CUAUHTEMOC,CENTRO IV,PLATSOBSE_DGSUS_ILUM_ART_CH_TEMPLO_DE_SAN_FRANCSICO_3,3147,ACTIVO,,,,,,
1,TEMPLO Y ANTIGUO CONVENTO DE REGINA COELI,18.0,ESPACIO_PUBLICO,OBRAS QUE TRANSFORMAN EL ESPACIO PUBLICO Y CONTRIBUYEN AL DERECHO A LA CIUDAD,ILUMINACION ARTISTICA DE EDIFICIOS DEL CENTRO HISTORICO,ILUM_ART_CH,DGSUS,OBRAS DEL MUNDIAL,2025,2026-05-12 20:18:05.456,admin,2026-05-06,,ENTREGADO,100.0,PAULA LOPEZ,ILUMINACION DE EDIFICIOS,,,,DGSUS,0101000020E610000070833529E0C858C08CD0741B796D3340,https://maps.app.goo.gl/HcL9QXSVamZdKtxK9,BOLIVAR #92,CUAUHTEMOC,CENTRO V,PLATSOBSE_DGSUS_ILUM_ART_CH_TEMPLO_Y_ANTIGUO_CONVENTO_DE_REGINA_COELI_1,3145,ACTIVO,,,,,,
6,AVANTE,,ECONOMIA,OBRAS QUE TRANSFORMAN LA ECONOMIA LOCAL Y FOMENTAN EL EMPLEO,MANTENIMIENTO A MERCADOS PUBLICOS (CAPTACION DE AGUA DE LLUVIA EN MERCADOS),CAP_LLUVIA_MERC,DGCOP,GABINETE,2025,,,,,TERMINADO,100.0,PAULA LOPEZ,MERCADO,,,,DGCOP,0101000020E6100000FA264D83A2C858C0A2B8E34D7E533340,https://maps.app.goo.gl/9wkdhUeWrAJBo7th9,AV DE EL PARQUE,COYOACÁN,AVANTE,PLATSOBSE_DGCOP_CAP_LLUVIA_MERC_AVANTE_6,3126,ACTIVO,,,,,,
8,BEETHOVEN,,ECONOMIA,OBRAS QUE TRANSFORMAN LA ECONOMIA LOCAL Y FOMENTAN EL EMPLEO,MANTENIMIENTO A MERCADOS PUBLICOS (CAPTACION DE AGUA DE LLUVIA EN MERCADOS),CAP_LLUVIA_MERC,DGCOP,GABINETE,2025,,,,,TERMINADO,100.0,PAULA LOPEZ,MERCADO,,,,DGCOP,0101000020E6100000703E75AC52C858C0D1B01875AD753340,https://maps.app.goo.gl/RGV1VaRyR9v8BTw2A,ADELINA PATTI,CUAUHTÉMOC,PERALVILLO II,PLATSOBSE_DGCOP_CAP_LLUVIA_MERC_BEETHOVEN_8,3128,ACTIVO,,,,,,
6,CALLE MONSERRAT,,ESPACIO_PUBLICO,OBRAS QUE TRANSFORMAN EL ESPACIO PUBLICO Y CONTRIBUYEN AL DERECHO A LA CIUDAD,MODULOS DE POLICIAS,MOD_POLICIA,DGCOP,GABINETE,2025,,,,,TERMINADO,100.0,PAULA LOPEZ,MODULO DE POLICIAS,,,,DGCOP,0101000020E61000004CE2AC889AC958C0F83768AF3E563340,https://maps.app.goo.gl/s51kW94e4YnM5r286,CALLE MONSERRAT ESQUINA AVENIDA PACIFICO,COYOACÁN,LOS REYES (PBLO),PLATSOBSE_DGCOP_MOD_POLICIA_CALLE_MONSERRAT_6,3166,ACTIVO,,,,,,
11,TEMPLO DE SAN FELIPE NERI,18.0,ESPACIO_PUBLICO,OBRAS QUE TRANSFORMAN EL ESPACIO PUBLICO Y CONTRIBUYEN AL DERECHO A LA CIUDAD,ILUMINACION ARTISTICA DE EDIFICIOS DEL CENTRO HISTORICO,ILUM_ART_CH,DGSUS,OBRAS DEL MUNDIAL,2025,2026-05-12 20:17:48.693,admin,2026-05-06,,ENTREGADO,100.0,PAULA LOPEZ,ILUMINACION DE EDIFICIOS,,,,DGSUS,0101000020E61000008E2E2581BCC858C0E0956E5C106F3340,https://maps.app.goo.gl/HvzzPBxJtERbn41ZA,ISABELA CATOLICA #15,CUAUHTEMOC,CENTRO IV,PLATSOBSE_DGSUS_ILUM_ART_CH_TEMPLO_DE_SAN_FELIPE_NERI_11,3155,ACTIVO,,,,,,
10,"PLAZA DE SANTO DOMINGO, FUENTE DE JOSEFA",18.0,ESPACIO_PUBLICO,OBRAS QUE TRANSFORMAN EL ESPACIO PUBLICO Y CONTRIBUYEN AL DERECHO A LA CIUDAD,ILUMINACION ARTISTICA DE EDIFICIOS DEL CENTRO HISTORICO,ILUM_ART_CH,DGSUS,OBRAS DEL MUNDIAL,2025,2026-05-12 20:17:34.770,admin,2026-05-06,,ENTREGADO,100.0,PAULA LOPEZ,ILUMINACION DE EDIFICIOS,,,,DGSUS,0101000020E61000000F42E50492C858C0AD2C76A0F36F3340,https://maps.app.goo.gl/6KQPnKWvN3NZx9Jo8,REPUBLICA DE BRASIL S/N,CUAUHTEMOC,CENTRO IV,PLATSOBSE_DGSUS_ILUM_ART_CH_PLAZA_DE_SANTO_DOMINGO_FUENTE_DE_JOSEFA_10,3154,ACTIVO,,,,,,
15,TEMPLO DE JESUS NAZARENO Y LA PURISIMA CONCEPCION,18.0,ESPACIO_PUBLICO,OBRAS QUE TRANSFORMAN EL ESPACIO PUBLICO Y CONTRIBUYEN AL DERECHO A LA CIUDAD,ILUMINACION ARTISTICA DE EDIFICIOS DEL CENTRO HISTORICO,ILUM_ART_CH,DGSUS,OBRAS DEL MUNDIAL,2025,2026-05-12 20:17:39.345,admin,2026-05-06,,ENTREGADO,100.0,PAULA LOPEZ,ILUMINACION DE EDIFICIOS,,,,DGSUS,0101000020E6100000884AC8AC83C858C0D79C28AECF6D3340,https://maps.app.goo.gl/xqXhQCBF8JpjKo5k6,REPUBLICA DEL SALVADOR S/N,CUAUHTEMOC,CENTRO IV,PLATSOBSE_DGSUS_ILUM_ART_CH_TEMPLO_DE_JESUS_NAZARENO_Y_LA_PURISIMA_CONCEPCION_15,3159,ACTIVO,,,,,,
8,MUSEO VIVO DEL MURALISMO,18.0,ESPACIO_PUBLICO,OBRAS QUE TRANSFORMAN EL ESPACIO PUBLICO Y CONTRIBUYEN AL DERECHO A LA CIUDAD,ILUMINACION ARTISTICA DE EDIFICIOS DEL CENTRO HISTORICO,ILUM_ART_CH,DGSUS,OBRAS DEL MUNDIAL,2025,2026-05-12 20:17:26.092,admin,2026-05-06,,ENTREGADO,100.0,PAULA LOPEZ,ILUMINACION DE EDIFICIOS,,,,DGSUS,0101000020E6100000BF78060D7DC858C0371378CCE56F3340,https://maps.app.goo.gl/zsX86Y22RcPmjKkH7,REPUBLICA DE BRASIL #31,CUAUHTEMOC,CENTRO III,PLATSOBSE_DGSUS_ILUM_ART_CH_MUSEO_VIVO_DEL_MURALISMO_8,3152,ACTIVO,,,,,,
2,AGENCIA DEL EMPLEO,,GRANDES_OBRAS,GRANDES OBRAS QUE TRANSFORMAN LA CAPITAL,OBRAS ADICIONALES,OBRAS_ADIC,DGCOP,OBRAS EN GENERAL,2025,,,,,INAUGURADA,100.0,PAULA LOPEZ,AGENCIA DE EMPLEO,,,,DGCOP,0101000020E610000010768A5583C858C06EDE3829CC6B3340,https://maps.app.goo.gl/EmXDHoPsdLAdfubW6,SAN ANTONIO ABAD,CUAUHTÉMOC,TRANSITO,PLATSOBSE_DGCOP_OBRAS_ADIC_AGENCIA_DEL_EMPLEO_2,3205,ACTIVO,,,,,,
10,ANILLO PERIF. 12-6,,ESPACIO_PUBLICO,OBRAS QUE TRANSFORMAN EL ESPACIO PUBLICO Y CONTRIBUYEN AL DERECHO A LA CIUDAD,REHABILITACION Y CONSTRUCCION DE PUENTES VEHICULARES,PUENTES_VEHICULARES,DGCOP,OBRAS EN GENERAL,2025,,,,,TERMINADO,100.0,PAULA LOPEZ,PUENTES VEHICULARES,,,,DGCOP,0101000020E61000001B81785DBFC358C02368CC24EA653340,https://maps.app.goo.gl/g7LzZYkEvHLWvRij7,ANILLO PERIF,IZTACALCO,AGRICOLA ORIENTAL IV,PLATSOBSE_DGCOP_PUENTES_VEHICULARES_ANILLO_PERIF_12_6_10,3235,ACTIVO,,,,,,
2,EL PARIAN,,CUIDADO,OBRAS QUE TRANSFORMAN LAS TAREAS DEL CUIDADO Y EL BIENESTAR,CONSTRUCCION DE UTOPIAS,CONST_UTOPIAS,DGCOP,OBRAS EN GENERAL,2025,2026-06-10 17:51:47.388,actualizacion_dgcop,,,EN PROCESO,92.77,PAULA LOPEZ,CONSTRUCCION UTOPIAS,,,,DGCOP,0101000020E61000008AE6012CF2C958C02A1900AAB8593340,,AV MIGUEL HIDALGO,COYOACÁN,SAN LUCAS (BARR),PLATSOBSE_DGCOP_CONST_UTOPIAS_EL_PARIAN_2,3189,ACTIVO,,,,,,
16,BLVD. ADOLFO LOPEZ MATEOS PV-460,,ESPACIO_PUBLICO,OBRAS QUE TRANSFORMAN EL ESPACIO PUBLICO Y CONTRIBUYEN AL DERECHO A LA CIUDAD,REHABILITACION Y CONSTRUCCION DE PUENTES VEHICULARES,PUENTES_VEHICULARES,DGCOP,OBRAS EN GENERAL,2025,,,,,TERMINADO,100.0,PAULA LOPEZ,PUENTES VEHICULARES,,,,DGCOP,0101000020E61000006A4DF38E53CC58C09F3C2CD49A663340,https://maps.app.goo.gl/hKWjFNe15F6HYsaV6,BOULEVARD ADOLFO LOPEZ MATEOS,ÁLVARO OBREGÓN,BELLA VISTA,PLATSOBSE_DGCOP_PUENTES_VEHICULARES_BLVD_ADOLFO_LOPEZ_MATEOS_PV_460_16,3241,ACTIVO,,,,,,
26,"CANAL DE APATLACO Y FRANCISCO VILLA, EJE 3 ORIENTE",,ESPACIO_PUBLICO,OBRAS QUE TRANSFORMAN EL ESPACIO PUBLICO Y CONTRIBUYEN AL DERECHO A LA CIUDAD,REHABILITACION Y CONSTRUCCION DE PUENTES VEHICULARES,PUENTES_VEHICULARES,DGCOP,SUAC,2025,,,,,TERMINADO,100.0,PAULA LOPEZ,PUENTES VEHICULARES,,,,DGCOP,0101000020E61000008352B4722FC758C02F51BD35B0613340,https://maps.app.goo.gl/HrjXpUbQUSzfGr9UA,AV CANAL DE APATLACO,IZTAPALAPA,APATLACO,PLATSOBSE_DGCOP_PUENTES_VEHICULARES_CANAL_DE_APATLACO_Y_FRANCISCO_VILLA_EJE_3_ORIENTE_26,3251,ACTIVO,,,,,,
27,FCO. DEL PASO Y TRONCOSO (MB MIXIUHCA),,ESPACIO_PUBLICO,OBRAS QUE TRANSFORMAN EL ESPACIO PUBLICO Y CONTRIBUYEN AL DERECHO A LA CIUDAD,REHABILITACION Y CONSTRUCCION DE PUENTES VEHICULARES,PUENTES_VEHICULARES,DGCOP,SUAC,2025,,,,,TERMINADO,100.0,PAULA LOPEZ,PUENTES VEHICULARES,,,,DGCOP,0101000020E610000062A06B5F40C758C07B15191D90683340,https://maps.app.goo.gl/tTng4QCuV3mcdpW96,EJE VIAL 3 SUR,VENUSTIANO CARRANZA,MAGDALENA MIXHUCA (PBLO),PLATSOBSE_DGCOP_PUENTES_VEHICULARES_FCO_DEL_PASO_Y_TRONCOSO_MB_MIXIUHCA_27,3252,ACTIVO,,,,,,
18,DEL 17 PV-512,,ESPACIO_PUBLICO,OBRAS QUE TRANSFORMAN EL ESPACIO PUBLICO Y CONTRIBUYEN AL DERECHO A LA CIUDAD,REHABILITACION Y CONSTRUCCION DE PUENTES VEHICULARES,PUENTES_VEHICULARES,DGCOP,OBRAS EN GENERAL,2025,,,,,TERMINADO,100.0,PAULA LOPEZ,PUENTES VEHICULARES,,,,DGCOP,0101000020E610000005A3923A01D158C0F8C264AA60543340,https://maps.app.goo.gl/6YSnr8Zgu3yv6ewy8,DEL 17,ÁLVARO OBREGÓN,SAN BARTOLO AMEYALCO (PBLO),PLATSOBSE_DGCOP_PUENTES_VEHICULARES_DEL_17_PV_512_18,3243,ACTIVO,,,,,,
2,VDTO. RIO BECERRA,,ESPACIO_PUBLICO,OBRAS QUE TRANSFORMAN EL ESPACIO PUBLICO Y CONTRIBUYEN AL DERECHO A LA CIUDAD,REHABILITACION Y CONSTRUCCION DE PUENTES VEHICULARES,PUENTES_VEHICULARES,DGCOP,OBRAS EN GENERAL,2025,,,,,TERMINADO,100.0,PAULA LOPEZ,PUENTES VEHICULARES,,,,DGCOP,0101000020E61000002DD2C43BC0CB58C0E2934E2498623340,https://maps.app.goo.V81:V154gl/42u4voUkrdNUbEyb9,RIO BECERRA,BENITO JUÁREZ,NONOALCO,PLATSOBSE_DGCOP_PUENTES_VEHICULARES_VDTO_RIO_BECERRA_2,3227,ACTIVO,,,,,,
4,CENTRO SCOP,,CUIDADO,OBRAS QUE TRANSFORMAN LAS TAREAS DEL CUIDADO Y EL BIENESTAR,CONSTRUCCION DE UTOPIAS,CONST_UTOPIAS,DGCOP,OBRAS EN GENERAL,2025,2026-06-10 17:33:47.165,actualizacion_dgcop,,,EN PROCESO,1.0,PAULA LOPEZ,CONSTRUCCION UTOPIAS,,,,DGCOP,0101000020E610000029A63DEB7BC958C0040982AE1A653340,,AV UNIVERSIDAD,BENITO JUÁREZ,NARVARTE PONIENTE,PLATSOBSE_DGCOP_CONST_UTOPIAS_CENTRO_SCOP_4,3191,ACTIVO,,,,,,
10,DEPORTIVO TECOMITL,,CUIDADO,OBRAS QUE TRANSFORMAN LAS TAREAS DEL CUIDADO Y EL BIENESTAR,CONSTRUCCION DE UTOPIAS,CONST_UTOPIAS,DGCOP,OBRAS EN GENERAL,2025,2026-06-10 17:34:22.846,actualizacion_dgcop,,,EN PROCESO,70.57,PAULA LOPEZ,CONSTRUCCION UTOPIAS,,,,DGCOP,0101000020E6100000965E9B8D95BF58C0BABF7ADCB73A3340,,U.H. TLALTEPA,TLÁHUAC,JARDINES DEL LLANO-U.H. VILLA TLATEMPA,PLATSOBSE_DGCOP_CONST_UTOPIAS_DEPORTIVO_TECOMITL_10,3197,ACTIVO,,,,,,
3,PARQUE JAPON,,CUIDADO,OBRAS QUE TRANSFORMAN LAS TAREAS DEL CUIDADO Y EL BIENESTAR,CONSTRUCCION DE UTOPIAS,CONST_UTOPIAS,DGCOP,OBRAS EN GENERAL,2025,2026-06-10 17:38:31.219,actualizacion_dgcop,,,EN PROCESO,59.95,PAULA LOPEZ,CONSTRUCCION UTOPIAS,,,,DGCOP,0101000020E610000061A5828AAACD58C04698A25C1A5B3340,,ROMULO O'FARRILL,ÁLVARO OBREGÓN,LAS AGUILAS (AMPL),PLATSOBSE_DGCOP_CONST_UTOPIAS_PARQUE_JAPON_3,3190,ACTIVO,,,,,,
1,CUAUHTEMOC,,CUIDADO,OBRAS QUE TRANSFORMAN LAS TAREAS DEL CUIDADO Y EL BIENESTAR,CONSTRUCCION DE UTOPIAS,CONST_UTOPIAS,DGCOP,OBRAS EN GENERAL,2025,2026-06-10 17:39:01.665,actualizacion_dgcop,,,EN PROCESO,6.0,PAULA LOPEZ,CONSTRUCCION UTOPIAS,,,,DGCOP,0101000020E6100000A2AD7F6871C858C071BCB22F02733340,,GRANADITAS,CUAUHTÉMOC,MORELOS II,PLATSOBSE_DGCOP_CONST_UTOPIAS_CUAUHTEMOC_1,3188,ACTIVO,,,,,,
38,AV. LUIS CABRERA PV-778,,ESPACIO_PUBLICO,OBRAS QUE TRANSFORMAN EL ESPACIO PUBLICO Y CONTRIBUYEN AL DERECHO A LA CIUDAD,REHABILITACION Y CONSTRUCCION DE PUENTES VEHICULARES,PUENTES_VEHICULARES,DGCOP,OBRAS EN GENERAL,2025,,,,,TERMINADO,100.0,PAULA LOPEZ,PUENTES VEHICULARES,,,,DGCOP,0101000020E6100000925852EE3ECE58C01EC6A4BF97523340,https://maps.app.goo.gl/SxbLDV9jhcfRwy447,AV. LUIS CABRERA,LA MAGDALENA CONTRERAS,SAN JERONIMO ACULCO - LIDICE (PBLO),PLATSOBSE_DGCOP_PUENTES_VEHICULARES_AV_LUIS_CABRERA_PV_778_38,3263,ACTIVO,,,,,,
54,BIFURCACION CON DIRECCION A GUTENBERG PV-539-A,,ESPACIO_PUBLICO,OBRAS QUE TRANSFORMAN EL ESPACIO PUBLICO Y CONTRIBUYEN AL DERECHO A LA CIUDAD,REHABILITACION Y CONSTRUCCION DE PUENTES VEHICULARES,PUENTES_VEHICULARES,DGCOP,OBRAS EN GENERAL,2025,,,,,TERMINADO,100.0,PAULA LOPEZ,PUENTES VEHICULARES,,,,DGCOP,0101000020E61000006DE7FBA9F1CA58C0575BB1BFEC6E3340,https://maps.app.goo.gl/7pQR9cdndp8M3GpN6,BIFURCACION CON DIRECCION A GUTENBERG,CUAUHTÉMOC,CUAUHTEMOC,PLATSOBSE_DGCOP_PUENTES_VEHICULARES_BIFURCACION_CON_DIRECCION_A_GUTENBERG_PV_539_A_54,3279,ACTIVO,,,,,,
39,"CALZ. DE LA VIGA, CUAUHTEMOC",,ESPACIO_PUBLICO,OBRAS QUE TRANSFORMAN EL ESPACIO PUBLICO Y CONTRIBUYEN AL DERECHO A LA CIUDAD,REHABILITACION Y CONSTRUCCION DE PUENTES VEHICULARES,PUENTES_VEHICULARES,DGCOP,OBRAS EN GENERAL,2025,,,,,TERMINADO,100.0,PAULA LOPEZ,PUENTES VEHICULARES,,,,DGCOP,0101000020E6100000990F087426C858C0698B6B7C266B3340,https://maps.app.goo.gl/sDu3z3SduYf7XPAu7,CALZADA DE LA VIGA,VENUSTIANO CARRANZA,LORENZO BOTURINI,PLATSOBSE_DGCOP_PUENTES_VEHICULARES_CALZ_DE_LA_VIGA_CUAUHTEMOC_39,3264,ACTIVO,,,,,,
41,"EJE 5 SUR CON RIO BECERRA, NAPOLES",,ESPACIO_PUBLICO,OBRAS QUE TRANSFORMAN EL ESPACIO PUBLICO Y CONTRIBUYEN AL DERECHO A LA CIUDAD,REHABILITACION Y CONSTRUCCION DE PUENTES VEHICULARES,PUENTES_VEHICULARES,DGCOP,OBRAS EN GENERAL,2025,,,,,TERMINADO,100.0,PAULA LOPEZ,PUENTES VEHICULARES,,,,DGCOP,0101000020E6100000EF0390DAC4CB58C08C9DF0129C623340,https://maps.app.goo.gl/oAePnDo1cDDzJRYM6,AV. SAN ANTONIO,BENITO JUÁREZ,NONOALCO,PLATSOBSE_DGCOP_PUENTES_VEHICULARES_EJE_5_SUR_CON_RIO_BECERRA_NAPOLES_41,3266,ACTIVO,,,,,,
53,JOSE ANTONIO ALZATE PV-308,,ESPACIO_PUBLICO,OBRAS QUE TRANSFORMAN EL ESPACIO PUBLICO Y CONTRIBUYEN AL DERECHO A LA CIUDAD,REHABILITACION Y CONSTRUCCION DE PUENTES VEHICULARES,PUENTES_VEHICULARES,DGCOP,OBRAS EN GENERAL,2025,,,,,TERMINADO,100.0,PAULA LOPEZ,PUENTES VEHICULARES,,,,DGCOP,0101000020E61000009C18929389CA58C018601F9DBA723340,https://maps.app.goo.gl/bKt3phkPTmKaCpEK9,JOSE ANTONIO ALZATE,CUAUHTÉMOC,SANTA MARIA LA RIBERA IV,PLATSOBSE_DGCOP_PUENTES_VEHICULARES_JOSE_ANTONIO_ALZATE_PV_308_53,3278,ACTIVO,,,,,,
49,PASEO DE LAS JACARANDAS PV-007-B,,ESPACIO_PUBLICO,OBRAS QUE TRANSFORMAN EL ESPACIO PUBLICO Y CONTRIBUYEN AL DERECHO A LA CIUDAD,REHABILITACION Y CONSTRUCCION DE PUENTES VEHICULARES,PUENTES_VEHICULARES,DGCOP,OBRAS EN GENERAL,2025,,,,,TERMINADO,100.0,PAULA LOPEZ,PUENTES VEHICULARES,,,,DGCOP,0101000020E6100000DB5207793DCA58C0EC3191D26C763340,https://maps.app.goo.gl/4nLc9uVAQieZ3Q9i7,PASEO DE LAS JACARANDAS,CUAUHTÉMOC,ATLAMPA,PLATSOBSE_DGCOP_PUENTES_VEHICULARES_PASEO_DE_LAS_JACARANDAS_PV_007_B_49,3274,ACTIVO,,,,,,
55,RICARDO FLORES MAGON 317,,ESPACIO_PUBLICO,OBRAS QUE TRANSFORMAN EL ESPACIO PUBLICO Y CONTRIBUYEN AL DERECHO A LA CIUDAD,REHABILITACION Y CONSTRUCCION DE PUENTES VEHICULARES,PUENTES_VEHICULARES,DGCOP,OBRAS EN GENERAL,2025,,,,,TERMINADO,100.0,PAULA LOPEZ,PUENTES VEHICULARES,,,,DGCOP,0101000020E61000009FE74F1BD5C958C0603B18B14F743340,https://maps.app.goo.gl/2qUKwkHHaZXuGcyH6,AV. RICARDO FLORES MAGON,CUAUHTÉMOC,ATLAMPA,PLATSOBSE_DGCOP_PUENTES_VEHICULARES_RICARDO_FLORES_MAGON_317_55,3280,ACTIVO,,,,,,
34,VDTO. PRESIDENTE MIGUEL ALEMAN AL CRUCE CON CALLE KENTUKY,,ESPACIO_PUBLICO,OBRAS QUE TRANSFORMAN EL ESPACIO PUBLICO Y CONTRIBUYEN AL DERECHO A LA CIUDAD,REHABILITACION Y CONSTRUCCION DE PUENTES VEHICULARES,PUENTES_VEHICULARES,DGCOP,OBRAS EN GENERAL,2025,,,,,TERMINADO,100.0,PAULA LOPEZ,PUENTES VEHICULARES,,,,DGCOP,0101000020E61000000E1137A792CB58C068244223D8643340,https://maps.app.goo.gl/vmmgjaiSGoBdXfSw6,KENTUCKY,BENITO JUÁREZ,NAPOLES,PLATSOBSE_DGCOP_PUENTES_VEHICULARES_VDTO_PRESIDENTE_MIGUEL_ALEMAN_AL_CRUCE_CON_CALLE_KENTUKY_34,3259,ACTIVO,,,,,,
40,"VDTO. PRESIDENTE MIGUEL ALEMAN VALDES, COLONIA ROMA SUR",,ESPACIO_PUBLICO,OBRAS QUE TRANSFORMAN EL ESPACIO PUBLICO Y CONTRIBUYEN AL DERECHO A LA CIUDAD,REHABILITACION Y CONSTRUCCION DE PUENTES VEHICULARES,PUENTES_VEHICULARES,DGCOP,OBRAS EN GENERAL,2025,,,,,TERMINADO,100.0,PAULA LOPEZ,PUENTES VEHICULARES,,,,DGCOP,0101000020E6100000A5828AAA5FCA58C0DBF813950D673340,https://maps.app.goo.gl/WC333e2ZYg6hfnVs9,VIADUCTO PRESIDENTE MIGUEL ALEMAN VALDES,CUAUHTÉMOC,ROMA SUR II,PLATSOBSE_DGCOP_PUENTES_VEHICULARES_VDTO_PRESIDENTE_MIGUEL_ALEMAN_VALDES_COLONIA_ROMA_SUR_40,3265,ACTIVO,,,,,,
36,"BLVD. ADOLFO LOPEZ MATEOS, MOLINOS A SAN JERONIMO ALVARO OBREGON CUADRANTE 3 (PUENTE JARDINES DEL PEDREGAL) PV-601",,ESPACIO_PUBLICO,OBRAS QUE TRANSFORMAN EL ESPACIO PUBLICO Y CONTRIBUYEN AL DERECHO A LA CIUDAD,REHABILITACION Y CONSTRUCCION DE PUENTES VEHICULARES,PUENTES_VEHICULARES,DGCOP,OBRAS EN GENERAL,2025,,,,,TERMINADO,100.0,PAULA LOPEZ,PUENTES VEHICULARES,,,,DGCOP,0101000020E6100000EEEA556474CD58C054008C67D0543340,https://maps.app.goo.gl/NExjnf5MQL6deEU58,JARDINES DEL PEDREGAL,ÁLVARO OBREGÓN,TIZAPAN_TIZAPAN SAN ANGEL,PLATSOBSE_DGCOP_PUENTES_VEHICULARES_BLVD_ADOLFO_LOPEZ_MATEOS_MOLINOS_A_SAN_JER_NIMO_ALVARO_OBREGON_CUADRANTE_3_PUENTE_JARDINES_DEL_PEDREGAL_PV_601_36,3261,ACTIVO,,,,,,
75,EJE 7- CALZ. DE TLALPAN,,ESPACIO_PUBLICO,OBRAS QUE TRANSFORMAN EL ESPACIO PUBLICO Y CONTRIBUYEN AL DERECHO A LA CIUDAD,REHABILITACION Y CONSTRUCCION DE PUENTES VEHICULARES,PUENTES_VEHICULARES,DGCOP,OBRAS EN GENERAL,2025,,,,,TERMINADO,100.0,RODOLFO GONZALES,PUENTES VEHICULARES,,,,DGCOP,0101000020E61000005BD3BCE314C958C02BC0779B375E3340,https://maps.app.goo.gl/UN8yGppALvFFdrpVA,CALZADA DE TLALPAN,BENITO JUÁREZ,PORTALES II,PLATSOBSE_DGCOP_PUENTES_VEHICULARES_EJE_7_CALZ_DE_TLALPAN_75,3300,ACTIVO,,,,,,
76,EJE 7A- CALZ. DE TLALPAN,,ESPACIO_PUBLICO,OBRAS QUE TRANSFORMAN EL ESPACIO PUBLICO Y CONTRIBUYEN AL DERECHO A LA CIUDAD,REHABILITACION Y CONSTRUCCION DE PUENTES VEHICULARES,PUENTES_VEHICULARES,DGCOP,OBRAS EN GENERAL,2025,,,,,TERMINADO,100.0,RODOLFO GONZALES,PUENTES VEHICULARES,,,,DGCOP,0101000020E6100000F778211D1EC958C02BF702B3425D3340,https://maps.app.goo.gl/UEfmYi1MXjsbXogf7,CALZADA DE TLALPAN,BENITO JUÁREZ,PORTALES ORIENTE,PLATSOBSE_DGCOP_PUENTES_VEHICULARES_EJE_7A_CALZ_DE_TLALPAN_76,3301,ACTIVO,,,,,,
64,ANILLO PERIFERICO TRIANGULO DE LAS AJUGAS 2 PV231,,ESPACIO_PUBLICO,OBRAS QUE TRANSFORMAN EL ESPACIO PUBLICO Y CONTRIBUYEN AL DERECHO A LA CIUDAD,REHABILITACION Y CONSTRUCCION DE PUENTES VEHICULARES,PUENTES_VEHICULARES,DGCOP,OBRAS EN GENERAL,2025,,,,,TERMINADO,100.0,RODOLFO GONZALES,PUENTES VEHICULARES,,,,DGCOP,0101000020E6100000EFC9C342ADC558C021B07268914D3340,https://maps.app.goo.gl/HuUByPDYu6bu7nSq9,ANILLO PERIFERICO,XOCHIMILCO,CANAL DE CHALCO,PLATSOBSE_DGCOP_PUENTES_VEHICULARES_ANILLO_PERIFERICO_TRIANGULO_DE_LAS_AJUGAS_2_PV231_64,3289,ACTIVO,,,,,,
79,ATLAMPA (DE LAS JACARANDAS),,ESPACIO_PUBLICO,OBRAS QUE TRANSFORMAN EL ESPACIO PUBLICO Y CONTRIBUYEN AL DERECHO A LA CIUDAD,REHABILITACION Y CONSTRUCCION DE PUENTES VEHICULARES,PUENTES_VEHICULARES,DGCOP,EMERGENCIAS,2025,,,,,TERMINADO,100.0,RODOLFO GONZALES,PUENTES VEHICULARES,,,,DGCOP,0101000020E61000000ED8D5E429CA58C02997C62FBC763340,https://maps.app.goo.gl/5LYjhZnWGWGj2Lx39,P.? DE LAS JACARANDAS,CUAUHTÉMOC,ATLAMPA,PLATSOBSE_DGCOP_PUENTES_VEHICULARES_ATLAMPA_DE_LAS_JACARANDAS_79,3304,ACTIVO,,,,,,
81,AUTOPISTA MEXICO MARQUESA (SANTA FE),,ESPACIO_PUBLICO,OBRAS QUE TRANSFORMAN EL ESPACIO PUBLICO Y CONTRIBUYEN AL DERECHO A LA CIUDAD,REHABILITACION Y CONSTRUCCION DE PUENTES VEHICULARES,PUENTES_VEHICULARES,DGCOP,EMERGENCIAS,2025,,,,,TERMINADO,100.0,RODOLFO GONZALES,PUENTES VEHICULARES,,,,DGCOP,0101000020E6100000855E7F129FCF58C09ACFB9DBF5623340,https://maps.app.goo.gl/fdK4Hbs6ozyLABQA7,SANTA FE,ÁLVARO OBREGÓN,PASEO DE LAS LOMAS-SAN GABRIEL,PLATSOBSE_DGCOP_PUENTES_VEHICULARES_AUTOPISTA_MEXICO_MARQUESA_SANTA_FE_81,3306,ACTIVO,,,,,,
85,AUTOPISTA MEXICO MARQUESA (LOMAS DE SANTA FE),,ESPACIO_PUBLICO,OBRAS QUE TRANSFORMAN EL ESPACIO PUBLICO Y CONTRIBUYEN AL DERECHO A LA CIUDAD,REHABILITACION Y CONSTRUCCION DE PUENTES VEHICULARES,PUENTES_VEHICULARES,DGCOP,OBRAS EN GENERAL,2025,,,,,TERMINADO,100.0,RODOLFO GONZALES,PUENTES VEHICULARES,,,,DGCOP,0101000020E6100000B08D78B29BCF58C093FC885FB1623340,https://maps.app.goo.gl/6nsd48apd4tYfKD88,AV. MEXICO-MARQUESA,ÁLVARO OBREGÓN,PASEO DE LAS LOMAS-SAN GABRIEL,PLATSOBSE_DGCOP_PUENTES_VEHICULARES_AUTOPISTA_MEXICO_MARQUESA_LOMAS_DE_SANTA_FE_85,3310,ACTIVO,,,,,,
56,AV. CHAPULTEPEC Y CIRCUITO INTERIOR PV-435,,ESPACIO_PUBLICO,OBRAS QUE TRANSFORMAN EL ESPACIO PUBLICO Y CONTRIBUYEN AL DERECHO A LA CIUDAD,REHABILITACION Y CONSTRUCCION DE PUENTES VEHICULARES,PUENTES_VEHICULARES,DGCOP,OBRAS EN GENERAL,2025,,,,,TERMINADO,100.0,RODOLFO GONZALES,PUENTES VEHICULARES,,,,DGCOP,0101000020E6100000473D44A33BCB58C019AE0E80B86B3340,https://maps.app.goo.gl/iWmEDrZTqCeKfhM6A,AV. CHAPULTEPEC,CUAUHTEMOC,JUAREZ,PLATSOBSE_DGCOP_PUENTES_VEHICULARES_AV_CHAPULTEPEC_Y_CIRCUITO_INTERIOR_PV_435_56,3281,ACTIVO,,,,,,
86,AV. RIO CHURUBUSCO (CALZADA MARIANO MATAMOROS),,ESPACIO_PUBLICO,OBRAS QUE TRANSFORMAN EL ESPACIO PUBLICO Y CONTRIBUYEN AL DERECHO A LA CIUDAD,REHABILITACION Y CONSTRUCCION DE PUENTES VEHICULARES,PUENTES_VEHICULARES,DGCOP,OBRAS EN GENERAL,2025,,,,,TERMINADO,100.0,RODOLFO GONZALES,PUENTES VEHICULARES,,,,DGCOP,0101000020E610000077BCC96FD1CA58C006499F56D15B3340,https://maps.app.goo.gl/KFVm2Cr786rw3dvw7,AV. RIO CHURUBUSCO,BENITO JUÁREZ,XOCO,PLATSOBSE_DGCOP_PUENTES_VEHICULARES_AV_RIO_CHURUBUSCO_CALZADA_MARIANO_MATAMOROS_86,3311,ACTIVO,,,,,,
83,BLVD. ADOLFO LOPEZ MATEOS,,ESPACIO_PUBLICO,OBRAS QUE TRANSFORMAN EL ESPACIO PUBLICO Y CONTRIBUYEN AL DERECHO A LA CIUDAD,REHABILITACION Y CONSTRUCCION DE PUENTES VEHICULARES,PUENTES_VEHICULARES,DGCOP,OBRAS EN GENERAL,2025,,,,,TERMINADO,100.0,RODOLFO GONZALES,PUENTES VEHICULARES,,,,DGCOP,0101000020E6100000211D1EC2F8CC58C0D68BA19C68573340,https://maps.app.goo.gl/cijVPCHuPdqqnrJH8,BOULEVARD ADOLFO LOPEZ MATEOS,ÁLVARO OBREGÓN,PROGRESO TIZAPAN,PLATSOBSE_DGCOP_PUENTES_VEHICULARES_BLVD_ADOLFO_LOPEZ_MATEOS_83,3308,ACTIVO,,,,,,
70,VIRGEN,,ESPACIO_PUBLICO,OBRAS QUE TRANSFORMAN EL ESPACIO PUBLICO Y CONTRIBUYEN AL DERECHO A LA CIUDAD,REHABILITACION Y CONSTRUCCION DE PUENTES VEHICULARES,PUENTES_VEHICULARES,DGCOP,OBRAS EN GENERAL,2025,,,,,TERMINADO,100.0,RODOLFO GONZALES,PUENTES VEHICULARES,,,,DGCOP,0101000020E6100000DAA9B9DC60C758C0FFE89B340D523340,https://maps.app.goo.gl/ns6SaHawHuP9T8U2A,"COAPA, CULHUACAN CTM VI",COYOACÁN,CTM VI CULHUACAN (U HAB),PLATSOBSE_DGCOP_PUENTES_VEHICULARES_VIRGEN_70,3295,ACTIVO,,,,,,
77,CALZ. TAXQUENA-TLALPAN,,ESPACIO_PUBLICO,OBRAS QUE TRANSFORMAN EL ESPACIO PUBLICO Y CONTRIBUYEN AL DERECHO A LA CIUDAD,REHABILITACION Y CONSTRUCCION DE PUENTES VEHICULARES,PUENTES_VEHICULARES,DGCOP,OBRAS EN GENERAL,2025,,,,,TERMINADO,100.0,RODOLFO GONZALES,PUENTES VEHICULARES,,,,DGCOP,0101000020E610000075560BEC31C958C010E7E104A6573340,https://maps.app.goo.gl/7ehfWm5h3euZxfYVA,CALZ. DE TLALPAN,COYOACÁN,CAMPESTRE CHURUBUSCO,PLATSOBSE_DGCOP_PUENTES_VEHICULARES_CALZ_TAXQUE_A_TLALPAN_77,3302,ACTIVO,,,,,,
93,AV. RICARDO FLORES MAGON AL CRUCE CON INSURGENTES,,ESPACIO_PUBLICO,OBRAS QUE TRANSFORMAN EL ESPACIO PUBLICO Y CONTRIBUYEN AL DERECHO A LA CIUDAD,REHABILITACION Y CONSTRUCCION DE PUENTES VEHICULARES,PUENTES_VEHICULARES,DGCOP,OBRAS EN GENERAL,2025,,,,,TERMINADO,100.0,RODOLFO GONZALES,PUENTES VEHICULARES,,,,DGCOP,0101000020E6100000A1496249B9C958C0CA1B60E63B743340,https://maps.app.goo.gl/sz9BfFg93c3HNfx88,AV. RICARDO FLORES MAGON,CUAUHTÉMOC,SANTA MARIA LA RIBERA I,PLATSOBSE_DGCOP_PUENTES_VEHICULARES_AV_RICARDO_FLORES_MAGON_AL_CRUCE_CON_INSURGENTES_93,3318,ACTIVO,,,,,,
107,"CANAL DE APATLACO Y NOVELISTAS, EJE 3 ORIENTE",,ESPACIO_PUBLICO,OBRAS QUE TRANSFORMAN EL ESPACIO PUBLICO Y CONTRIBUYEN AL DERECHO A LA CIUDAD,REHABILITACION Y CONSTRUCCION DE PUENTES VEHICULARES,PUENTES_VEHICULARES,DGCOP,SUAC,2025,,,,,TERMINADO,100.0,RODOLFO GONZALES,PUENTES VEHICULARES,,,,DGCOP,0101000020E6100000FC1C705BF2C658C00BCDA1588D613340,,,IZTAPALAPA,,PLATSOBSE_DGCOP_PUENTES_VEHICULARES_CANAL_DE_APATLACO_Y_NOVELISTAS_EJE_3_ORIENTE_107,3332,ACTIVO,,,,,,
108,CTO. ESTADIO AZTECA AL CRUCE CON CALZ. TLALPAN,7.0,ESPACIO_PUBLICO,OBRAS QUE TRANSFORMAN EL ESPACIO PUBLICO Y CONTRIBUYEN AL DERECHO A LA CIUDAD,REHABILITACION Y CONSTRUCCION DE PUENTES VEHICULARES,PUENTES_VEHICULARES,DGCOP,OBRAS DEL MUNDIAL,2025,2026-05-20 01:04:27.411,admin,2026-03-25,,INAUGURADA,100.0,RODOLFO GONZALES,PUENTES VEHICULARES,,,,DGCOP,0101000020E61000004F3E3DB665C958C02A0307B4744D3340,https://maps.app.goo.gl/auy948m6qrlyrl6n7,CIRCUITO ESTADIO AZTECA,COYOACÁN,SANTA URSULA - BOSQUES DE TETLAMEYA,PLATSOBSE_DGCOP_PUENTES_VEHICULARES_CTO_ESTADIO_AZTECA_AL_CRUCE_CON_CALZ_TLALPAN_108,3333,ACTIVO,,,,,,
88,BLVD. ADOLFO LOPEZ MATEOS Y ZURBARAN,,ESPACIO_PUBLICO,OBRAS QUE TRANSFORMAN EL ESPACIO PUBLICO Y CONTRIBUYEN AL DERECHO A LA CIUDAD,REHABILITACION Y CONSTRUCCION DE PUENTES VEHICULARES,PUENTES_VEHICULARES,DGCOP,OBRAS EN GENERAL,2025,,,,,TERMINADO,100.0,RODOLFO GONZALES,PUENTES VEHICULARES,,,,DGCOP,0101000020E6100000139ED0EB4FCC58C0B1C1C2499A5F3340,https://maps.app.goo.gl/rMvkpULR4LCunUnn6,BLVD. ADOLFO LOPEZ MATEOS,ÁLVARO OBREGÓN,ALFONSO XIII,PLATSOBSE_DGCOP_PUENTES_VEHICULARES_BLVD_ADOLFO_LOPEZ_MATEOS_Y_ZURBARAN_88,3313,ACTIVO,,,,,,
26,AV. HEROICA ESCUELA NAVAL MILITAR ENTRE TEPETLAPA Y MIRAMONTES COAPA,,ESPACIO_PUBLICO,OBRAS QUE TRANSFORMAN EL ESPACIO PUBLICO Y CONTRIBUYEN AL DERECHO A LA CIUDAD,REHABILITACION Y CONSTRUCCION DE PUENTES PEATONALES,PUENTES_PEATONALES,DGCOP,ATENCION CIUDADANA,2025,,,,,TERMINADO,100.0,RODOLFO GONZALES,PUENTES PEATONALES,,,,DGCOP,0101000020E6100000F36E80BAF3C758C01507CBC00E513340,https://maps.app.goo.gl/SibuwqKYcmiAFdHB9,AV. HEROICA ESCUELA NAVAL MILITAR,COYOACÁN,LOS CIPRESES,PLATSOBSE_DGCOP_PUENTES_PEATONALES_AV_HEROICA_ESCUELA_NAVAL_MILITAR_ENTRE_TEPETLAPA_Y_MIRAMONTES_COAPA_26,3341,ACTIVO,,,,,,
29,CTO. INTERIOR (RIO CONSULADO) - ENTRE CHOPO Y OYAMEL O ALAMO,,ESPACIO_PUBLICO,OBRAS QUE TRANSFORMAN EL ESPACIO PUBLICO Y CONTRIBUYEN AL DERECHO A LA CIUDAD,REHABILITACION Y CONSTRUCCION DE PUENTES PEATONALES,PUENTES_PEATONALES,DGCOP,ATENCION CIUDADANA,2025,,,,,TERMINADO,100.0,RODOLFO GONZALES,PUENTES PEATONALES,,,,DGCOP,0101000020E6100000AAF06778B3C958C0BA4BE2AC88763340,https://maps.app.goo.gl/RHBHx71XSESdgFn17,CTO. INTERIOR,CUAUHTÉMOC,SANTA MARIA INSURGENTES,PLATSOBSE_DGCOP_PUENTES_PEATONALES_CTO_INTERIOR_RIO_CONSULADO_ENTRE_CHOPO_Y_OYAMEL_O_ALAMO_29,3342,ACTIVO,,,,,,
90,SEGUNDO PISO DEL ANILLO PERIFERICO SAN JERONIMO LIDICE,,ESPACIO_PUBLICO,OBRAS QUE TRANSFORMAN EL ESPACIO PUBLICO Y CONTRIBUYEN AL DERECHO A LA CIUDAD,REHABILITACION Y CONSTRUCCION DE PUENTES VEHICULARES,PUENTES_VEHICULARES,DGCOP,OBRAS EN GENERAL,2025,,,,,TERMINADO,100.0,RODOLFO GONZALES,PUENTES VEHICULARES,,,,DGCOP,0101000020E6100000DC847B65DECD58C0965D30B8E6523340,https://maps.app.goo.gl/JXZS4eLuxQzEMUscA,PERIFERICO SUR,LA MAGDALENA CONTRERAS,SAN JERONIMO ACULCO - LIDICE (PBLO),PLATSOBSE_DGCOP_PUENTES_VEHICULARES_SEGUNDO_PISO_DEL_ANILLO_PERIFERICO_SAN_JERONIMO_LIDICE_90,3315,ACTIVO,,,,,,
10,JUAN A. MATEOS,5.0,GRANDES_OBRAS,GRANDES OBRAS QUE TRANSFORMAN LA CAPITAL,REHABILITACION DE PASOS A DESNIVEL,PASOS_DESNIVEL,DGOT,OBRAS DEL MUNDIAL,2026,2026-06-10 20:48:33.668,actualizacion_dgot,,,EN PROCESO,30.2,RODOLFO GONZALES,PASOS A DESNIVEL,,,,DGOT,0101000020E6100000E8BE9CD9AEC858C016BD5301F7683340,,,CUAUHTÉMOC,,PLATSOBSE_DGOT_PASOS_DESNIVEL_JUAN_A_MATEOS_10,3337,ACTIVO,,,,,,
11,TORIBIO MEDINA,5.0,GRANDES_OBRAS,GRANDES OBRAS QUE TRANSFORMAN LA CAPITAL,REHABILITACION DE PASOS A DESNIVEL,PASOS_DESNIVEL,DGOT,OBRAS DEL MUNDIAL,2026,2026-06-10 20:48:54.412,actualizacion_dgot,,,EN PROCESO,23.37,RODOLFO GONZALES,PASOS A DESNIVEL,,,,DGOT,0101000020E61000008751103CBEC858C0D10836AE7F673340,,,CUAUHTÉMOC,,PLATSOBSE_DGOT_PASOS_DESNIVEL_TORIBIO_MEDINA_11,3335,ACTIVO,,,,,,
4,LORENZO BOTURINI,5.0,GRANDES_OBRAS,GRANDES OBRAS QUE TRANSFORMAN LA CAPITAL,REHABILITACION DE PASOS A DESNIVEL,PASOS_DESNIVEL,DGOT,OBRAS DEL MUNDIAL,2026,2026-06-10 20:49:11.305,actualizacion_dgot,,,EN PROCESO,16.0,RODOLFO GONZALES,PASOS A DESNIVEL,,,,DGOT,0101000020E61000009F56D11F9AC858C0FFCEF6E80D6B3340,,,CUAUHTÉMOC,,PLATSOBSE_DGOT_PASOS_DESNIVEL_LORENZO_BOTURINI_4,3336,ACTIVO,,,,,,
92,"CALZ. TAXQUENA Y CALZ. TLALPAN, LADO SUR DIRECCION PONIENTE",,ESPACIO_PUBLICO,OBRAS QUE TRANSFORMAN EL ESPACIO PUBLICO Y CONTRIBUYEN AL DERECHO A LA CIUDAD,REHABILITACION Y CONSTRUCCION DE PUENTES VEHICULARES,PUENTES_VEHICULARES,DGCOP,OBRAS EN GENERAL,2025,,,,,TERMINADO,100.0,RODOLFO GONZALES,PUENTES VEHICULARES,,,,DGCOP,0101000020E61000002E90A0F831C958C093C5FD47A6573340,https://maps.app.goo.gl/abpSWqMBsyQfzLWe9,CALZADA TAXQUE?A,COYOACÁN,CAMPESTRE CHURUBUSCO,PLATSOBSE_DGCOP_PUENTES_VEHICULARES_CALZ_TAXQUE_A_Y_CALZ_TLALPAN_LADO_SUR_DIRECCION_PONIENTE_92,3317,ACTIVO,,,,,,
45,AV. RIO CHURUBUSCO ENTRE PRIV. CORINA Y PAZ MONTES DE OCA.,,ESPACIO_PUBLICO,OBRAS QUE TRANSFORMAN EL ESPACIO PUBLICO Y CONTRIBUYEN AL DERECHO A LA CIUDAD,REHABILITACION Y CONSTRUCCION DE PUENTES PEATONALES,PUENTES_PEATONALES,DGCOP,EMERGENCIAS,2025,,,,,TERMINADO,100.0,RODOLFO GONZALES,PUENTES PEATONALES,,,,DGCOP,0101000020E61000000E677E3507CA58C09F2287889B5B3340,https://maps.app.goo.gl/RuWh9sq7fpniiB2Y8,AV. RIO CHURUBUSCO,COYOACÁN,DEL CARMEN,PLATSOBSE_DGCOP_PUENTES_PEATONALES_AV_RIO_CHURUBUSCO_ENTRE_PRIV_CORINA_Y_PAZ_MONTES_DE_OCA_45,3345,ACTIVO,,,,,,
2,VDTO. TLALPAN - EJIDO,,ESPACIO_PUBLICO,OBRAS QUE TRANSFORMAN EL ESPACIO PUBLICO Y CONTRIBUYEN AL DERECHO A LA CIUDAD,REHABILITACION Y CONSTRUCCION DE PUENTES PEATONALES,PUENTES_PEATONALES,DGCOP,EMERGENCIAS,2025,,,,,TERMINADO,100.0,RODOLFO GONZALES,PUENTES PEATONALES,,,,DGCOP,0101000020E6100000E140481630C958C09FE74F1BD54D3340,https://maps.app.goo.gl/QaL2CuYLt85j86HG9,VIADUCTO TLALPAN,COYOACÁN,VIEJO EJIDO SANTA URSULA COAPA,PLATSOBSE_DGCOP_PUENTES_PEATONALES_VDTO_TLALPAN_EJIDO_2,3387,ACTIVO,,,,,,
8,AV. RIO CHURUBUSCO Y CALLE 6,,ESPACIO_PUBLICO,OBRAS QUE TRANSFORMAN EL ESPACIO PUBLICO Y CONTRIBUYEN AL DERECHO A LA CIUDAD,REHABILITACION Y CONSTRUCCION DE PUENTES PEATONALES,PUENTES_PEATONALES,DGCOP,EMERGENCIAS,2025,,,,,TERMINADO,100.0,RODOLFO GONZALES,PUENTES PEATONALES,,,,DGCOP,0101000020E61000005876014EB8C358C05AC5353DC26B3340,https://maps.app.goo.gl/ahRM2sfgnpFPA8FA8,AV. RIO CHURUBUSCO,VENUSTIANO CARRANZA,CUCHILLA PANTITLAN,PLATSOBSE_DGCOP_PUENTES_PEATONALES_AV_RIO_CHURUBUSCO_Y_CALLE_6_8,3359,ACTIVO,,,,,,
18,EJE 6 SUR (TINTORETO) - AUGUSTO RODIN ( PLAZA DE TOROS),,ESPACIO_PUBLICO,OBRAS QUE TRANSFORMAN EL ESPACIO PUBLICO Y CONTRIBUYEN AL DERECHO A LA CIUDAD,REHABILITACION Y CONSTRUCCION DE PUENTES PEATONALES,PUENTES_PEATONALES,DGCOP,SUAC,2025,,,,,TERMINADO,100.0,RODOLFO GONZALES,PUENTES PEATONALES,,,,DGCOP,0101000020E61000004E64E60297CB58C0FB592C45F2613340,https://maps.app.goo.gl/TtvJihkhTr3ZSmTc7,EJE 6 SUR,BENITO JUÁREZ,CIUDAD DE LOS DEPORTES,PLATSOBSE_DGCOP_PUENTES_PEATONALES_EJE_6_SUR_TINTORETO_AUGUSTO_RODIN_PLAZA_DE_TOROS_18,3369,ACTIVO,,,,,,
37,"CIRCUITO INTERIOR, COL. VALLEJO",,ESPACIO_PUBLICO,OBRAS QUE TRANSFORMAN EL ESPACIO PUBLICO Y CONTRIBUYEN AL DERECHO A LA CIUDAD,REHABILITACION Y CONSTRUCCION DE PUENTES PEATONALES,PUENTES_PEATONALES,DGCOP,EMERGENCIAS,2025,,,,,TERMINADO,100.0,RODOLFO GONZALES,PUENTES PEATONALES,,,,DGCOP,0101000020E61000001EA9BEF38BC858C0CD91955F06773340,https://maps.app.goo.gl/T8Uefi445nGQ2n4h9,CTO. INTERIOR,CUAUHTÉMOC,VALLEJO I,PLATSOBSE_DGCOP_PUENTES_PEATONALES_CIRCUITO_INTERIOR_COL_VALLEJO_37,3377,ACTIVO,,,,,,
61,"EJE 2 NORTE (MANUEL GONZALEZ)-ADELINA PATTI,",,ESPACIO_PUBLICO,OBRAS QUE TRANSFORMAN EL ESPACIO PUBLICO Y CONTRIBUYEN AL DERECHO A LA CIUDAD,REHABILITACION Y CONSTRUCCION DE PUENTES PEATONALES,PUENTES_PEATONALES,DGCOP,OBRAS EN GENERAL,2025,,,,,TERMINADO,100.0,RODOLFO GONZALES,PUENTES PEATONALES,,,,DGCOP,0101000020E61000007084115D6FC858C020DD7F7D0E743340,https://maps.app.goo.gl/zdPKkmpw8vRAxeth9,"EJE 2 NORTE (MANUEL GONZALEZ)-ADELINA PATTI,",CUAUHTÉMOC,EX HIPODROMO DE PERALVILLO,PLATSOBSE_DGCOP_PUENTES_PEATONALES_EJE_2_NORTE_MANUEL_GONZALEZ_ADELINA_PATTI_61,3349,ACTIVO,,,,,,
53,VDTO. RIO DE LA PIEDAD ENTRE FCO. DEL PASO Y TRONCOSO Y ANIL 512,,ESPACIO_PUBLICO,OBRAS QUE TRANSFORMAN EL ESPACIO PUBLICO Y CONTRIBUYEN AL DERECHO A LA CIUDAD,REHABILITACION Y CONSTRUCCION DE PUENTES PEATONALES,PUENTES_PEATONALES,DGCOP,ATENCION CIUDADANA,2025,,,,,TERMINADO,100.0,RODOLFO GONZALES,PUENTES PEATONALES,,,,DGCOP,0101000020E6100000F35487DC0CC758C0C11A67D311683340,https://maps.app.goo.gl/oxhUqFMCYwJLWKpF9,VIADUCTO RIO DE LA PIEDAD,VENUSTIANO CARRANZA,VIADUCTO - BALBUENA (CONJ HAB),PLATSOBSE_DGCOP_PUENTES_PEATONALES_VDTO_RIO_DE_LA_PIEDAD_ENTRE_FCO_DEL_PASO_Y_TRONCOSO_Y_ANIL_53,3351,ACTIVO,,,,,,
33,EJE 1 ORIENTE (AV. DEL TRABAJO) - RIVERO,,ESPACIO_PUBLICO,OBRAS QUE TRANSFORMAN EL ESPACIO PUBLICO Y CONTRIBUYEN AL DERECHO A LA CIUDAD,REHABILITACION Y CONSTRUCCION DE PUENTES PEATONALES,PUENTES_PEATONALES,DGCOP,ATENCION CIUDADANA,2025,,,,,TERMINADO,100.0,RODOLFO GONZALES,PUENTES PEATONALES,,,,DGCOP,0101000020E61000009FAC18AE0EC858C0F22895F084723340,https://maps.app.goo.gl/ughRJEo7YuKjMGW1A,EJE 1 ORIENTE,CUAUHTÉMOC,MORELOS II,PLATSOBSE_DGCOP_PUENTES_PEATONALES_EJE_1_ORIENTE_AV_DEL_TRABAJO_RIVERO_33,3343,ACTIVO,,,,,,
30,CTO. INTERIOR (PASEO DE LAS JACARANDAS) - TILOS O GERANIO,,ESPACIO_PUBLICO,OBRAS QUE TRANSFORMAN EL ESPACIO PUBLICO Y CONTRIBUYEN AL DERECHO A LA CIUDAD,REHABILITACION Y CONSTRUCCION DE PUENTES PEATONALES,PUENTES_PEATONALES,DGCOP,SUAC,2025,,,,,TERMINADO,100.0,RODOLFO GONZALES,PUENTES PEATONALES,,,,DGCOP,0101000020E61000008BAA5FE97CC958C000CADFBDA3763340,https://maps.app.goo.gl/c3mPjVJpLjksqej16,CTO. INTERIOR,CUAUHTÉMOC,SANTA MARIA INSURGENTES,PLATSOBSE_DGCOP_PUENTES_PEATONALES_CTO_INTERIOR_PASEO_DE_LAS_JACARANDAS_TILOS_O_GERANIO_30,3374,ACTIVO,,,,,,
32,EJE 3 SUR (CALZ. CHABACANO) - EJE 1 OTE. ANDRES MOLINA ENRIQUEZ,,ESPACIO_PUBLICO,OBRAS QUE TRANSFORMAN EL ESPACIO PUBLICO Y CONTRIBUYEN AL DERECHO A LA CIUDAD,REHABILITACION Y CONSTRUCCION DE PUENTES PEATONALES,PUENTES_PEATONALES,DGCOP,ATENCION CIUDADANA,2025,,,,,TERMINADO,100.0,RODOLFO GONZALES,PUENTES PEATONALES,,,,DGCOP,0101000020E6100000FFBCACFB2EC858C0834229F3A9683340,https://maps.app.goo.gl/hh91bWgKSkX74Uk16,EJE 3 SUR,CUAUHTÉMOC,VISTA ALEGRE,PLATSOBSE_DGCOP_PUENTES_PEATONALES_EJE_3_SUR_CALZ_CHABACANO_EJE_1_OTE_ANDRES_MOLINA_ENRIQUEZ_32,3375,ACTIVO,,,,,,
78,CERRO DEL JUDIO,,ECONOMIA,OBRAS QUE TRANSFORMAN LA ECONOMIA LOCAL Y FOMENTAN EL EMPLEO,MANTENIMIENTO A MERCADOS PUBLICOS,MTTO_MERCADOS,DGCOP,GABINETE,2025,,,,,TERMINADO,100.0,RODOLFO GONZALES,MERCADO,,,,DGCOP,0101000020E6100000B9A5D590B8CF58C0516859F78F513340,,INDEPENDENCIA,LA MAGDALENA CONTRERAS,BARROS SIERRA,PLATSOBSE_DGCOP_MTTO_MERCADOS_CERRO_DEL_JUDIO_78,3442,ACTIVO,,,,,,
24,MIXCALCO,,ECONOMIA,OBRAS QUE TRANSFORMAN LA ECONOMIA LOCAL Y FOMENTAN EL EMPLEO,MANTENIMIENTO A MERCADOS PUBLICOS,MTTO_MERCADOS,DGCOP,CASA POR CASA,2025,,,,,TERMINADO,100.0,RODOLFO GONZALES,MERCADO,,,,DGCOP,0101000020E6100000A6B4FE9600C858C0809C3061346F3340,https://maps.app.goo.gl/jPtToqT2Cr8qECNp7,CIRCUNVALACION,CUAUHTÉMOC,CENTRO III,PLATSOBSE_DGCOP_MTTO_MERCADOS_MIXCALCO_24,3433,ACTIVO,,,,,,
5,ALFREDO CHAVERO,5.0,GRANDES_OBRAS,GRANDES OBRAS QUE TRANSFORMAN LA CAPITAL,REHABILITACION DE PASOS A DESNIVEL,PASOS_DESNIVEL,DGCOP,OBRAS DEL MUNDIAL,2026,,,,,SIN INICIAR,,RODOLFO GONZALES,PASOS A DESNIVEL,,,,DGCOP,0101000020E610000020B3B3E89DC858C06CD102B4AD6A3340,,SAN ANOTONIO ABAD #121 (ALFREDO CHAVERO),CUAUHTÉMOC,OBRERA,PLATSOBSE_DGCOP_PASOS_DESNIVEL_ALFREDO_CHAVERO_5,3406,ACTIVO,,,,,,
1,TLAXCOAQUE,5.0,GRANDES_OBRAS,GRANDES OBRAS QUE TRANSFORMAN LA CAPITAL,REHABILITACION DE PASOS A DESNIVEL,PASOS_DESNIVEL,DGCOP,OBRAS DEL MUNDIAL,2026,2026-06-10 17:19:08.063,actualizacion_dgcop,,,EN PROCESO,3.75,RODOLFO GONZALES,PASOS A DESNIVEL,,,,DGCOP,0101000020E61000002FFD4B5299C858C097C62FBC926C3340,https://maps.app.goo.gl/Fo9cUi8XWvHSWdqz5,DIAGONAL 20 DE NOVIMEBRE Y 20 DE NOVIEMBRE,CUAUHTÉMOC,CENTRO,PLATSOBSE_DGCOP_PASOS_DESNIVEL_TLAXCOAQUE_1,3403,ACTIVO,,,,,,
46,AV. CENTRAL (AV. 608) - AV. 605,,ESPACIO_PUBLICO,OBRAS QUE TRANSFORMAN EL ESPACIO PUBLICO Y CONTRIBUYEN AL DERECHO A LA CIUDAD,REHABILITACION Y CONSTRUCCION DE PUENTES PEATONALES,PUENTES_PEATONALES,DGCOP,ATENCION CIUDADANA,2025,,,,,TERMINADO,100.0,RODOLFO GONZALES,PUENTES PEATONALES,,,,DGCOP,0101000020E610000066A3737E8AC458C017A06D35EB743340,https://maps.app.goo.gl/giNDy43QKcSLQyAi9,AV. 608,GUSTAVO A. MADERO,SAN JUAN DE ARAGON 4A Y 5A SECCION (U HAB) II,PLATSOBSE_DGCOP_PUENTES_PEATONALES_AV_CENTRAL_AV_608_AV_605_46,3394,ACTIVO,,,,,,
18,# 89 COYOACAN,,ECONOMIA,OBRAS QUE TRANSFORMAN LA ECONOMIA LOCAL Y FOMENTAN EL EMPLEO,MANTENIMIENTO A MERCADOS PUBLICOS,MTTO_MERCADOS,DGCOP,CASA POR CASA,2025,,,,,TERMINADO,100.0,RODOLFO GONZALES,MERCADO,,,,DGCOP,0101000020E610000045A144CF56CA58C0EFD4D0C4435A3340,https://maps.app.goo.gl/aFSQQqTDZPfRTzCr6,IGNACIO ALLENDE,COYOACÁN,DEL CARMEN,PLATSOBSE_DGCOP_MTTO_MERCADOS_89_COYOACAN_18,3410,ACTIVO,,,,,,
2,PINO SUAREZ,5.0,GRANDES_OBRAS,GRANDES OBRAS QUE TRANSFORMAN LA CAPITAL,REHABILITACION DE PASOS A DESNIVEL,PASOS_DESNIVEL,DGCOP,OBRAS DEL MUNDIAL,2026,2026-06-10 17:19:09.216,actualizacion_dgcop,,,EN PROCESO,3.55,RODOLFO GONZALES,PASOS A DESNIVEL,,,,DGCOP,0101000020E61000001363997E89C858C00C3ECDC98B6C3340,https://maps.app.goo.gl/Hni9zwPQiKYtra1z7,SAN ANTONIO ABAD Y FRAY SERVANDO,CUAUHTÉMOC,CENTRO,PLATSOBSE_DGCOP_PASOS_DESNIVEL_PINO_SUAREZ_2,3404,ACTIVO,,,,,,
23,# 60 GRANADITAS,,ECONOMIA,OBRAS QUE TRANSFORMAN LA ECONOMIA LOCAL Y FOMENTAN EL EMPLEO,MANTENIMIENTO A MERCADOS PUBLICOS,MTTO_MERCADOS,DGCOP,CASA POR CASA,2025,,,,,TERMINADO,100.0,RODOLFO GONZALES,MERCADO,,,,DGCOP,0101000020E61000000B42791F47C858C0810A47904A713340,https://maps.app.goo.gl/DZWCQ7CwHnz6zYyM6,EJE 1 NTE.,CUAUHTEMOC,CENTRO I,PLATSOBSE_DGCOP_MTTO_MERCADOS_60_GRANADITAS_23,3411,ACTIVO,,,,,,
28,LAGUNILLA SAN CAMILITO,,ECONOMIA,OBRAS QUE TRANSFORMAN LA ECONOMIA LOCAL Y FOMENTAN EL EMPLEO,MANTENIMIENTO A MERCADOS PUBLICOS,MTTO_MERCADOS,DGCOP,GABINETE,2025,2026-05-27 17:23:05.624,actualizacion_dgcop,,,TERMINADO,100.0,RODOLFO GONZALES,MERCADO,,,,DGCOP,0101000020E61000003198BF42E6C858C0CF6740BD19713340,https://maps.app.goo.gl/LKQA6xXZPF9arar2A,SAN CAMILITO,CUAUHTÉMOC,CENTRO I,PLATSOBSE_DGCOP_MTTO_MERCADOS_LAGUNILLA_SAN_CAMILITO_28,3435,ACTIVO,,,,,,
19,# 414 BAZAR DEL ARTESANO MEXICANO,,ECONOMIA,OBRAS QUE TRANSFORMAN LA ECONOMIA LOCAL Y FOMENTAN EL EMPLEO,MANTENIMIENTO A MERCADOS PUBLICOS,MTTO_MERCADOS,DGCOP,CASA POR CASA,2025,2026-06-10 17:50:07.672,actualizacion_dgcop,,,EN PROCESO,92.0,RODOLFO GONZALES,MERCADO,,,,DGCOP,0101000020E61000002D077AA86DCA58C0ABD0402C9B593340,https://maps.app.goo.gl/yNfQC7ub9KPaan3o8,JARDIN PLAZA HIDALGO,COYOACÁN,VILLA COYOACAN,PLATSOBSE_DGCOP_MTTO_MERCADOS_414_BAZAR_DEL_ARTESANO_MEXICANO_19,3418,ACTIVO,,,,,,
15,MERCADO ALAMOS,,ECONOMIA,OBRAS QUE TRANSFORMAN LA ECONOMIA LOCAL Y FOMENTAN EL EMPLEO,MANTENIMIENTO A MERCADOS PUBLICOS,MTTO_MERCADOS,DGCOP,GABINETE,2025,2026-06-10 17:54:25.319,actualizacion_dgcop,,,EN PROCESO,65.0,RODOLFO GONZALES,MERCADO,,,,DGCOP,0101000020E61000008D7E349C32C958C08CD9925511663340,https://maps.app.goo.gl/pwgTMJMdg27YSi3KA,SIMON BOLIVAR,BENITO JUÁREZ,ALAMOS I,PLATSOBSE_DGCOP_MTTO_MERCADOS_MERCADO_ALAMOS_15,3416,ACTIVO,,,,,,
25,CALZ. DE TLALPAN CRUCE CON DIVISION DEL NORTE / ESPARTACO,,ESPACIO_PUBLICO,OBRAS QUE TRANSFORMAN EL ESPACIO PUBLICO Y CONTRIBUYEN AL DERECHO A LA CIUDAD,REHABILITACION Y CONSTRUCCION DE PUENTES PEATONALES,PUENTES_PEATONALES,DGCOP,ATENCION CIUDADANA,2025,,,,,TERMINADO,100.0,RODOLFO GONZALES,PUENTES PEATONALES,,,,DGCOP,0101000020E610000053C45A4DDFC858C0FC17928A74513340,https://maps.app.goo.gl/wFjdA9d5LQzqPfF38,CALZADA DE TLALPAN,COYOACÁN,ESPARTACO,PLATSOBSE_DGCOP_PUENTES_PEATONALES_CALZ_DE_TLALPAN_CRUCE_CON_DIVISION_DEL_NORTE_ESPARTACO_25,3388,ACTIVO,,,,,,
31,VDTO. MIGUEL ALEMAN ENTRE ASTRONOMOS Y AGRARISMO,,ESPACIO_PUBLICO,OBRAS QUE TRANSFORMAN EL ESPACIO PUBLICO Y CONTRIBUYEN AL DERECHO A LA CIUDAD,REHABILITACION Y CONSTRUCCION DE PUENTES PEATONALES,PUENTES_PEATONALES,DGCOP,ATENCION CIUDADANA,2025,,,,,TERMINADO,100.0,RODOLFO GONZALES,PUENTES PEATONALES,,,,DGCOP,0101000020E610000040A4DFBE0ECB58C067D5E76A2B663340,https://maps.app.goo.gl/M3rWcmkrsUVAJwmA7,VIADUCTO MIGUEL ALEMAN,MIGUEL HIDALGO,ESCANDON II,PLATSOBSE_DGCOP_PUENTES_PEATONALES_VDTO_MIGUEL_ALEMAN_ENTRE_ASTRONOMOS_Y_AGRARISMO_31,3391,ACTIVO,,,,,,
20,HERMOSILLO,,ECONOMIA,OBRAS QUE TRANSFORMAN LA ECONOMIA LOCAL Y FOMENTAN EL EMPLEO,MANTENIMIENTO A MERCADOS PUBLICOS,MTTO_MERCADOS,DGCOP,GABINETE,2025,2026-06-10 17:56:20.544,actualizacion_dgcop,,,EN PROCESO,48.9,RODOLFO GONZALES,MERCADO,,,,DGCOP,0101000020E6100000B45BCB6438C858C0478D093197583340,https://maps.app.goo.gl/U1N3h5owfxZfKekw6,AMACUZAC,COYOACÁN,HERMOSILLO,PLATSOBSE_DGCOP_MTTO_MERCADOS_HERMOSILLO_20,3417,ACTIVO,,,,,,
13,LAGO,,ECONOMIA,OBRAS QUE TRANSFORMAN LA ECONOMIA LOCAL Y FOMENTAN EL EMPLEO,MANTENIMIENTO A MERCADOS PUBLICOS,MTTO_MERCADOS,DGCOP,GABINETE,2025,2026-05-20 17:55:39.250,actualizacion_dgcop,,,TERMINADO,100.0,RODOLFO GONZALES,MERCADO,,,,DGCOP,0101000020E61000001C0C7558E1C858C04A09C1AA7A613340,https://maps.app.goo.gl/rdXcvUxbiAdrwm5d6,C. ELISA,BENITO JUÁREZ,NATIVITAS,PLATSOBSE_DGCOP_MTTO_MERCADOS_LAGO_13,3431,ACTIVO,,,,,,
17,LOS REYES COYOACAN,,ECONOMIA,OBRAS QUE TRANSFORMAN LA ECONOMIA LOCAL Y FOMENTAN EL EMPLEO,MANTENIMIENTO A MERCADOS PUBLICOS,MTTO_MERCADOS,DGCOP,CASA POR CASA,2025,,,,,TERMINADO,100.0,RODOLFO GONZALES,MERCADO,,,,DGCOP,0101000020E61000003A048E041ACA58C05A9E077767553340,https://maps.app.goo.gl/yoN6nwuLMTXGPU7y5,MERCADO DE LOS REYES,COYOACÁN,PEDREGAL DE STO DOMINGO II,PLATSOBSE_DGCOP_MTTO_MERCADOS_LOS_REYES_COYOACAN_17,3465,ACTIVO,,,,,,
4,SANTA FE,,ECONOMIA,OBRAS QUE TRANSFORMAN LA ECONOMIA LOCAL Y FOMENTAN EL EMPLEO,MANTENIMIENTO A MERCADOS PUBLICOS,MTTO_MERCADOS,DGCOP,CASA POR CASA,2025,2026-06-10 17:51:50.461,actualizacion_dgcop,,,EN PROCESO,89.35,RODOLFO GONZALES,MERCADO,,,,DGCOP,0101000020E6100000396403E962CF58C0790778D2C2613340,https://maps.app.goo.gl/7UhgHhqEZdPUk3ri7,VASCO DE QUIROGA,ÁLVARO OBREGÓN,SANTA FE,PLATSOBSE_DGCOP_MTTO_MERCADOS_SANTA_FE_4,3458,ACTIVO,,,,,,
77,VILLA COAPA,,ECONOMIA,OBRAS QUE TRANSFORMAN LA ECONOMIA LOCAL Y FOMENTAN EL EMPLEO,MANTENIMIENTO A MERCADOS PUBLICOS,MTTO_MERCADOS,DGCOP,GABINETE,2025,,,,,TERMINADO,100.0,RODOLFO GONZALES,MERCADO,,,,DGCOP,0101000020E610000047E6913F18C858C0B587BD50C04A3340,,CANAL DE MIRAMONTES,TLALPAN,NARCISO MENDOZA-VILLA COAPA SUPER MANZANA 1 (U HAB),PLATSOBSE_DGCOP_MTTO_MERCADOS_VILLA_COAPA_77,3451,ACTIVO,,,,,,
76,AVANTE,,ECONOMIA,OBRAS QUE TRANSFORMAN LA ECONOMIA LOCAL Y FOMENTAN EL EMPLEO,MANTENIMIENTO A MERCADOS PUBLICOS,MTTO_MERCADOS,DGCOP,GABINETE,2025,2026-06-10 17:55:03.678,actualizacion_dgcop,,,EN PROCESO,65.3,RODOLFO GONZALES,MERCADO,,,,DGCOP,0101000020E6100000FA264D83A2C858C0A2B8E34D7E533340,,C. DEL PARQUE,COYOACÁN,AVANTE,PLATSOBSE_DGCOP_MTTO_MERCADOS_AVANTE_76,3459,ACTIVO,,,,,,
5,OLIVAR DEL CONDE,,ECONOMIA,OBRAS QUE TRANSFORMAN LA ECONOMIA LOCAL Y FOMENTAN EL EMPLEO,MANTENIMIENTO A MERCADOS PUBLICOS,MTTO_MERCADOS,DGCOP,CASA POR CASA,2025,2026-06-10 17:52:27.966,actualizacion_dgcop,,,EN PROCESO,85.6,RODOLFO GONZALES,MERCADO,,,,DGCOP,0101000020E61000001E1A16A3AECD58C055BE6724425F3340,https://maps.app.goo.gl/Dv5vuf6xcCUFYt7G7,CDA. ERNESTO P. URUCHURTU,ÁLVARO OBREGÓN,OLIVAR DEL CONDE 2DA SECCION I,PLATSOBSE_DGCOP_MTTO_MERCADOS_OLIVAR_DEL_CONDE_5,3457,ACTIVO,,,,,,
21,ROSA TORRES,,ECONOMIA,OBRAS QUE TRANSFORMAN LA ECONOMIA LOCAL Y FOMENTAN EL EMPLEO,MANTENIMIENTO A MERCADOS PUBLICOS,MTTO_MERCADOS,DGCOP,GABINETE,2025,2026-06-10 17:49:06.203,actualizacion_dgcop,,,EN PROCESO,97.2,RODOLFO GONZALES,MERCADO,,,,DGCOP,0101000020E6100000ACCABE2B82D258C0A0DE8C9AAF5E3340,https://maps.app.goo.gl/24YMX4L5Fw5ozp4Y7,SAN JOSE DE LOS CEDROS,CUAJIMALPA DE MORELOS,SAN JOSE DE LOS CEDROS II,PLATSOBSE_DGCOP_MTTO_MERCADOS_ROSA_TORRES_21,3450,ACTIVO,,,,,,
16,CARMEN SERDAN,,ECONOMIA,OBRAS QUE TRANSFORMAN LA ECONOMIA LOCAL Y FOMENTAN EL EMPLEO,MANTENIMIENTO A MERCADOS PUBLICOS,MTTO_MERCADOS,DGCOP,CASA POR CASA,2025,,,,,TERMINADO,100.0,RODOLFO GONZALES,MERCADO,,,,DGCOP,0101000020E6100000B2834A5CC7C658C08CBCAC8905523340,https://maps.app.goo.gl/HzFu7YcXn7d46VBb6,MANUELA MEDINA,COYOACÁN,CARMEN SERDAN,PLATSOBSE_DGCOP_MTTO_MERCADOS_CARMEN_SERDAN_16,3464,ACTIVO,,,,,,
59,DEL MAR,,ECONOMIA,OBRAS QUE TRANSFORMAN LA ECONOMIA LOCAL Y FOMENTAN EL EMPLEO,MANTENIMIENTO A MERCADOS PUBLICOS,MTTO_MERCADOS,DGCOP,GABINETE,2025,,,,,TERMINADO,100.0,RODOLFO GONZALES,MERCADO,,,,DGCOP,0101000020E6100000FF092E56D4C358C0B87878CF81493340,https://maps.app.goo.gl/7JQvYrLQr9AFRC8C6,C. CAMARON,TLÁHUAC,DEL MAR SUR,PLATSOBSE_DGCOP_MTTO_MERCADOS_DEL_MAR_59,3482,ACTIVO,,,,,,
2,JOSE MARIA PINO SUAREZ,,ECONOMIA,OBRAS QUE TRANSFORMAN LA ECONOMIA LOCAL Y FOMENTAN EL EMPLEO,MANTENIMIENTO A MERCADOS PUBLICOS,MTTO_MERCADOS,DGCOP,CASA POR CASA,2025,,,,,TERMINADO,100.0,RODOLFO GONZALES,MERCADO,,,,DGCOP,0101000020E6100000A7CF0EB8AECC58C01D71C806D2653340,Mercado JosE MarIa Pino SuArez - Google Maps,CALLE JILGUERO,ÁLVARO OBREGÓN,JOSE MARIA PINO SUAREZ,PLATSOBSE_DGCOP_MTTO_MERCADOS_JOSE_MARIA_PINO_SUAREZ_2,3454,ACTIVO,,,,,,
50,LA LOMA,,ECONOMIA,OBRAS QUE TRANSFORMAN LA ECONOMIA LOCAL Y FOMENTAN EL EMPLEO,MANTENIMIENTO A MERCADOS PUBLICOS,MTTO_MERCADOS,DGCOP,GABINETE,2025,,,,,TERMINADO,100.0,RODOLFO GONZALES,MERCADO,,,,DGCOP,0101000020E6100000A7CD380D51CF58C06AC2F693314E3340,https://maps.app.goo.gl/H5gDFpg7FeHcd2js9,C. J. MORENO SALIDO,LA MAGDALENA CONTRERAS,BARRANCA SECA,PLATSOBSE_DGCOP_MTTO_MERCADOS_LA_LOMA_50,3478,ACTIVO,,,,,,
27,MERCADO ISABEL LA CATOLICA,,ECONOMIA,OBRAS QUE TRANSFORMAN LA ECONOMIA LOCAL Y FOMENTAN EL EMPLEO,MANTENIMIENTO A MERCADOS PUBLICOS,MTTO_MERCADOS,DGCOP,GABINETE,2025,,,,,TERMINADO,100.0,RODOLFO GONZALES,MERCADO,,,,DGCOP,0101000020E6100000BC202235EDC858C01668774831683340,https://maps.app.goo.gl/RNogNQkczjrF8hGP7,ISABEL LA CATOLICA,CUAUHTÉMOC,ALGARIN,PLATSOBSE_DGCOP_MTTO_MERCADOS_MERCADO_ISABEL_LA_CATOLICA_27,3466,ACTIVO,,,,,,
57,TIPICO REGIONAL,,ECONOMIA,OBRAS QUE TRANSFORMAN LA ECONOMIA LOCAL Y FOMENTAN EL EMPLEO,MANTENIMIENTO A MERCADOS PUBLICOS,MTTO_MERCADOS,DGCOP,GABINETE,2025,,,,,TERMINADO,100.0,RODOLFO GONZALES,MERCADO,,,,DGCOP,0101000020E61000006479573D60C058C039F1D58EE2443340,https://maps.app.goo.gl/ajSfMbbU7TBWD7qp9,C. SEVERINO CENICEROS,TLÁHUAC,SAN PEDRO TLAHUAC (PBLO),PLATSOBSE_DGCOP_MTTO_MERCADOS_TIPICO_REGIONAL_57,3481,ACTIVO,,,,,,
6,TIZAPAN,,ECONOMIA,OBRAS QUE TRANSFORMAN LA ECONOMIA LOCAL Y FOMENTAN EL EMPLEO,MANTENIMIENTO A MERCADOS PUBLICOS,MTTO_MERCADOS,DGCOP,GABINETE,2025,,,,,TERMINADO,100.0,RODOLFO GONZALES,MERCADO,,,,DGCOP,0101000020E61000003EE94482A9CC58C01E1B81785D573340,Mercado TizapAn - Google Maps,FRONTERA,ÁLVARO OBREGÓN,TIZAPAN_TIZAPAN SAN ANGEL,PLATSOBSE_DGCOP_MTTO_MERCADOS_TIZAPAN_6,3487,ACTIVO,,,,,,
3,JALALPA EL GRANDE,,ECONOMIA,OBRAS QUE TRANSFORMAN LA ECONOMIA LOCAL Y FOMENTAN EL EMPLEO,MANTENIMIENTO A MERCADOS PUBLICOS,MTTO_MERCADOS,DGCOP,CASA POR CASA,2025,2026-06-10 17:54:01.061,actualizacion_dgcop,,,EN PROCESO,76.95,RODOLFO GONZALES,MERCADO,,,,DGCOP,0101000020E61000004FE960FD9FCF58C05325CADE525E3340,https://maps.app.goo.gl/ASmCCGAn3v2mbaaL8,C. COLIPA,ALVARO OBREGON,JALALPA EL GRANDE,PLATSOBSE_DGCOP_MTTO_MERCADOS_JALALPA_EL_GRANDE_3,3452,ACTIVO,,,,,,
114,114 CANCHA CALLE MANTO (PANTERAS),13.0,GRANDES_OBRAS,GRANDES OBRAS QUE TRANSFORMAN LA CAPITAL,EL BALON VUELVE AL BARRIO,BALON_BARRIO,DGSUS,OBRAS DEL MUNDIAL,2026,2026-05-13 19:00:19.345,actualizacion_dgpest,2026-04-20,,INAUGURADA,100.0,RODOLFO GONZALES,FUTBOL RAPIDO,1200.0,CONCRETO,,DGPEST,0101000020E6100000944DB9C2BBC058C01B82E3326E563340,https://maps.app.goo.gl/uJE1vvymGq6iUB2P8,"MANTO, LOMAS DE LA ESTANCIA, IZTAPALAPA, 09640 CIUDAD DE MÉXICO, CDMX",IZTAPALAPA,LOMAS DE LA ESTANCIA,PLATSOBSE_DGSUS_BALON_BARRIO_114_CANCHA_CALLE_MANTO_PANTERAS_114,2516,ACTIVO,,,,,,
3,DAVALOS,5.0,GRANDES_OBRAS,GRANDES OBRAS QUE TRANSFORMAN LA CAPITAL,REHABILITACION DE PASOS A DESNIVEL,PASOS_DESNIVEL,DGCOP,OBRAS DEL MUNDIAL,2026,2026-06-10 17:19:10.614,actualizacion_dgcop,,,EN PROCESO,3.5,RODOLFO GONZALES,PASOS A DESNIVEL,,,,DGCOP,0101000020E6100000DD955D30B8C858C076FC170802683340,"https://www.google.com/maps/place/19%C2%B024'22.6%22N+99%C2%B008'10.5%22W/@19.406281,-99.136242,1160m/data=!3m2!1e3!4b1!4m4!3m3!8m2!3d19.406281!4d-99.136242?entry=tts&g_ep=EgoyMDI2MDIxNi4wIPu8ASoASAFQAw%3D%3D&skid=6f20333b-3adf-4f99-8854-4bdad0080bd2",SAN ANTONIO ABAD (FRENTE AL #314 Y JUAN E. HERNANZDEZ Y DAVALOS),CUAUHTÉMOC,ALGARIN,PLATSOBSE_DGCOP_PASOS_DESNIVEL_DAVALOS_3,3405,ACTIVO,,,,,,
1,CETRAM TAXQUENA,10.0,GRANDES_OBRAS,GRANDES OBRAS QUE TRANSFORMAN LA CAPITAL,REHABILITACIÓN CETRAM,CETRAM,DGOIV,OBRAS DEL MUNDIAL,2025,2026-05-12 20:12:43.341,admin,2026-05-11,,ENTREGADO,100.0,RODOLFO GONZALES,CETRAM,,,,DGOIV,0101000020E6100000C2FE5D30F2C858C0447E61F8C4573340,https://maps.app.goo.gl/wixbMDB9wgLMFA3n7,CALZ. TAXQUENA,COYOACÁN,CAMPESTRE CHURUBUSCO,PLATSOBSE_DGOIV_CETRAM_CETRAM_TAXQUENA_1,3144,ACTIVO,,,,,,
9,ROA BARCENAS,5.0,GRANDES_OBRAS,GRANDES OBRAS QUE TRANSFORMAN LA CAPITAL,REHABILITACION DE PASOS A DESNIVEL,PASOS_DESNIVEL,DGCOP,OBRAS DEL MUNDIAL,2026,,,,,SIN INICIAR,0.0,RODOLFO GONZALES,PASOS A DESNIVEL,,,,DGCOP,0101000020E6100000CE98E282ABC858C0D0228B7E3D693340,"https://www.google.com/maps/place/19%C2%B024'40.0%22N+99%C2%B008'07.8%22W/@19.4110114,-99.1359888,19.25z/data=!4m4!3m3!8m2!3d19.4111222!4d-99.1354972!5m1!1e2?entry=tts&g_ep=EgoyMDI2MDMyNC4wIPu8ASoASAFQAw%3D%3D&skid=326af901-090e-4256-8ea7-303f21b73a19",SAN ANTONIO ABAD #213 (ROA BARCENAS),CUAUHTÉMOC,OBRERA,PLATSOBSE_DGCOP_PASOS_DESNIVEL_ROA_BARCENAS_9,3409,ACTIVO,,,,,,
6,GUTIERREZ NAJERA,5.0,GRANDES_OBRAS,GRANDES OBRAS QUE TRANSFORMAN LA CAPITAL,REHABILITACION DE PASOS A DESNIVEL,PASOS_DESNIVEL,DGCOP,OBRAS DEL MUNDIAL,2026,,,,,SIN INICIAR,0.0,RODOLFO GONZALES,PASOS A DESNIVEL,,,,DGCOP,0101000020E6100000A9407793A9C858C0BFFB9930506A3340,,SAN ANTONIO ABAD #141 (GUTIERREZ NAJERA),CUAUHTÉMOC,OBRERA,PLATSOBSE_DGCOP_PASOS_DESNIVEL_GUTIERREZ_NAJERA_6,3407,ACTIVO,,,,,,
